empID,employee_name,age,gender,date_of_birth,date_of_joining,role,salary,department_id,address,contact_number,email_id,marital_status
1,Michelle Kim,54,Male,1971-02-26,2018-01-14,Analyst,226489,6,"87588 Peggy Points Apt. 153, Markhaven, SD 10390",0309516893,nicholssarah@example.org,Married
2,Randy Hill,32,Male,1992-09-05,2025-04-04,Analyst,196614,1,"7408 Jeffrey Villages, Josephborough, OR 12638",43030631399,alexandracontreras@example.net,Single
3,Beth Christian,55,Male,1969-11-04,2019-06-03,Manager,283110,4,"742 Smith Fields, Solisburgh, MS 90193",36543480178,brownjoseph@example.org,Single
4,James Wilson,27,Female,1997-08-08,2021-09-12,Analyst,247139,5,"46605 Henry Mission, Taramouth, ME 68542",74220548935,micheal19@example.org,Married
5,Kristen Jones,49,Female,1976-03-01,2021-01-25,Manager,268863,5,"7343 Shepard Mountain, North Ryanton, PR 41029",970098363484,birdbruce@example.net,Non-married
6,Susan Bridges,51,Female,1973-11-13,2023-10-25,Manager,233787,8,"0812 Natalie Ford Suite 057, Andrewfort, WY 25791",665878773473,oliveranne@example.org,Married
7,Kimberly Kelly,43,Male,1981-09-22,2018-07-19,Executive,217761,8,"2626 Jill Plaza, Berryfort, GU 76838",059770684801,ryanfritz@example.net,Non-married
8,Adam Johnson MD,37,Female,1988-04-19,2020-10-23,Developer,263511,2,"095 Morris Throughway, Tammyborough, MD 13417",7153193859,josephmayo@example.net,Single
9,Krista Myers,53,Male,1971-08-14,2024-07-12,Lead,142698,5,"12204 John Stravenue Apt. 897, Kimberlyfurt, WA 00667",601097219550,kthomas@example.net,Single
10,Jeffrey Turner,54,Male,1970-12-02,2016-04-14,Manager,142321,3,"992 Alice Ville, West Aprilburgh, GU 29376",50151983601,robinsondaniel@example.org,Non-married
11,Daniel Cain,56,Female,1968-05-31,2015-11-07,Manager,251839,7,"USS Oliver, FPO AP 86388",71525068941,vramos@example.com,Married
12,Jennifer Olson,37,Male,1987-12-07,2016-07-11,Developer,154168,2,"46703 Donaldson Lock, Melanieberg, WY 31526",5912565272,jessicajacobs@example.net,Non-married
13,Spencer Fuentes,41,Male,1983-06-02,2016-07-31,Executive,89856,4,"71047 Rebekah Rue, Christinastad, IA 84459",0248295495,kaylaarnold@example.org,Single
14,Kelly Young,41,Male,1984-04-12,2016-08-19,Executive,135896,2,"468 Edward Stream Suite 571, Lake Michael, WY 64628",4826586843,ebrady@example.org,Non-married
15,Terry Bautista,55,Female,1969-11-19,2020-05-15,Executive,171693,3,"28676 Gomez Fall, West Patriciaborough, GU 41674",2543563304,suttonnathan@example.com,Single
16,Stephanie Kline,47,Female,1977-08-31,2016-03-21,Developer,141347,6,"36284 Pearson Spurs, Lake Jenniferville, WI 81768",293713552378,starkdaniel@example.net,Non-married
17,Elizabeth Waters,57,Male,1967-12-29,2015-10-17,Executive,158957,3,"16505 Lewis Dale, Maysfurt, NJ 89453",1753394107,harrischristopher@example.net,Married
18,Sherri Larsen,32,Male,1993-05-15,2023-10-11,Analyst,263796,6,"1963 West Via Suite 860, Brownhaven, NE 15945",56043673289,amberdunn@example.org,Married
19,Michael Cohen,32,Female,1992-07-23,2020-03-21,Analyst,188464,7,"Unit 0306 Box 3661, DPO AE 02902",897101282452,donaldcurtis@example.org,Non-married
20,Adam Ortega,36,Male,1989-01-01,2025-03-01,Analyst,71087,4,"7234 Washington Vista Suite 390, Sheashire, MP 27480",429853179624,tylermontoya@example.net,Single
21,Ryan Alvarez,48,Female,1976-12-23,2017-04-05,Lead,109745,6,"50164 Charles Tunnel Suite 349, Montgomerytown, IL 70178",1217889138,tonydaniels@example.net,Married
22,Pedro Wheeler,34,Male,1990-10-19,2024-04-13,Lead,86402,6,"6939 Holland Cliffs Suite 841, South Stacy, NE 15026",41997820006,erice@example.org,Married
23,Madison Hawkins,37,Female,1987-08-20,2020-07-25,Executive,129330,7,"05753 Amy Burg, North Susanfurt, HI 18958",98455461693,amanda23@example.org,Single
24,Hunter Frye,57,Female,1967-10-27,2018-09-16,Lead,169721,1,"1764 Jamie Viaduct Apt. 594, New Victoria, WY 06412",6168111221,daniel26@example.com,Married
25,Brandon Buckley,42,Male,1982-11-26,2022-09-03,Developer,170666,1,"23306 Goodwin Plaza Suite 523, East Logan, AL 72504",9734034520,lisareese@example.org,Married
26,Joanna Blackburn,31,Female,1993-12-06,2018-03-08,Developer,284337,7,"1769 Russell Shoal, Lake Stacy, AL 14345",3644214944,jenniferthompson@example.net,Non-married
27,Corey Knapp,45,Female,1980-01-02,2023-03-11,Developer,210809,6,"78837 Taylor Pine, Erinview, OH 63189",91776043225,yturner@example.com,Single
28,Heather Mccoy,37,Female,1987-10-30,2022-08-13,Manager,71324,7,"11677 Melissa Mall Suite 904, Christianfort, KS 18651",048094258494,dclark@example.net,Non-married
29,Debra Archer,38,Male,1987-05-09,2022-08-24,Executive,277436,6,"8102 Jessica Loop, Simmonschester, AS 97598",00620789435,robertsonsharon@example.org,Single
30,Matthew Martinez,30,Male,1994-11-13,2023-12-29,Executive,98522,7,"2199 Timothy Fields, South Tiffany, DE 23266",19908961165,jon59@example.org,Non-married
31,Judy Andrews,49,Male,1975-08-14,2022-10-02,Developer,164014,1,"49468 Robert Mews, New Madelineside, MT 47750",803970707359,vjones@example.com,Single
32,Jessica Olson,58,Female,1967-04-07,2024-07-06,Manager,197788,1,"0591 Torres Mount, Travisland, PA 42646",02851492347,wrightallison@example.net,Single
33,Jessica Morrow,47,Male,1978-03-26,2019-01-24,Executive,222408,6,"998 Cheryl Gardens Apt. 993, Whiteborough, CT 90319",4100624656,kimberlyparsons@example.org,Single
34,Michelle Taylor,33,Male,1992-03-13,2022-06-19,Analyst,242289,3,"1154 Heather Street Apt. 871, Grahamburgh, MT 67643",95717760191,wilsonkelly@example.org,Non-married
35,Jim Greer,37,Male,1987-11-19,2022-03-19,Executive,106838,5,"99537 Heather Harbors, New Krystal, IL 25066",5005349646,zachary96@example.com,Non-married
36,Timothy Hunter,54,Male,1970-07-18,2021-09-05,Developer,233869,2,"242 Thompson Inlet Apt. 694, New Stephanieland, ND 17612",2978887939,johnsonheather@example.com,Single
37,Michael Villa,50,Male,1975-04-20,2022-02-08,Lead,78977,7,"87218 Mitchell Corners, West Johnview, NY 05184",6885490994,walkerlauren@example.org,Non-married
38,Richard Kennedy,28,Male,1997-01-23,2024-04-14,Executive,137553,4,"9400 Bridget River, East Ryanbury, WA 13225",1983780378,andersonlawrence@example.com,Single
39,Keith Tapia,44,Male,1980-07-11,2022-09-23,Developer,266806,2,"35337 Farley Harbor, Travisfurt, CT 91238",350412460222,sarah69@example.org,Non-married
40,Victor Oneal,30,Female,1994-08-03,2022-06-01,Executive,243715,8,"614 Bryant Lock, Carrollhaven, NV 82826",03031793288,crystal73@example.com,Married
41,Nicholas Esparza,32,Male,1992-05-29,2017-05-17,Developer,263288,8,"02007 Parker Estate, Pagetown, CA 92857",95211417659,kevin36@example.com,Non-married
42,Cindy Vega,32,Male,1993-01-24,2018-06-28,Executive,216867,8,"USNV Hoffman, FPO AP 64708",640375587220,jill27@example.net,Married
43,Robert Chung,50,Male,1975-03-06,2021-09-08,Analyst,226592,1,"USNV Krause, FPO AA 65917",0220865526,andersonspencer@example.org,Non-married
44,Lauren Pineda,56,Male,1968-12-25,2021-01-03,Manager,107454,8,"626 Thomas Lock, Jasonville, MI 58799",28329093844,katherinegarcia@example.com,Non-married
45,Jeffrey King,46,Female,1979-05-21,2016-06-16,Lead,258158,1,"251 Amy Crescent, Lake Mallory, NJ 74129",802204006860,preed@example.net,Non-married
46,Dawn Adkins,33,Female,1992-03-20,2019-01-27,Developer,154045,1,"706 Thompson Shores, Katherineville, VI 88432",2589736852,xblake@example.net,Non-married
47,Steven Berger,40,Female,1984-12-10,2019-10-13,Lead,83020,3,"0067 Chavez Drive Suite 379, Lake Shawn, AR 56319",193373692460,joycemichelle@example.com,Married
48,Roberto Navarro,30,Female,1994-06-07,2017-05-07,Developer,146247,7,"8805 Victoria Inlet, New Zacharyborough, NJ 01733",325315417567,qbradley@example.net,Non-married
49,Samantha Castro,26,Female,1998-11-13,2016-08-06,Analyst,168416,4,"419 Trevino Underpass, North Anna, UT 10585",051734072211,richard72@example.com,Married
50,Andrew Miller,46,Male,1978-06-15,2025-03-30,Developer,131561,8,"86110 Wells Station, East David, NJ 23807",516928067101,erichale@example.com,Married
51,Michele Anderson,55,Male,1970-05-22,2019-01-01,Developer,93442,5,"69355 Damon Isle, Tammychester, MH 13753",49659781160,cameronmark@example.net,Single
52,Jennifer Roberts,48,Female,1976-07-13,2020-06-24,Executive,134797,2,"9553 Andrew Motorway Apt. 732, North Davidberg, OH 64226",5464983215,ginaclayton@example.com,Single
53,Robert Adams,53,Male,1971-08-24,2017-07-08,Executive,219692,5,"2167 Simmons Club Suite 467, New Jennifer, LA 57324",125512577683,sherimckinney@example.com,Single
54,David Fernandez,58,Male,1966-12-07,2019-10-04,Manager,150929,8,"51743 Morales Pass, North Markhaven, FL 22518",201685541574,lwilson@example.org,Single
55,Kimberly Spencer,49,Female,1975-08-10,2021-07-12,Lead,218116,6,"5651 Andrews Pike, North Erikville, AS 25048",6072190862,nmercer@example.com,Single
56,Paul Hanson,37,Male,1987-12-02,2022-05-30,Executive,258886,4,"0443 Andrea Plains Apt. 729, Lauraport, KY 79124",68751180429,robbinsvictor@example.com,Non-married
57,Adam Lozano,52,Male,1972-08-09,2021-08-16,Developer,262194,3,"3633 Kristine Park, South Gary, NH 30401",490998034372,erichardson@example.net,Non-married
58,Karen Walker,40,Male,1985-05-25,2017-02-08,Manager,180489,8,"237 Charles Tunnel, South Zachary, TN 73175",4857451052,vmendoza@example.org,Married
59,Jaime Weeks,29,Female,1995-12-27,2019-07-22,Analyst,202427,5,"427 Morris Oval, North Darlene, AZ 02163",1279701943,ihenry@example.net,Non-married
60,Melinda Montgomery,30,Female,1994-11-05,2016-05-13,Manager,210409,1,"874 Kimberly Camp, Samuelside, PW 52312",08669311797,doylejeremy@example.com,Single
61,Meredith Simmons,48,Female,1976-07-21,2024-01-28,Lead,104911,6,"9256 Blake Island Apt. 828, Lauraburgh, IN 13096",15864960167,edward33@example.com,Married
62,Amber Jacobs,35,Male,1989-08-28,2020-04-15,Developer,263033,5,"61219 Houston Wall Suite 737, Stephanieside, TN 62295",479052388831,hamptondawn@example.net,Married
63,Fred Beck,53,Female,1972-01-19,2017-02-06,Manager,246346,3,"375 Barr Circle Suite 550, West Andreatown, PR 54887",439776263126,charlesjackson@example.net,Single
64,David Moore,37,Female,1987-11-19,2022-09-29,Analyst,129125,4,"90159 Courtney Square, Chenmouth, AK 34841",70918012148,ashley17@example.org,Single
65,Suzanne Cox,50,Female,1974-12-09,2021-07-01,Manager,143825,7,"22252 Justin Lights Apt. 603, Evanborough, CO 07274",89085533196,lmoody@example.net,Single
66,Jonathan Black,25,Male,2000-04-06,2017-03-11,Manager,244589,1,"20389 Hester Ford Suite 341, Bishopport, HI 36730",8930169404,kristie19@example.org,Married
67,Kaitlyn Mccoy,55,Female,1969-12-28,2020-12-04,Manager,203235,5,"94851 Lambert Ports Apt. 789, Robertstad, WY 90543",6963952592,melissaking@example.com,Non-married
68,Karen Mckee,57,Male,1967-07-03,2022-07-27,Executive,218588,3,"80377 Edgar Union Suite 744, South Anthonyside, GA 49732",3942747121,victoriapayne@example.org,Married
69,Karen Matthews,57,Male,1968-03-05,2020-02-01,Manager,159466,2,"16601 Rachel Track, Donnaton, LA 34571",4852013138,joseph98@example.com,Married
70,Jeremiah Roberson,53,Female,1971-12-15,2018-05-06,Analyst,245390,3,"220 Thomas Points, Sanchezfurt, PW 32415",208250656998,ctrevino@example.net,Married
71,Corey Campos,56,Male,1968-08-20,2020-08-21,Lead,113452,7,"1338 Patricia Curve Suite 222, West Erikafurt, FM 37602",130950231195,nmeyer@example.org,Single
72,Miss Tammie Parker,45,Male,1979-06-08,2018-01-27,Analyst,225877,7,"11386 Donald Plains Suite 813, West Christinaborough, CO 87399",036884837408,upetty@example.com,Married
73,James Herrera,52,Male,1972-07-10,2021-08-15,Lead,177443,6,"03889 Randall Route Apt. 310, West Lisaport, NE 18989",81340965279,james53@example.org,Non-married
74,Michele Harris,38,Female,1986-11-13,2025-02-14,Analyst,239021,5,"7566 Sanchez Prairie Apt. 869, North Stephanie, NH 48326",8152139948,joel37@example.net,Married
75,Micheal Murray,57,Female,1967-06-07,2018-01-13,Analyst,106289,7,"62349 Buckley Road Suite 700, North Williamberg, TX 74176",0626955631,zglenn@example.com,Single
76,Isabella Graves,52,Female,1973-05-17,2015-09-06,Executive,251406,5,"364 Natalie Junctions, Debraton, RI 39393",9761392363,brenda42@example.org,Married
77,Amber Hancock,33,Male,1992-03-21,2018-09-30,Executive,214336,3,"5916 Parker Ferry Apt. 826, Nataliemouth, PA 21465",1091635140,jessicamartin@example.net,Married
78,Adam Roman,41,Female,1983-06-21,2017-10-03,Analyst,234356,8,"943 Stephanie Drives, New Margaret, WV 17835",534090994664,corymedina@example.com,Non-married
79,Michael Weaver,40,Female,1985-05-06,2018-10-23,Manager,247767,6,"013 Garza Fords Apt. 733, West Davidton, CT 47565",752579521364,jburke@example.org,Married
80,Julie Heath,44,Male,1980-09-10,2024-10-18,Executive,98899,2,"10159 Cannon Drives, Moralesburgh, MS 41769",0494185430,zacharyfrederick@example.org,Non-married
81,James Ellis,60,Female,1964-11-20,2018-08-12,Lead,167178,5,"114 Blair Route, Alexisberg, NV 67889",84843616609,evelyn27@example.org,Non-married
82,Robert Barker,48,Female,1976-06-11,2020-04-05,Lead,179378,7,"5030 Danielle Grove Suite 281, Charlesfurt, NM 39462",4327799670,cannonjason@example.com,Non-married
83,John Strickland,53,Female,1971-07-01,2017-04-21,Lead,77457,1,"0285 Kirby Loop, North Chelseabury, IN 63514",80847502893,dgarcia@example.net,Non-married
84,Amanda Perry,41,Female,1983-06-12,2018-05-13,Analyst,97618,3,"35876 Stephen Lock, Dixonfurt, CO 75286",12673263889,miguel91@example.org,Single
85,Dalton Lucas,27,Male,1997-12-09,2020-04-20,Lead,99519,3,"44056 Morrison Trace Apt. 535, West Jon, VT 41699",3711813043,rachelpeterson@example.com,Non-married
86,Joshua Wheeler,25,Female,1999-12-02,2017-04-15,Analyst,253317,8,"440 Sarah Oval Suite 250, Clintonfort, OK 74511",2599868231,ymccann@example.com,Married
87,Ethan Larsen DDS,34,Male,1991-04-29,2018-09-11,Executive,143171,8,"8755 Paula Branch, South Tamarafurt, IL 53495",8631131243,sullivanjeremiah@example.org,Married
88,Sabrina Wiggins,34,Female,1991-03-23,2020-09-16,Manager,207904,4,"628 Megan Crossing Apt. 648, Beverlystad, IA 63532",399658335467,greenjames@example.org,Non-married
89,Karen Thomas,26,Female,1998-06-18,2017-12-04,Analyst,275986,6,"6425 Wilson Streets, Delgadomouth, KS 98096",07397011745,wmathis@example.net,Married
90,Derek Boone,34,Female,1990-12-26,2020-06-14,Executive,215566,1,"2560 Leon Via, Warehaven, SD 74879",777149058481,phopkins@example.com,Non-married
91,Lisa Meyer,54,Male,1970-12-14,2020-02-27,Developer,108816,1,"19678 Cassandra Ridge, New Angelica, DC 56327",80478886506,hmoore@example.com,Married
92,Joseph Franklin,43,Female,1981-11-08,2025-01-03,Analyst,243256,5,"4260 Aguirre Extension, North Stephen, AZ 45362",4697022381,chavezjasmine@example.org,Non-married
93,Kellie Miller,41,Male,1983-11-24,2023-07-20,Developer,192344,2,"7163 Jim Summit Apt. 053, South Rebecca, RI 23777",201542110929,ebell@example.com,Single
94,Jean Keith,59,Female,1966-05-17,2022-06-30,Analyst,77253,7,"035 Keith Passage, Katiebury, NH 26710",573857582680,michelle77@example.net,Married
95,James Kerr,34,Female,1990-11-02,2018-10-18,Manager,73211,1,"667 Shea Ports Suite 057, West Dana, OH 26812",60878772895,barbara78@example.net,Single
96,Cody Lee,58,Male,1966-10-19,2020-06-28,Manager,116020,7,"3216 Rubio Valley Apt. 604, Amandafurt, ND 45603",416819357185,myersnicholas@example.net,Married
97,Rebecca Michael,47,Female,1978-02-22,2024-02-07,Manager,148182,2,"6309 Nunez Common, Castrofort, WY 33164",460532435861,cooksuzanne@example.net,Married
98,Karla Morris,35,Male,1990-02-18,2016-03-06,Developer,231054,2,"PSC 0093, Box 2473, APO AE 88936",2629209178,stephaniecarlson@example.com,Married
99,Michael Stevens,60,Female,1964-10-12,2024-06-19,Executive,165116,2,"74305 Rodriguez Turnpike, Port Tarafort, AZ 46475",533458796171,michaelmyers@example.com,Married
100,Brian Watts,35,Male,1990-01-17,2016-01-27,Analyst,82915,7,"27328 Jeremy Ridge, Brownbury, NJ 23015",57521856562,madisonhess@example.org,Single
101,Megan Stewart,47,Female,1978-03-14,2020-09-04,Executive,256671,2,"587 Hawkins Isle Suite 745, Harmonshire, FL 73078",1098288382,watersbrian@example.com,Non-married
102,Brian Jones,32,Male,1992-08-12,2024-07-13,Manager,79357,3,"76785 Anita Pine, South Julian, CT 79380",8727680900,george11@example.net,Non-married
103,Mark Smith,26,Female,1998-12-14,2022-05-29,Manager,89697,5,"6684 Castro Creek Suite 991, Michaelside, CO 66504",80269101208,brandy43@example.org,Single
104,Jeremy Miller,55,Female,1969-06-11,2022-11-02,Lead,149178,6,"054 Brown Trafficway Suite 834, Garciaport, HI 02282",0190667052,john54@example.net,Non-married
105,Brian Vargas,41,Male,1984-03-11,2016-04-15,Developer,108726,6,"9847 Jason Rue Suite 746, West Barry, CT 82101",15397444437,anthony77@example.org,Single
106,Marisa Collier,34,Male,1990-11-24,2021-08-01,Developer,162126,2,"86393 Gary Throughway Apt. 260, Donnaview, IN 21434",28180949343,mwallace@example.net,Single
107,Kyle Garrison,38,Male,1987-03-22,2018-01-04,Developer,143825,8,"324 Clark Cape Apt. 577, Jacksonburgh, MP 96600",51345685346,jacksonlauren@example.org,Non-married
108,Jack Reyes,44,Female,1980-08-31,2022-05-26,Developer,249774,5,"88240 Kelly Street, West Danielle, LA 71627",01330485300,christophermelendez@example.org,Non-married
109,Gabrielle Cox,32,Male,1993-05-03,2018-04-21,Developer,110466,5,"575 Shelly Squares Suite 410, North Richardborough, PW 42625",05399559983,adavidson@example.net,Non-married
110,Megan Martin,36,Female,1989-01-01,2020-04-13,Analyst,131609,1,"682 Laura Circle, Hodgesmouth, IN 33800",65062889213,lauriebraun@example.com,Non-married
111,Jacob Kirby,54,Male,1970-06-26,2023-05-31,Lead,136622,6,"PSC 9778, Box 6449, APO AP 76024",54236300138,stephanie92@example.com,Non-married
112,Maria Smith,45,Male,1979-11-06,2023-04-26,Analyst,182089,4,"4283 John Loop Apt. 989, Port Alexandriaburgh, AK 78344",1897939675,timothymoore@example.net,Non-married
113,Michael Jones,26,Male,1998-08-21,2018-01-14,Developer,210082,2,"4427 Sheppard Stream, Dickersonhaven, CT 55283",846033264715,devin74@example.com,Married
114,Nicole White,27,Male,1997-06-09,2021-06-16,Executive,100361,5,"44954 Schneider Mills Apt. 136, North Derekstad, MI 05706",471123352580,jenniferpratt@example.net,Single
115,Heather Hicks,40,Female,1984-10-24,2021-05-19,Developer,266673,8,"54470 Jill Rapids Apt. 481, South Amber, RI 04570",858605151588,xparker@example.org,Single
116,Sandra Miller,59,Male,1965-08-11,2016-11-25,Developer,101165,7,"4750 Peterson Track Suite 958, Mercadoberg, MT 85628",1345548267,hayesdavid@example.com,Married
117,John Kelly,43,Female,1981-09-28,2017-05-10,Executive,201863,7,"USNS Nelson, FPO AE 21176",0453023721,halllaura@example.com,Married
118,Debbie Benitez,35,Female,1990-01-26,2022-02-05,Executive,257042,3,"00879 Gibson Ford, West Valerieton, RI 33651",66820151352,jillianscott@example.net,Single
119,William Stephenson,51,Male,1973-12-29,2024-01-23,Executive,208218,1,"Unit 9179 Box 5845, DPO AE 59557",1121196962,marshalldaniel@example.org,Married
120,Austin Rivera,30,Male,1995-02-04,2022-05-03,Analyst,234609,1,"675 Williams Ridges Suite 390, Brownview, DC 21687",37115942338,snguyen@example.net,Single
121,Lacey Pena,29,Male,1996-01-19,2024-06-09,Executive,110553,7,"34884 Nicole Street Suite 255, Davilatown, KY 45472",5653817683,nicole16@example.net,Single
122,Monica Davis,57,Female,1967-06-21,2022-07-31,Developer,133108,8,"86788 Russell Club Suite 199, Justinview, WI 54238",0289899070,wigginscourtney@example.net,Non-married
123,Malik Fitzgerald,37,Female,1988-02-06,2015-10-29,Manager,152294,3,"937 Robin Street, Ryanfurt, AL 59054",05844400752,tammy08@example.net,Single
124,Jennifer Palmer,38,Male,1987-01-29,2016-02-16,Manager,233284,6,"95201 Pena Plaza, West Jessica, VA 79997",921760956894,joseph55@example.net,Married
125,Samantha Johnston,45,Male,1979-11-08,2024-09-15,Developer,264854,3,"30910 Richard Mountain Apt. 293, Hillfurt, NH 86944",60375127287,wellselizabeth@example.com,Single
126,David Medina,33,Female,1991-08-12,2021-03-25,Developer,245085,5,"11346 Lopez Street, Edwardchester, WY 21266",083713202729,zhall@example.com,Non-married
127,Patricia Carpenter,47,Male,1978-04-20,2016-10-26,Lead,87731,6,"594 Avery Unions Apt. 251, Solisfurt, WI 68049",8232469186,ellisjennifer@example.com,Married
128,Virginia Hunt,52,Female,1972-12-05,2016-02-15,Developer,127375,6,"871 Tyler Shore Suite 395, East Alexander, AR 50054",15734088239,joanphillips@example.com,Single
129,Vincent Ramirez,31,Female,1993-09-25,2021-10-29,Analyst,198851,3,"62656 Berry Heights Apt. 670, Alexaside, WI 82835",5065874851,brandon44@example.org,Non-married
130,Stephanie Glenn,54,Female,1971-03-02,2018-02-25,Lead,137762,6,"461 Tracey Cliffs Apt. 256, Hernandezside, IL 45383",59231097647,martinezsean@example.com,Non-married
131,Christopher Mills,33,Male,1991-07-17,2021-10-13,Executive,202707,3,"0307 Blackwell Ports Suite 199, West Roberthaven, PA 39389",6011358583,hansenmichael@example.net,Non-married
132,Steven Thomas,29,Female,1996-01-07,2020-12-09,Developer,215240,6,"USNV Craig, FPO AA 90261",1134755028,icharles@example.net,Married
133,Sydney Reid,27,Male,1998-01-10,2021-01-19,Analyst,281738,2,"71252 Mike Fords, Baileyfurt, MT 29990",31595444931,danieldecker@example.org,Married
134,Sean Scott,38,Male,1987-02-26,2023-05-12,Manager,159258,5,"730 Hughes Avenue Apt. 046, Hectorhaven, MS 08361",478186824689,stewarttyler@example.com,Married
135,Jorge Smith,35,Male,1989-10-13,2018-01-26,Executive,198178,6,"8340 Drake Square Suite 838, North Heatherhaven, CO 16023",0330853636,mendozaaaron@example.org,Married
136,Kevin Ponce,50,Male,1975-02-22,2020-10-04,Lead,241660,1,"4875 Tucker Corners, North Sheila, OH 10111",3880231365,christopher86@example.net,Married
137,Ryan Soto,60,Female,1964-09-03,2017-07-30,Manager,114654,7,"92694 Adam Prairie, East Stephanie, GA 45073",0864305273,cynthiacombs@example.com,Single
138,Michelle Camacho,49,Female,1976-01-06,2020-01-10,Analyst,285199,4,"9264 Prince Stream, West Lisa, VI 32286",4957630295,murraycharlene@example.com,Non-married
139,Amber Mcgrath,27,Male,1997-06-29,2020-09-09,Lead,176335,1,"293 Long Crossing Suite 282, Leemouth, NE 34599",274841498685,jordanmelinda@example.net,Married
140,Christina Greene,32,Female,1993-04-22,2019-11-22,Manager,183932,7,"34875 Garcia Manor, Port Tiffanyburgh, ME 48880",2061360169,lauradavis@example.org,Non-married
141,Sabrina Potter,37,Female,1987-06-27,2022-04-04,Analyst,125559,6,"68054 Gibson Trail, East Michael, WY 45006",511482049877,stacey13@example.org,Non-married
142,Aaron Erickson,31,Male,1994-05-09,2019-07-03,Manager,129344,7,"81393 Huang Ridge Apt. 258, Copelandland, WA 98299",60401553901,torresdaniel@example.net,Married
143,Jane James,47,Female,1977-06-28,2016-05-14,Lead,97857,3,"9909 April Locks Apt. 992, Micheleberg, WY 84052",644572256562,olewis@example.net,Non-married
144,Lauren Smith,26,Female,1998-12-19,2019-10-09,Manager,75600,3,"6198 Peters Centers Apt. 034, New Amymouth, NC 86108",61194382304,morgan61@example.org,Married
145,Natasha Williams,32,Female,1992-11-08,2024-12-03,Executive,244050,6,"37547 Michael Way Apt. 257, New Tara, FL 81813",0064426479,juliemartinez@example.org,Non-married
146,Wendy Brown,34,Female,1991-03-05,2020-02-10,Executive,172266,2,"5792 Kirk Extension Suite 092, Brianstad, GU 95976",57370230181,chasestephanie@example.com,Single
147,Steven Leblanc,36,Female,1989-04-15,2017-04-30,Analyst,173520,6,"796 Lindsay Valleys, Lake Vincentview, PW 39888",6457543396,jeanetterubio@example.net,Married
148,Jared Stewart,43,Male,1982-05-14,2022-05-11,Executive,182448,6,"069 Stokes Stravenue, Joshuaview, OH 19154",817206127460,birdveronica@example.net,Married
149,Kristen Mcdaniel,53,Male,1971-11-10,2015-06-01,Manager,202057,3,"176 Jennifer Mills, West Benjaminburgh, GU 07447",8377546042,grahamkellie@example.net,Married
150,Todd Cox,44,Male,1980-06-04,2022-09-08,Executive,253098,5,"41954 Novak Garden Apt. 022, Lake Darin, NM 56615",0495791351,pearsonmichael@example.com,Married
151,Nancy Wilson DDS,30,Male,1994-10-05,2024-12-01,Analyst,189583,5,"95223 Nicholas Ways, Gregorystad, PR 07621",4709913862,williamenglish@example.net,Married
152,Nathaniel Boyer,29,Female,1996-02-18,2020-11-30,Analyst,237315,7,"01666 Hayes Port, Johnsonbury, NJ 83562",84744140643,breyes@example.com,Non-married
153,Kayla Williams,47,Male,1977-09-24,2016-10-24,Executive,81759,4,"9456 Jennifer Road Suite 469, Keithfort, AS 80050",3357987397,justinmoreno@example.com,Married
154,Taylor Watson,52,Female,1972-09-26,2019-03-29,Executive,281140,3,"7616 Mike Stream, South Shawn, AL 35314",641218018088,cooksherri@example.org,Single
155,Brooke Rice DDS,36,Female,1988-09-04,2017-03-19,Manager,238122,2,"PSC 5023, Box 0231, APO AA 50566",387047750970,raymondcarol@example.org,Non-married
156,Rhonda Nelson,56,Female,1968-08-01,2017-06-11,Executive,262496,2,"982 Anderson Lodge Apt. 945, West Stanleyland, PW 87729",7539994836,mcculloughmichael@example.net,Married
157,Sarah Garrison,44,Female,1980-07-19,2016-02-21,Developer,122751,6,"1061 Carroll Court, Karlfurt, MD 87121",7671976147,vthompson@example.org,Married
158,Diana Ward,34,Female,1990-07-02,2018-03-09,Manager,154495,8,"75119 Norman Pines Suite 193, Johnmouth, KS 14064",786707862717,amanda20@example.com,Single
159,David Mendoza,49,Male,1976-05-04,2020-07-11,Analyst,221694,6,"766 Caldwell Mews, Crystaltown, PR 08210",67762345502,robinsonsamuel@example.org,Single
160,Jacob Skinner,57,Female,1967-06-28,2024-04-06,Manager,179056,3,"55738 Oconnor Rapid Suite 404, Port Andrewborough, ID 40904",331694472289,guzmanshaun@example.com,Non-married
161,Christina Fox,59,Female,1965-10-16,2019-04-11,Executive,195239,1,"Unit 3339 Box 7529, DPO AE 16371",37382130451,leonard80@example.net,Single
162,Sean Davis,30,Male,1994-08-25,2016-05-27,Manager,199432,5,"Unit 2141 Box 0059, DPO AA 54121",38339341679,schaney@example.net,Married
163,Elizabeth Robinson,28,Female,1997-03-01,2023-08-08,Analyst,258784,2,"151 Odonnell Roads, Ronniechester, IL 84078",505261640737,aprilclayton@example.com,Non-married
164,Mark Flores,58,Male,1966-10-10,2016-10-06,Analyst,99072,4,"2050 Zavala Mission Apt. 112, Lake Brian, DC 79751",599829193275,sethlewis@example.net,Non-married
165,Amy Harris,35,Female,1990-03-13,2022-06-28,Lead,189565,1,"78397 Sanders Flats, New Melanieborough, OH 26403",3980797074,cathytodd@example.org,Single
166,Lindsay Monroe,51,Male,1973-09-25,2018-09-05,Executive,248158,7,"789 John Circle, Morrisonport, HI 18527",660956282966,myersrebecca@example.net,Non-married
167,Edwin Alvarado,34,Female,1990-09-23,2025-02-09,Lead,128283,8,"041 Justin Ways Apt. 922, Atkinschester, AK 07959",9346541203,steven12@example.com,Single
168,Brandon Henry,41,Female,1983-06-02,2024-04-09,Manager,239106,4,"Unit 3791 Box 0261, DPO AE 07225",6898172262,franklintammy@example.com,Single
169,William Edwards,44,Female,1980-09-18,2018-04-26,Executive,261441,1,"2197 Frost Ports, Hamiltonborough, NE 88970",019439266131,michael62@example.org,Married
170,Marilyn Roberts,55,Male,1969-06-26,2021-07-22,Lead,228341,2,"3839 Tammy Inlet, Andresstad, MD 95457",255530774618,alexanderparker@example.org,Married
171,Angela Vincent,28,Male,1996-09-22,2025-02-15,Executive,234787,8,"4152 Wagner Lock Suite 171, Timothyside, NV 44596",3447259786,nelsonjennifer@example.org,Single
172,Nicholas Evans,54,Male,1970-11-30,2024-01-09,Lead,128975,6,"89518 Murphy Points Suite 612, Barnesbury, PW 67001",11403980852,hannah86@example.org,Single
173,Stephen Green,47,Female,1977-11-14,2016-02-13,Analyst,177914,3,"1660 Rosario Trafficway Suite 828, Cunninghamshire, NH 80725",17330499498,tsmith@example.net,Married
174,George Mcintyre,47,Female,1977-12-11,2017-09-30,Executive,277648,1,"59559 Marks Walks Apt. 231, Ashleyland, CO 27445",976140822056,gmedina@example.org,Married
175,Cathy Stanton,45,Male,1979-05-31,2015-11-27,Manager,128314,8,"70396 James Cliff, Rogersbury, AZ 02029",54896444411,laurensmith@example.com,Non-married
176,Megan Wilson,52,Female,1972-09-06,2019-09-21,Analyst,261495,3,"20669 Michael Glens Suite 548, Josephberg, CA 54938",510539033478,jack19@example.net,Non-married
177,Keith Bishop,46,Male,1978-12-02,2024-01-26,Developer,266803,6,"633 Joseph Isle, New Betty, NJ 19754",5825162534,aaron10@example.org,Married
178,Nicholas Bowers,60,Female,1965-03-08,2021-07-28,Developer,182376,2,"PSC 6197, Box 8742, APO AE 46465",739878526973,cartercindy@example.com,Married
179,Matthew Clark,45,Male,1980-05-13,2019-12-26,Analyst,134800,8,"887 Gray Fords, Jessicaside, NY 54037",17019122424,vpowers@example.net,Non-married
180,Susan Barber,50,Male,1974-10-02,2015-09-15,Manager,80731,6,"246 Ryan Lane Suite 228, Ashleyville, LA 63113",3221967426,carriestephenson@example.org,Married
181,Donna Daniels,49,Male,1975-10-29,2018-03-07,Lead,126698,4,"4068 Jamie Vista Apt. 470, Littleton, CO 14620",7537144158,michelleroberts@example.com,Non-married
182,Brenda Marks,45,Female,1980-03-16,2024-08-29,Analyst,74578,5,"63071 Johnson Harbor Apt. 480, North James, NC 56825",131468141644,susankennedy@example.net,Married
183,William Fernandez,30,Male,1994-09-19,2024-09-28,Developer,208422,5,"12765 Conner Rapids Apt. 117, Port Jamesmouth, TX 33902",68949256336,plynch@example.com,Single
184,Timothy White,59,Female,1965-11-19,2022-04-16,Lead,251599,1,"02957 Johnson Harbor, Lake Randy, MA 17304",122608707740,kendrawalters@example.com,Married
185,James Ali,42,Female,1983-03-01,2018-11-26,Lead,264014,6,"771 Terry Point Apt. 256, East Dianaberg, VA 52920",270237545873,scottkimberly@example.net,Single
186,David Cortez,51,Male,1973-08-27,2023-02-19,Analyst,146383,8,"20851 Thomas Corner, Durhamtown, AK 10530",0673866644,pattersonseth@example.org,Single
187,Shelby Prince,34,Male,1990-09-25,2021-04-05,Lead,135459,3,"351 Ross Springs, Perrystad, CA 95359",3208050294,stephanie43@example.com,Non-married
188,Alexis Santos,36,Male,1988-09-03,2023-02-13,Manager,145074,8,"079 Gardner Squares Suite 742, Lake Benjamin, MN 84154",360172362551,dhawkins@example.com,Non-married
189,Meredith Walker,47,Female,1977-06-17,2019-11-03,Executive,122342,6,"4503 Cunningham Tunnel, South Markmouth, UT 84161",46017582470,john78@example.org,Married
190,Jennifer Duarte,55,Female,1969-10-29,2024-01-01,Analyst,253921,8,"90984 Tracy Forge Apt. 763, Port Julie, MT 29244",219337317337,adamsrobert@example.org,Non-married
191,Susan Campbell,32,Female,1993-01-13,2018-06-09,Executive,118334,3,"03879 Flowers Plains Suite 096, Patriciafort, AK 64911",3251087099,smithjames@example.com,Non-married
192,Riley Ferrell DVM,26,Female,1998-08-05,2023-12-07,Executive,72533,1,"772 Corey Squares Apt. 880, West Alexis, SC 95731",410021535788,cdominguez@example.org,Single
193,Catherine Myers,30,Male,1994-10-21,2018-08-25,Lead,161835,8,"577 Kelly Mall, Michaelmouth, MS 91014",268629080204,thomascarpenter@example.net,Married
194,Lee Kaiser,25,Female,1999-07-29,2016-02-29,Executive,235181,7,"Unit 8220 Box 4158, DPO AA 78167",540033838398,greenashley@example.com,Single
195,Anna Prince,32,Male,1992-06-18,2025-04-25,Manager,94105,3,"17079 Daniels Mountains, North Lance, FM 69346",58206660497,barry62@example.org,Single
196,Olivia Edwards,42,Male,1982-06-06,2018-12-04,Developer,112912,8,"2391 Moore Station Suite 542, East Michaelchester, SD 24520",7026036409,jennifer59@example.net,Non-married
197,Tina Leblanc,44,Male,1980-07-06,2016-05-30,Manager,107385,7,"360 Stephanie Shore, New Rachel, MT 90054",64423814445,michaelsimmons@example.net,Non-married
198,Steven Smith,50,Male,1975-03-23,2017-06-26,Executive,173062,4,"Unit 5019 Box 0511, DPO AA 37168",776847739400,rmorgan@example.com,Non-married
199,Karen Davis,30,Female,1994-08-22,2024-02-13,Lead,125463,4,"449 Chad Creek Apt. 594, Lake Stephen, ME 92027",388855175799,howellmichael@example.org,Married
200,Samuel Alexander,59,Female,1966-05-14,2017-05-22,Developer,82907,1,"487 Simmons Keys Apt. 957, East Nicoleberg, IA 51780",827679223742,myersdaniel@example.com,Married
201,Dylan Yoder,42,Female,1983-03-18,2020-03-16,Lead,166691,3,"699 Rachel Grove Apt. 667, Millerview, NE 81048",349718845981,tonya49@example.net,Married
202,Brittney Harrison,45,Male,1979-11-10,2016-03-15,Manager,125914,4,"292 Medina Station Suite 598, North Jeremy, MN 15139",545114147844,jennifercruz@example.net,Single
203,Erin Holland,44,Male,1981-01-19,2023-06-03,Executive,72001,3,"9096 Fletcher Islands, Ashleyhaven, FL 82460",07116594578,zgreen@example.org,Married
204,Angela Johnson,47,Female,1977-06-12,2019-04-26,Analyst,230993,2,"918 Oconnell Plaza, Port Kimberlyland, NM 11693",6036184311,rodrigueztimothy@example.org,Single
205,Rhonda Williams,33,Female,1991-11-28,2020-08-18,Executive,91546,3,"908 Morris Trace Apt. 701, Sparkston, RI 61893",3235772495,christine11@example.com,Single
206,Daniel Daniels,60,Male,1964-11-20,2023-10-15,Lead,225041,2,"3834 Pamela Lakes, Smithside, MH 44199",568681582305,sherricarr@example.net,Married
207,Rebecca Alexander,39,Male,1986-01-04,2021-08-14,Developer,151620,6,"706 Darin Meadow Apt. 084, Lake Nathan, IA 14147",4151766485,shawn47@example.com,Single
208,John Barron,53,Female,1971-08-09,2024-02-11,Analyst,97386,6,"USNS Lester, FPO AP 80230",9310490403,robinsonjacob@example.com,Single
209,Jessica Evans,58,Female,1966-06-22,2020-01-04,Lead,81066,7,"5345 Baker Stream, New Austin, NE 45639",984781232214,anna79@example.com,Married
210,Anthony Gallegos,33,Male,1991-12-08,2018-05-01,Manager,160232,8,"4628 James Causeway Apt. 648, Briggsberg, OK 90373",1404021698,nataliehamilton@example.net,Single
211,Edward George,34,Male,1990-07-21,2023-12-24,Lead,269614,5,"5540 Andrea Crescent Apt. 814, Rochaville, WY 92665",2844282663,kevin66@example.net,Married
212,Scott Yoder,39,Female,1985-09-02,2021-09-07,Lead,149098,1,"142 Kimberly Greens Suite 962, Karenland, MH 06017",05471371491,spencerkathleen@example.net,Married
213,Philip Roberts,58,Female,1967-01-22,2023-12-26,Analyst,187345,2,"06670 Hayley Points Apt. 371, Piercemouth, SD 47398",721643305841,mary02@example.org,Non-married
214,Tiffany Fischer,45,Male,1979-12-13,2017-10-09,Lead,287455,6,"USNS Cox, FPO AP 74223",6094893553,michellepierce@example.com,Married
215,Caroline Pruitt,38,Female,1987-02-22,2022-06-19,Manager,276480,3,"6209 Tracey Pines Apt. 536, Williamland, CT 40650",2321643165,shawn34@example.org,Non-married
216,Tracy Boyd,44,Female,1981-04-16,2023-12-01,Manager,171223,1,"0942 Berger Garden Suite 185, New April, HI 42918",8870853618,carloshanson@example.com,Single
217,Stephen Rich,51,Male,1974-01-21,2022-03-06,Lead,141513,7,"79093 Simpson Rest Suite 671, Dawnfurt, DE 97942",49501176065,smithstacy@example.org,Single
218,Jamie Smith,37,Female,1987-11-08,2018-12-13,Analyst,279431,4,"20872 Daniel Lodge, Peterchester, TN 41992",640006629834,nbrown@example.com,Single
219,Amber Barnes,50,Male,1975-04-11,2019-07-02,Analyst,182885,5,"51035 Samuel Burg Suite 599, East Wendyhaven, WA 88289",5100225384,eprice@example.net,Non-married
220,Jennifer Hernandez,29,Male,1995-12-19,2017-11-28,Manager,174374,4,"953 Caleb Prairie Suite 538, New Keithmouth, GA 50445",4034343245,raymond66@example.com,Married
221,Jessica Williams,38,Female,1986-10-27,2018-10-09,Developer,274068,3,"5595 Audrey Circle, South Garymouth, PR 21691",941409703819,rioskrista@example.com,Non-married
222,Holly Brown,60,Male,1965-02-17,2022-03-15,Lead,234860,4,"806 Collins Spurs Suite 265, West Patriciaside, MI 20956",9359670059,gsanchez@example.net,Single
223,Karen Boyle,43,Female,1982-02-22,2018-09-09,Lead,114044,4,"77826 Kimberly Lock Apt. 878, Jacobsbury, CA 08519",2545750244,mburns@example.net,Non-married
224,Willie Anderson,40,Male,1985-01-23,2024-10-12,Manager,115487,8,"8391 Dodson Islands, Grimesville, MH 39256",86490922223,julielee@example.com,Married
225,Anna Berg,31,Male,1994-02-24,2021-10-26,Manager,288013,4,"6244 Doyle Shore Suite 069, Clarkberg, NV 52368",287517967844,scollins@example.net,Non-married
226,Amanda Murphy,28,Female,1996-10-03,2018-11-13,Lead,253665,8,"725 Curtis Mountains, Pricetown, WI 87853",393091622247,wbrewer@example.net,Non-married
227,Sarah Ramirez MD,37,Male,1987-07-11,2021-12-04,Lead,271300,3,"532 Martinez Trace, Angelaport, ND 71512",329290780561,brian49@example.com,Single
228,Eric Williams,33,Male,1991-10-25,2022-02-10,Analyst,78960,1,"7825 Guerra Brooks Apt. 778, Warrenside, AK 26414",321149134081,ianderson@example.org,Single
229,Daniel Murphy,32,Female,1992-10-28,2018-07-16,Lead,181388,2,"9479 Wheeler Green Suite 723, West Susanmouth, SD 84771",00511175046,hhiggins@example.net,Single
230,Victor Stafford,52,Female,1972-11-14,2017-08-26,Analyst,174938,1,"PSC 5891, Box 0513, APO AP 60597",561751716827,murillokimberly@example.net,Single
231,William Castro,28,Female,1997-03-03,2023-05-09,Executive,70950,4,"567 Kimberly Neck Apt. 428, Davidland, DE 60508",230774571116,andersondebra@example.org,Non-married
232,James West,25,Male,1999-06-29,2022-09-01,Developer,179023,7,"4996 Curtis Crossing Suite 255, Boydland, TN 15697",73506005534,charleslopez@example.org,Single
233,Matthew Johnson,40,Male,1984-10-07,2021-03-21,Manager,80825,2,"7852 Maldonado Parkway, North John, NM 74729",60177213050,markallen@example.org,Married
234,Daniel Ramirez,41,Female,1983-12-27,2016-01-31,Manager,150419,5,"USS Wong, FPO AA 74419",203766720416,qvance@example.org,Single
235,Shane Kelly,27,Female,1998-05-04,2021-09-16,Lead,221678,3,"39212 Matthews Tunnel Suite 018, South Lisafort, WA 98594",10326581153,jermainedurham@example.net,Non-married
236,Sierra Reed,35,Female,1989-08-28,2024-03-24,Analyst,251334,6,"057 Lee Circles, West Mia, IN 01001",6325844404,tcarr@example.org,Single
237,Jeffrey Vargas,35,Male,1990-03-12,2018-03-22,Manager,151167,3,"6928 Meza Coves, East Lisamouth, MP 56038",654741031068,patrick04@example.net,Non-married
238,Bradley Cox,51,Female,1973-07-29,2015-08-22,Developer,74195,2,"6605 Philip Flat, Garciaview, CO 02678",77926748174,joseph60@example.net,Married
239,Jessica Robles,37,Male,1987-09-02,2024-07-20,Manager,182829,8,"7126 Weeks Via Suite 336, New Olivia, VA 77700",545231732535,ronnie22@example.net,Non-married
240,Tracy Nguyen,35,Female,1989-11-02,2022-07-18,Analyst,146362,5,"0733 Dean Centers Suite 905, New Michellefort, MA 88080",25880198653,robertpatel@example.net,Non-married
241,Joann Hernandez,31,Male,1994-01-15,2023-04-27,Manager,70774,3,"6527 Martinez Park Suite 870, Bryantchester, AR 46134",07246113394,dunlapcourtney@example.net,Single
242,Christopher Manning,34,Female,1991-02-01,2021-08-28,Lead,216070,2,"0525 Ian Terrace Apt. 222, East Brandon, IN 65007",703537301645,eringriffin@example.org,Single
243,Carl Everett IV,55,Male,1970-02-20,2016-06-22,Executive,154854,1,"0916 Fletcher Trail, North Julie, MH 49842",986704959480,vbradley@example.com,Single
244,Latoya Williams,42,Female,1983-03-29,2019-02-18,Manager,72470,5,"1588 Duncan Wells, West David, OH 29592",9022308645,jenkinsclaudia@example.net,Non-married
245,William Shaffer,59,Female,1965-08-22,2016-07-04,Manager,183679,3,"5823 Christina Fields, Randallborough, OH 69924",4394720001,xriley@example.com,Non-married
246,Anthony Bernard,36,Female,1988-11-25,2023-02-09,Manager,194571,8,"591 Davis Rapids Apt. 036, Gomezshire, GA 23198",8725004285,sandrayork@example.org,Single
247,James Carter,30,Male,1994-08-11,2022-06-06,Developer,159002,7,"711 Schneider Locks, Powellfurt, OK 36546",111066799085,melaniedyer@example.org,Non-married
248,Jennifer Pitts,48,Female,1977-04-08,2023-01-31,Developer,96916,6,"74949 Denise Ports Apt. 006, Cainstad, IL 10338",529588304870,yreid@example.net,Non-married
249,Erin Ramos,26,Female,1998-08-11,2021-08-02,Analyst,249499,7,"3812 Timothy Creek Suite 521, Christophermouth, GA 64890",63901317355,pearsonbrenda@example.net,Non-married
250,Scott Brooks,33,Male,1991-10-19,2019-06-21,Lead,173774,6,"428 Nichols Rapid, Watsonfort, MT 72940",3040955008,davidmartinez@example.org,Non-married
251,Eric Wiley,43,Male,1981-07-08,2025-03-28,Lead,226346,4,"3525 Ortiz Cliff, New Benjaminview, AL 49377",4766230488,jamesblanchard@example.org,Single
252,Todd Fuller,42,Female,1982-08-12,2021-11-20,Developer,141524,4,"824 Castro Ranch, Reidton, AS 58397",842778883448,robinsonryan@example.net,Married
253,Jeffrey Cameron,44,Female,1980-12-07,2019-10-02,Executive,176085,2,"73765 Jordan Loop Suite 963, Lake Lisa, RI 20685",6809990026,haleykayla@example.org,Married
254,Ashley Wade,53,Female,1971-12-15,2019-07-27,Manager,97701,6,"436 Sandra Parkway Suite 571, Lake Amandaport, LA 07754",75069989094,pwilliams@example.com,Married
255,Amy Acevedo,58,Female,1967-03-08,2023-03-09,Manager,233053,2,"Unit 3757 Box 0457, DPO AP 03779",39655399396,amyhardin@example.com,Single
256,Scott Cain,38,Male,1986-06-22,2021-08-19,Lead,110947,8,"744 Dale Knolls Suite 631, New Kellyview, OK 53197",5746394031,joshuamoses@example.net,Married
257,Tamara Meadows,33,Female,1992-05-13,2025-02-28,Developer,206161,3,"4798 Diana Unions Suite 249, Jamesfurt, WY 11568",88473871029,larrymalone@example.org,Non-married
258,David Fisher,30,Female,1994-07-19,2024-09-18,Executive,97144,5,"357 Jackson Crest, Lindafurt, WI 09362",611506613459,dhoffman@example.org,Married
259,Derrick Watson,27,Male,1998-02-08,2021-12-15,Manager,116608,4,"260 Khan Manor Suite 496, Amandatown, ID 31782",162909805595,walkermichael@example.net,Non-married
260,Cheryl Smith,55,Female,1970-01-09,2018-09-02,Manager,169305,5,"29477 Mario Cape Apt. 519, East Zacharyview, AR 07920",154286660334,hcrawford@example.com,Non-married
261,Ms. Mary Hernandez,30,Male,1994-08-02,2021-05-07,Manager,74285,6,"84027 David Square, East Melissachester, WA 19729",721775214132,charlesunderwood@example.com,Married
262,Richard Cunningham,26,Male,1999-04-23,2019-12-06,Lead,281310,6,"0628 Rodriguez Keys, West Roberttown, ID 37333",315887068812,dianelewis@example.org,Single
263,Samantha Evans,47,Male,1977-08-13,2016-09-09,Lead,182450,2,"6078 Lawson Field Apt. 524, South Kimberlyland, UT 36526",64408576838,tiffany79@example.com,Married
264,Benjamin Long,37,Female,1987-09-08,2020-04-16,Lead,269641,2,"214 Kyle Flat Suite 221, Claudiaberg, MA 65450",539272518445,ggutierrez@example.org,Single
265,Cynthia Jones,58,Male,1966-12-07,2023-04-24,Manager,76779,2,"USNS Medina, FPO AE 46459",9392957622,mbennett@example.org,Married
266,Angela Rodriguez,41,Female,1983-07-05,2025-03-13,Lead,124147,1,"20356 Robert Stravenue, Connormouth, AK 66450",4549143567,todd24@example.net,Single
267,Tony Rodriguez,42,Male,1983-03-08,2018-07-18,Executive,278979,1,"3480 Cooper Bridge, Lake Alexistown, MD 00882",689535611229,cspencer@example.net,Single
268,Mitchell Baker,35,Male,1990-02-21,2025-02-05,Developer,186748,3,"869 Shirley Summit Apt. 929, Kimberlyview, GA 45880",953247651531,mayshannon@example.org,Non-married
269,Sara Cook,50,Female,1974-10-01,2023-01-07,Manager,263020,5,"5182 Hamilton Mission, Lake Danashire, MS 07804",30498640677,reeddavid@example.net,Non-married
270,Robert Martinez,25,Female,1999-07-10,2024-11-07,Executive,89855,7,"PSC 2691, Box 0270, APO AE 25611",419445401579,amandawhitney@example.org,Single
271,Cameron Haynes,36,Male,1988-12-17,2022-12-11,Lead,92182,8,"641 Kristen Passage Apt. 921, Josephside, NC 17756",28431317331,robertmyers@example.org,Non-married
272,John Pineda,52,Female,1973-05-12,2024-11-06,Executive,145193,8,"3974 Parker Track Suite 043, Jenningsside, NJ 70297",034785963323,butlerandre@example.com,Non-married
273,Mark Smith,26,Female,1999-02-27,2022-03-04,Manager,92837,4,"48926 Obrien Green Suite 001, West Richard, NY 83953",0831908389,pfreeman@example.com,Non-married
274,Cassandra Bush,50,Male,1974-07-08,2022-01-07,Executive,95768,1,"10212 Renee Fork, Johnsonport, WY 02564",18643980839,goodwincraig@example.com,Non-married
275,Monica Klein,41,Female,1984-04-13,2023-08-11,Analyst,238232,7,"040 Gabriela Prairie Apt. 707, Martinborough, TX 30930",6542181188,yayers@example.org,Married
276,Mary Wiley,59,Female,1965-12-29,2023-02-28,Executive,85155,6,"3807 Harris Divide, Gregoryville, NH 92656",079171233378,valerie70@example.org,Single
277,Taylor Nguyen,40,Male,1985-03-14,2020-08-08,Manager,121719,7,"31337 Lambert Keys, Port Bradleymouth, WI 19470",92825216687,sarah98@example.org,Non-married
278,Eduardo Brown,51,Male,1973-11-15,2024-03-12,Executive,195703,1,"91829 Tucker Circle, North Scottville, AK 72910",3701729173,jeffreygonzalez@example.com,Non-married
279,Catherine Bruce,32,Male,1993-03-14,2016-04-15,Executive,229529,2,"656 Chaney Lock, West Jasminestad, MH 15115",4969738577,savagegarrett@example.org,Non-married
280,Susan Cohen,52,Male,1973-03-14,2022-10-09,Manager,79066,4,"8584 Alex Street Suite 294, West Jeffery, NY 63869",652858254609,pchang@example.com,Married
281,Lori Johnson DDS,50,Female,1974-10-31,2020-09-15,Analyst,178797,1,"69308 Christopher Road, Baileytown, LA 64366",38282842370,michaela33@example.net,Non-married
282,Kimberly Porter,40,Female,1985-04-21,2016-02-27,Executive,156378,6,"3952 King Lakes, South Scottville, NE 68960",99911365776,peterwatson@example.com,Married
283,Kristy Lawson,40,Female,1985-04-20,2024-03-02,Manager,164216,2,"959 Brian Stravenue, South Amandabury, PW 79640",1691006765,william49@example.com,Married
284,Dillon White,52,Female,1972-12-08,2017-12-21,Executive,137147,7,"USCGC Orr, FPO AP 82435",916182169593,rodriguezbrian@example.com,Non-married
285,Seth Torres,35,Female,1989-12-15,2022-04-13,Developer,220473,6,"835 Davis Village Apt. 512, Michaeltown, OH 85885",04203059941,prose@example.com,Non-married
286,Victoria Mullins,49,Female,1975-11-26,2023-03-20,Manager,251293,6,"5208 Thompson Creek Suite 330, Markton, KY 81127",157956736182,carolinehall@example.net,Married
287,Keith Harris,58,Male,1966-09-14,2018-11-13,Analyst,79567,3,"Unit 2489 Box 0517, DPO AP 28372",18158830210,wolfebarbara@example.com,Married
288,Curtis Perez,36,Female,1989-02-16,2021-03-25,Lead,200041,7,"9948 Veronica Tunnel, South Wendy, OK 81341",7920789530,kevin51@example.org,Non-married
289,Priscilla Brown,55,Female,1969-12-16,2018-03-30,Executive,257153,1,"6494 Edward View, Taylorburgh, WI 14983",298886423403,hsmith@example.com,Non-married
290,Angela Smith,44,Male,1981-05-08,2018-09-22,Analyst,101685,6,"6234 Samantha Forest Apt. 267, South Martinville, NM 57804",770294073064,michael14@example.com,Married
291,Jason Hernandez,53,Female,1971-07-08,2017-05-30,Executive,73669,8,"9002 Ashley Neck Apt. 634, South John, MH 43653",38562168118,ghudson@example.com,Non-married
292,Francisco Simpson,37,Female,1988-03-04,2023-01-05,Lead,168947,8,"2629 Smith Estate, Stacymouth, MN 63100",245144135300,robert25@example.com,Single
293,Richard Dudley,30,Female,1995-05-10,2023-12-31,Executive,139703,1,"7538 King Port Apt. 737, Wagnertown, NM 03104",591799531223,delacruzkathy@example.net,Married
294,Terry Perez,50,Female,1974-10-02,2020-03-25,Executive,191951,5,"223 Johnson Stravenue Suite 012, West Donnaport, NH 13553",6964570906,rebeccaclayton@example.com,Married
295,Donna Elliott,26,Female,1998-11-12,2019-08-15,Executive,261375,1,"14215 Harris Freeway Suite 534, Georgemouth, TX 41973",4748435121,michael37@example.com,Single
296,John Daniel,26,Female,1998-09-06,2017-02-05,Analyst,90310,4,"0960 Stacy Lane, Matthewfurt, HI 96156",390977173900,joseph74@example.net,Non-married
297,Joseph Rivera,49,Male,1975-07-14,2024-09-28,Manager,277246,8,"5190 John Ridges Apt. 583, Mcguireport, RI 24887",2193813429,tjackson@example.org,Non-married
298,Julie Harris,37,Female,1987-09-12,2017-09-12,Lead,225961,5,"10277 Smith Junctions, North Richard, MI 38207",873212252375,ulewis@example.net,Married
299,Erika Holden,27,Male,1998-03-31,2017-01-14,Executive,187643,4,"549 Paul Loaf, Lake Katherineside, NV 78127",18007604861,taylorcarolyn@example.org,Married
300,Kenneth Monroe,40,Female,1984-08-22,2016-04-07,Developer,144045,2,"27659 Mitchell Mountains, Lake Jennifershire, MP 34792",53912799526,vgraham@example.org,Single
301,Michelle Woodard,27,Female,1997-10-15,2023-12-23,Developer,116061,1,"PSC 3557, Box 4966, APO AP 77307",75212828255,dylan63@example.net,Non-married
302,Allison Chase,47,Female,1977-10-08,2015-07-27,Lead,90105,7,"6692 Carla Prairie Suite 599, Port Rickyside, AK 60410",7313719386,qjones@example.net,Non-married
303,Francis Lopez,46,Male,1978-10-25,2021-10-29,Executive,91690,8,"6857 Tracy Knoll, Port James, HI 44754",7447151033,harrisbrittany@example.com,Non-married
304,Stephanie Barnes,55,Male,1969-07-29,2016-01-13,Lead,229930,5,"62228 Lauren Parkways, South Benjamin, SC 80354",59287169489,qcrawford@example.net,Non-married
305,Michelle Wilson,57,Male,1967-12-27,2019-06-06,Lead,71959,4,"210 Joseph Hills Suite 665, Nancychester, TX 48799",3025251493,sonyawalker@example.org,Single
306,Ashley Smith,27,Female,1997-07-03,2018-11-22,Developer,156175,1,"5528 Burns Oval Apt. 729, Port Jeffery, KS 46387",530674565637,craigfrancisco@example.net,Non-married
307,Christopher Davidson,36,Male,1988-09-19,2025-03-14,Manager,287189,7,"USCGC Stewart, FPO AA 75743",768247381287,qpalmer@example.com,Single
308,Natasha Ferguson,34,Male,1990-07-06,2019-09-16,Manager,202391,7,"327 Murillo Street Suite 366, Garciaberg, ND 47298",004452229831,johnsonjasmine@example.com,Non-married
309,Heidi Leblanc,59,Male,1966-05-03,2018-02-16,Manager,119931,1,"09492 Christopher Pine Apt. 626, Wrighthaven, GA 02498",495636102192,martinnicole@example.org,Non-married
310,Samuel Gray,55,Female,1969-11-10,2022-10-04,Manager,160454,6,"5197 Courtney Stream, Dennisport, AR 73568",2859139177,jcooley@example.net,Married
311,Christopher Krueger,32,Male,1992-12-15,2019-05-29,Lead,287095,7,"1157 Matthew Way Suite 161, South Michael, IL 02696",831032534442,eric28@example.net,Non-married
312,Yvonne Smith,26,Male,1998-12-06,2017-09-09,Executive,80080,8,"5508 Mackenzie Station Apt. 263, Brianburgh, MO 27622",405441859011,shane01@example.com,Non-married
313,Ronald Juarez,48,Female,1977-05-07,2017-02-24,Developer,289973,4,"9413 Clayton Summit Suite 721, East Luistown, WV 07515",30708746598,williamsdevin@example.com,Non-married
314,Nancy Rodriguez,56,Female,1968-09-09,2020-11-30,Analyst,200457,5,"25169 Jose Meadow, Sampsonport, LA 10082",7069935371,dana02@example.com,Single
315,Jessica Williams,26,Female,1998-10-15,2024-11-08,Manager,265185,5,"21818 Adams Villages Apt. 739, Marilynborough, PR 99270",43530635173,moralesjason@example.org,Non-married
316,Stephanie Williams,35,Male,1989-07-03,2020-03-02,Analyst,219406,7,"69959 Mark Neck Apt. 997, New Louis, PA 59761",4324026204,tlove@example.com,Single
317,Jordan Smith,45,Male,1980-04-11,2019-06-15,Executive,217429,1,"740 Michael Fords, Port Daniel, IN 91441",500232975648,gmelton@example.com,Married
318,Amber Odonnell,58,Male,1967-05-08,2021-05-16,Developer,276110,4,"2006 Christine Lights Suite 351, Bradleyview, KS 95668",3479153970,pattonlindsay@example.com,Single
319,Debra White,42,Female,1982-07-18,2025-04-02,Developer,286130,5,"628 Liu Street Suite 366, Harrisborough, AL 37020",121296948877,brentwilcox@example.com,Married
320,Mary Andrews,43,Male,1981-07-19,2023-06-16,Lead,174857,3,"87892 Wheeler Camp Suite 140, Rachelbury, UT 01273",9322706496,schroedernicole@example.net,Married
321,Shawn Brady,40,Female,1985-03-24,2023-02-08,Developer,221539,6,"438 Timothy Corner, North Chelseystad, WA 11564",786693534209,pdaniels@example.org,Married
322,Jennifer West,34,Male,1991-01-23,2018-01-11,Developer,269005,6,"PSC 0310, Box 3742, APO AE 36996",291592246174,ugreen@example.net,Single
323,Brittany Orozco,59,Male,1966-01-05,2024-04-02,Lead,71048,5,"64769 Isaac Loop, Moniqueside, AK 62779",7772176586,mooredenise@example.net,Married
324,Robert Richards,59,Female,1965-11-16,2020-03-31,Lead,173381,4,"5617 Joy Summit, Wrightborough, ND 02882",9828784651,kristenrollins@example.com,Married
325,Paul Lopez,42,Female,1982-10-31,2020-07-25,Analyst,144993,7,"41162 Chang Stravenue Suite 603, Port Mackenzie, WI 75850",5590708959,ortizcharles@example.net,Non-married
326,Andrew Wong,45,Female,1979-11-08,2020-10-29,Manager,234949,8,"954 Olson Fields, Lake Eric, MN 78955",36926625902,nberry@example.org,Married
327,Misty Howard,40,Male,1984-09-01,2020-11-24,Manager,171634,7,"7539 Katherine Mission Apt. 072, New Dawnstad, OH 80779",91151116916,stevenlucas@example.org,Non-married
328,Richard Johnson,58,Female,1966-10-16,2015-10-05,Executive,119836,2,"727 Hunter Rest, Markmouth, OH 42900",549995235216,mercadochristopher@example.com,Non-married
329,Tanya Rivera,53,Male,1972-05-06,2016-04-13,Developer,187777,3,"490 Hart Lake Apt. 514, Port Tiffanytown, VT 90210",040218584687,mark41@example.com,Single
330,Douglas Kim,43,Male,1982-03-18,2022-06-17,Executive,214235,3,"01766 Thompson Locks Apt. 361, Port Timothyfurt, HI 75739",7244760971,blackburnjames@example.com,Single
331,Linda Walker,46,Female,1979-03-13,2016-06-22,Manager,208029,4,"89354 Adkins Parks Apt. 352, North Abigailburgh, OK 30993",6942371404,melissawood@example.net,Single
332,Ashley Campbell,58,Male,1967-04-14,2025-05-22,Lead,261822,8,"816 Rogers Gardens Suite 413, North Elizabeth, MI 36862",080591178486,jessicasmith@example.com,Single
333,Jordan Dunlap,57,Male,1967-11-01,2018-12-11,Lead,201534,2,"8479 Santiago Crest Apt. 739, Hensleymouth, MT 48044",64513669368,mike29@example.net,Non-married
334,Michael Nunez,58,Female,1967-02-09,2018-02-17,Developer,209258,4,"4888 Lane Hills, East Raymondhaven, MH 95230",54385806895,michael91@example.com,Single
335,Randy Davis,44,Female,1981-02-06,2023-01-21,Analyst,223436,1,"PSC 1807, Box 5680, APO AE 18548",827372596697,melissa32@example.com,Married
336,Anthony Bennett,40,Female,1985-05-21,2017-12-02,Executive,71524,3,"809 Kelly Springs Apt. 459, West Jason, CA 15666",2382218011,gracelee@example.org,Married
337,Randy Hart,36,Female,1988-06-07,2021-10-24,Executive,240537,2,"194 Lucero Squares Suite 273, Crossstad, OK 41561",21577264167,andrehunt@example.org,Single
338,Kristi Myers,27,Female,1997-11-13,2017-01-13,Manager,99268,8,"59966 Rebecca Turnpike Apt. 847, South Benjamin, MO 45085",814343601210,shawdana@example.org,Non-married
339,Nicholas Sharp,31,Female,1993-06-02,2021-04-20,Analyst,242477,8,"264 Williams Junctions, West Anthonyland, ME 22367",2258028754,brent07@example.org,Non-married
340,Gloria Schwartz,43,Female,1981-12-25,2020-06-06,Developer,159877,5,"393 Gina Shore, Aaronstad, NH 98084",265888462611,poolenathan@example.com,Married
341,Jeremy Rowe,32,Male,1992-06-11,2020-06-04,Analyst,149243,2,"34622 Gardner Mill Apt. 997, New Christopher, WV 52090",7519049703,grantharold@example.net,Single
342,Ricky Duran,26,Male,1999-04-01,2015-12-27,Developer,233371,1,"992 Melissa Oval, Darrellfort, NM 81209",85729235599,pamela11@example.com,Non-married
343,Teresa Holmes,54,Female,1970-12-05,2019-04-15,Analyst,159047,6,"USCGC Reed, FPO AP 89654",8036060919,davisjason@example.com,Single
344,Timothy Smith,46,Male,1978-10-24,2015-08-29,Developer,107132,4,"0829 Kimberly Stream, Lake Michaelmouth, VT 05855",313631179805,pagecharles@example.net,Single
345,Catherine Jacobs,26,Male,1998-12-28,2018-03-07,Manager,93305,7,"81114 Suzanne Landing, East Georgeside, MN 52862",1063251125,deborah67@example.org,Single
346,Vanessa Lutz,57,Female,1967-12-05,2020-01-31,Developer,269646,2,"407 Drew Locks, Walkerfort, VI 02230",81255693780,charles76@example.com,Single
347,Carrie Johnson,45,Female,1979-06-27,2024-01-06,Analyst,156700,6,"9973 Lori Fall, Port Alexisbury, VT 36388",70803393811,noahlowe@example.net,Non-married
348,Eric Jones,28,Male,1996-08-17,2024-06-10,Developer,91712,4,"774 Ortega Ramp Suite 040, East David, DC 59207",507925748136,greenrachel@example.com,Married
349,Kaitlyn Guerrero,39,Male,1985-09-14,2017-03-02,Lead,151073,8,"99465 Reynolds Highway, Williamshaven, KY 88176",3571958780,julie68@example.net,Married
350,Mark Jones,29,Male,1996-04-09,2016-02-24,Lead,85220,2,"196 Le Mission Suite 192, Meganside, OH 85956",63152629232,amanda65@example.net,Married
351,Charles Edwards,34,Female,1990-07-22,2017-11-21,Developer,137727,5,"629 Mckenzie Garden, Grahamhaven, MT 27496",67000206071,steven66@example.com,Single
352,Alex Porter,55,Male,1969-11-13,2024-10-27,Lead,173643,1,"5876 Kimberly Brooks Apt. 384, Daniellehaven, TN 23799",2207959704,dennis51@example.org,Single
353,Timothy Edwards,32,Male,1993-03-27,2019-03-01,Analyst,278736,3,"71791 Young Ramp, Davisport, TN 21097",217193609171,espinozaashley@example.org,Non-married
354,Johnathan Hinton,49,Male,1975-12-11,2015-08-18,Analyst,279485,4,"690 Rodriguez Garden, Bethanyland, WV 39656",70250768298,cbeck@example.net,Non-married
355,Charles Miller,44,Male,1980-06-11,2022-01-05,Manager,227554,2,"714 Hall Dam, Port Elijah, CT 96708",124031854849,eclark@example.com,Non-married
356,Susan Thornton,46,Male,1978-07-27,2019-05-16,Executive,264398,7,"9520 Patton Creek Suite 476, Port Daniel, GU 15361",88783772669,blackwelljoshua@example.org,Single
357,Brianna Barton,53,Female,1972-02-06,2021-08-17,Executive,194566,1,"7155 Riley Mill, East Karenside, AK 93171",2218439470,gregory62@example.net,Single
358,Anthony Baker,45,Female,1979-05-31,2022-05-12,Manager,263647,3,"320 Williams Extension Suite 795, Garrettport, WY 90501",001660940154,jsummers@example.com,Non-married
359,Susan Anderson,51,Male,1973-09-18,2020-08-27,Lead,266820,4,"547 Mark Dale, East Jared, MI 97184",3249268007,jasonandrews@example.org,Single
360,Deborah Padilla,41,Female,1984-04-06,2022-07-02,Developer,227401,5,"3715 Ramos Estate, Aaronburgh, UT 02735",9957015438,rwalton@example.com,Married
361,Eric Williams,28,Male,1996-08-05,2021-11-07,Executive,189588,4,"25806 Durham Plaza Apt. 107, Stephenview, PW 45427",440970808357,hudsonlance@example.net,Married
362,Michael Mack,36,Female,1988-12-18,2020-10-19,Analyst,204167,7,"300 Tammy Forges, Morrowview, VA 66774",2705873816,tbentley@example.org,Married
363,Cynthia Guzman,42,Male,1983-05-04,2018-08-13,Executive,134085,8,"5640 Reyes Via, Lake Jasonland, LA 35679",5768305442,michaelhuffman@example.net,Married
364,Julie Williams,34,Male,1991-04-23,2023-10-06,Executive,77925,6,"984 Zachary Haven Apt. 236, Martinezchester, DE 83160",66710576322,adixon@example.com,Non-married
365,Thomas Gregory,56,Female,1969-01-24,2020-08-29,Developer,255212,6,"77905 Sandra Tunnel, Davidville, DE 40521",4405608295,twall@example.net,Non-married
366,Mrs. Tina Harrison MD,54,Female,1971-02-08,2019-11-23,Executive,221932,3,"530 Garcia Junction Suite 022, Danatown, OH 85398",22499275164,baldwinpatricia@example.net,Single
367,Kevin Moreno,56,Female,1969-03-31,2021-07-02,Executive,218162,4,"1640 Matthew Tunnel, West Deborahshire, NY 97751",2237354953,raymondcrawford@example.com,Non-married
368,Clifford Bryant,49,Male,1976-01-26,2018-10-30,Analyst,276511,6,"470 Sharp Circles Apt. 028, Moralesfurt, NY 32021",8943241059,mheath@example.net,Married
369,Jessica Mcdaniel,59,Female,1965-12-14,2015-12-15,Lead,93182,6,"2169 Roberts Springs Apt. 366, Elizabethville, MT 52764",6507716374,danielcameron@example.net,Married
370,Jenna Jones,31,Male,1994-03-09,2016-06-08,Manager,158194,6,"8372 Mcclain Village Apt. 701, Clarkmouth, IA 43680",95489008739,christypierce@example.org,Non-married
371,Michael Kelly,30,Male,1995-04-06,2022-06-07,Developer,218337,7,"51483 Petty Ways Suite 881, Jamesfurt, LA 93779",921274894314,catherineburton@example.com,Single
372,Hannah Williams,33,Male,1992-01-20,2017-05-31,Lead,215091,2,"81401 Hamilton Meadow, New Aaronside, MO 99180",363215622096,kylehobbs@example.com,Non-married
373,Andre Bates,38,Female,1987-02-05,2021-09-11,Executive,114146,4,"2997 Perez Expressway Suite 953, Lake Joseph, NE 57988",624944541020,lisa77@example.com,Married
374,Juan Joseph,60,Male,1965-05-15,2015-07-29,Analyst,115698,2,"8222 Lee Corner Suite 347, Butlerchester, PR 23451",442152520539,jacobswendy@example.org,Non-married
375,William Williams,38,Female,1987-02-20,2015-11-07,Analyst,72677,6,"USS Pierce, FPO AA 77218",78918810325,mayerann@example.org,Married
376,Wendy Smith,51,Female,1974-01-26,2020-11-06,Analyst,158200,3,"Unit 9475 Box 0808, DPO AE 23001",42853517841,lbishop@example.com,Single
377,Raven Goodman,40,Male,1984-09-21,2024-05-09,Executive,235227,6,"10120 Rosales Ford Apt. 086, Christianton, OK 04998",64898540908,qsmith@example.org,Single
378,Danielle Richards,45,Female,1979-06-04,2021-03-30,Manager,203822,5,"35338 Edwards Flat Suite 050, South Doris, AZ 53228",2365695127,shardy@example.net,Non-married
379,Cindy Watkins,44,Male,1980-05-27,2018-01-03,Analyst,129582,3,"Unit 1151 Box 1405, DPO AA 82160",32821200006,chelseacastro@example.com,Single
380,Stacey Johnston,29,Female,1996-04-28,2020-05-15,Lead,90904,7,"89944 Michael Trail Apt. 503, Dannyborough, VA 64590",10328752171,michelle08@example.org,Non-married
381,Ashley Black,49,Male,1976-05-17,2021-08-26,Executive,101208,1,"637 Susan Bridge Suite 648, Joshuashire, MI 98616",5324221073,gracepeterson@example.com,Non-married
382,Linda Carrillo,32,Male,1992-08-27,2024-03-01,Manager,236339,3,"01464 Dylan Valley Apt. 793, Cookland, FL 62110",668770311815,stephaniewatson@example.net,Married
383,Douglas Duarte,26,Male,1999-04-19,2020-10-01,Developer,74565,5,"Unit 6660 Box 2184, DPO AA 14816",8341402683,barry78@example.com,Single
384,Martin Mclean,28,Female,1997-05-04,2016-02-26,Executive,201749,4,"83238 Susan Roads Apt. 663, Hallfort, AS 62477",42190087466,davidporter@example.net,Married
385,Ms. Cathy Wright DDS,26,Female,1999-02-11,2025-04-26,Developer,279299,6,"38910 Ricky Mill Suite 137, Wagnerport, UT 07798",6199781906,charles90@example.com,Married
386,Amanda Santana,47,Male,1977-12-11,2023-12-30,Developer,275270,3,"95700 Bush Valley Suite 359, Tylerhaven, WI 81321",6943603520,wardmatthew@example.com,Married
387,Mary Vance,53,Male,1972-01-01,2018-04-10,Analyst,257231,2,"013 Sarah Flat Suite 674, South Kelsey, OH 62295",4566330114,breanna28@example.com,Non-married
388,Jessica Pruitt,57,Female,1968-04-10,2023-10-01,Manager,281851,8,"233 Pittman Village, Hannahport, NJ 82730",373481781914,jillgarcia@example.net,Single
389,Tina Carter,32,Male,1992-09-24,2024-04-27,Lead,189942,3,"119 Fuller Garden, North Sarahshire, OK 89695",6081113432,umiller@example.com,Married
390,Nathaniel Griffith,57,Male,1967-08-12,2025-04-23,Analyst,260718,1,"8583 Debra Flats, Mcneilville, KY 83297",131822431914,david99@example.net,Non-married
391,Tracy Johnson,42,Male,1982-11-01,2021-05-16,Analyst,234688,7,"97785 Mata Glens Suite 003, Janiceville, MP 37305",201136900870,michael92@example.net,Single
392,Maria Pennington,30,Female,1995-03-16,2018-05-23,Executive,101975,2,"41023 Middleton Plaza, East Wendychester, MT 09645",834477159577,jacquelinefowler@example.org,Non-married
393,Courtney Fox,58,Female,1967-02-19,2018-04-01,Developer,146126,2,"810 Smith Spring, Torresberg, PR 81375",560148929605,debra24@example.org,Married
394,Christopher Proctor,35,Female,1990-02-19,2024-06-09,Analyst,102922,6,"093 Beverly Parkway Apt. 095, West Mariaville, NY 36254",7913618790,hjohnson@example.org,Married
395,Lee Frazier,33,Female,1991-10-23,2022-06-08,Developer,149659,8,"0015 Sanchez Manor Suite 761, Kennedymouth, DE 14481",4187656217,anthonyjames@example.net,Married
396,Laurie Smith,42,Male,1982-09-24,2019-06-19,Manager,177072,8,"0493 Miller Fields, Nathantown, AZ 57687",2064255767,jessica72@example.com,Married
397,David Thompson,30,Male,1995-05-05,2022-10-08,Developer,83130,7,"917 Cole Mission, West Markberg, VI 84847",982397482278,idelgado@example.org,Non-married
398,Jeremy Martin,58,Female,1966-09-05,2015-07-07,Developer,219134,5,"1982 Adams Locks Suite 709, North Jesse, HI 24655",55849767012,briggsjames@example.org,Married
399,Tara Reynolds,29,Male,1996-04-06,2025-01-16,Analyst,104785,1,"56069 Sanchez Greens, Joshuaport, MA 68424",58930113798,dianelee@example.net,Single
400,Rebecca Smith DVM,25,Female,1999-10-15,2020-06-06,Analyst,178792,6,"7400 Wright Pines Suite 423, West Rachelshire, MI 52857",25899486692,garciakimberly@example.com,Single
401,Mark Hensley,32,Male,1993-03-25,2023-01-22,Developer,90457,6,"61671 Lowe Path, Lake Marcus, NE 08219",4346866906,matthewross@example.net,Non-married
402,Melinda Brown,52,Female,1972-06-23,2019-05-03,Lead,171076,7,"2792 Benjamin Flats, Goodport, AS 28953",011689764290,barbara95@example.net,Single
403,Dale Keller,53,Male,1972-05-06,2024-11-08,Executive,96635,1,"6950 Daniel Squares, Loganbury, NE 04771",90659137805,michaeldyer@example.net,Non-married
404,Luis Lynn,56,Female,1968-12-14,2018-03-09,Developer,121457,5,"Unit 4386 Box 2991, DPO AA 27254",61139421944,paula68@example.net,Single
405,Anna Baldwin,46,Female,1978-08-16,2020-04-08,Manager,205354,8,"65324 Meyer Underpass Suite 392, Stacymouth, HI 61827",718061652882,hansonnicolas@example.org,Married
406,Karen Ramirez,52,Female,1973-03-16,2021-04-18,Analyst,269364,4,"26765 Kelly Bridge, Port Toddchester, GA 69046",328200679955,adamspaula@example.net,Non-married
407,Eric Bowers,43,Male,1981-08-19,2025-03-11,Analyst,72231,2,"8995 Anita Gateway Apt. 817, Lake Christina, AK 92537",4130533673,roger26@example.com,Married
408,Andrew Kemp,31,Male,1993-11-01,2020-11-28,Developer,253234,8,"79523 Friedman Hill Apt. 991, New Jacqueline, IA 93333",82222675707,karl29@example.com,Non-married
409,Mr. Joshua Bridges,28,Male,1996-10-19,2024-07-19,Lead,263370,6,"760 Donaldson Knolls Suite 645, New Dianetown, PR 35239",97573253078,zconrad@example.com,Single
410,Angela Morales,47,Female,1977-11-10,2016-03-13,Executive,260567,8,"657 Daniel Squares Suite 711, South April, OR 00877",992205428847,edwardreynolds@example.net,Non-married
411,Scott Jacobs,58,Male,1966-08-11,2017-02-08,Developer,198433,6,"036 Edward Mews, Lake Duane, WI 12304",376325913151,garciajesus@example.org,Married
412,Karen Lewis,32,Male,1992-08-15,2020-08-01,Analyst,129859,7,"2430 David Curve, New Ashleymouth, IA 55160",11769104932,stephanie73@example.com,Non-married
413,Carmen Williams,51,Male,1974-04-22,2021-12-18,Lead,228891,7,"11873 Ellis Lodge Suite 333, South Danastad, MA 99835",51336214651,john58@example.org,Non-married
414,Kim Walker,53,Female,1972-01-13,2017-05-19,Analyst,203690,5,"PSC 5594, Box 2358, APO AA 76407",75434427364,nsmith@example.org,Married
415,Allen Chan,27,Female,1998-01-15,2023-12-19,Developer,264197,5,"6720 Smith Coves, Lindafurt, NY 75573",321727040623,johnbonilla@example.org,Non-married
416,Robert Norris,51,Male,1973-08-16,2023-04-16,Developer,132084,6,"Unit 3392 Box 1078, DPO AP 49776",446921685965,campbellrenee@example.org,Married
417,Benjamin Payne,45,Female,1979-11-20,2019-03-26,Lead,252342,1,"90993 Hester Canyon Suite 459, Richardsshire, VA 70393",818362116929,mirandaharris@example.org,Single
418,Mr. Timothy Brown Jr.,28,Female,1997-01-19,2019-04-22,Analyst,72637,8,"7373 Claudia Via Apt. 261, South Davidberg, VA 04341",2746996155,xgarcia@example.net,Single
419,Ruth Tucker,47,Male,1977-11-26,2018-06-12,Manager,215586,6,"010 Norris Landing, South Joshua, NC 70634",52642043711,katherinemendez@example.com,Single
420,Diane Woods,32,Female,1992-08-27,2024-11-08,Executive,190459,5,"44815 Julie Camp Suite 008, Suttonfurt, WI 42132",636714020352,nbryant@example.net,Single
421,Andrew Malone,50,Female,1974-06-25,2022-10-25,Analyst,134879,1,"431 Richard Views, Port Yvonnemouth, MH 87404",0991275162,martinezsarah@example.org,Married
422,Brian Bauer,42,Male,1982-07-14,2025-01-06,Executive,96285,3,"8578 Kristina Manor, Dixonmouth, LA 03127",206007218898,graykayla@example.org,Married
423,Deborah Ramos,44,Female,1980-08-28,2020-03-15,Developer,143344,8,"8934 Williams Mission Apt. 886, Turnermouth, OH 23839",019886104088,vrodriguez@example.net,Non-married
424,Angela Alexander,30,Female,1995-01-13,2020-08-17,Executive,247410,1,"9210 Mclaughlin Square, Changland, GU 55957",2417758718,vanessaball@example.org,Non-married
425,Patricia Melendez,55,Male,1969-08-09,2023-06-14,Developer,220026,7,"5872 Aguirre Expressway Apt. 430, Isaactown, PR 55207",26761598970,jmarks@example.com,Non-married
426,Cody Whitaker,25,Male,2000-04-02,2024-01-22,Lead,158887,1,"6197 Heather Mission Apt. 398, Gonzaleztown, TN 62539",1429695523,michellecampos@example.net,Single
427,Michelle Novak,42,Female,1982-07-20,2019-07-09,Developer,205200,7,"4622 Thomas Burgs Apt. 142, Lake Anne, GA 26318",5613504242,christophermcdaniel@example.net,Non-married
428,Daniel Woodard,49,Female,1976-04-02,2020-12-04,Executive,201593,4,"833 Soto Hollow Apt. 772, Lovefurt, MN 46236",5392567480,danielle17@example.org,Single
429,Dennis Beard,35,Male,1990-04-08,2016-10-17,Executive,94661,8,"34488 Debra Prairie Apt. 451, Lake Howardchester, MH 38060",5519106379,bartonkelly@example.com,Married
430,Tyler Smith,37,Male,1987-12-26,2025-04-06,Lead,275983,8,"17235 Pollard Villages Suite 226, Wallacemouth, KY 04776",56846196005,mary52@example.org,Married
431,Ms. Heather Kidd PhD,46,Male,1978-07-29,2024-12-03,Developer,176229,5,"203 Flores Square Suite 454, Holmesview, NC 97910",38015909126,gsullivan@example.com,Single
432,John Roberts,37,Male,1988-01-15,2020-06-07,Analyst,142748,1,"8842 Watson Parks, Mitchellfort, MT 93768",665299365397,robertsanders@example.com,Single
433,Jessica Zimmerman,53,Male,1971-12-28,2025-03-09,Executive,86710,2,"23175 Flores Junctions Suite 733, Jenniferbury, MD 40740",0762299669,dchung@example.com,Married
434,John Morris,56,Male,1969-02-13,2016-04-19,Developer,137171,1,"56002 Wilson Station, South Christopher, FM 29258",7255394132,christinewallace@example.org,Non-married
435,Cesar Larson,44,Female,1980-07-31,2021-05-22,Developer,100102,1,"25055 Kurt Cliffs Suite 664, North Brandybury, NJ 35120",190290724731,dominiqueparker@example.com,Non-married
436,Adam Schroeder,37,Female,1987-11-07,2023-01-01,Manager,139667,7,"0956 Dixon Ranch Apt. 716, Thompsonview, KY 15394",385072845940,blankenshipjessica@example.net,Single
437,Angelica Gonzalez,42,Male,1982-10-29,2021-11-07,Analyst,281233,8,"54944 Morgan Tunnel Suite 505, East Jose, NY 83650",6114159223,aaronfrye@example.com,Single
438,William Mayer,55,Female,1970-01-17,2019-08-05,Analyst,261204,3,"19528 Adams Turnpike, New Ravenport, NY 59852",27674930132,rhonda32@example.org,Married
439,Mr. Paul Charles,25,Female,1999-11-13,2020-04-13,Analyst,103203,1,"6036 Janice Throughway, Karenland, FM 46423",5299678518,randall21@example.net,Married
440,Christopher Robinson,44,Male,1980-07-27,2019-05-01,Developer,174201,8,"7022 Hanson Corner, Littlefort, CT 71823",17906940305,victorrodriguez@example.com,Married
441,Matthew Dean,32,Male,1993-02-22,2021-05-16,Analyst,274007,7,"4966 Richard Streets Apt. 821, Jenniferhaven, VI 98334",081154818578,anne10@example.org,Single
442,Wayne Kelly,37,Male,1988-05-17,2019-08-23,Analyst,149054,7,"24287 Diana Glen Suite 417, South Audreystad, NV 78984",41726508236,pmorgan@example.org,Married
443,Robert Olson,53,Female,1971-08-10,2016-02-03,Analyst,181270,6,"80080 Billy Stream Apt. 912, South Kevin, ND 61171",11811099276,cbanks@example.org,Married
444,David Blair,32,Female,1992-08-05,2023-05-11,Developer,171147,3,"41443 Riley Canyon Suite 282, Wrighttown, WI 83893",9644947284,ronald60@example.net,Married
445,Alexis Ramirez,38,Female,1986-12-15,2016-03-07,Developer,212057,4,"723 Shirley River Apt. 103, Taraborough, OK 15258",88468577069,steven54@example.org,Married
446,Jacqueline Leonard,42,Female,1983-01-09,2023-06-08,Analyst,132485,4,"1243 Bennett Crossroad, Jayberg, OK 71205",462722211554,rodgersmichael@example.org,Non-married
447,Stephanie Chapman,25,Female,1999-08-24,2020-09-04,Manager,231125,1,"USS Villarreal, FPO AA 07568",18760478698,elizabethdavis@example.org,Single
448,Bill Compton,46,Female,1978-12-24,2023-12-04,Analyst,201130,6,"083 Omar Bridge Apt. 373, East Amymouth, OH 26724",2873538285,jennifer03@example.com,Non-married
449,Dr. Sara Williamson DDS,49,Female,1975-07-23,2023-05-08,Executive,215234,6,"35563 Diaz Centers, New Kelseyfurt, PW 10573",87363142904,christinamann@example.com,Married
450,Renee Juarez,27,Male,1998-04-14,2021-07-05,Developer,246951,7,"PSC 6374, Box 4947, APO AA 65720",6309068660,pnorman@example.com,Single
451,Samuel Stewart,46,Female,1978-08-07,2025-05-09,Manager,198156,6,"40267 Guzman Causeway Suite 791, Bowersborough, PA 29540",415988441428,dwayneschultz@example.net,Married
452,Angela Andersen,50,Male,1974-11-24,2018-01-01,Lead,97896,1,"USNS Frye, FPO AP 33790",35070823458,martinezstephanie@example.com,Married
453,Micheal Levy,41,Male,1983-05-27,2021-11-02,Executive,270738,8,"33969 Rhonda Green Apt. 372, Karenfurt, VA 11699",2283811624,escobarjonathan@example.net,Non-married
454,Jason Cochran,37,Female,1988-04-24,2022-06-08,Developer,234205,1,"32176 Anderson Groves, North Deniseburgh, SD 66300",9045548629,nbenson@example.org,Married
455,Christy Kidd,41,Female,1983-08-09,2017-11-08,Lead,93727,6,"335 Jeffrey Village, Caseside, IA 44633",21704621987,lauren94@example.net,Single
456,Willie Webb,28,Male,1996-11-12,2024-06-21,Lead,210175,3,"799 Whitney Plains Suite 538, Port Colinmouth, KS 33881",639766580550,amanda61@example.net,Non-married
457,Destiny Aguilar,45,Female,1979-12-24,2023-05-03,Developer,143997,5,"73966 Benitez Manors, New Nicholaschester, SD 62087",175034280171,ahancock@example.net,Married
458,Charles Bonilla,44,Male,1980-08-01,2020-12-30,Lead,208744,6,"PSC 3178, Box 2424, APO AA 10779",9485496591,jholloway@example.com,Non-married
459,Lawrence Mendez,34,Male,1990-06-10,2024-04-15,Analyst,71929,1,"378 Stanton Overpass Apt. 543, Smithmouth, PW 63486",8036929605,samantha52@example.com,Single
460,Kenneth Stewart,44,Male,1980-09-02,2023-06-20,Analyst,153373,6,"510 Cody Shore Suite 555, New Jacquelineland, NJ 04780",074664643520,david95@example.com,Non-married
461,Taylor Walters,51,Male,1973-11-20,2023-03-16,Executive,177412,2,"494 Jones Fields, Donnaborough, KS 17615",8095565841,riceaudrey@example.com,Non-married
462,Paula Watts,48,Female,1976-12-24,2017-09-16,Developer,168692,7,"799 Castro Lane Suite 310, Pettystad, NE 08507",69931364618,fdavis@example.com,Non-married
463,Steven Greer,31,Female,1993-06-08,2023-06-10,Executive,213850,3,"91553 Jason Creek, West David, MH 18665",5368692476,dawnmorales@example.org,Married
464,Anthony Jones,36,Male,1989-02-18,2017-08-21,Analyst,204324,5,"0664 Casey Knolls, Harristown, KY 92619",161118801355,holmescheyenne@example.com,Single
465,Christine Nichols,29,Male,1995-09-15,2017-02-19,Analyst,263918,7,"00580 Newton Isle, Port Rachel, CT 24006",60666798280,jeffreywhitney@example.org,Married
466,Rachel White,53,Male,1971-12-09,2024-03-11,Executive,179020,3,"359 Buchanan Haven Suite 193, Mooreland, WA 52320",543135918711,patrick62@example.org,Non-married
467,Casey Dunn,27,Male,1998-02-12,2021-10-07,Developer,275821,2,"3308 Benjamin Ways, New Cliffordfurt, NH 02391",495154145049,roberta70@example.net,Non-married
468,Yvette Beck,38,Female,1986-12-21,2020-06-13,Lead,127833,3,"257 Michael Trail, North Janice, MA 24915",868827115029,ahowell@example.com,Married
469,Tyler Haney,41,Female,1983-06-02,2015-08-28,Lead,200581,4,"46723 Owens Lodge, Hamptonmouth, MT 47550",650684221652,ebray@example.net,Married
470,Kyle Gonzalez,30,Female,1995-04-14,2019-02-15,Executive,229177,2,"Unit 1562 Box 7383, DPO AP 54007",534428061992,sproctor@example.org,Single
471,Heather Ross,59,Male,1966-01-29,2025-01-01,Developer,191993,3,"2571 Heidi Keys Suite 308, Port Brenda, CT 28113",79047544232,singletonevan@example.com,Single
472,Linda Kidd,26,Female,1998-10-18,2018-12-07,Developer,159187,6,"29678 Lisa Dam, Joshuabury, HI 23836",8408151801,jonathan44@example.com,Single
473,Bianca Crawford,56,Male,1969-04-10,2018-01-18,Manager,210393,5,"805 Ryan Square Suite 997, Adrianaborough, SD 89925",9095262096,sheltonangela@example.com,Single
474,Kari Dickerson,29,Male,1995-09-27,2017-07-31,Developer,93243,2,"USCGC Lang, FPO AP 33958",3908842285,mark61@example.org,Non-married
475,Susan Castillo,58,Female,1967-04-29,2023-08-17,Analyst,200371,5,"45118 Linda Trace Suite 094, New Tracymouth, NM 20101",3930560964,amyallen@example.org,Single
476,Jessica Jackson,54,Male,1970-12-14,2019-05-10,Analyst,265042,2,"812 Huffman Canyon Apt. 684, East Maryhaven, FL 84588",276012758674,thompsonjamie@example.com,Non-married
477,Misty Knight,40,Male,1984-07-11,2024-04-15,Developer,133470,5,"8640 Erica Via, North Stevenmouth, IL 33132",163148287938,vbrown@example.net,Married
478,Christopher Garcia,53,Female,1972-03-11,2024-06-23,Developer,240095,4,"Unit 3712 Box 5679, DPO AA 58369",7268704202,vpayne@example.org,Single
479,Andrew Ramos,40,Female,1985-01-29,2025-05-18,Developer,165483,7,"98183 Patricia Park, Donaldsonland, MT 22774",8271316281,frankortiz@example.com,Non-married
480,Ellen Molina,46,Male,1978-07-06,2023-11-23,Executive,186040,4,"PSC 9719, Box 9973, APO AP 17420",9761661012,rthompson@example.net,Married
481,Christina Shaffer,52,Male,1973-03-28,2016-06-11,Manager,206791,6,"USCGC Schmidt, FPO AA 37292",84648691367,lgarza@example.org,Single
482,Deanna Parker,58,Male,1967-04-13,2025-02-01,Lead,177264,4,"4868 Mathews Curve Apt. 104, New Randy, OR 08724",7870997170,thomasjoseph@example.org,Married
483,Sandra Johnson,28,Female,1996-06-14,2024-05-02,Developer,116719,5,"23335 Rebecca Circle Suite 307, Christopherland, VI 77951",4631030178,cristianbailey@example.net,Married
484,Paul Landry,32,Male,1992-05-28,2018-01-19,Lead,180209,1,"0156 Matthew Ville, West Kathleenberg, NH 54998",8137082987,david03@example.net,Married
485,Kelsey Collins,54,Male,1970-11-23,2020-05-12,Analyst,241470,3,"154 Allison Ford, Ryanmouth, FM 95908",6546441205,traviscook@example.org,Single
486,Abigail Walters,56,Female,1968-08-16,2017-11-06,Analyst,153568,6,"PSC 8269, Box 5261, APO AP 61724",5171225619,isaac65@example.com,Non-married
487,Christopher Gross,50,Male,1974-10-12,2021-05-15,Manager,257858,5,"PSC 3408, Box 7059, APO AP 73677",76448875558,robin43@example.org,Single
488,Rachel Porter,30,Female,1995-04-06,2022-11-10,Executive,260812,7,"94661 Reynolds Fields, Roseland, CA 59656",26804009190,lisaharrison@example.net,Non-married
489,Yesenia Davis,32,Female,1992-06-16,2023-02-10,Manager,124682,1,"632 Flores Manor Apt. 615, Port Luis, TX 71606",28024081612,ftaylor@example.com,Non-married
490,Jessica Herrera,35,Male,1989-07-04,2017-08-15,Executive,199404,2,"694 Miller Hollow, Oconnellside, NH 13556",0382299035,zacharyneal@example.org,Non-married
491,James Crawford,57,Female,1968-04-26,2019-09-09,Analyst,177764,7,"784 Walker Place Suite 752, North Rhonda, VI 45969",3502102610,david92@example.net,Single
492,Jonathan Watkins,49,Female,1975-06-03,2024-08-19,Manager,75029,2,"41827 Christopher Wall, Port Valerie, NV 44420",366330730557,susanhall@example.com,Non-married
493,Connie Moore,44,Female,1980-08-30,2020-05-26,Analyst,100602,3,"58578 Levy Dale Apt. 295, New Matthewshire, HI 51880",4501138261,brandycooper@example.org,Married
494,Rebecca Garcia,37,Male,1987-07-20,2022-10-02,Executive,145658,1,"USS Pearson, FPO AA 59116",2659156138,gonzalesdavid@example.net,Single
495,Timothy Young,49,Male,1976-03-07,2016-10-29,Executive,244370,3,"5551 Sarah Village, Heatherside, AR 26951",0429245858,paulobrien@example.org,Non-married
496,Jacob Bird,39,Female,1986-02-10,2024-04-26,Executive,280929,7,"853 Williams Vista, New Courtneyberg, TN 29580",5275402281,griffindeborah@example.net,Single
497,Eric Burns,30,Male,1995-03-04,2022-07-10,Lead,93259,8,"135 Dillon Ridges Suite 238, North Tamara, TN 36946",01257231684,herrerajaclyn@example.net,Married
498,Loretta Pugh,39,Male,1985-09-19,2019-02-12,Developer,264597,1,"4138 Wright Square Apt. 536, West Paul, WV 91680",6104590269,asmith@example.net,Married
499,Valerie Berger,25,Male,1999-06-05,2021-11-06,Manager,268178,8,"81902 Lopez Corner, South Jose, WA 33886",005917940783,jill19@example.com,Married
500,Misty Jackson,50,Female,1975-05-07,2021-09-03,Developer,243328,7,"45833 Kendra Station Suite 805, New Adam, IA 69549",832186003675,adam79@example.net,Married
501,Kelly Jones,31,Male,1993-12-11,2016-02-05,Manager,258658,6,"37619 Justin Cliffs Apt. 563, New Jasonland, HI 55451",861852784245,jnelson@example.com,Single
502,Mark Baker,32,Female,1993-01-22,2020-05-20,Lead,168409,4,"55379 Sonya Lodge Suite 194, Joeview, GU 89187",6463526730,tcole@example.org,Single
503,Thomas Warren,58,Male,1967-02-25,2021-08-19,Manager,250259,8,"20475 Smith Hill, Josephbury, NM 91945",519059179586,georgegates@example.net,Non-married
504,Ryan Garza,36,Female,1988-11-23,2021-08-03,Developer,160338,5,"669 Williams Shores, Carrollhaven, ME 11650",82781495480,wilkersonalicia@example.com,Non-married
505,Jonathan King,27,Male,1997-06-23,2017-02-08,Manager,287547,1,"88244 Sandoval Corner, West James, MT 55774",4610789517,jose95@example.net,Married
506,Elizabeth Wheeler,27,Female,1998-03-08,2021-02-28,Manager,135212,3,"82807 Devin Lodge Suite 641, Lake Michelleton, SC 18081",3562211588,kim56@example.net,Single
507,Ronald Tate,58,Female,1966-07-16,2020-09-02,Executive,261415,3,"57079 Murphy Parkway, New Andrewfort, KY 95434",358540760411,christinamendez@example.org,Single
508,Katherine Lang,26,Female,1998-07-19,2022-11-20,Manager,150472,6,"7817 Rachel Meadows, Phillipsport, VT 74061",4134557894,daniel57@example.org,Non-married
509,Michelle Little,58,Male,1967-01-29,2022-02-18,Analyst,97349,5,"4225 Harrison Ways Suite 092, Patriciaberg, MT 03919",96708817735,youngamy@example.com,Non-married
510,Melanie Green,47,Male,1977-11-04,2016-06-10,Lead,131933,8,"0777 Patrick Glen Suite 480, Lake Eugene, WY 08392",721616213890,browntracey@example.net,Single
511,Molly Johnson,25,Male,1999-12-10,2019-06-11,Manager,90689,2,"224 Scott Mills, Wilsonland, AS 66080",98479668709,kevingriffin@example.com,Single
512,Kevin Long,43,Male,1982-02-06,2023-11-17,Lead,202544,1,"3106 Ryan Mount, Thomasburgh, MD 64738",3914277091,goodwinmichael@example.net,Non-married
513,David Robinson,56,Female,1968-07-31,2017-12-26,Lead,105773,2,"5876 Rhonda Square, Danielleview, TX 18016",629795615407,lhuerta@example.com,Non-married
514,Roy Marshall,42,Male,1983-01-03,2015-12-02,Lead,103798,2,"091 Doris Lakes, Lake Heather, GU 97910",507423023968,wcruz@example.com,Married
515,John Johnson,37,Female,1987-07-17,2019-06-04,Developer,284830,4,"8733 Ryan Island Apt. 349, Melissaton, TN 81933",81957083638,shelbyphillips@example.net,Non-married
516,Gary Rivera,40,Male,1985-03-02,2015-07-09,Lead,113901,3,"36558 Nicholas Island Apt. 646, Robinsonland, AZ 37743",7149992911,munozashley@example.com,Single
517,Cesar Olson,48,Male,1976-06-10,2017-01-20,Lead,283092,2,"0504 Evans Pike, Melissabury, AZ 18656",4402155330,ramirezbrian@example.com,Married
518,Larry Harris,30,Male,1995-02-03,2016-07-09,Manager,77479,6,"302 Cynthia Mountain, Lake Charlesmouth, NH 84271",33666291360,sarahsullivan@example.net,Non-married
519,Steven Graham,33,Female,1991-08-24,2016-07-24,Analyst,140704,2,"11920 Mcguire Ferry Apt. 111, Hurstberg, FM 67556",1075650726,frankyoung@example.net,Single
520,Dr. Roy Frost MD,59,Female,1965-11-04,2022-04-07,Lead,233512,2,"0683 Adam Knoll Suite 692, South Michael, MD 07964",68684220392,chavezmichele@example.net,Married
521,Patricia West,55,Female,1970-01-12,2023-12-07,Lead,195638,7,"06661 Michelle Passage, Georgefort, SD 97669",47912181657,wendyjohnson@example.net,Single
522,Benjamin Schmidt,54,Male,1971-03-23,2023-10-18,Manager,101818,4,"2292 Alexander Roads Apt. 297, Smithberg, OR 52443",02044383631,goodcharles@example.org,Married
523,Shelby Williams,33,Female,1991-10-14,2024-09-09,Executive,201706,3,"285 John Squares Suite 005, North Emilyland, NH 38862",345163137888,fmurphy@example.org,Married
524,Jean Schneider,37,Female,1988-05-16,2025-02-23,Developer,282268,2,"Unit 1553 Box 1127, DPO AE 18656",814109824014,dana79@example.net,Non-married
525,Darren French,32,Female,1992-08-01,2024-12-30,Manager,268614,1,"05038 Patterson Springs, West Jeffrey, SC 64674",299391066061,nortonana@example.net,Single
526,Veronica Sherman,35,Female,1989-09-28,2023-12-12,Manager,261547,6,"8674 Callahan Row Suite 523, Robertmouth, TX 30321",0187754543,lesliehall@example.org,Single
527,Wayne Bridges,40,Male,1984-06-16,2017-09-06,Developer,238225,7,"18780 Vincent Motorway, Laurastad, HI 61864",464772878200,gregorylewis@example.com,Single
528,Michael Jenkins,45,Male,1979-08-05,2015-09-03,Analyst,178961,3,"411 James Pines Apt. 629, Warnerbury, HI 24858",24151217904,pwilliams@example.org,Married
529,Michael Smith,44,Female,1980-07-29,2021-11-23,Lead,266799,5,"673 Ashley Well, West Danielle, CO 13870",3057980632,stonerichard@example.net,Married
530,Samantha Green,39,Male,1985-11-30,2021-10-31,Lead,203889,2,"0414 Tyler Flats Suite 404, Port Jochester, NH 95837",5571730700,jeremygarcia@example.org,Married
531,Sandra Jimenez,51,Male,1974-05-07,2016-11-29,Executive,220777,6,"1647 Charles Alley Suite 277, New Barbara, WI 75453",98788626642,tammyallen@example.com,Single
532,Sara Arellano,50,Female,1974-12-26,2021-10-01,Manager,149998,4,"USNS Miller, FPO AP 45416",2867091909,jorgebailey@example.com,Married
533,Gabriel Peters,51,Female,1973-08-01,2021-12-05,Developer,109892,5,"2532 Julie Greens, Pollardshire, NH 00811",36462655122,kylieburke@example.com,Non-married
534,Cindy Parker MD,60,Female,1964-10-05,2022-02-18,Developer,164604,2,"90569 Thomas Corner Suite 619, Johnsonville, IL 71093",7342366778,amandadoyle@example.net,Single
535,Devin Peterson,60,Female,1964-09-03,2018-12-15,Analyst,241012,6,"78838 Sharon Junction Suite 454, Kristiberg, MS 21650",567115938006,millerbrandon@example.org,Single
536,Jessica Moore,54,Female,1971-02-25,2019-08-23,Manager,79030,6,"216 Rollins Circles Suite 503, West Emily, WY 56150",496692726837,courtney88@example.net,Non-married
537,Kathryn Fields,34,Male,1990-08-04,2022-08-29,Analyst,166804,3,"5054 Zachary Stravenue, South Samantha, UT 64050",23133402561,amywallace@example.com,Married
538,Jason Joyce,49,Female,1976-02-27,2019-08-04,Executive,127446,7,"40726 Wilson Cove Apt. 405, Marshallfort, FL 76149",859223155167,kjohnson@example.net,Non-married
539,Katie Gross,59,Male,1965-07-21,2023-05-15,Manager,180330,3,"918 Carrie Hill Apt. 216, East Claudia, NE 63745",376528891310,karen22@example.org,Married
540,Timothy White,37,Female,1987-12-02,2016-11-04,Analyst,175463,1,"465 Cassandra Stravenue, Port Ericbury, IA 15162",0594289037,jessica74@example.com,Non-married
541,Michelle Abbott,57,Female,1967-07-01,2015-12-01,Analyst,104995,5,"603 Kathleen Glens Apt. 548, West Josephstad, OR 82676",679581918999,amiller@example.net,Married
542,Ryan Russell,47,Female,1978-04-07,2023-05-20,Executive,190819,1,"0266 Diaz Highway Apt. 952, Craigport, NM 08488",97518751048,jennifer80@example.net,Non-married
543,Beth Price,35,Female,1990-03-02,2015-10-09,Manager,242542,8,"77585 Moore Way, Pennyside, WA 83983",2376449800,gravespamela@example.net,Non-married
544,William Richardson,33,Female,1991-06-07,2024-05-12,Analyst,229670,1,"Unit 8413 Box 5098, DPO AA 30224",7337449912,smithjulie@example.net,Married
545,Donald Ford,45,Male,1979-09-20,2022-04-23,Lead,231520,1,"USCGC Mann, FPO AP 05628",5239949515,april17@example.net,Single
546,Renee Haley,46,Male,1978-09-29,2024-04-10,Analyst,85557,1,"4201 Smith Hills, Marissafurt, TX 26089",3800881754,patrick11@example.net,Single
547,Mary Miller,48,Male,1977-04-20,2023-07-29,Manager,163596,4,"773 William Course Suite 817, Jenniferstad, OH 40440",879026737599,johnsonheidi@example.net,Non-married
548,Christina Sosa,50,Male,1974-12-13,2020-04-07,Lead,220289,4,"7759 Judy Locks Apt. 029, West Michaelville, MN 68034",1227052442,peckjanet@example.com,Non-married
549,Michelle Jones,28,Male,1996-07-24,2020-01-15,Manager,82794,1,"5561 Lewis Mountain Apt. 422, Smithbury, IN 48140",2453767314,robert82@example.com,Non-married
550,Ashley Morgan,42,Male,1983-02-09,2018-02-12,Developer,228838,8,"5704 Kayla Road Suite 377, Tashachester, AS 41172",1324741350,danielle62@example.net,Non-married
551,Sarah Smith,26,Female,1999-04-01,2020-04-12,Developer,155731,3,"9786 Reginald Underpass Suite 060, East Michaelville, VI 51768",960256220261,kylesmith@example.net,Married
552,Cassandra Giles,30,Male,1994-11-29,2022-05-12,Analyst,196581,3,"37012 Tonya Motorway Apt. 006, Lake Thomas, DE 95664",77817906514,stevensashley@example.net,Married
553,Danny Pitts,36,Female,1988-07-21,2017-11-03,Lead,124618,7,"USCGC Brock, FPO AP 31499",14716165512,omann@example.net,Non-married
554,Andrew Kelley,60,Female,1964-11-20,2023-11-03,Manager,135506,7,"USNS Cruz, FPO AA 50572",6838532132,ybutler@example.com,Single
555,Allen Hernandez,36,Female,1988-12-27,2021-04-20,Executive,211652,8,"19159 Christina Mountains, Lake Christopher, KS 66935",8672084396,ortizemma@example.net,Single
556,Edward Barrett,49,Female,1975-09-18,2018-07-05,Analyst,200402,3,"49438 Cordova Mountains Apt. 291, New Adam, NH 68038",1252605097,jose70@example.org,Single
557,Kathleen Clark,54,Female,1971-05-12,2022-10-08,Analyst,210702,3,"6262 Jenkins Burg Suite 456, Rickymouth, WV 54756",7882559364,karadavis@example.org,Single
558,Brandy Manning,35,Female,1990-03-09,2024-01-03,Analyst,237120,3,"14847 Jensen Pass, North Martha, MP 44452",9800342809,murphykatherine@example.com,Non-married
559,Christopher Phillips,40,Female,1984-06-09,2022-09-27,Manager,90612,1,"665 Nguyen Rapids Apt. 204, New Phillip, KY 96892",646367921676,wendy13@example.org,Non-married
560,Angela Miller,56,Female,1969-03-13,2024-04-22,Manager,271462,3,"5507 Humphrey Track, Anthonyfurt, WI 45891",912249266256,teresa09@example.org,Married
561,Jeffery Lindsey,31,Male,1993-07-03,2021-10-18,Executive,181817,8,"335 King Plains, East Austinstad, OH 57951",7494015528,jenniferperry@example.net,Non-married
562,Robert Perez,32,Female,1992-11-08,2016-03-20,Developer,221338,2,"8725 Tommy Plaza, New Michael, UT 77294",890469588007,ygomez@example.net,Non-married
563,Maria Mckay,58,Female,1967-02-20,2024-12-07,Developer,125493,3,"386 Nelson Mews, New Glenn, NC 61887",57401002387,john54@example.org,Married
564,Danielle Bartlett,39,Female,1986-02-18,2025-03-30,Lead,191939,4,"91813 Flores Burgs Apt. 749, North Kennethmouth, NJ 21904",120448869573,davidsmith@example.com,Single
565,Anthony Collins,43,Male,1982-05-17,2023-01-19,Analyst,190366,6,"Unit 5546 Box 5587, DPO AP 00871",00164739661,pmiller@example.com,Married
566,Chad Dunn,59,Female,1966-04-10,2024-03-22,Developer,159702,2,"285 Theresa Turnpike, Christopherland, AK 91685",199374710106,leecynthia@example.org,Married
567,Rachel Schmidt,46,Male,1978-10-12,2023-07-26,Developer,100839,2,"878 Simpson Mall, Matthewville, DC 25302",96421833188,jjames@example.org,Non-married
568,Mary Lewis,33,Male,1992-02-26,2020-03-10,Developer,142075,1,"24401 Bowers Manor Apt. 274, Lake Timothy, MO 11466",38152198071,hornnathaniel@example.net,Single
569,Robert Zhang,58,Male,1967-01-29,2024-03-16,Lead,192608,7,"Unit 5017 Box 5665, DPO AP 79743",71810403525,zhaynes@example.org,Single
570,Catherine Love,34,Female,1991-05-08,2021-06-03,Manager,195029,4,"36697 Mark Green Suite 842, West Laura, MP 13868",943435916796,tscott@example.com,Non-married
571,Todd Herring,42,Male,1983-04-09,2018-07-01,Executive,132534,6,"05728 Donald Mountains Suite 868, North Sandra, ND 99048",83616822117,kking@example.com,Non-married
572,Suzanne Stephens,38,Male,1986-11-16,2024-05-07,Manager,153971,6,"908 Pugh Gateway, North Joannaville, NH 61721",688269513820,richard39@example.net,Married
573,Michael Garcia,33,Male,1992-01-24,2024-04-03,Lead,285541,5,"07128 Robert Bypass Suite 422, Bakerview, HI 10243",4102380673,perryjesse@example.com,Married
574,Frank Martinez,37,Male,1988-02-01,2023-08-08,Lead,194031,7,"9682 Caldwell Lock, New Haydentown, NE 09457",5198252702,jerrymartin@example.com,Married
575,Ryan Franklin,40,Female,1984-11-21,2018-05-01,Developer,212624,6,"USS Garcia, FPO AA 34736",1694104878,carlyholt@example.net,Married
576,Cassandra Henry,56,Female,1969-02-12,2022-01-10,Manager,143312,3,"646 Jessica Summit Apt. 589, Shirleytown, NJ 31293",56549079569,knguyen@example.org,Non-married
577,Christina Carrillo,40,Male,1984-11-10,2017-02-28,Analyst,94377,7,"769 Andrea Villages, New Thomasmouth, WY 61658",4373740253,haley05@example.com,Single
578,Bonnie Norton DDS,58,Female,1966-05-31,2021-03-11,Manager,229015,8,"4212 Benjamin Meadow Apt. 777, Mannshire, VT 48177",8893633670,leslie56@example.com,Non-married
579,Daniel Stein,48,Male,1977-01-04,2025-03-05,Executive,158330,5,"403 Arroyo Estate, Chadmouth, NJ 30646",6461274647,fieldsdawn@example.net,Single
580,Rachel Moore,29,Male,1995-12-23,2019-10-16,Manager,211830,2,"237 Nicholas Trail Suite 836, New Debra, IL 04040",7352372357,william45@example.org,Single
581,Teresa Maxwell,33,Female,1991-08-28,2024-06-29,Developer,151631,3,"38471 Barrett Crest, Stewartborough, PW 42898",9468679920,larry19@example.org,Single
582,Bernard Hood,36,Male,1988-06-05,2022-07-12,Developer,259385,8,"4850 Noah Crossroad, South Robert, AS 53140",259921015674,dpace@example.com,Non-married
583,Victoria Hansen,51,Male,1973-07-12,2023-06-29,Analyst,286158,5,"6183 Derrick Trace, Lake Christina, CT 31740",4979449069,dcochran@example.net,Single
584,Adam Patton,37,Male,1987-11-29,2017-02-04,Developer,182877,8,"29935 Rocha Ferry Suite 217, North Davidhaven, TN 15934",77118415241,glenn45@example.net,Single
585,Mary York,34,Female,1991-03-04,2019-07-14,Analyst,110153,5,"44977 Johnson Isle Suite 559, Courtneyton, PA 03806",377485983073,xharris@example.net,Married
586,Nathan Herrera,57,Female,1968-01-23,2023-04-28,Analyst,88234,4,"8549 Padilla River, West Kellyport, CA 83531",67918378999,leonjohn@example.org,Non-married
587,Steven Moreno,30,Male,1994-09-02,2018-12-14,Manager,183096,3,"53642 Jennifer Parkways Apt. 750, North Loretta, AK 49802",6820963550,neilsalazar@example.net,Non-married
588,Barbara Martinez,42,Male,1983-05-21,2022-12-01,Manager,163317,3,"4050 Willie Port, North Saraport, AR 21790",766029652198,vwalker@example.net,Married
589,Lisa Cabrera,48,Male,1976-07-26,2022-08-31,Lead,85339,5,"859 Moore Spurs Suite 620, North Mark, MP 52921",24795131899,james18@example.org,Married
590,Emily Lopez,50,Female,1974-09-14,2023-05-07,Lead,83766,6,"3898 Tiffany Tunnel, West Melissaberg, SD 61779",65430194826,jillianreynolds@example.net,Single
591,Sherry Phelps,60,Female,1964-12-02,2019-05-09,Analyst,289414,8,"644 Bruce Burg Apt. 593, Stephanieberg, CO 40987",512266230501,andrewirwin@example.net,Married
592,Tina Mcintyre,59,Male,1965-09-03,2019-02-11,Lead,91710,5,"00110 John Underpass Suite 609, Michaelfort, NV 59019",0810433186,erin69@example.org,Married
593,Mrs. Miranda Wang DDS,37,Male,1987-06-29,2024-06-09,Analyst,180690,5,"11123 Anderson Points, South Richard, NJ 92832",407379629799,isaac75@example.org,Non-married
594,Robert Carter,28,Male,1997-03-29,2020-06-02,Developer,261739,1,"44589 Patrick Fall, Webbmouth, NY 02205",7528763182,stevensjerry@example.com,Non-married
595,Melanie Bradley,38,Female,1986-09-12,2019-10-01,Developer,247751,4,"09315 Connie Manors, Lake Phillipport, LA 23391",3203935854,ramosjoseph@example.net,Single
596,Erik Lawson,55,Male,1969-08-25,2022-05-17,Developer,248327,7,"990 Bailey Islands Suite 734, West Juliaton, ID 37624",11344367720,jerry56@example.net,Married
597,Billy Brown,53,Male,1971-12-25,2015-05-31,Manager,140783,8,"Unit 0262 Box 8904, DPO AE 90880",7656991053,sandra69@example.net,Married
598,Thomas Wilcox,36,Male,1988-07-25,2019-08-24,Manager,278075,7,"PSC 7520, Box 0422, APO AE 43578",1676509024,uperez@example.com,Single
599,Vanessa Day,42,Female,1982-10-22,2017-12-29,Manager,250722,4,"168 Jennifer Turnpike, Jenniferberg, WA 19155",208429982076,emilylynch@example.org,Single
600,Marissa Grimes,37,Male,1988-05-02,2016-06-30,Manager,273647,4,"56909 Miller Lock Apt. 859, Stevenshire, GA 65727",43575570407,carpenterdale@example.com,Married
601,Ashley Fisher,59,Female,1965-12-24,2019-02-05,Manager,214335,3,"5174 Larry Drives, Justinside, OR 37705",69409231056,davislinda@example.org,Single
602,Pamela Huynh,27,Male,1997-07-22,2021-12-14,Lead,164781,5,"4344 Christopher Green, Barryview, VA 92875",6935353819,keithclarke@example.com,Non-married
603,Kelly Collins,60,Male,1965-02-03,2021-04-16,Lead,182977,1,"37594 Ryan Manors Apt. 358, East Holly, VI 32115",5915135680,catherine15@example.net,Married
604,Lance Bauer,51,Male,1974-03-15,2024-09-13,Analyst,254593,3,"7858 Laura Brook Apt. 053, Rileyport, VI 93157",531290074728,schwartzsteven@example.org,Single
605,Christina Simpson,45,Female,1980-04-27,2019-01-10,Executive,163177,8,"895 Valentine Radial Apt. 922, North Jermaine, NE 19412",15443306120,christina93@example.com,Married
606,Emily Gonzalez,47,Male,1977-10-23,2024-08-11,Developer,101377,7,"622 Matthew Cape, Gonzalestown, WA 75369",61011071021,cobrien@example.net,Married
607,Scott Bernard,30,Female,1995-02-28,2024-04-22,Developer,211500,1,"063 David Fork Suite 059, Greenborough, TN 25819",220751443839,eturner@example.com,Single
608,Sean Bishop,38,Male,1987-02-15,2017-04-09,Executive,217862,7,"USS Wilkinson, FPO AA 77814",48152430357,jhall@example.com,Married
609,Elizabeth Harris,50,Female,1975-02-24,2019-08-11,Executive,166207,7,"78786 Kayla Extensions Apt. 860, Thorntonmouth, HI 50503",79306368723,poliver@example.org,Single
610,Jeremy Drake,51,Male,1974-01-29,2017-09-30,Lead,86868,6,"062 White Squares Apt. 418, Stephensland, VI 32583",0009337022,campbellsusan@example.com,Single
611,Scott Gonzales,44,Male,1980-12-15,2020-03-11,Manager,239212,1,"3085 Brandy Dam Suite 747, South Beckyberg, AL 80236",708346672603,tracy01@example.org,Single
612,Rebecca Smith,52,Female,1973-04-13,2024-11-22,Manager,142387,2,"58269 Willis Throughway, Ruizchester, AR 20428",83573550153,anngriffith@example.org,Single
613,James Perry,60,Female,1964-06-01,2017-05-02,Analyst,235920,4,"915 Simon Ferry Apt. 798, Port Frankhaven, DC 71401",074852543051,lsmith@example.org,Non-married
614,David Henry,56,Female,1968-06-25,2019-08-02,Executive,192721,8,"08494 Nicole Lodge Suite 592, Nancyville, WA 71752",7228845635,benjamin86@example.com,Single
615,Michael Randall,46,Female,1978-11-24,2023-10-24,Lead,202894,4,"Unit 9829 Box 7936, DPO AP 05010",2365544174,alexandrastokes@example.net,Married
616,Joanna Shaw,59,Male,1965-08-08,2022-04-11,Executive,150614,6,"72093 Chapman Shoals, Port Jodiberg, NC 17742",25256118655,kingariana@example.com,Non-married
617,James Hopkins,35,Female,1990-03-10,2021-09-25,Lead,234915,4,"00130 Laura Alley Suite 104, New Peter, NJ 24779",094593607832,amyhenderson@example.org,Single
618,Raymond Olsen,56,Female,1968-12-02,2023-01-07,Analyst,271679,4,"80871 Erin Island Apt. 224, Katiemouth, WY 18827",69953591410,tranrichard@example.org,Single
619,Karen Richardson,44,Male,1981-01-09,2023-12-12,Analyst,253833,1,"58500 Laura Parkways, Ayerston, AK 51042",1646294428,kristinramsey@example.com,Non-married
620,Nicole Ramirez,33,Male,1991-10-03,2023-08-14,Lead,168585,7,"138 Kemp Club Suite 435, North Paul, MO 79502",2805855542,aroman@example.net,Non-married
621,Victoria Stephens,39,Male,1985-07-18,2021-06-05,Developer,164905,5,"Unit 1767 Box 7607, DPO AA 69029",6521531016,christophercruz@example.com,Non-married
622,Dillon Roberts,27,Male,1997-10-15,2018-05-30,Lead,83222,4,"5680 Li Plaza, Bowerston, CT 76451",601125046716,haleybauer@example.com,Non-married
623,Robert Baker,41,Female,1983-08-22,2016-02-28,Lead,206649,1,"5574 Miller Cape, Sancheztown, DC 70866",61771916407,james42@example.com,Non-married
624,Brittany Novak,34,Male,1991-02-15,2024-09-23,Manager,221520,1,"47029 Kurt Drives Apt. 930, Port Andrew, AZ 10288",270444939234,cconrad@example.com,Married
625,Carl Greene,44,Male,1980-11-01,2017-12-03,Executive,155435,1,"4563 Jones Trafficway Suite 129, South Samanthafurt, LA 40770",9326366077,elizabeth53@example.net,Single
626,Shannon Hernandez,36,Female,1988-07-04,2018-05-24,Developer,236949,5,"8965 Stephens Place Suite 460, East Benjaminton, OH 86975",2239101396,udavis@example.org,Non-married
627,Jessica Kelly,41,Female,1983-09-27,2023-03-14,Developer,96229,6,"09559 James Courts Suite 663, East Elizabeth, TX 01838",84284291108,stonebryan@example.com,Single
628,Leslie Roberts,44,Female,1980-08-14,2015-08-10,Executive,256618,8,"184 Huynh Tunnel Suite 640, Martinezbury, NJ 12327",2119469080,travis01@example.org,Married
629,Matthew Mathews,43,Female,1981-12-26,2021-12-21,Executive,190432,7,"1562 Anderson Burgs Apt. 028, South Natasha, MA 01730",4073681735,justinnguyen@example.org,Married
630,Shelby Medina,40,Male,1985-04-11,2022-09-09,Manager,97711,8,"2865 Watts Glens Suite 245, Barnettberg, IA 51791",44863084247,maryhendricks@example.com,Married
631,Tracie Santiago,35,Female,1989-07-08,2016-11-27,Developer,232539,1,"1104 Kelsey Summit Suite 007, North Richardfort, AL 51877",5084736886,alejandraharris@example.com,Single
632,Kyle Ferrell,57,Male,1968-03-29,2024-05-14,Executive,205972,8,"54092 Stacie Point, Juliehaven, AL 36630",1931643336,holly15@example.net,Single
633,Thomas Colon,58,Male,1966-11-25,2017-12-30,Executive,257808,2,"08801 Russo Key, East Danielburgh, NM 03919",19600775442,rodriguezmarie@example.com,Single
634,Tanner Williams,35,Male,1989-08-06,2021-01-02,Developer,121184,6,"90087 William Alley, Lake Anthony, IL 91328",743842155150,james12@example.net,Non-married
635,Joanne Hampton,36,Male,1988-10-18,2017-02-01,Executive,162846,2,"33265 Watson Turnpike, New Sandratown, TX 10185",878537008067,pettyerica@example.net,Married
636,Samantha Herring,50,Female,1975-03-16,2025-03-11,Analyst,264724,6,"2041 Terry Spur Suite 011, Dawnville, VI 72329",4378709969,rmorgan@example.net,Non-married
637,Rachel Owen,44,Female,1980-08-17,2021-01-16,Analyst,214839,8,"87923 Rebecca Oval Suite 658, Jonathanburgh, FM 60983",28684001203,archerbrittany@example.com,Non-married
638,Chelsea Leon,34,Female,1991-05-01,2019-06-21,Analyst,275197,1,"5927 Jones Viaduct, Schwartzfurt, VT 19383",8093340967,patriciaolson@example.org,Married
639,Emily Smith MD,40,Male,1984-09-29,2024-09-21,Lead,172466,1,"7484 Watson Island Apt. 429, Shawland, PR 47151",8920206108,wdavis@example.org,Married
640,Brendan Garcia III,59,Female,1965-09-22,2019-08-19,Developer,106338,7,"5581 Eric Plains Apt. 537, Port Emilybury, RI 32201",42915554643,ryaningram@example.net,Single
641,Brian Stout,42,Male,1982-09-01,2015-10-15,Manager,77053,6,"577 Medina Harbor, North Jessicafurt, MH 49834",8976472335,spearscarmen@example.org,Non-married
642,Jared Palmer,57,Female,1967-09-24,2025-04-25,Lead,132573,7,"282 Lopez Gardens, East Sarabury, NC 50340",65746663797,whitenicholas@example.net,Single
643,Autumn Owen,27,Male,1998-05-20,2017-05-23,Manager,178412,8,"6570 Thompson Villages, West Jennifer, PR 27227",5015339337,cbrady@example.org,Non-married
644,Ricardo Hays,46,Male,1978-12-14,2018-12-04,Developer,135755,2,"944 Tammy Groves Apt. 894, Ashleyfurt, MP 91184",129610311021,bryan16@example.com,Married
645,Christopher Riley,50,Female,1974-10-10,2017-07-27,Developer,77601,8,"71494 Ryan Greens Suite 780, Rodriguezborough, OR 64454",402132787148,ebrowning@example.net,Single
646,Cynthia Wood,52,Female,1972-08-25,2017-05-26,Executive,205812,7,"53305 Debra Mission Suite 946, Lake Stephen, OH 25030",1037550049,phillipberry@example.com,Married
647,Donald Ramirez,31,Male,1993-06-22,2018-03-16,Analyst,103995,4,"65272 Aaron Wells, Michaelville, KS 56722",482790675582,thomaswalker@example.org,Non-married
648,Andrew Chavez,45,Male,1980-01-23,2018-02-05,Manager,222821,4,"0941 Flores Rapids, New Davidbury, PW 20953",42387218188,lsantiago@example.org,Non-married
649,Nancy Wise,33,Female,1992-05-02,2015-06-26,Lead,248359,8,"511 Anthony Harbors, Shawnfort, TN 77809",028502953067,ashley44@example.net,Non-married
650,Alicia Hughes,45,Male,1980-04-17,2017-07-13,Developer,233547,3,"087 Paige Ports Suite 310, Toddborough, MI 92625",873960324488,webbemma@example.org,Single
651,Jim Howard,36,Male,1989-01-11,2017-08-12,Manager,137625,8,"USNV Brooks, FPO AP 57595",584183331138,kenneth42@example.com,Non-married
652,Michael Nelson,46,Female,1979-04-05,2019-04-21,Manager,289029,6,"55324 Phillip Coves Suite 700, Port Kenneth, MH 30424",4110332695,lmarshall@example.com,Married
653,Michael Parrish,40,Female,1985-01-19,2018-03-17,Lead,134465,3,"006 Harvey Unions Apt. 721, Castromouth, ID 26113",0493981382,martinezmichael@example.org,Married
654,Debbie Martin,50,Male,1975-05-17,2018-04-09,Lead,272341,2,"46204 Maria Junctions Suite 068, Huntermouth, OR 42277",0109719927,deborah87@example.net,Single
655,Vanessa Chambers,29,Female,1995-10-28,2018-11-22,Manager,93869,5,"83665 Warren Flats, Baldwinstad, MI 73596",0842832467,ericareed@example.com,Married
656,Brian Gordon,56,Female,1968-10-13,2020-12-03,Developer,86030,5,"78286 Nicholas Burgs, Karenshire, OR 46543",2314136150,larrywilson@example.com,Single
657,Linda Walker,36,Female,1988-12-25,2023-04-08,Manager,249801,4,"96823 Butler Mountain, East Nathanfurt, MT 50749",791906090998,smiranda@example.com,Single
658,Dawn Stanton,52,Female,1972-10-02,2019-05-13,Analyst,119713,2,"560 Miller Prairie, Jenniferville, LA 65564",7375855490,hollymelendez@example.net,Married
659,Christopher Olson,33,Female,1991-08-29,2018-05-30,Executive,186378,6,"176 Lewis Shores, Lake Joshuatown, KY 35321",697609334714,snyderregina@example.net,Single
660,Curtis Davidson,37,Female,1987-10-05,2021-08-05,Manager,287135,2,"63736 Cohen Circles, Port Matthewborough, WA 06356",499805464558,michaelramirez@example.com,Non-married
661,Bruce Kim,27,Male,1998-05-01,2017-02-28,Analyst,187026,4,"35081 Wall Roads, South Jeffreystad, CA 50132",689155659545,corysantiago@example.com,Non-married
662,Austin Rodriguez,28,Female,1996-11-02,2019-04-13,Developer,106401,7,"87100 Randy Drive, Port Tamara, FL 33443",5676189262,tammylane@example.net,Single
663,Craig Valdez,57,Male,1968-01-11,2022-05-25,Lead,274930,5,"609 Kim Drives Suite 279, Krystalborough, PA 52111",7682849419,schultzcaleb@example.net,Single
664,Amanda Rivera,51,Female,1974-04-13,2023-01-23,Lead,112170,4,"Unit 1881 Box 2362, DPO AP 09289",8134021373,nharper@example.com,Married
665,Julie Mitchell,54,Female,1971-02-16,2018-01-27,Analyst,248782,2,"8783 Anderson Ford, South Nathanton, RI 60547",231870532223,felicia04@example.org,Married
666,Randy Adams,27,Male,1997-06-07,2023-01-07,Developer,117005,6,"47653 Romero Rue, Chadborough, TN 20973",4311938060,shannonmccullough@example.com,Non-married
667,Danielle Martin,27,Female,1998-05-24,2015-11-26,Analyst,121232,3,"440 Perry Stream Apt. 008, South Kimberlyport, MO 27358",68500424131,michael15@example.net,Married
668,Jessica Waters,43,Female,1982-03-19,2024-04-17,Executive,157325,7,"656 Mary Pass Apt. 463, North William, ME 41259",2979310777,jeffreystephens@example.org,Non-married
669,Stacy Jordan,51,Male,1974-03-30,2023-10-30,Lead,239714,5,"47374 Horne Pass Suite 608, New Sarahmouth, CO 03985",97868222554,autumnwerner@example.com,Married
670,David Mccall,48,Female,1976-11-15,2015-11-12,Developer,272346,4,"21052 Stevens Views, West Danielleshire, IL 99237",4969021078,hernandezpamela@example.org,Single
671,Kevin Wilson,46,Female,1978-11-30,2018-08-26,Manager,163521,8,"6243 Chapman Cove, Port Matthewchester, NH 07082",489018903109,ruben00@example.org,Non-married
672,Amanda Tran,46,Female,1979-01-17,2017-01-04,Executive,167485,8,"9819 Dixon Brooks Suite 524, Port Kristifurt, CO 81685",6404146795,udaniels@example.net,Single
673,Danielle Mcgee,42,Male,1982-12-18,2021-07-03,Analyst,136585,2,"86724 Salas Orchard Suite 497, Powellbury, IL 11614",821707809400,ryangarcia@example.net,Non-married
674,Sandra Green,35,Female,1990-01-05,2024-05-03,Developer,285954,8,"USNS Peterson, FPO AE 54270",6898605478,megan64@example.com,Married
675,Kyle Shields,56,Female,1969-05-04,2020-12-01,Analyst,139341,2,"937 Ochoa Rue Suite 215, Lake Joseview, FL 63987",57689762114,nicolegiles@example.net,Married
676,Danielle Diaz,35,Female,1989-10-22,2022-11-15,Lead,193948,8,"079 Sweeney Island Apt. 343, East Alexander, CT 72096",66292667118,williamcobb@example.com,Married
677,Cory Hall,56,Female,1968-09-29,2025-05-10,Developer,119244,5,"87357 David Garden, North Christopher, GU 95794",7421570597,daltonscott@example.org,Non-married
678,Roy Fleming,47,Female,1977-09-03,2019-08-11,Lead,260254,5,"18942 Kennedy Brook Suite 822, Jasonborough, RI 47764",777433953748,zhamilton@example.com,Married
679,Randall Stewart,27,Female,1998-03-12,2017-04-01,Lead,263009,1,"Unit 7330 Box 7687, DPO AP 08838",714443017542,gallegostonya@example.org,Married
680,Rodney Smith,31,Female,1994-04-21,2015-10-05,Analyst,141820,5,"405 Jessica Throughway Suite 412, Lake Kaylaborough, HI 15369",364233573024,jennifer78@example.net,Non-married
681,Marcus Jones,34,Female,1991-01-23,2024-04-30,Lead,78593,6,"57085 Marquez Inlet Suite 490, Nicoleport, LA 29377",0282523462,rsanders@example.com,Married
682,Melanie Harding,38,Female,1986-11-02,2017-03-12,Lead,115677,2,"10624 Jessica Groves, Lake Tammyland, CO 41861",198126993690,ethomas@example.com,Non-married
683,Jacqueline Brewer,39,Male,1985-12-25,2022-07-09,Developer,123259,3,"8777 Dean Union, Johnshire, DC 74836",0412509677,dphillips@example.org,Single
684,Matthew Horne,53,Male,1971-11-09,2016-07-26,Executive,237482,5,"05495 Cindy River, Samanthaport, MN 99262",48335755623,morganmelissa@example.org,Non-married
685,Dr. Don White III,38,Female,1986-11-04,2016-10-13,Executive,113907,3,"842 Darren Stravenue, Ericahaven, PR 31230",6471629399,meganholmes@example.org,Married
686,David Tran DDS,29,Female,1995-10-30,2018-05-16,Developer,98540,7,"9546 Lewis Mount Apt. 291, New Richard, NH 15224",873963826853,efrost@example.com,Single
687,Emily Long,28,Male,1996-12-25,2022-05-08,Lead,286472,3,"PSC 2746, Box 8360, APO AP 04302",48246319003,vboyd@example.net,Married
688,Robin Brown,54,Female,1971-01-17,2017-03-10,Analyst,187082,2,"115 John Manors, Port Carlosfort, NM 50777",702019053767,juliayang@example.com,Married
689,Kimberly Mason,41,Male,1983-09-10,2017-12-04,Executive,231319,4,"002 Ricardo Green, East Juan, DE 66117",8783096585,brooksalicia@example.org,Non-married
690,Robert Gutierrez,36,Male,1989-03-06,2020-05-05,Lead,280744,5,"8646 Elizabeth Point, Jeremychester, MT 27611",0466139277,alexis12@example.com,Single
691,Crystal Smith,44,Male,1981-05-07,2017-09-25,Manager,261508,7,"101 Samuel Dam Suite 859, East Justinside, UT 96618",34620415386,bshort@example.net,Single
692,Christine Allen,35,Female,1989-07-29,2022-08-05,Manager,235475,5,"59654 Edward Pines, Matthewchester, AL 99707",9875803731,andrearobbins@example.net,Single
693,Anthony Mckee,48,Male,1976-06-20,2023-07-22,Lead,249101,6,"92693 Gibson Lodge, North Melissaport, NE 45568",2873157711,bergertanya@example.net,Non-married
694,Aaron Benson,40,Male,1985-02-04,2017-09-04,Manager,262853,4,"875 Megan Alley, Tyroneburgh, AZ 88586",3685282571,berryandrea@example.com,Non-married
695,Alex Jacobs,39,Male,1985-10-18,2023-05-25,Lead,269112,5,"244 Fox Path, Fergusonmouth, NC 36508",0621688406,fowleralexis@example.net,Single
696,Stacy Zavala,31,Male,1993-10-25,2022-09-17,Developer,232435,8,"42910 Jill Vista, Longfort, MN 10064",6486618295,jenkinsrachel@example.com,Non-married
697,Christina Nunez,58,Male,1967-04-10,2024-11-22,Executive,77994,5,"882 Raymond Grove, Stonemouth, TX 42158",922329349440,jillbeck@example.org,Non-married
698,Christopher Pollard,40,Female,1985-02-17,2017-03-10,Developer,209870,7,"684 Kent Ports Apt. 885, Elaineberg, AL 18492",02825093441,wheelerjohn@example.net,Single
699,Debbie Johnson,27,Male,1997-05-28,2024-11-07,Developer,159664,2,"51934 Monica Creek, South Shawnfurt, AS 71102",0337387109,bsmith@example.org,Married
700,Bobby Combs,26,Female,1998-11-27,2022-01-22,Manager,142062,2,"23158 Jennings Center, North Claudia, AL 82795",25837369355,wendy50@example.net,Single
701,Daniel Warren,50,Female,1975-01-31,2021-11-22,Lead,224912,5,"838 Jackson Knoll Suite 607, Steinburgh, WA 80921",3127587364,hernandezrobert@example.com,Non-married
702,Kelly Burns,38,Female,1986-08-11,2024-03-24,Analyst,242809,8,"5526 John Islands Apt. 155, Johnsonburgh, CO 50048",3785277460,coopermichele@example.net,Married
703,Cindy Hill,31,Male,1993-11-09,2025-01-09,Manager,202399,8,"2510 Danielle Shoals Apt. 010, Port Toni, NE 64652",04374631108,pstone@example.com,Married
704,Rachel Conrad,41,Female,1984-05-07,2024-04-28,Analyst,76710,3,"1471 Angela Shoals Suite 870, Williamside, NE 27209",21205572592,laurie15@example.net,Married
705,Lori Thompson,36,Female,1989-03-10,2025-02-11,Analyst,85782,6,"0460 Julia Unions Apt. 420, East Carl, MS 08232",74362550041,simmonskenneth@example.com,Non-married
706,Crystal Thompson,36,Female,1988-10-07,2023-01-01,Developer,87148,8,"6288 Stewart Plaza, Michealfurt, AL 63911",208204724977,edwardarnold@example.net,Single
707,Diana Smith,56,Male,1968-08-25,2023-09-05,Analyst,203061,5,"79385 James Summit, West Melissamouth, PR 59467",8908432169,dscott@example.org,Married
708,Howard Hicks,25,Male,1999-11-16,2022-11-30,Manager,73760,6,"0339 Pugh Plains Apt. 312, Savannahland, ID 93435",288332330059,mossscott@example.com,Married
709,Christine Black,37,Male,1987-10-30,2019-11-09,Manager,285041,4,"USCGC Brown, FPO AA 82022",873783057621,aprilcrosby@example.net,Married
710,Patrick Ferrell,33,Male,1992-04-08,2022-11-20,Manager,160229,2,"918 Henry Plains Suite 135, Kaylaland, NV 96558",17179304989,jeromemills@example.org,Single
711,Joel Sullivan,48,Male,1977-05-21,2019-07-13,Developer,261638,6,"8784 Harper Plains, Port Christopherchester, FL 92013",83585391015,qbrown@example.org,Single
712,Krista Merritt,28,Male,1996-12-03,2024-08-13,Manager,91158,3,"62403 Richard Valleys Suite 982, North Donaldside, WY 35571",0745670616,gfischer@example.net,Married
713,Joshua Williams,43,Male,1981-06-10,2015-11-23,Developer,165571,4,"327 Victor Roads Apt. 757, South Garymouth, VT 25096",94931635866,redwards@example.com,Single
714,John Chan,26,Female,1998-10-29,2018-05-06,Manager,197020,1,"PSC 5514, Box 6316, APO AA 77187",18533274278,lisawood@example.net,Non-married
715,Antonio Rios,42,Male,1982-12-11,2017-06-06,Executive,123332,3,"Unit 0964 Box 0272, DPO AP 80262",6963837127,amber69@example.net,Single
716,Lauren Price,33,Male,1991-06-08,2020-04-06,Lead,130741,4,"252 Madison Prairie Suite 025, Larryville, CT 85370",552366954286,hrodriguez@example.org,Non-married
717,Hannah Daugherty,56,Female,1968-10-26,2025-03-05,Lead,211448,7,"2056 Jennifer Pines Suite 187, Chadborough, DE 94524",38091084930,charles62@example.org,Single
718,Amanda Park,47,Female,1977-09-21,2020-06-07,Lead,200545,5,"22141 Murphy Junctions, Port Lindsey, ID 08377",0741683419,barnetttammy@example.com,Married
719,Kaitlin Mccarthy,57,Female,1967-11-06,2019-08-07,Lead,167530,5,"54437 Justin Fork, Lake Brandyside, TN 52379",74418375615,brenda69@example.com,Single
720,Thomas Scott,59,Male,1966-01-16,2022-07-04,Developer,280406,3,"008 Burgess Spurs, Lake Sheila, PR 48647",059631602586,qunderwood@example.com,Single
721,Veronica Evans,59,Male,1966-03-10,2019-06-16,Executive,138701,5,"68480 Elizabeth Passage, Lake Amanda, NJ 95750",124099692866,jpalmer@example.org,Married
722,Ethan Brown,32,Male,1992-12-01,2017-08-30,Analyst,110209,8,"89046 Alvarez Throughway Suite 736, Petersenside, DE 52027",21493729614,owhite@example.org,Married
723,Rebecca Miller,60,Male,1965-02-12,2017-06-04,Analyst,82454,4,"45451 Page Meadow, West Ryanborough, DC 99923",320820160222,morgan08@example.org,Non-married
724,Brenda Archer,51,Female,1973-07-13,2015-11-15,Developer,190432,2,"0443 Doyle Lodge, Johnmouth, AK 52139",049468419123,jeanette91@example.com,Single
725,Darrell Pope,49,Male,1975-11-23,2020-04-20,Manager,288351,8,"29719 Shannon Neck Suite 455, Kelseyfurt, AZ 00701",82772171767,christianjohnson@example.com,Non-married
726,Matthew Larson,33,Female,1991-07-16,2016-04-29,Lead,243291,8,"9130 Nguyen Bridge Suite 259, Josephchester, TN 16993",07210919317,kristinboyer@example.org,Single
727,Nancy Jones,46,Female,1978-10-28,2019-01-02,Executive,199846,5,"9279 Audrey Courts Suite 856, Whiteburgh, MD 46966",4894350533,hayesphillip@example.com,Married
728,Shelly Peters,54,Male,1970-12-19,2015-12-09,Manager,244982,3,"0787 Brown Vista, South Daniellehaven, WI 70742",5993348102,bryantrhonda@example.net,Non-married
729,Justin Ferrell,45,Female,1979-05-28,2020-05-31,Executive,130941,4,"PSC 5275, Box 2896, APO AA 72901",538815227132,charlenenguyen@example.com,Single
730,Daniel Kirby,40,Female,1984-07-06,2023-04-28,Lead,285707,5,"70549 Nunez Extensions, West Cameronhaven, WI 01338",612794402380,zlong@example.net,Single
731,Jessica Martin,50,Male,1974-07-05,2019-06-01,Executive,95072,2,"4244 Christina Crescent Apt. 416, East Melissaburgh, ME 14636",3842171530,frazieramanda@example.org,Married
732,Kyle Benson,49,Female,1975-06-10,2021-02-19,Developer,138652,3,"1004 Espinoza Underpass Suite 123, Robertside, NY 91359",0681088232,cynthiapena@example.org,Single
733,James Hutchinson,46,Male,1978-10-28,2021-05-15,Manager,82580,1,"358 Juarez Hill Apt. 386, South Adam, UT 25463",594769662127,jason82@example.com,Non-married
734,Robert Peters,58,Female,1966-10-05,2016-04-27,Analyst,234425,7,"USS Owens, FPO AA 00545",2390077526,kimberlyenglish@example.net,Single
735,Damon Wagner,43,Male,1982-05-13,2019-04-15,Developer,132269,2,"2855 Elizabeth Forges, Foxport, SD 69904",7368706621,zjohnson@example.org,Married
736,Valerie Stewart,58,Female,1967-02-20,2018-09-25,Executive,205281,1,"4980 Martinez Village, East Martin, AR 41488",9844402611,usmith@example.org,Single
737,Bernard Andrews,49,Male,1975-09-15,2018-01-25,Executive,97135,5,"58889 Courtney Summit, Lake Davidbury, NC 45802",4373915355,xhiggins@example.net,Single
738,Kimberly Martin,58,Male,1966-06-11,2020-10-15,Executive,79591,7,"42141 Kevin Crest, Jonesfurt, WI 44831",7691275904,nsoto@example.net,Single
739,Michael Carpenter,33,Male,1991-09-02,2019-04-03,Manager,81620,5,"1915 Timothy Shoals, North Amber, VA 65714",4967315033,cynthia58@example.com,Married
740,Rhonda Reed,31,Female,1993-10-27,2021-11-25,Analyst,230007,3,"1171 Singh Glens, Wilsonshire, SD 77300",765126677950,bennetterica@example.net,Married
741,Riley Brown Jr.,34,Female,1991-04-01,2020-12-02,Manager,181050,3,"Unit 8131 Box 5537, DPO AE 69500",203891178381,alexander14@example.com,Non-married
742,Tamara Franklin,33,Female,1991-06-12,2024-07-27,Lead,279251,6,"67261 Gamble Course, East Robertland, NV 31174",378358703897,karen85@example.org,Single
743,James Fuller,53,Female,1972-01-02,2020-03-04,Executive,202843,6,"24291 Taylor Drive, East Brandonside, OK 38308",12492539499,tbrooks@example.net,Non-married
744,Adam Coleman,47,Male,1978-01-27,2015-10-20,Lead,170015,7,"302 Patricia Track, Port Lauren, FL 57817",37066487971,athomas@example.org,Single
745,Samantha Smith,34,Male,1991-01-13,2024-10-22,Developer,107277,6,"078 Clark Cove Apt. 085, Vaughnville, AR 36023",5949531805,bmanning@example.org,Non-married
746,Charles Miller,43,Male,1982-03-13,2020-12-02,Manager,212795,2,"6543 George Crest, East Andrea, OK 86782",297875184426,debra39@example.org,Married
747,Christina Moody,44,Female,1980-12-04,2024-06-07,Executive,121006,2,"031 Green Ville Suite 170, South Brian, DE 06705",751381699891,carlsonmary@example.com,Non-married
748,Bradley Smith,48,Male,1976-06-18,2021-11-04,Executive,285641,7,"Unit 3667 Box 2361, DPO AE 29514",9106455469,leeannette@example.net,Single
749,Thomas Allen,47,Male,1978-04-18,2024-07-02,Developer,116993,1,"297 Blake Pine, Port David, IN 81377",7151076728,eric90@example.org,Single
750,Cassandra Hoffman,58,Male,1966-09-27,2017-07-06,Manager,240935,6,"3177 Victoria Flat, Kristinaview, GU 41471",1041369060,krodriguez@example.net,Single
751,Courtney Padilla,47,Male,1977-08-26,2022-04-19,Developer,163143,7,"90402 Robert Streets, West Nicholasburgh, IL 78686",14637353382,matthewmitchell@example.net,Single
752,William Stanley,41,Male,1983-10-09,2021-01-19,Analyst,216187,2,"7175 Wilson Creek, Lake Ronaldland, HI 42152",35408147659,tayloranthony@example.com,Non-married
753,Kyle White,44,Male,1980-11-10,2017-02-28,Analyst,72844,6,"8634 Amanda Port, East Meredithfort, NC 90684",3925869988,laurasmith@example.net,Non-married
754,Kenneth Sims,55,Female,1969-12-20,2025-04-24,Executive,169503,7,"2761 Carmen Valleys, Dennisbury, SD 40652",49705633195,johnjenkins@example.com,Single
755,Mitchell Robinson,55,Female,1969-06-19,2017-10-04,Lead,198911,4,"358 Thompson Parks Apt. 815, West Victoria, FL 78922",021442513695,bradleydavid@example.com,Single
756,Jasmine Carlson,57,Male,1968-03-06,2023-07-18,Analyst,201457,2,"0077 Payne Shoal Suite 283, North Brandy, IL 95520",457891000735,bnovak@example.net,Single
757,Luis Martinez,32,Male,1993-01-09,2025-01-06,Analyst,70473,8,"531 Dennis Trail Suite 103, Powellhaven, PA 78543",63545057725,gary06@example.com,Non-married
758,Benjamin Ortiz,29,Male,1996-03-24,2024-12-23,Analyst,237248,3,"94736 Pamela Branch Suite 298, Ingramchester, CT 23259",7718205589,melissa44@example.com,Non-married
759,Laura Cisneros,46,Female,1978-09-21,2023-01-12,Developer,120427,2,"95144 Castro Stravenue, Michaelborough, DC 01909",4485983712,hudsonanthony@example.org,Married
760,Keith Jackson,51,Male,1973-09-01,2021-01-10,Analyst,142037,8,"3540 Theresa Throughway Suite 336, Port Lauraton, OK 50203",94098447158,randylopez@example.net,Single
761,Timothy Suarez,49,Male,1975-10-09,2023-05-24,Analyst,237540,4,"49310 Henry Drive Apt. 328, Lisafort, NH 49996",93213715707,jacob80@example.org,Non-married
762,Benjamin Barry,27,Female,1997-10-24,2025-04-24,Analyst,110071,4,"Unit 9284 Box 7520, DPO AP 62030",86973246212,peterjones@example.org,Single
763,Aaron Kirk,49,Female,1975-07-24,2021-04-15,Developer,176203,5,"9951 Sarah Parks, Dillonton, IN 71082",462098317394,ncarlson@example.org,Married
764,Steven Johnson,53,Male,1971-07-20,2019-05-21,Manager,91993,1,"754 Andrea Vista Apt. 198, Lake Morganmouth, VT 17939",758166637151,shill@example.org,Married
765,Christopher Combs,36,Male,1989-04-08,2020-01-11,Executive,212787,3,"66330 Hill Radial Suite 938, Harrisshire, MO 68430",526893736641,lhawkins@example.org,Non-married
766,Melissa Morales,52,Female,1972-10-02,2020-06-19,Developer,70087,1,"2938 Lewis Falls, North Josephfort, SC 36601",41319859663,smithsamantha@example.net,Married
767,Dana Oconnell,58,Female,1966-10-13,2022-05-04,Analyst,106679,3,"5877 Hernandez Mountain Suite 147, Ashleyborough, SD 99020",3674757068,tylerstuart@example.com,Non-married
768,Cindy Franco,53,Female,1971-08-25,2022-11-29,Manager,252137,4,"827 Lester Wells, Kathrynstad, NH 55509",21564710520,tiffany84@example.net,Married
769,Eric Gross,38,Female,1987-05-25,2023-09-03,Executive,262226,1,"Unit 6724 Box 2431, DPO AP 21927",2181294057,pbrown@example.org,Married
770,Shawn Delgado,35,Female,1989-11-26,2021-01-30,Executive,212681,1,"8559 Webb Falls, Davisport, ME 69397",41153312691,garciadebbie@example.com,Non-married
771,Lisa Owens,55,Male,1970-03-14,2022-07-15,Developer,244779,4,"8722 Samantha Islands Suite 739, East Connorside, MS 42663",914158233031,michelemiller@example.org,Single
772,Marc Phillips,46,Male,1978-09-25,2024-12-18,Analyst,204478,7,"37099 Valentine Land Apt. 553, Kaiserborough, OH 62675",3875781297,tinabrooks@example.org,Married
773,Gregory Ellison,25,Female,1999-07-26,2017-11-07,Lead,250209,6,"572 Becky Mountain, Roberttown, MN 95657",7636467585,josesmith@example.org,Married
774,Robert Ramirez,30,Male,1994-12-16,2024-11-16,Lead,158380,3,"36218 Rodgers Center, New Davidchester, IL 89494",11784244837,dmckee@example.com,Married
775,Jason Burnett,25,Female,1999-12-07,2025-05-09,Lead,130335,7,"4162 Nixon Manors, New Sheilashire, IN 59808",2753821479,woodsgwendolyn@example.net,Non-married
776,Chelsea Adams,34,Female,1991-01-08,2020-11-10,Manager,194402,8,"20187 Johnson Port, East Deborah, FL 71466",6763365792,kellyscott@example.org,Single
777,Kenneth Keith,44,Male,1980-06-22,2018-12-27,Analyst,202317,8,"976 Julie Curve, Christopherburgh, MP 12491",955812068976,aaronbrown@example.com,Single
778,Patricia Hunter,45,Female,1979-10-17,2020-11-13,Developer,264303,7,"808 Armstrong Vista Apt. 526, New Nicholasville, SD 45138",7591400308,manuel37@example.com,Non-married
779,Justin Ellis,52,Male,1973-03-05,2023-08-07,Executive,249921,8,"60300 Johnson Point Suite 704, North Jasonside, IN 58113",51473826576,brownjustin@example.org,Single
780,Nancy Rice,37,Female,1988-04-27,2016-08-07,Lead,97517,2,"USCGC Rosario, FPO AP 10068",92795634794,carol93@example.org,Single
781,Chris Martin,47,Female,1977-10-10,2023-11-03,Executive,147693,8,"Unit 6275 Box 0843, DPO AA 33003",79631588760,janetleonard@example.com,Non-married
782,Stephanie Martin,32,Male,1992-06-30,2016-05-18,Developer,165866,1,"324 Austin Crossroad, Lake Jacobport, DC 92482",4463590013,montgomeryrebecca@example.com,Single
783,Michael Miranda,47,Male,1978-02-27,2019-05-24,Manager,262972,6,"6739 Jesse Way Apt. 728, Jasonhaven, MP 55367",192145313184,tracythompson@example.net,Single
784,Dawn Thomas,28,Female,1996-06-03,2021-02-20,Analyst,77995,7,"134 Carroll Ridges, Lake Donaldburgh, NY 47092",407716257008,jonathan26@example.net,Married
785,Jessica Andrews,30,Male,1995-02-06,2021-09-18,Lead,78762,5,"4608 Nancy Forges Apt. 200, Bobbystad, CT 88022",2912254469,tammyfisher@example.org,Non-married
786,Lisa Krause,28,Female,1996-10-07,2020-05-02,Developer,135563,3,"091 John Parks, Guerrerotown, CT 15758",057230099528,kennedyebony@example.org,Non-married
787,Alicia Williams,50,Female,1974-10-05,2020-08-02,Executive,201159,1,"8963 Kelley Ford Apt. 694, South Gavintown, VI 76667",5108014590,campbellshawn@example.org,Married
788,Steven Wood,25,Male,1999-09-29,2016-12-22,Developer,136318,6,"52662 Jaime Well, Port John, WA 66154",720851128210,joshua88@example.net,Single
789,Morgan Williams,37,Female,1987-10-24,2022-03-16,Lead,289130,5,"88926 Joshua Glen Apt. 051, East Matthew, FL 48744",018148084024,dawnanderson@example.org,Married
790,Warren Waters,47,Male,1977-06-05,2015-07-07,Analyst,152863,1,"59287 Justin Stravenue Apt. 954, Jenniferstad, WA 98155",44584988122,tthomas@example.net,Married
791,Brandy Gates,48,Female,1977-03-09,2025-05-05,Lead,282122,6,"414 Alexander Knoll, Port Anthonyport, WV 16945",951296305864,hamiltonmichelle@example.org,Single
792,Scott Peters,34,Male,1991-03-19,2022-08-29,Manager,115794,4,"06853 Luis Avenue, Clarkmouth, PW 92972",0191932983,simpsonalex@example.net,Non-married
793,Adrian Blevins,32,Male,1993-03-07,2015-10-19,Analyst,246520,6,"246 Powers Terrace, Lake Michaelshire, MN 50831",06919339500,kiddcourtney@example.com,Married
794,Tamara Alvarez,39,Female,1985-08-04,2023-03-10,Manager,244897,7,"045 Bell Forges Suite 260, Paulside, WA 12449",34120329089,cheyennedixon@example.com,Married
795,Corey Jackson,31,Female,1993-05-29,2023-06-14,Manager,93167,4,"7941 Brooks Meadows, Kathrynhaven, WY 62542",20496352524,brittany81@example.net,Married
796,Edward Woodard,38,Female,1986-10-28,2018-01-28,Lead,281744,8,"682 Wilkins Island Apt. 342, Landryville, GU 40544",1245885421,donna27@example.net,Married
797,Juan Cruz,40,Male,1985-03-03,2022-05-22,Manager,232752,6,"64689 Richards Isle, South Michelle, NE 34697",846385403085,hillstacey@example.org,Married
798,Jeremy Torres,34,Female,1990-10-07,2023-02-19,Analyst,111681,7,"54094 Debbie Centers Apt. 790, Smithfort, MS 86072",461595429924,clindsey@example.net,Non-married
799,Lisa Cummings,57,Male,1967-11-01,2017-06-09,Manager,87009,8,"1606 Wilson Mountain, South Ryanside, LA 66287",1974895792,petersonsean@example.net,Non-married
800,Nicholas Powell,46,Female,1978-11-22,2024-07-29,Manager,98542,8,"2358 Alejandra Plains, Wilkinsville, WV 42035",2373829869,michelejimenez@example.net,Married
801,Melissa Zuniga,56,Female,1968-12-25,2022-11-18,Analyst,79559,7,"63858 David Parkways Suite 136, South Shanefurt, LA 52067",6053242949,smithkelly@example.net,Non-married
802,Veronica Rice,47,Female,1977-06-29,2022-03-07,Analyst,111750,1,"81507 Smith Plaza Apt. 030, Oliverside, WY 85636",06375802244,christina28@example.org,Single
803,Rachel Reyes,54,Female,1970-06-05,2021-10-08,Lead,207542,5,"206 Stephen Summit Apt. 793, West Tammy, MH 59187",78093048692,ssims@example.net,Single
804,Brittany Fuentes,57,Female,1967-11-13,2017-10-12,Manager,147737,8,"38089 Barbara Pass, West Kimberly, HI 27272",7641401589,geoffrey20@example.org,Married
805,Jeremy Brown,54,Male,1970-07-06,2023-05-10,Analyst,244930,7,"87760 Wheeler Point, Toddland, VA 18246",2673973090,larsontommy@example.org,Married
806,Eric Knight,37,Male,1987-12-05,2021-01-07,Developer,138121,8,"23996 Stewart Street Suite 268, West Megantown, ID 33875",57669219372,rubiokimberly@example.org,Non-married
807,Tanya Vargas,55,Male,1969-06-13,2019-02-08,Lead,121760,8,"29239 Myers Crest, New Chadborough, MA 93048",72307862261,rhansen@example.com,Single
808,Gina Wang,57,Male,1967-12-30,2018-10-22,Manager,269628,8,"63107 Lopez Row, Port Zacharyview, AK 67295",650471566566,millerwilliam@example.org,Married
809,Kathleen Goodwin,29,Female,1995-06-26,2020-09-15,Lead,234712,3,"40412 Raymond Harbors, Carsontown, SC 00769",204418112395,jacqueline88@example.net,Non-married
810,Maria Brown,56,Male,1968-09-25,2023-06-06,Developer,98984,1,"507 Paul Ville Suite 978, Rachelside, WY 25325",8539061032,mackjoe@example.net,Single
811,Bernard Gregory,36,Female,1988-06-19,2019-03-21,Manager,278956,8,"793 Steve Spurs Suite 231, South Scott, NV 48241",6334927180,ytaylor@example.com,Non-married
812,Lisa Hayes,54,Male,1970-12-16,2016-03-10,Developer,195370,7,"35088 Washington Forest, Sarahton, MO 37335",610705798503,shannonmeyer@example.org,Non-married
813,Mary Harris,29,Male,1995-10-11,2018-03-06,Executive,175438,2,"01209 Martin Squares Suite 804, Port Amyland, MP 66789",588011600227,ybrooks@example.net,Non-married
814,Leslie Haynes,49,Female,1976-01-03,2021-08-20,Lead,151678,3,"PSC 9392, Box 6877, APO AP 93526",0748406629,otaylor@example.com,Single
815,Linda Hernandez DDS,37,Male,1988-03-12,2017-01-01,Manager,86464,5,"79549 Hartman Rue, East Carl, AK 06968",86571756985,katelynstone@example.com,Non-married
816,Joshua Sullivan,27,Male,1998-01-27,2016-06-07,Analyst,166718,6,"0570 Taylor Terrace, East Maxwellshire, PR 68036",6405060591,tfrank@example.org,Non-married
817,Marcus Hutchinson,52,Male,1972-10-19,2019-07-26,Lead,109988,2,"6837 Alexandra Groves Apt. 938, Lewisshire, FM 68196",231261463582,whitelaura@example.net,Single
818,Alex Tran,41,Female,1983-10-19,2018-05-27,Analyst,104823,8,"2929 Lewis Island, Lake Jessicabury, CO 59393",67842026347,wilsondiana@example.org,Non-married
819,Craig Perry,59,Female,1966-04-09,2025-02-02,Developer,160170,2,"80954 Sweeney Roads, South Michael, GA 39964",953360374721,longmartha@example.com,Non-married
820,Kathleen Frye,37,Female,1987-09-08,2024-09-27,Lead,182655,1,"8874 Crystal Meadows, South Rebecca, VA 31894",8848811707,hopkinsmichael@example.org,Married
821,Jennifer Cline,55,Female,1969-08-31,2020-04-14,Lead,210493,3,"275 Wells Parkway Apt. 285, West Catherine, WA 60147",0105235466,kennedyjamie@example.net,Non-married
822,Todd Valenzuela,45,Female,1980-01-28,2018-07-10,Analyst,124554,5,"472 Rachel Flats, Turnerbury, NY 40792",730775534123,justin23@example.org,Non-married
823,Sarah Lowery,27,Female,1997-12-05,2023-05-15,Executive,107034,5,"462 Anderson Manors Suite 968, Jessicafurt, AR 70428",61792512018,bprice@example.net,Married
824,Jennifer Johnson,55,Male,1969-09-20,2020-09-17,Manager,219871,2,"247 Garcia Fields, Lake Jodymouth, WY 00771",0339538716,ryan28@example.net,Single
825,Kimberly Hoover,25,Male,1999-08-16,2024-10-05,Developer,259086,1,"35658 Kara Circles, Vanessafurt, WA 93183",4941661768,fsimmons@example.net,Non-married
826,Jennifer White,59,Male,1966-04-16,2015-06-18,Manager,157046,8,"PSC 4982, Box 8515, APO AE 58818",221997041622,allison21@example.org,Single
827,Amber Rangel,38,Female,1986-06-24,2019-07-22,Executive,182148,8,"962 Christopher Trail Apt. 231, East Steven, KY 46877",896949246084,kristengilmore@example.com,Non-married
828,Dr. Benjamin Fletcher,48,Male,1977-01-22,2022-06-16,Developer,150522,7,"358 Bates Drive Suite 452, Kingville, IL 97269",3111953694,steven36@example.com,Non-married
829,Thomas Richardson,41,Female,1984-01-27,2024-09-09,Executive,203158,5,"953 Jared Courts Apt. 049, West Trevor, ID 26522",3444217542,jason07@example.net,Married
830,Shawn Mejia,40,Male,1984-12-24,2017-09-16,Lead,72408,3,"660 Christopher Square Suite 515, Port Hollyburgh, SD 59418",169788461500,fhanson@example.net,Single
831,Janet Lee,50,Male,1975-03-05,2019-01-26,Executive,200110,7,"9057 Derek Station, Port Dustinstad, AS 27702",4425231228,saragarcia@example.org,Non-married
832,Kenneth Miller,34,Female,1990-10-25,2021-06-13,Analyst,249873,6,"PSC 7322, Box 6074, APO AE 12142",9213989346,vsalazar@example.org,Married
833,Ryan Baker,42,Male,1982-07-21,2024-04-04,Analyst,214370,8,"219 Howell Land Apt. 737, Williamshaven, WY 56296",399775963856,jasonatkins@example.org,Married
834,Michael Carter,28,Female,1997-05-17,2015-06-11,Analyst,211881,6,"02863 Cunningham Port Apt. 390, Goodwintown, GA 78106",666227998932,salazarjeffrey@example.com,Non-married
835,Phillip Sandoval,43,Male,1981-12-27,2022-12-25,Analyst,178405,5,"958 Nicole Freeway, New Angela, RI 38384",47349384224,mmoore@example.net,Single
836,John Richardson,25,Male,1999-08-27,2021-02-26,Executive,180130,8,"4236 Wheeler Extensions Suite 788, South Danielle, OR 82367",8834482319,jacquelinewoods@example.com,Married
837,Eric Williams,30,Male,1995-01-26,2019-04-02,Manager,212948,2,"4497 Norris Points, Grayville, VT 28584",661859957787,grahammichael@example.org,Non-married
838,Leslie Craig,27,Female,1998-04-13,2023-04-30,Executive,191487,4,"660 Lane Mission Suite 265, Lake Mike, AS 37434",04681811200,coreybennett@example.org,Non-married
839,Kevin Hampton,56,Male,1969-03-20,2025-03-09,Lead,98070,5,"USCGC Wilson, FPO AP 03521",9664932929,grimesmichael@example.org,Married
840,Charles Cortez,44,Male,1980-06-11,2015-09-15,Analyst,77039,7,"12745 Garrett Curve Apt. 999, East Katie, MI 95688",3611051503,dawnpotts@example.net,Married
841,John Miller,26,Male,1999-03-04,2015-12-14,Lead,178589,2,"Unit 9091 Box 2549, DPO AP 35268",84132451055,williamsmichael@example.net,Married
842,Derek Holland PhD,59,Male,1966-04-29,2021-06-25,Lead,193301,3,"956 Jeffrey Tunnel, Lake Alyssashire, TN 63520",516520429646,melissa02@example.org,Non-married
843,Thomas King,56,Male,1968-08-15,2024-04-08,Analyst,133395,3,"5490 Ashley Turnpike Suite 745, West Christina, OK 20228",576938494302,rfreeman@example.com,Non-married
844,Rebecca Eaton,28,Male,1997-05-10,2016-04-11,Developer,216505,3,"59700 Davis Dam, East Timothybury, VT 33961",288752310441,nguyenfrancisco@example.com,Married
845,Angela Cooper,47,Male,1978-04-27,2020-07-02,Lead,111589,5,"21326 Mary Field, Lake Matthewfort, TN 75757",362562275716,tammy07@example.com,Married
846,John Mora,43,Male,1981-10-08,2022-05-02,Manager,222359,1,"781 Robert Place Apt. 757, East Alisha, VT 43268",72964791932,ykim@example.com,Married
847,Lisa Campbell,28,Female,1996-07-30,2015-12-25,Developer,137552,4,"0671 Dana Keys, Bennettmouth, MH 22471",60360832036,christopher12@example.com,Non-married
848,Jonathan Shannon,42,Male,1982-06-07,2021-03-28,Developer,91362,2,"2619 Richards Lane, South Latoya, OH 35153",046484953945,leejoshua@example.org,Single
849,Sandra Roth,39,Male,1985-12-21,2015-09-03,Executive,100983,2,"Unit 8136 Box 6651, DPO AE 01025",04054764491,ylewis@example.net,Married
850,Shaun Snyder,56,Male,1968-07-04,2022-05-09,Lead,140523,3,"4194 Charles Groves Suite 494, North Theresa, KS 05261",364835008915,garciaandrew@example.net,Married
851,Toni Bird,41,Male,1983-05-31,2017-07-09,Manager,138188,3,"USNS Martin, FPO AP 99011",20944005399,ulane@example.org,Married
852,Elizabeth Turner,48,Male,1976-06-12,2025-01-31,Analyst,139092,3,"705 Kim Locks Suite 374, Fosterhaven, ME 91150",99102718003,linashley@example.com,Married
853,Brittany Carr,56,Female,1968-12-10,2018-07-13,Developer,110400,1,"719 Kenneth Passage Suite 567, South Crystalhaven, IA 42760",8625304579,evan35@example.com,Married
854,Michelle Carroll,25,Male,2000-01-18,2017-06-09,Lead,183466,4,"4445 Berry Land, South Kaylamouth, NE 67560",392753642155,deborahsteele@example.net,Single
855,Karen Horn,35,Male,1989-12-19,2017-03-11,Manager,243788,5,"77193 Houston Forges Apt. 260, Robertmouth, MS 32151",105364695641,jordaningram@example.com,Non-married
856,Julie Jackson,32,Male,1992-09-01,2022-03-03,Developer,133547,6,"29128 Julie Heights, Robertaville, PW 05258",482472384633,dcervantes@example.org,Married
857,Mark Wilkins,39,Male,1985-12-09,2017-07-13,Developer,241560,3,"639 Mary Rapid, Angelaport, AR 36510",013921736792,jasmine76@example.com,Single
858,Brian Rogers,31,Male,1994-04-16,2025-01-10,Developer,236255,3,"6486 Mcdowell Estates, Lake Mary, WI 14476",045774741111,esparzatammie@example.org,Non-married
859,Christopher Holden,35,Female,1990-01-02,2015-06-29,Analyst,193887,5,"6464 Ware Rest Apt. 812, West Michael, VT 65221",87849077623,waltervaughan@example.com,Non-married
860,Heather Harrington,25,Male,1999-09-06,2023-06-27,Developer,211532,2,"477 Bright Mews, Whiteside, OK 87682",403090692086,williamholloway@example.com,Non-married
861,Joe Carson,33,Female,1991-11-17,2020-05-09,Manager,161281,4,"PSC 0907, Box 4437, APO AP 91041",205437642759,vdavis@example.net,Non-married
862,Lisa Martinez,43,Female,1981-07-30,2020-07-05,Developer,195819,4,"0376 Zuniga Centers Apt. 077, Harriston, NC 52277",69886198847,victor96@example.org,Married
863,Andrew Taylor,30,Female,1995-04-05,2022-06-16,Developer,88352,8,"31876 Ramos Lake Suite 876, Stacyburgh, NY 12599",734863992814,ruth29@example.net,Married
864,Larry Johnson,27,Male,1997-07-27,2019-02-26,Developer,158129,5,"5083 Rebecca Place Apt. 538, East Alyssa, ID 26966",45467909246,uross@example.net,Single
865,Dale Rodriguez,42,Male,1982-07-18,2015-06-02,Executive,88156,6,"373 Amber Bridge, South Max, RI 46648",05745018645,xmerritt@example.net,Married
866,Elizabeth Novak,43,Male,1982-02-08,2018-01-26,Developer,221759,5,"1315 Green Rapid Apt. 984, Gravesfort, VA 21301",03838479539,alyssajames@example.net,Single
867,Edward Jackson,45,Female,1980-02-20,2024-01-30,Executive,243933,1,"6143 Lyons Oval Suite 522, Morrisfurt, PA 50016",181142693544,myerskaren@example.net,Married
868,Lindsay Harmon,36,Female,1989-01-05,2024-11-24,Developer,89754,4,"8499 Murray Hollow Suite 071, West Melissashire, NE 07891",022584942068,nmullen@example.net,Married
869,Alison Fisher,33,Female,1992-02-05,2023-07-27,Manager,196822,1,"27072 Baker Shore Apt. 962, Samanthafort, IN 55128",9895255935,morenorobert@example.org,Married
870,Dawn Boone,57,Male,1967-12-01,2023-12-11,Executive,232039,6,"3237 Arthur Isle Apt. 878, Katrinatown, PW 88672",0888134489,gregoryrowland@example.org,Single
871,James Gutierrez,39,Male,1985-11-25,2018-02-15,Lead,152281,8,"5563 Robert Points, New David, PW 50187",68251538342,shannonhammond@example.com,Single
872,Kristen Davies,60,Male,1964-12-31,2022-08-28,Lead,87643,8,"4834 Thomas Fords Apt. 472, Johnsonton, AK 39023",94476276957,villaheidi@example.net,Married
873,Monique Smith,52,Male,1973-01-03,2019-09-10,Lead,226805,1,"PSC 2859, Box 2057, APO AE 16611",61196284350,janetgonzalez@example.org,Married
874,David Peters,42,Female,1983-04-13,2018-10-01,Manager,168456,2,"13699 Kimberly Hill Suite 755, Ashleymouth, NC 58259",4126529440,cpeterson@example.org,Single
875,Brian Ramos,38,Female,1987-01-26,2020-01-21,Manager,223219,3,"2760 Sarah Trail Apt. 493, Chelseaport, AS 18736",30347724688,christopherjohnson@example.com,Single
876,Katie Ramsey,30,Female,1994-07-18,2019-02-20,Analyst,245569,3,"91577 Deanna Glen Suite 776, Fischerport, IN 05582",09726356195,stevenjones@example.net,Single
877,Mariah Macdonald,26,Male,1998-12-22,2017-12-14,Developer,214272,6,"371 Bennett River, Michaelside, TN 42315",020445143044,tatematthew@example.org,Non-married
878,Jeffery Robinson,54,Female,1970-12-20,2022-03-30,Developer,284178,8,"4837 Melanie Hill, Lake Scottfurt, MD 11647",70174078973,josephbrooks@example.net,Single
879,Nicholas Carter,38,Male,1986-11-11,2020-04-16,Developer,264521,5,"3211 David Loop, North Markberg, FL 88067",14701096320,fosterstephanie@example.com,Married
880,Brady Robinson,31,Female,1993-06-10,2024-12-23,Analyst,235358,4,"55388 Rebecca Wells, Nicholeborough, VT 90126",95170359946,christinehunter@example.com,Married
881,Monica Hernandez,53,Male,1972-01-28,2021-04-27,Manager,241305,7,"41899 James Coves, Patrickfort, ND 96176",6601664303,garyyoung@example.com,Non-married
882,James Peterson,49,Male,1975-12-08,2019-05-23,Developer,288623,7,"3067 Yang Cliff Suite 220, Nathanbury, MS 57327",26754360223,robertpearson@example.com,Single
883,Brenda Mcneil,26,Male,1999-05-01,2015-12-22,Developer,237615,4,"583 Eduardo Squares, East Veronicaville, AZ 63362",50937157562,davisrobert@example.net,Single
884,Ryan Hebert,51,Female,1974-01-26,2024-07-19,Analyst,153735,4,"819 Morrow Haven Suite 146, East Andrewmouth, KS 69721",165603653124,johnjohnson@example.net,Married
885,Krista Garcia,57,Female,1968-04-05,2019-05-18,Lead,91655,4,"725 Clark Camp, Lynnview, HI 38747",379850022426,perrynancy@example.org,Non-married
886,Maxwell Sanchez,54,Male,1970-09-23,2023-10-28,Analyst,80305,8,"Unit 9377 Box 3091, DPO AP 06504",59920720750,qlewis@example.org,Non-married
887,Julia Scott,36,Female,1989-02-06,2020-03-17,Developer,218974,6,"793 Hernandez Meadows, Mendezfurt, DC 61639",8910899918,johnsonkayla@example.com,Non-married
888,Edward Chaney,35,Male,1989-10-03,2019-03-06,Lead,249821,6,"USNS Cook, FPO AE 40089",4115522318,christopher67@example.net,Married
889,Veronica Stark,55,Female,1970-04-16,2025-01-21,Executive,176205,6,"2704 Swanson Tunnel Apt. 518, North Jasmine, MN 61909",83929339136,vmays@example.net,Single
890,Beth Shepherd MD,29,Male,1996-02-15,2022-03-03,Analyst,147906,5,"7010 Heidi Rest Suite 563, New Thomas, ID 97945",37385705992,pwilliams@example.net,Married
891,Jasmine Zimmerman,29,Female,1995-06-16,2018-08-24,Analyst,181055,6,"6607 Lee Freeway, New Michaelside, NC 60055",888023071997,taylorphyllis@example.com,Single
892,Rebecca King,45,Male,1979-08-29,2015-09-20,Manager,134980,6,"37616 May Drives Apt. 568, Jenniferton, MI 30266",34204663854,ehoward@example.org,Married
893,Ryan Gonzales,28,Female,1997-04-25,2020-06-30,Manager,234828,2,"41555 Roberson Streets Suite 994, West Pamport, FL 05358",559208017348,williamsjaime@example.org,Non-married
894,Danielle Malone,52,Male,1972-08-31,2024-05-04,Manager,217336,6,"96076 Martin Mountain, Lauriehaven, MS 60958",6179391878,samanthamurphy@example.com,Married
895,Tiffany Klein,32,Female,1993-05-17,2023-09-06,Analyst,102774,6,"948 John Junctions, Jenniferstad, UT 64458",43738887400,carterjennifer@example.com,Married
896,Larry Clark,33,Male,1991-11-24,2018-04-26,Executive,162705,7,"9193 Wayne Wall Suite 287, Maryburgh, TN 57986",406098601028,wolfamber@example.org,Non-married
897,James Perez,53,Female,1971-08-10,2024-10-25,Manager,103055,6,"5840 Stevens Lights, North Christopherchester, CT 16896",550301778341,marklee@example.org,Non-married
898,Jose Garcia,46,Male,1978-09-04,2021-01-10,Analyst,264649,1,"507 Natasha Burg, Johnsonchester, ND 31000",11788139773,susan02@example.net,Single
899,David Ware,51,Male,1974-04-20,2019-06-08,Lead,232090,4,"46244 Alvarez Cliffs, South Ryanshire, CT 51789",2480654250,aglenn@example.org,Non-married
900,John Adams,28,Female,1997-02-07,2021-04-17,Developer,233437,8,"80712 Graves Ranch, Port Davidland, SD 25815",906605151607,juliaroberts@example.com,Married
901,Emily Gallegos,36,Female,1988-11-19,2020-02-24,Lead,250294,6,"511 Jesse Island, Bryanmouth, OK 13453",7097420665,doylekenneth@example.net,Non-married
902,Peter Yates,53,Male,1972-01-21,2021-11-16,Developer,118091,2,"USNS Thompson, FPO AE 13370",25361608385,barnettkevin@example.com,Single
903,Eugene Sherman,50,Female,1974-09-15,2017-06-21,Manager,240066,1,"90698 Jenkins Spring, Robersonview, OR 93436",10754257641,ryanorozco@example.org,Single
904,Brandon Garcia,42,Male,1983-01-21,2022-08-16,Manager,225914,5,"9582 Derek Station Suite 230, Leebury, UT 04080",9935608911,jared73@example.net,Single
905,Andrew Gutierrez,45,Female,1980-01-02,2017-06-21,Lead,254975,8,"3693 Carroll Mission Apt. 096, Whitneyview, PA 77572",760215440499,timothygonzalez@example.com,Non-married
906,Nicholas Davis,44,Female,1980-06-04,2023-05-27,Executive,107459,8,"7027 Erika Hollow, Troymouth, NY 71917",482560685737,christina59@example.net,Single
907,William Gutierrez,28,Male,1997-01-05,2018-05-01,Manager,166201,2,"3519 Marilyn Mill Suite 347, Gallagherchester, IA 69033",498270391586,colonpaul@example.net,Non-married
908,Sharon Schmidt,26,Female,1998-06-29,2016-09-05,Executive,211594,3,"PSC 7874, Box 7700, APO AA 99181",2491939555,christopherhull@example.com,Single
909,Michael Carr,31,Female,1994-05-07,2023-10-13,Developer,81220,6,"6827 Kaitlyn Crossing, Nguyenshire, NC 31813",5440450209,icarpenter@example.org,Married
910,Julia Fisher,46,Male,1979-04-20,2022-07-18,Analyst,109211,3,"PSC 3510, Box 9842, APO AP 12057",622482197205,gibsonphillip@example.com,Single
911,Jesus Hogan,56,Male,1969-01-31,2024-06-12,Executive,282004,8,"040 Spencer Centers Suite 583, Lake Renee, MP 50927",70622392271,erika50@example.org,Married
912,Robert Kennedy,30,Male,1995-05-12,2024-10-02,Analyst,187864,4,"7745 April Tunnel, North Allenview, AL 41142",0493715400,vharris@example.net,Single
913,Todd Doyle,41,Female,1983-08-27,2025-03-10,Developer,167476,8,"8194 Ian Keys, West Gregory, NV 76776",69877421592,williamsevelyn@example.net,Non-married
914,Rachel Miller,25,Male,1999-06-20,2021-04-21,Executive,275875,3,"USCGC Murphy, FPO AP 77711",592768722834,wagnerheather@example.org,Married
915,Christopher Patterson,45,Male,1979-12-07,2018-10-03,Lead,219281,8,"PSC 6172, Box 4132, APO AP 74161",458423073751,alejandraprice@example.com,Married
916,William Munoz,40,Female,1985-04-10,2020-12-24,Developer,271014,5,"3357 Sullivan Burg, Thomashaven, RI 16458",66243757848,jessica45@example.org,Non-married
917,Natasha Moore,43,Male,1981-08-23,2019-01-12,Analyst,219849,3,"556 Bryan Groves Suite 498, East Christianland, ID 12581",677482172380,odavis@example.net,Single
918,Andrew Robinson,32,Female,1992-12-18,2019-12-24,Manager,73605,7,"06483 Megan Circle Apt. 569, Amymouth, WY 12831",91116194383,ofinley@example.org,Non-married
919,Mary Scott,50,Male,1974-11-03,2017-05-23,Executive,179393,7,"5953 Gabrielle Junctions Apt. 744, Alvaradochester, MP 60005",1770937370,hclayton@example.com,Married
920,Cynthia Barber,49,Female,1976-01-25,2021-07-31,Lead,153856,2,"349 Jennifer Streets, Colleenville, TX 26081",34929349212,wjackson@example.org,Married
921,Ruth Garcia,39,Male,1985-08-30,2021-06-20,Manager,222601,3,"4185 Meza Isle Suite 221, Tamaramouth, MA 14675",109799581144,fferguson@example.com,Married
922,Alexander Bryant,30,Female,1994-07-20,2018-08-31,Developer,109261,2,"87576 Katie Viaduct Apt. 531, West Georgechester, GU 21567",2790111966,tranwilliam@example.net,Non-married
923,Melissa Rios,60,Male,1965-03-05,2019-04-08,Lead,176740,4,"USNV Rios, FPO AP 53200",14228543368,ajohnson@example.org,Non-married
924,Makayla Powell,46,Male,1978-08-10,2023-01-31,Developer,136160,4,"8628 Joseph Mountains Apt. 130, Shawnfort, NM 14727",56238896600,jimenezmichelle@example.net,Single
925,Gabrielle Martin,46,Male,1979-01-20,2016-06-11,Analyst,195307,8,"188 Smith Corner Apt. 968, Jessicafort, CO 16441",87033392749,jefferywoods@example.net,Married
926,Howard Moore,50,Male,1975-02-16,2018-12-09,Analyst,75049,2,"72820 Thomas Drives, Jeffland, LA 03301",12671817308,christinewilliams@example.com,Married
927,Tara Allen,50,Male,1974-07-09,2020-11-20,Manager,181459,3,"3447 Matthew Flat, West Carrie, ND 90308",62856255493,pachecokristine@example.org,Single
928,Alexander Smith,37,Male,1988-04-22,2022-11-22,Analyst,171037,7,"Unit 4000 Box 0254, DPO AA 05638",15560330445,jennifer72@example.com,Non-married
929,Timothy Dominguez,52,Male,1972-07-07,2021-08-26,Developer,111847,5,"Unit 5194 Box 3584, DPO AE 02876",3388268923,donald00@example.com,Non-married
930,Elizabeth Williamson,41,Female,1983-09-30,2016-12-16,Executive,183201,5,"00498 Mason Path, Williamstown, GA 39360",0653347856,emiller@example.net,Single
931,Shawn Ramirez,47,Female,1978-05-13,2021-10-25,Developer,261232,6,"838 Ball Plaza, Schmidtmouth, NV 99761",676137436202,rodriguezdenise@example.net,Single
932,Kathleen Sanford,28,Female,1996-09-17,2018-07-10,Analyst,188954,2,"07584 Knapp Square, Laurenfurt, PA 10743",1747851597,brandon02@example.com,Non-married
933,Joshua Cole,33,Female,1992-02-15,2020-11-24,Lead,226233,3,"9652 Mcclure Wall Suite 778, Patrickberg, CO 35975",06336547838,epierce@example.org,Married
934,Emily Gallegos,36,Male,1988-06-30,2017-05-18,Manager,265151,2,"89574 Stout Turnpike Suite 143, East Nancy, AZ 98397",65721502703,rmacdonald@example.com,Non-married
935,Edward Petersen,32,Male,1992-11-22,2017-12-09,Analyst,287696,4,"00399 Tamara Turnpike, Lake Samantha, MO 51179",501873560533,sullivanmatthew@example.com,Married
936,Eileen Monroe,58,Male,1967-03-19,2017-11-24,Manager,96180,8,"52499 Christopher Center, Paulton, ME 89155",396088319315,michaelrogers@example.org,Single
937,Darius Smith,40,Female,1984-08-02,2015-10-08,Developer,220484,8,"USS Phillips, FPO AA 31505",64993635943,danielleboyer@example.net,Non-married
938,Sharon Richardson,31,Male,1994-04-04,2018-08-21,Lead,184622,1,"59726 Gomez Fort, East Jonathan, MH 94678",367869514911,david22@example.org,Non-married
939,Joshua Ruiz,32,Female,1992-09-25,2023-03-27,Executive,214171,5,"6429 Katherine Track, Buckfort, AK 86163",951215829296,robertbrown@example.com,Non-married
940,Anthony Schwartz,34,Male,1990-10-24,2018-03-11,Analyst,94269,1,"PSC 5459, Box 1032, APO AA 54468",9181547352,boydjennifer@example.net,Married
941,Andrew Thomas,39,Male,1986-03-19,2023-01-27,Analyst,239911,8,"163 Webster Cliff, New Teresa, VA 49772",4465517571,thomas83@example.org,Non-married
942,Deborah Wells,36,Male,1989-01-21,2024-01-14,Executive,149203,6,"792 Jessica Springs Apt. 076, Faulknerville, VA 59715",8395365992,omar72@example.org,Single
943,Jamie Snyder,36,Male,1989-04-10,2016-04-23,Executive,276173,7,"78145 Sanchez Pike, Williamsborough, VI 03986",9340219013,sarah48@example.org,Non-married
944,Brianna Miller,26,Female,1998-07-14,2023-12-09,Executive,168499,2,"2789 Levy Lodge Suite 797, Lake Kathleen, OH 18322",60421379380,bullockbruce@example.com,Married
945,Mary Roberts,43,Male,1982-02-02,2016-04-13,Lead,227045,7,"97187 Sweeney Points, West Evan, VA 28167",872508706681,hvaughan@example.net,Single
946,John Wells,54,Female,1971-04-11,2024-06-25,Executive,207108,2,"137 Justin Corner, Howardside, AZ 78209",409732402011,chelseamitchell@example.com,Married
947,Bobby Lawrence,43,Male,1982-01-01,2015-10-04,Executive,157808,5,"3723 Destiny Ferry Suite 373, North Lorimouth, TN 56491",560136401498,campbellglen@example.com,Single
948,Jennifer Garcia,28,Male,1997-01-30,2019-08-03,Lead,221276,5,"777 Troy Hills, Susanborough, WY 82793",43306311101,janethamilton@example.net,Non-married
949,Isaac Stafford,58,Female,1967-01-23,2016-05-11,Manager,227145,6,"090 Carol Walks Suite 868, West Bruceside, UT 56797",331536077208,anthony75@example.org,Married
950,Crystal Walter,60,Male,1965-03-24,2021-06-12,Lead,148117,2,"6243 Brian Ridge, Stuartstad, ND 20452",7232506251,amy04@example.net,Non-married
951,Kelly Johnson,36,Female,1988-11-30,2019-01-20,Analyst,274690,2,"7866 Johnson Fords, West Markfurt, MH 40460",45671210096,shenderson@example.org,Non-married
952,Kaylee Ramos,40,Female,1985-02-11,2019-11-26,Analyst,139265,7,"98775 Montgomery Ferry, South Benjaminview, VI 52568",3657183034,nrichards@example.com,Married
953,Larry Garcia,28,Female,1996-09-15,2019-05-03,Analyst,153972,7,"61698 Angela Square Suite 288, South Lisaville, GA 12800",7631046930,davidkennedy@example.net,Married
954,Michael Beltran,47,Male,1978-03-05,2017-12-30,Executive,172627,4,"196 Laurie Ports Suite 580, Port Josephside, MI 65711",7856994249,tstewart@example.net,Non-married
955,Melvin Sutton,58,Female,1967-05-13,2015-11-24,Executive,115724,2,"699 Stephen Crossing, Christinatown, AZ 41672",5975003955,michellewilson@example.com,Single
956,Andrea Watson,27,Male,1998-02-02,2022-09-09,Manager,233022,3,"37632 Smith Flat, West Christown, ME 00990",17616429790,riosbrandy@example.com,Married
957,Jessica Rivers,51,Male,1974-02-25,2024-09-04,Developer,176699,4,"8052 Moore Flats Apt. 032, Michealfurt, IN 81378",140848566195,ylewis@example.net,Single
958,Tracy Hill,48,Male,1976-12-10,2016-03-31,Manager,196803,6,"PSC 9703, Box 4387, APO AP 83104",392182699676,thomasjodi@example.org,Non-married
959,Lisa Houston,35,Male,1989-07-26,2018-07-01,Developer,162435,1,"557 Ariel Station, Port Victoria, TN 66705",25612403462,laurabarber@example.org,Single
960,Caroline Moore MD,34,Female,1990-06-03,2019-11-13,Manager,178190,1,"725 Alexandria Orchard Suite 708, Port Timothyberg, FL 73641",41574132218,pcolon@example.org,Non-married
961,Richard Williamson MD,26,Female,1998-09-03,2019-11-07,Lead,96311,7,"5831 Harper View, West Jennifer, ME 94266",110636992299,sdaniels@example.net,Married
962,Sandra Calderon,59,Male,1965-06-10,2023-08-03,Manager,248691,1,"84048 Jon Garden Apt. 282, Smithstad, HI 18352",11015456909,steven53@example.net,Non-married
963,John Cordova,46,Female,1978-07-22,2021-01-14,Analyst,270956,3,"90258 Steven Via, Carterview, AS 47822",82747671254,johnmartin@example.com,Married
964,Deborah Smith,48,Female,1976-11-17,2019-04-30,Manager,287732,1,"406 Tammy Cape, New Darren, PW 11293",27407467703,rebeccamorris@example.net,Non-married
965,Emily Yates,25,Male,1999-11-29,2016-07-17,Executive,236220,2,"964 Osborn Gateway Apt. 697, West Tomshire, MI 89870",71555931974,christopher63@example.net,Married
966,Diane Anderson,37,Female,1987-07-17,2020-10-02,Lead,122480,6,"0931 Lewis Dale, New Lisaside, IL 54252",1571105302,jensencraig@example.net,Married
967,Derrick Andrews,56,Female,1968-07-01,2020-11-04,Analyst,123292,5,"218 Combs Glen, Harrisport, MH 37969",51216592868,oconnorjohn@example.com,Married
968,Michael Vasquez,44,Male,1980-07-09,2022-06-28,Developer,269580,7,"40980 Mitchell Locks, North Staceyview, HI 43842",34463306678,slee@example.org,Married
969,Colton Williams,51,Female,1974-03-11,2016-05-30,Manager,121310,7,"681 Jessica Park, Jamesburgh, CA 35395",05690448420,sallen@example.org,Single
970,Antonio Ramos DDS,58,Male,1966-11-02,2024-10-26,Manager,91420,1,"58898 Leslie Turnpike, Chadton, TN 66457",44959689979,kristinjohnson@example.net,Married
971,Lori Li,59,Male,1965-08-12,2015-09-30,Executive,140754,3,"79947 Kevin Gardens, Bethanyview, NM 46024",44917367637,ggriffin@example.org,Married
972,Jill Harper,45,Male,1980-04-14,2015-10-09,Analyst,87580,7,"61094 Johnson Islands Apt. 051, Swansonborough, MD 45117",8830248983,adrian83@example.com,Non-married
973,Jennifer Mckee,30,Female,1994-07-04,2022-08-09,Manager,75657,5,"PSC 6818, Box 3819, APO AA 99029",2969646222,david08@example.net,Non-married
974,Jacqueline Berry,38,Female,1986-06-09,2020-05-19,Manager,215414,8,"214 Jennifer Village Suite 816, Carterborough, RI 43022",95647008375,lindseyalvarado@example.org,Single
975,Collin Reid,28,Female,1997-05-02,2021-07-02,Executive,201191,2,"PSC 3107, Box 7625, APO AP 50621",321959275139,gthompson@example.net,Married
976,Sherry Houston,57,Female,1968-05-14,2016-03-04,Developer,246085,2,"326 Smith Plain, Port Melissa, KS 94675",263791122800,elizabeth07@example.com,Non-married
977,Dr. Sophia Boone,39,Male,1985-05-30,2019-06-13,Analyst,86197,6,"7591 Sutton Square Suite 235, Port Christophermouth, MS 92788",236944369055,robert97@example.com,Married
978,Angela Williams,33,Male,1991-08-12,2018-03-29,Lead,203082,7,"845 Corey Green, North Davidton, MO 62896",27375067117,anthony09@example.net,Married
979,Jennifer Calhoun,29,Female,1995-06-11,2021-07-09,Developer,181041,1,"685 Todd Centers Apt. 662, Anthonytown, TX 44611",127729248737,ambergomez@example.com,Married
980,Ashley Travis,48,Female,1976-11-05,2017-07-02,Developer,253507,8,"494 Lynn Mission, East Jonathanborough, LA 48420",180580188846,donnahinton@example.com,Non-married
981,Mark Morales,58,Male,1967-03-10,2019-02-06,Manager,116781,2,"45417 Jordan Hills Apt. 652, North Joannborough, MH 40169",715342438445,matthew38@example.org,Single
982,Patrick Ward,46,Female,1978-06-30,2024-08-25,Analyst,248584,2,"753 Williams Stream, Jamesfurt, CT 07854",9635372188,winterssean@example.org,Married
983,Veronica Martin,35,Male,1989-09-14,2022-09-09,Executive,190923,5,"2438 Mendoza Road Apt. 832, Riveraland, WI 30467",787684428986,lindachambers@example.org,Single
984,Mary Williams,38,Female,1987-05-02,2022-05-11,Executive,196145,5,"6383 Choi Knolls Suite 504, Brittanyfurt, LA 56725",67316307538,vsullivan@example.net,Non-married
985,John Salazar,58,Female,1966-07-10,2016-01-05,Executive,245788,2,"928 Justin Ports, North Marc, MP 19655",64672445327,chelsea57@example.org,Non-married
986,Jacob Castro,45,Female,1979-09-14,2017-01-26,Lead,112001,2,"93584 Andrew Burgs Apt. 868, West Phillipport, AK 17874",5674601002,sotojustin@example.com,Non-married
987,Ms. Angela Contreras,45,Female,1979-12-31,2017-07-17,Developer,114865,4,"9574 Caleb Stravenue, Stevenport, OK 55306",455474680409,erica04@example.com,Married
988,Kristine Bradford,29,Male,1995-11-23,2020-09-11,Executive,147970,1,"20095 Sanchez Neck, Craigchester, WY 52480",44309409725,msosa@example.com,Single
989,Stacey Jones,41,Male,1984-04-18,2015-07-18,Executive,79608,4,"541 Susan Fork, East Vickie, GU 86330",65965999189,alexander59@example.net,Single
990,Linda King,45,Female,1979-07-02,2024-11-03,Analyst,131821,8,"18239 Anne Ramp, Port Louisshire, AL 67383",441239285008,kfrench@example.net,Single
991,Michael Wheeler,36,Female,1988-12-07,2018-05-20,Lead,166788,2,"33951 Skinner Manors, Michaelbury, NJ 77688",1140314227,zkim@example.com,Single
992,Angel Payne Jr.,57,Female,1967-08-25,2016-10-13,Manager,108718,6,"3573 Austin Street Suite 752, Millston, DE 74034",00346305792,hhoover@example.com,Married
993,Richard Sherman,42,Female,1982-07-18,2016-07-21,Manager,284915,3,"2911 Cory Keys Apt. 938, Ramseyland, UT 14483",862083315828,alyssakelley@example.org,Non-married
994,Katherine Mendoza,51,Female,1973-11-19,2018-01-13,Executive,76720,8,"813 David Hill Suite 945, West Bridgetborough, ID 26772",248512898923,onealnancy@example.net,Non-married
995,Raymond Smith,52,Male,1972-09-09,2017-09-22,Executive,150147,6,"0728 Kimberly Lodge, Port Cameronside, VA 65013",22843369977,randall72@example.net,Non-married
996,Rebekah Bridges,30,Male,1995-05-21,2023-04-17,Analyst,254633,3,"93672 Caitlin Loaf, East Anita, DC 02218",5111291514,huberjasmine@example.org,Non-married
997,James Howard,59,Female,1965-12-11,2016-06-25,Executive,264087,1,"97064 Robert Points, South Brandon, PR 04774",54899018841,angelamcgee@example.net,Married
998,Spencer Ross,44,Female,1981-02-21,2016-01-14,Manager,159620,6,"956 Nicholas Common, Hallport, ME 86185",540242054512,osolomon@example.org,Non-married
999,Stephen Ellis,53,Female,1972-04-03,2016-06-27,Analyst,254978,3,"142 Hayes Path, Martinezland, WY 21099",1407457924,heatherlittle@example.net,Single
1000,Brittany Mcdonald,53,Male,1971-11-30,2020-12-16,Lead,270173,1,"2938 Brady Mountain, Port Michael, FL 05508",16604630502,wbrady@example.net,Single
