payroll_id,empID,month,base_salary,bonus_paid,deductions,net_salary,payment_date
1,1,January 2020,109577,3000,549,112028,2023-12-08
2,1,February 2020,109577,1000,769,109808,2022-03-06
3,1,March 2020,109577,1000,1734,108843,2025-03-14
4,1,April 2020,109577,2000,1885,109692,2022-01-03
5,1,May 2020,109577,0,1795,107782,2023-12-28
6,1,June 2020,109577,2000,1264,110313,2024-11-17
7,1,July 2020,109577,1000,1393,109184,2025-11-16
8,1,August 2020,109577,1000,1311,109266,2023-04-04
9,1,September 2020,109577,2000,1403,110174,2022-05-22
10,1,October 2020,109577,2000,1136,110441,2023-10-30
11,1,November 2020,109577,2000,910,110667,2025-10-27
12,1,December 2020,109577,0,977,108600,2023-07-22
13,2,January 2020,178114,1000,521,178593,2024-10-08
14,2,February 2020,178114,0,1543,176571,2022-12-23
15,2,March 2020,178114,0,1837,176277,2023-09-26
16,2,April 2020,178114,0,912,177202,2024-03-04
17,2,May 2020,178114,3000,1845,179269,2023-01-31
18,2,June 2020,178114,3000,1749,179365,2024-10-22
19,2,July 2020,178114,0,1272,176842,2024-05-04
20,2,August 2020,178114,2000,1269,178845,2025-10-25
21,2,September 2020,178114,1000,680,178434,2022-04-24
22,2,October 2020,178114,0,593,177521,2023-12-13
23,2,November 2020,178114,0,26,178088,2023-02-18
24,2,December 2020,178114,2000,235,179879,2024-08-23
25,3,January 2020,108418,3000,1008,110410,2023-02-17
26,3,February 2020,108418,1000,1743,107675,2023-03-04
27,3,March 2020,108418,3000,635,110783,2025-11-14
28,3,April 2020,108418,2000,965,109453,2024-01-24
29,3,May 2020,108418,1000,889,108529,2024-07-27
30,3,June 2020,108418,2000,1324,109094,2025-04-15
31,3,July 2020,108418,2000,1085,109333,2025-07-14
32,3,August 2020,108418,1000,387,109031,2025-11-13
33,3,September 2020,108418,2000,1554,108864,2023-01-22
34,3,October 2020,108418,0,1505,106913,2022-11-24
35,3,November 2020,108418,3000,417,111001,2025-10-18
36,3,December 2020,108418,0,1509,106909,2025-06-29
37,4,January 2020,130722,2000,1152,131570,2022-09-30
38,4,February 2020,130722,2000,598,132124,2022-04-15
39,4,March 2020,130722,0,716,130006,2024-03-25
40,4,April 2020,130722,3000,1243,132479,2024-03-06
41,4,May 2020,130722,0,847,129875,2025-05-03
42,4,June 2020,130722,0,1138,129584,2025-04-06
43,4,July 2020,130722,0,807,129915,2025-01-17
44,4,August 2020,130722,3000,1383,132339,2024-03-01
45,4,September 2020,130722,3000,303,133419,2024-12-23
46,4,October 2020,130722,3000,75,133647,2022-11-13
47,4,November 2020,130722,3000,1293,132429,2025-08-28
48,4,December 2020,130722,0,574,130148,2025-01-31
49,5,January 2020,230700,0,125,230575,2024-04-02
50,5,February 2020,230700,0,1133,229567,2024-07-21
51,5,March 2020,230700,2000,1727,230973,2025-09-02
52,5,April 2020,230700,3000,190,233510,2023-11-30
53,5,May 2020,230700,2000,220,232480,2022-01-30
54,5,June 2020,230700,2000,479,232221,2025-04-29
55,5,July 2020,230700,1000,680,231020,2024-02-01
56,5,August 2020,230700,3000,352,233348,2023-05-15
57,5,September 2020,230700,2000,1134,231566,2023-07-14
58,5,October 2020,230700,1000,650,231050,2025-04-13
59,5,November 2020,230700,0,417,230283,2023-01-31
60,5,December 2020,230700,3000,148,233552,2024-02-18
61,6,January 2020,167938,1000,78,168860,2023-07-30
62,6,February 2020,167938,3000,1192,169746,2025-01-30
63,6,March 2020,167938,0,726,167212,2023-09-06
64,6,April 2020,167938,0,991,166947,2024-12-24
65,6,May 2020,167938,3000,1535,169403,2024-01-28
66,6,June 2020,167938,1000,890,168048,2024-11-19
67,6,July 2020,167938,0,1764,166174,2025-09-14
68,6,August 2020,167938,3000,1946,168992,2022-02-27
69,6,September 2020,167938,3000,435,170503,2023-12-03
70,6,October 2020,167938,0,1377,166561,2025-04-16
71,6,November 2020,167938,2000,658,169280,2025-11-02
72,6,December 2020,167938,2000,1823,168115,2025-06-18
73,7,January 2020,229037,3000,1894,230143,2025-03-21
74,7,February 2020,229037,3000,910,231127,2025-06-02
75,7,March 2020,229037,0,1324,227713,2025-06-13
76,7,April 2020,229037,3000,1900,230137,2023-09-20
77,7,May 2020,229037,0,1245,227792,2025-03-23
78,7,June 2020,229037,2000,1003,230034,2025-09-26
79,7,July 2020,229037,1000,1636,228401,2024-11-07
80,7,August 2020,229037,2000,429,230608,2024-08-02
81,7,September 2020,229037,1000,81,229956,2022-09-27
82,7,October 2020,229037,2000,541,230496,2023-05-24
83,7,November 2020,229037,0,980,228057,2022-04-05
84,7,December 2020,229037,3000,825,231212,2023-08-26
85,8,January 2020,177028,0,36,176992,2025-02-19
86,8,February 2020,177028,0,1197,175831,2025-02-28
87,8,March 2020,177028,2000,1644,177384,2025-01-25
88,8,April 2020,177028,3000,784,179244,2024-01-24
89,8,May 2020,177028,2000,331,178697,2024-03-30
90,8,June 2020,177028,2000,685,178343,2024-12-07
91,8,July 2020,177028,2000,1589,177439,2025-02-06
92,8,August 2020,177028,3000,721,179307,2024-09-20
93,8,September 2020,177028,2000,788,178240,2022-04-01
94,8,October 2020,177028,3000,1196,178832,2025-08-10
95,8,November 2020,177028,0,121,176907,2025-09-04
96,8,December 2020,177028,1000,1476,176552,2024-12-22
97,9,January 2020,285990,3000,1898,287092,2023-01-28
98,9,February 2020,285990,1000,647,286343,2022-02-08
99,9,March 2020,285990,0,1216,284774,2022-05-17
100,9,April 2020,285990,0,1265,284725,2024-12-11
101,9,May 2020,285990,0,1798,284192,2025-06-19
102,9,June 2020,285990,1000,1500,285490,2025-04-10
103,9,July 2020,285990,2000,495,287495,2023-03-02
104,9,August 2020,285990,3000,103,288887,2023-05-15
105,9,September 2020,285990,0,816,285174,2025-08-13
106,9,October 2020,285990,0,253,285737,2023-12-23
107,9,November 2020,285990,2000,354,287636,2023-07-28
108,9,December 2020,285990,3000,945,288045,2023-07-20
109,10,January 2020,161847,2000,688,163159,2023-03-22
110,10,February 2020,161847,0,1799,160048,2023-11-27
111,10,March 2020,161847,3000,1024,163823,2024-08-17
112,10,April 2020,161847,2000,911,162936,2023-09-01
113,10,May 2020,161847,1000,1205,161642,2025-09-11
114,10,June 2020,161847,0,1911,159936,2023-01-01
115,10,July 2020,161847,0,386,161461,2023-08-24
116,10,August 2020,161847,2000,402,163445,2022-05-22
117,10,September 2020,161847,0,556,161291,2025-04-29
118,10,October 2020,161847,1000,1503,161344,2024-01-23
119,10,November 2020,161847,1000,1131,161716,2022-10-05
120,10,December 2020,161847,1000,457,162390,2025-11-28
121,11,January 2020,243973,0,795,243178,2022-08-02
122,11,February 2020,243973,3000,1483,245490,2023-07-03
123,11,March 2020,243973,1000,1463,243510,2023-01-28
124,11,April 2020,243973,2000,1799,244174,2025-12-23
125,11,May 2020,243973,2000,1813,244160,2024-09-09
126,11,June 2020,243973,0,213,243760,2024-06-01
127,11,July 2020,243973,1000,1757,243216,2022-03-21
128,11,August 2020,243973,0,1904,242069,2022-09-24
129,11,September 2020,243973,3000,1026,245947,2024-02-27
130,11,October 2020,243973,3000,1865,245108,2023-06-27
131,11,November 2020,243973,3000,1250,245723,2022-02-16
132,11,December 2020,243973,3000,1430,245543,2022-09-04
133,12,January 2020,235413,1000,1378,235035,2025-04-04
134,12,February 2020,235413,1000,941,235472,2025-10-08
135,12,March 2020,235413,2000,922,236491,2023-04-17
136,12,April 2020,235413,2000,783,236630,2022-10-10
137,12,May 2020,235413,2000,117,237296,2023-06-01
138,12,June 2020,235413,0,134,235279,2025-11-11
139,12,July 2020,235413,2000,508,236905,2025-05-29
140,12,August 2020,235413,1000,1172,235241,2022-06-19
141,12,September 2020,235413,3000,912,237501,2023-12-17
142,12,October 2020,235413,3000,1716,236697,2023-11-03
143,12,November 2020,235413,1000,990,235423,2025-08-18
144,12,December 2020,235413,2000,1244,236169,2023-04-17
145,13,January 2020,230029,0,1121,228908,2022-05-11
146,13,February 2020,230029,3000,324,232705,2023-12-31
147,13,March 2020,230029,2000,346,231683,2025-02-13
148,13,April 2020,230029,1000,182,230847,2022-10-08
149,13,May 2020,230029,1000,1884,229145,2025-04-05
150,13,June 2020,230029,2000,963,231066,2025-03-10
151,13,July 2020,230029,1000,516,230513,2024-12-13
152,13,August 2020,230029,1000,1787,229242,2023-04-28
153,13,September 2020,230029,2000,979,231050,2022-04-18
154,13,October 2020,230029,1000,281,230748,2023-11-10
155,13,November 2020,230029,1000,1110,229919,2023-01-30
156,13,December 2020,230029,2000,1721,230308,2024-07-15
157,14,January 2020,139256,0,1931,137325,2022-02-23
158,14,February 2020,139256,2000,1745,139511,2022-09-13
159,14,March 2020,139256,1000,101,140155,2025-12-03
160,14,April 2020,139256,2000,907,140349,2023-07-14
161,14,May 2020,139256,3000,1351,140905,2025-08-05
162,14,June 2020,139256,3000,994,141262,2023-03-01
163,14,July 2020,139256,0,1289,137967,2023-02-06
164,14,August 2020,139256,0,824,138432,2025-07-19
165,14,September 2020,139256,3000,1132,141124,2023-03-17
166,14,October 2020,139256,2000,301,140955,2023-01-15
167,14,November 2020,139256,3000,1140,141116,2022-07-16
168,14,December 2020,139256,1000,24,140232,2023-05-19
169,15,January 2020,236446,3000,766,238680,2023-08-25
170,15,February 2020,236446,3000,1063,238383,2025-05-12
171,15,March 2020,236446,1000,459,236987,2023-04-26
172,15,April 2020,236446,3000,1497,237949,2023-10-18
173,15,May 2020,236446,1000,1233,236213,2025-01-19
174,15,June 2020,236446,1000,187,237259,2022-05-31
175,15,July 2020,236446,1000,1654,235792,2022-01-20
176,15,August 2020,236446,0,1365,235081,2023-06-18
177,15,September 2020,236446,3000,70,239376,2022-06-01
178,15,October 2020,236446,2000,1264,237182,2023-10-06
179,15,November 2020,236446,2000,981,237465,2024-02-07
180,15,December 2020,236446,1000,551,236895,2022-09-20
181,16,January 2020,216274,2000,530,217744,2023-02-14
182,16,February 2020,216274,0,1262,215012,2025-12-07
183,16,March 2020,216274,3000,1123,218151,2025-05-01
184,16,April 2020,216274,3000,1574,217700,2022-12-20
185,16,May 2020,216274,1000,412,216862,2025-09-27
186,16,June 2020,216274,3000,1182,218092,2022-10-31
187,16,July 2020,216274,2000,271,218003,2022-08-16
188,16,August 2020,216274,3000,1303,217971,2023-09-03
189,16,September 2020,216274,2000,1275,216999,2023-05-14
190,16,October 2020,216274,1000,1677,215597,2022-07-26
191,16,November 2020,216274,1000,947,216327,2025-01-12
192,16,December 2020,216274,0,1113,215161,2024-11-15
193,17,January 2020,153761,3000,1516,155245,2023-10-18
194,17,February 2020,153761,1000,1507,153254,2022-04-13
195,17,March 2020,153761,2000,829,154932,2025-04-11
196,17,April 2020,153761,2000,1334,154427,2023-11-23
197,17,May 2020,153761,2000,630,155131,2024-02-04
198,17,June 2020,153761,0,1369,152392,2022-10-24
199,17,July 2020,153761,0,1099,152662,2025-04-15
200,17,August 2020,153761,1000,1333,153428,2023-08-06
201,17,September 2020,153761,2000,441,155320,2022-11-24
202,17,October 2020,153761,0,987,152774,2024-05-07
203,17,November 2020,153761,0,1090,152671,2025-01-18
204,17,December 2020,153761,0,1196,152565,2024-04-07
205,18,January 2020,228579,2000,1017,229562,2025-02-18
206,18,February 2020,228579,0,1537,227042,2024-06-16
207,18,March 2020,228579,3000,1334,230245,2025-05-21
208,18,April 2020,228579,3000,282,231297,2023-06-12
209,18,May 2020,228579,3000,1773,229806,2023-08-21
210,18,June 2020,228579,0,954,227625,2024-06-28
211,18,July 2020,228579,2000,1762,228817,2024-06-26
212,18,August 2020,228579,3000,256,231323,2022-01-30
213,18,September 2020,228579,2000,1257,229322,2023-10-09
214,18,October 2020,228579,3000,1700,229879,2024-09-26
215,18,November 2020,228579,3000,1331,230248,2023-04-11
216,18,December 2020,228579,2000,1220,229359,2023-05-14
217,19,January 2020,223104,3000,1,226103,2025-11-21
218,19,February 2020,223104,1000,144,223960,2022-12-03
219,19,March 2020,223104,2000,1449,223655,2025-08-08
220,19,April 2020,223104,1000,265,223839,2024-06-29
221,19,May 2020,223104,3000,27,226077,2024-09-01
222,19,June 2020,223104,3000,1663,224441,2024-07-24
223,19,July 2020,223104,0,876,222228,2025-03-22
224,19,August 2020,223104,1000,553,223551,2022-01-16
225,19,September 2020,223104,1000,129,223975,2023-03-03
226,19,October 2020,223104,2000,1798,223306,2024-11-12
227,19,November 2020,223104,3000,713,225391,2024-07-25
228,19,December 2020,223104,0,1178,221926,2023-12-10
229,20,January 2020,167626,2000,1055,168571,2022-08-15
230,20,February 2020,167626,0,1899,165727,2024-10-14
231,20,March 2020,167626,3000,742,169884,2025-09-24
232,20,April 2020,167626,2000,1405,168221,2023-04-02
233,20,May 2020,167626,0,1982,165644,2023-02-18
234,20,June 2020,167626,3000,855,169771,2023-08-12
235,20,July 2020,167626,1000,1266,167360,2025-04-24
236,20,August 2020,167626,0,797,166829,2023-09-20
237,20,September 2020,167626,2000,515,169111,2025-03-13
238,20,October 2020,167626,0,131,167495,2022-04-05
239,20,November 2020,167626,2000,514,169112,2022-04-27
240,20,December 2020,167626,2000,1508,168118,2024-01-24
241,21,January 2020,142505,3000,980,144525,2023-09-12
242,21,February 2020,142505,1000,1760,141745,2023-04-26
243,21,March 2020,142505,3000,1616,143889,2025-03-26
244,21,April 2020,142505,3000,1862,143643,2023-05-11
245,21,May 2020,142505,1000,515,142990,2022-04-14
246,21,June 2020,142505,3000,924,144581,2022-09-13
247,21,July 2020,142505,0,1457,141048,2022-03-15
248,21,August 2020,142505,0,359,142146,2024-05-20
249,21,September 2020,142505,2000,111,144394,2023-06-29
250,21,October 2020,142505,3000,1272,144233,2025-10-18
251,21,November 2020,142505,1000,1647,141858,2025-10-01
252,21,December 2020,142505,1000,1057,142448,2022-06-28
253,22,January 2020,80280,0,1361,78919,2025-05-04
254,22,February 2020,80280,1000,272,81008,2025-10-14
255,22,March 2020,80280,2000,826,81454,2025-12-24
256,22,April 2020,80280,2000,1724,80556,2025-12-14
257,22,May 2020,80280,0,153,80127,2025-05-08
258,22,June 2020,80280,0,112,80168,2022-04-22
259,22,July 2020,80280,1000,1894,79386,2025-02-26
260,22,August 2020,80280,2000,947,81333,2025-04-27
261,22,September 2020,80280,3000,797,82483,2022-08-07
262,22,October 2020,80280,0,1756,78524,2022-10-16
263,22,November 2020,80280,3000,344,82936,2023-05-20
264,22,December 2020,80280,2000,1668,80612,2024-10-17
265,23,January 2020,230000,1000,657,230343,2025-10-04
266,23,February 2020,230000,1000,1190,229810,2022-09-07
267,23,March 2020,230000,2000,409,231591,2025-05-05
268,23,April 2020,230000,3000,1723,231277,2022-04-26
269,23,May 2020,230000,0,1219,228781,2025-09-25
270,23,June 2020,230000,1000,1618,229382,2024-03-14
271,23,July 2020,230000,3000,1477,231523,2024-09-07
272,23,August 2020,230000,1000,1213,229787,2022-06-17
273,23,September 2020,230000,3000,964,232036,2022-09-21
274,23,October 2020,230000,2000,1301,230699,2025-06-11
275,23,November 2020,230000,3000,92,232908,2023-08-31
276,23,December 2020,230000,3000,391,232609,2023-10-24
277,24,January 2020,275369,2000,680,276689,2023-12-06
278,24,February 2020,275369,1000,1998,274371,2024-03-15
279,24,March 2020,275369,0,621,274748,2025-07-03
280,24,April 2020,275369,2000,858,276511,2022-12-19
281,24,May 2020,275369,1000,1530,274839,2023-07-24
282,24,June 2020,275369,3000,409,277960,2023-09-14
283,24,July 2020,275369,2000,1537,275832,2022-01-02
284,24,August 2020,275369,1000,261,276108,2025-11-28
285,24,September 2020,275369,0,869,274500,2023-06-28
286,24,October 2020,275369,3000,1909,276460,2023-06-29
287,24,November 2020,275369,3000,489,277880,2025-04-15
288,24,December 2020,275369,1000,1717,274652,2023-08-11
289,25,January 2020,232288,3000,1390,233898,2023-03-24
290,25,February 2020,232288,0,191,232097,2025-08-10
291,25,March 2020,232288,2000,1326,232962,2024-08-03
292,25,April 2020,232288,3000,1473,233815,2025-07-05
293,25,May 2020,232288,0,1313,230975,2024-07-30
294,25,June 2020,232288,2000,1326,232962,2024-01-21
295,25,July 2020,232288,3000,947,234341,2025-09-07
296,25,August 2020,232288,0,1406,230882,2025-08-17
297,25,September 2020,232288,1000,162,233126,2022-06-28
298,25,October 2020,232288,0,1459,230829,2023-03-26
299,25,November 2020,232288,1000,853,232435,2024-08-26
300,25,December 2020,232288,1000,1638,231650,2025-06-17
301,26,January 2020,77068,1000,1127,76941,2023-02-14
302,26,February 2020,77068,0,992,76076,2025-09-07
303,26,March 2020,77068,3000,371,79697,2022-07-14
304,26,April 2020,77068,2000,1111,77957,2024-11-17
305,26,May 2020,77068,3000,910,79158,2025-10-06
306,26,June 2020,77068,3000,153,79915,2025-05-02
307,26,July 2020,77068,2000,262,78806,2023-01-12
308,26,August 2020,77068,3000,318,79750,2025-08-11
309,26,September 2020,77068,2000,1254,77814,2024-12-31
310,26,October 2020,77068,2000,1651,77417,2024-12-22
311,26,November 2020,77068,0,1068,76000,2023-10-08
312,26,December 2020,77068,1000,763,77305,2024-02-10
313,27,January 2020,206506,0,296,206210,2025-07-10
314,27,February 2020,206506,3000,375,209131,2023-04-07
315,27,March 2020,206506,2000,997,207509,2022-12-26
316,27,April 2020,206506,2000,1836,206670,2024-09-17
317,27,May 2020,206506,2000,1732,206774,2024-07-03
318,27,June 2020,206506,0,906,205600,2022-02-27
319,27,July 2020,206506,1000,693,206813,2023-10-11
320,27,August 2020,206506,2000,1231,207275,2025-04-11
321,27,September 2020,206506,2000,408,208098,2025-04-17
322,27,October 2020,206506,0,300,206206,2024-05-16
323,27,November 2020,206506,3000,135,209371,2022-12-29
324,27,December 2020,206506,1000,1430,206076,2025-05-12
325,28,January 2020,247878,1000,1766,247112,2022-10-07
326,28,February 2020,247878,1000,1550,247328,2024-05-19
327,28,March 2020,247878,1000,642,248236,2024-01-14
328,28,April 2020,247878,1000,825,248053,2022-04-25
329,28,May 2020,247878,2000,1541,248337,2025-12-27
330,28,June 2020,247878,0,857,247021,2022-08-31
331,28,July 2020,247878,0,1202,246676,2024-07-25
332,28,August 2020,247878,2000,1514,248364,2024-01-10
333,28,September 2020,247878,3000,121,250757,2023-08-16
334,28,October 2020,247878,2000,1388,248490,2023-08-22
335,28,November 2020,247878,3000,271,250607,2024-07-20
336,28,December 2020,247878,2000,366,249512,2024-02-07
337,29,January 2020,257537,0,246,257291,2025-06-10
338,29,February 2020,257537,1000,795,257742,2024-08-09
339,29,March 2020,257537,3000,1725,258812,2023-06-06
340,29,April 2020,257537,1000,330,258207,2022-12-01
341,29,May 2020,257537,2000,387,259150,2023-09-02
342,29,June 2020,257537,1000,1036,257501,2024-05-12
343,29,July 2020,257537,1000,528,258009,2024-06-27
344,29,August 2020,257537,2000,922,258615,2022-11-20
345,29,September 2020,257537,3000,792,259745,2022-05-30
346,29,October 2020,257537,3000,200,260337,2023-07-15
347,29,November 2020,257537,0,1886,255651,2023-10-10
348,29,December 2020,257537,1000,1176,257361,2023-01-30
349,30,January 2020,154095,1000,337,154758,2024-07-14
350,30,February 2020,154095,1000,1934,153161,2022-06-01
351,30,March 2020,154095,3000,1001,156094,2025-11-30
352,30,April 2020,154095,1000,830,154265,2023-09-19
353,30,May 2020,154095,0,1835,152260,2022-11-17
354,30,June 2020,154095,1000,1476,153619,2025-05-29
355,30,July 2020,154095,0,773,153322,2022-04-10
356,30,August 2020,154095,3000,1539,155556,2023-03-31
357,30,September 2020,154095,2000,568,155527,2025-05-12
358,30,October 2020,154095,0,1647,152448,2023-03-04
359,30,November 2020,154095,2000,1075,155020,2024-02-29
360,30,December 2020,154095,2000,203,155892,2025-02-23
361,31,January 2020,70669,3000,357,73312,2024-10-14
362,31,February 2020,70669,3000,404,73265,2023-06-02
363,31,March 2020,70669,1000,121,71548,2023-07-12
364,31,April 2020,70669,2000,704,71965,2023-11-10
365,31,May 2020,70669,3000,284,73385,2023-10-03
366,31,June 2020,70669,2000,94,72575,2025-05-26
367,31,July 2020,70669,2000,748,71921,2024-02-07
368,31,August 2020,70669,3000,1150,72519,2023-06-10
369,31,September 2020,70669,2000,1650,71019,2025-04-11
370,31,October 2020,70669,3000,1695,71974,2023-08-24
371,31,November 2020,70669,2000,44,72625,2025-10-26
372,31,December 2020,70669,3000,394,73275,2023-08-25
373,32,January 2020,277036,2000,1996,277040,2022-09-05
374,32,February 2020,277036,3000,429,279607,2023-07-24
375,32,March 2020,277036,1000,1615,276421,2024-05-31
376,32,April 2020,277036,1000,1372,276664,2023-05-06
377,32,May 2020,277036,0,1196,275840,2024-09-28
378,32,June 2020,277036,3000,1415,278621,2024-08-04
379,32,July 2020,277036,2000,270,278766,2025-04-30
380,32,August 2020,277036,3000,1657,278379,2025-11-03
381,32,September 2020,277036,3000,136,279900,2024-03-07
382,32,October 2020,277036,2000,1502,277534,2022-03-04
383,32,November 2020,277036,3000,1427,278609,2022-07-12
384,32,December 2020,277036,2000,1640,277396,2022-04-01
385,33,January 2020,272490,0,1163,271327,2023-09-14
386,33,February 2020,272490,2000,410,274080,2025-01-02
387,33,March 2020,272490,1000,1952,271538,2022-08-20
388,33,April 2020,272490,1000,1427,272063,2025-04-21
389,33,May 2020,272490,3000,1584,273906,2022-06-15
390,33,June 2020,272490,0,372,272118,2023-12-13
391,33,July 2020,272490,2000,1644,272846,2025-04-01
392,33,August 2020,272490,3000,24,275466,2024-07-11
393,33,September 2020,272490,3000,1585,273905,2024-07-04
394,33,October 2020,272490,1000,1048,272442,2023-06-23
395,33,November 2020,272490,0,612,271878,2023-04-21
396,33,December 2020,272490,2000,453,274037,2024-04-16
397,34,January 2020,250607,3000,14,253593,2025-05-17
398,34,February 2020,250607,2000,694,251913,2023-02-22
399,34,March 2020,250607,3000,1149,252458,2022-11-12
400,34,April 2020,250607,1000,1919,249688,2022-03-02
401,34,May 2020,250607,0,47,250560,2024-03-27
402,34,June 2020,250607,0,685,249922,2022-12-22
403,34,July 2020,250607,3000,372,253235,2025-05-28
404,34,August 2020,250607,2000,514,252093,2022-07-12
405,34,September 2020,250607,2000,637,251970,2025-08-22
406,34,October 2020,250607,3000,1196,252411,2023-11-20
407,34,November 2020,250607,1000,284,251323,2022-06-25
408,34,December 2020,250607,3000,1035,252572,2025-04-29
409,35,January 2020,273638,2000,177,275461,2024-09-28
410,35,February 2020,273638,2000,1267,274371,2025-09-29
411,35,March 2020,273638,1000,516,274122,2023-01-27
412,35,April 2020,273638,0,1025,272613,2024-12-05
413,35,May 2020,273638,0,1372,272266,2025-08-06
414,35,June 2020,273638,1000,142,274496,2024-10-26
415,35,July 2020,273638,2000,443,275195,2023-05-15
416,35,August 2020,273638,3000,535,276103,2023-10-20
417,35,September 2020,273638,2000,418,275220,2023-09-12
418,35,October 2020,273638,3000,1935,274703,2024-06-02
419,35,November 2020,273638,0,219,273419,2025-07-22
420,35,December 2020,273638,3000,326,276312,2022-04-16
421,36,January 2020,251831,0,1096,250735,2024-09-17
422,36,February 2020,251831,3000,311,254520,2024-08-04
423,36,March 2020,251831,3000,653,254178,2022-09-22
424,36,April 2020,251831,0,19,251812,2024-05-26
425,36,May 2020,251831,3000,705,254126,2023-12-29
426,36,June 2020,251831,2000,1774,252057,2023-03-25
427,36,July 2020,251831,1000,1589,251242,2023-08-03
428,36,August 2020,251831,2000,1016,252815,2022-09-07
429,36,September 2020,251831,3000,1737,253094,2025-03-22
430,36,October 2020,251831,3000,1266,253565,2023-06-06
431,36,November 2020,251831,2000,1226,252605,2025-10-27
432,36,December 2020,251831,3000,330,254501,2023-06-03
433,37,January 2020,108183,2000,1262,108921,2025-09-02
434,37,February 2020,108183,0,777,107406,2023-07-15
435,37,March 2020,108183,0,693,107490,2022-06-08
436,37,April 2020,108183,3000,1605,109578,2025-06-05
437,37,May 2020,108183,3000,110,111073,2024-04-09
438,37,June 2020,108183,2000,459,109724,2024-07-19
439,37,July 2020,108183,1000,501,108682,2024-04-12
440,37,August 2020,108183,2000,1979,108204,2025-12-12
441,37,September 2020,108183,3000,115,111068,2025-05-30
442,37,October 2020,108183,3000,1379,109804,2023-04-16
443,37,November 2020,108183,1000,1378,107805,2024-09-20
444,37,December 2020,108183,2000,29,110154,2022-07-08
445,38,January 2020,257062,0,1975,255087,2025-11-09
446,38,February 2020,257062,2000,579,258483,2023-01-23
447,38,March 2020,257062,1000,1862,256200,2023-12-17
448,38,April 2020,257062,0,356,256706,2024-03-18
449,38,May 2020,257062,2000,1797,257265,2022-03-27
450,38,June 2020,257062,2000,604,258458,2025-04-18
451,38,July 2020,257062,2000,90,258972,2024-02-16
452,38,August 2020,257062,3000,425,259637,2024-11-22
453,38,September 2020,257062,2000,1605,257457,2023-01-18
454,38,October 2020,257062,0,1046,256016,2024-04-18
455,38,November 2020,257062,0,328,256734,2023-11-10
456,38,December 2020,257062,0,1614,255448,2024-02-02
457,39,January 2020,288541,0,1697,286844,2024-12-22
458,39,February 2020,288541,1000,778,288763,2022-01-08
459,39,March 2020,288541,1000,1215,288326,2024-03-07
460,39,April 2020,288541,1000,277,289264,2024-01-18
461,39,May 2020,288541,3000,1965,289576,2022-12-18
462,39,June 2020,288541,1000,516,289025,2023-06-14
463,39,July 2020,288541,2000,1095,289446,2023-10-07
464,39,August 2020,288541,3000,1252,290289,2022-10-12
465,39,September 2020,288541,2000,1050,289491,2022-03-07
466,39,October 2020,288541,2000,1913,288628,2022-09-14
467,39,November 2020,288541,0,1937,286604,2023-05-11
468,39,December 2020,288541,1000,935,288606,2024-02-13
469,40,January 2020,239755,3000,281,242474,2022-07-28
470,40,February 2020,239755,0,909,238846,2024-04-08
471,40,March 2020,239755,2000,807,240948,2023-09-16
472,40,April 2020,239755,2000,808,240947,2025-01-23
473,40,May 2020,239755,2000,1664,240091,2025-05-10
474,40,June 2020,239755,1000,1691,239064,2022-11-07
475,40,July 2020,239755,0,1879,237876,2022-07-10
476,40,August 2020,239755,3000,1596,241159,2022-09-10
477,40,September 2020,239755,0,1083,238672,2022-10-19
478,40,October 2020,239755,0,556,239199,2022-05-24
479,40,November 2020,239755,1000,287,240468,2024-01-13
480,40,December 2020,239755,3000,1918,240837,2025-06-03
481,41,January 2020,141483,3000,1507,142976,2024-12-20
482,41,February 2020,141483,2000,631,142852,2022-07-05
483,41,March 2020,141483,0,1421,140062,2023-10-28
484,41,April 2020,141483,2000,1835,141648,2024-05-31
485,41,May 2020,141483,1000,1888,140595,2025-04-05
486,41,June 2020,141483,0,559,140924,2024-06-12
487,41,July 2020,141483,0,765,140718,2022-12-24
488,41,August 2020,141483,2000,1491,141992,2025-01-22
489,41,September 2020,141483,2000,1317,142166,2023-08-11
490,41,October 2020,141483,3000,423,144060,2022-10-07
491,41,November 2020,141483,0,1282,140201,2025-02-09
492,41,December 2020,141483,0,1692,139791,2024-06-28
493,42,January 2020,196114,0,1429,194685,2025-08-23
494,42,February 2020,196114,1000,639,196475,2023-02-13
495,42,March 2020,196114,3000,851,198263,2025-07-17
496,42,April 2020,196114,2000,1373,196741,2022-08-10
497,42,May 2020,196114,1000,1263,195851,2025-12-09
498,42,June 2020,196114,3000,1843,197271,2022-11-15
499,42,July 2020,196114,0,1522,194592,2024-08-09
500,42,August 2020,196114,1000,362,196752,2022-03-08
501,42,September 2020,196114,3000,1812,197302,2023-05-18
502,42,October 2020,196114,1000,1732,195382,2022-03-03
503,42,November 2020,196114,0,1707,194407,2025-05-12
504,42,December 2020,196114,2000,856,197258,2025-07-24
505,43,January 2020,232669,0,1806,230863,2023-03-26
506,43,February 2020,232669,3000,1032,234637,2025-05-09
507,43,March 2020,232669,0,1026,231643,2023-08-08
508,43,April 2020,232669,3000,1430,234239,2024-11-07
509,43,May 2020,232669,2000,467,234202,2024-10-12
510,43,June 2020,232669,0,1269,231400,2025-11-09
511,43,July 2020,232669,0,262,232407,2022-09-23
512,43,August 2020,232669,2000,47,234622,2024-05-09
513,43,September 2020,232669,0,1214,231455,2024-07-16
514,43,October 2020,232669,0,187,232482,2025-05-03
515,43,November 2020,232669,1000,835,232834,2024-04-27
516,43,December 2020,232669,1000,1631,232038,2023-07-24
517,44,January 2020,148358,2000,1439,148919,2025-09-03
518,44,February 2020,148358,1000,641,148717,2023-05-16
519,44,March 2020,148358,2000,534,149824,2024-10-05
520,44,April 2020,148358,2000,132,150226,2023-07-16
521,44,May 2020,148358,3000,887,150471,2022-10-05
522,44,June 2020,148358,2000,1533,148825,2025-02-01
523,44,July 2020,148358,0,309,148049,2025-09-16
524,44,August 2020,148358,1000,501,148857,2022-04-30
525,44,September 2020,148358,1000,464,148894,2025-04-24
526,44,October 2020,148358,1000,1152,148206,2025-12-14
527,44,November 2020,148358,3000,333,151025,2023-10-09
528,44,December 2020,148358,2000,416,149942,2023-01-12
529,45,January 2020,285494,0,1736,283758,2025-11-21
530,45,February 2020,285494,2000,1647,285847,2023-08-06
531,45,March 2020,285494,3000,1927,286567,2025-01-06
532,45,April 2020,285494,3000,457,288037,2025-10-03
533,45,May 2020,285494,2000,442,287052,2024-08-20
534,45,June 2020,285494,1000,187,286307,2024-02-22
535,45,July 2020,285494,2000,596,286898,2024-04-06
536,45,August 2020,285494,0,790,284704,2025-03-02
537,45,September 2020,285494,1000,1249,285245,2024-12-28
538,45,October 2020,285494,2000,253,287241,2025-11-27
539,45,November 2020,285494,2000,1577,285917,2022-12-02
540,45,December 2020,285494,2000,1677,285817,2023-03-13
541,46,January 2020,289363,1000,75,290288,2023-02-16
542,46,February 2020,289363,1000,192,290171,2023-09-20
543,46,March 2020,289363,0,1211,288152,2025-10-25
544,46,April 2020,289363,2000,1676,289687,2022-05-26
545,46,May 2020,289363,3000,69,292294,2022-05-23
546,46,June 2020,289363,2000,1085,290278,2024-11-14
547,46,July 2020,289363,0,678,288685,2023-04-17
548,46,August 2020,289363,1000,465,289898,2022-06-08
549,46,September 2020,289363,3000,447,291916,2024-11-08
550,46,October 2020,289363,2000,144,291219,2023-08-20
551,46,November 2020,289363,1000,481,289882,2022-02-10
552,46,December 2020,289363,3000,603,291760,2024-06-29
553,47,January 2020,158658,3000,17,161641,2022-04-01
554,47,February 2020,158658,1000,1592,158066,2025-03-13
555,47,March 2020,158658,3000,1416,160242,2023-03-07
556,47,April 2020,158658,3000,124,161534,2024-01-04
557,47,May 2020,158658,0,717,157941,2025-04-20
558,47,June 2020,158658,0,1302,157356,2025-12-12
559,47,July 2020,158658,0,611,158047,2022-11-09
560,47,August 2020,158658,0,824,157834,2025-12-26
561,47,September 2020,158658,2000,1688,158970,2024-08-03
562,47,October 2020,158658,0,1430,157228,2024-11-19
563,47,November 2020,158658,2000,1891,158767,2023-03-01
564,47,December 2020,158658,0,1335,157323,2025-08-04
565,48,January 2020,187685,0,1750,185935,2024-04-22
566,48,February 2020,187685,3000,709,189976,2023-08-19
567,48,March 2020,187685,3000,1840,188845,2023-08-14
568,48,April 2020,187685,0,937,186748,2024-05-21
569,48,May 2020,187685,1000,315,188370,2024-03-19
570,48,June 2020,187685,3000,807,189878,2023-05-10
571,48,July 2020,187685,0,1018,186667,2023-12-18
572,48,August 2020,187685,3000,1058,189627,2023-09-22
573,48,September 2020,187685,0,864,186821,2023-01-23
574,48,October 2020,187685,1000,1918,186767,2023-12-24
575,48,November 2020,187685,1000,1456,187229,2022-12-04
576,48,December 2020,187685,0,1485,186200,2024-01-06
577,49,January 2020,279640,0,403,279237,2023-10-24
578,49,February 2020,279640,2000,608,281032,2024-10-02
579,49,March 2020,279640,3000,1898,280742,2025-03-11
580,49,April 2020,279640,0,1204,278436,2023-04-04
581,49,May 2020,279640,1000,1227,279413,2025-10-04
582,49,June 2020,279640,2000,1972,279668,2025-06-10
583,49,July 2020,279640,0,658,278982,2024-11-16
584,49,August 2020,279640,0,376,279264,2022-06-19
585,49,September 2020,279640,3000,630,282010,2024-04-04
586,49,October 2020,279640,3000,1540,281100,2025-08-27
587,49,November 2020,279640,2000,1819,279821,2024-11-02
588,49,December 2020,279640,0,1169,278471,2025-01-03
589,50,January 2020,222678,1000,803,222875,2023-02-27
590,50,February 2020,222678,1000,1984,221694,2023-12-21
591,50,March 2020,222678,0,861,221817,2023-07-15
592,50,April 2020,222678,0,1123,221555,2025-04-24
593,50,May 2020,222678,1000,866,222812,2022-06-08
594,50,June 2020,222678,2000,509,224169,2024-12-06
595,50,July 2020,222678,0,10,222668,2022-09-09
596,50,August 2020,222678,2000,1644,223034,2022-12-16
597,50,September 2020,222678,1000,817,222861,2022-07-23
598,50,October 2020,222678,2000,988,223690,2024-06-04
599,50,November 2020,222678,3000,132,225546,2025-04-04
600,50,December 2020,222678,2000,409,224269,2024-10-21
601,51,January 2020,130516,1000,1806,129710,2023-03-03
602,51,February 2020,130516,2000,1658,130858,2024-08-23
603,51,March 2020,130516,2000,1062,131454,2025-10-14
604,51,April 2020,130516,0,1158,129358,2024-02-22
605,51,May 2020,130516,1000,1798,129718,2025-11-26
606,51,June 2020,130516,3000,1896,131620,2022-06-08
607,51,July 2020,130516,0,1814,128702,2025-01-03
608,51,August 2020,130516,3000,188,133328,2023-03-22
609,51,September 2020,130516,2000,185,132331,2022-05-08
610,51,October 2020,130516,2000,1194,131322,2022-10-05
611,51,November 2020,130516,0,663,129853,2022-09-28
612,51,December 2020,130516,0,285,130231,2023-01-30
613,52,January 2020,164215,0,900,163315,2025-12-02
614,52,February 2020,164215,2000,800,165415,2024-05-09
615,52,March 2020,164215,0,392,163823,2023-04-20
616,52,April 2020,164215,0,1838,162377,2025-07-18
617,52,May 2020,164215,2000,815,165400,2022-10-01
618,52,June 2020,164215,1000,1712,163503,2024-04-22
619,52,July 2020,164215,2000,1479,164736,2024-06-17
620,52,August 2020,164215,0,1606,162609,2024-11-14
621,52,September 2020,164215,3000,1923,165292,2023-04-12
622,52,October 2020,164215,0,1286,162929,2025-11-01
623,52,November 2020,164215,1000,1461,163754,2025-12-23
624,52,December 2020,164215,1000,1844,163371,2022-09-11
625,53,January 2020,169534,0,534,169000,2024-11-16
626,53,February 2020,169534,3000,1393,171141,2023-12-30
627,53,March 2020,169534,3000,1247,171287,2023-08-14
628,53,April 2020,169534,3000,43,172491,2022-12-26
629,53,May 2020,169534,1000,1555,168979,2023-11-29
630,53,June 2020,169534,0,1956,167578,2022-07-27
631,53,July 2020,169534,2000,290,171244,2024-02-04
632,53,August 2020,169534,2000,1057,170477,2024-07-20
633,53,September 2020,169534,0,1839,167695,2025-02-27
634,53,October 2020,169534,3000,1599,170935,2023-01-20
635,53,November 2020,169534,0,1345,168189,2023-11-21
636,53,December 2020,169534,1000,449,170085,2023-04-12
637,54,January 2020,242630,1000,883,242747,2024-12-09
638,54,February 2020,242630,0,1226,241404,2022-03-16
639,54,March 2020,242630,2000,694,243936,2025-04-17
640,54,April 2020,242630,1000,935,242695,2024-08-12
641,54,May 2020,242630,3000,1145,244485,2023-08-03
642,54,June 2020,242630,3000,1145,244485,2024-12-01
643,54,July 2020,242630,1000,1811,241819,2024-07-09
644,54,August 2020,242630,1000,260,243370,2023-07-16
645,54,September 2020,242630,3000,1317,244313,2022-09-25
646,54,October 2020,242630,1000,189,243441,2024-07-21
647,54,November 2020,242630,0,1214,241416,2022-04-21
648,54,December 2020,242630,3000,296,245334,2025-05-17
649,55,January 2020,187271,2000,782,188489,2022-11-10
650,55,February 2020,187271,1000,1128,187143,2024-05-16
651,55,March 2020,187271,3000,1827,188444,2023-07-26
652,55,April 2020,187271,2000,993,188278,2024-11-17
653,55,May 2020,187271,3000,915,189356,2022-01-27
654,55,June 2020,187271,2000,1501,187770,2022-07-15
655,55,July 2020,187271,3000,588,189683,2023-10-31
656,55,August 2020,187271,2000,1934,187337,2023-04-27
657,55,September 2020,187271,3000,351,189920,2024-01-02
658,55,October 2020,187271,2000,1061,188210,2024-01-22
659,55,November 2020,187271,2000,573,188698,2023-03-12
660,55,December 2020,187271,2000,207,189064,2025-07-10
661,56,January 2020,284859,1000,828,285031,2024-11-01
662,56,February 2020,284859,0,792,284067,2025-04-20
663,56,March 2020,284859,0,1962,282897,2025-05-28
664,56,April 2020,284859,2000,32,286827,2023-12-18
665,56,May 2020,284859,2000,1672,285187,2023-02-09
666,56,June 2020,284859,2000,1796,285063,2023-09-19
667,56,July 2020,284859,2000,441,286418,2023-07-11
668,56,August 2020,284859,0,582,284277,2025-12-17
669,56,September 2020,284859,0,1576,283283,2025-01-12
670,56,October 2020,284859,0,1455,283404,2023-07-31
671,56,November 2020,284859,0,126,284733,2022-09-03
672,56,December 2020,284859,3000,1265,286594,2025-05-16
673,57,January 2020,72988,0,1189,71799,2023-10-02
674,57,February 2020,72988,2000,914,74074,2024-12-29
675,57,March 2020,72988,0,302,72686,2022-07-23
676,57,April 2020,72988,2000,1686,73302,2025-09-07
677,57,May 2020,72988,2000,1378,73610,2022-07-20
678,57,June 2020,72988,0,535,72453,2025-08-23
679,57,July 2020,72988,3000,1754,74234,2024-01-12
680,57,August 2020,72988,1000,324,73664,2024-10-30
681,57,September 2020,72988,2000,1247,73741,2025-10-30
682,57,October 2020,72988,3000,1111,74877,2023-12-08
683,57,November 2020,72988,2000,985,74003,2024-07-22
684,57,December 2020,72988,3000,419,75569,2023-02-27
685,58,January 2020,176456,0,189,176267,2022-03-09
686,58,February 2020,176456,3000,29,179427,2024-10-06
687,58,March 2020,176456,1000,724,176732,2025-04-22
688,58,April 2020,176456,0,1646,174810,2022-09-21
689,58,May 2020,176456,1000,465,176991,2025-09-26
690,58,June 2020,176456,2000,1716,176740,2025-09-21
691,58,July 2020,176456,0,322,176134,2024-02-08
692,58,August 2020,176456,1000,585,176871,2025-06-24
693,58,September 2020,176456,0,1067,175389,2024-12-30
694,58,October 2020,176456,2000,186,178270,2024-02-06
695,58,November 2020,176456,3000,432,179024,2022-08-05
696,58,December 2020,176456,2000,1490,176966,2023-08-09
697,59,January 2020,174970,2000,1488,175482,2025-09-21
698,59,February 2020,174970,0,1535,173435,2024-06-01
699,59,March 2020,174970,2000,638,176332,2023-10-21
700,59,April 2020,174970,1000,822,175148,2022-07-20
701,59,May 2020,174970,2000,1580,175390,2025-01-29
702,59,June 2020,174970,0,329,174641,2022-05-19
703,59,July 2020,174970,0,630,174340,2022-11-26
704,59,August 2020,174970,3000,43,177927,2023-05-11
705,59,September 2020,174970,1000,1913,174057,2025-05-30
706,59,October 2020,174970,1000,569,175401,2025-01-15
707,59,November 2020,174970,0,1692,173278,2022-11-01
708,59,December 2020,174970,1000,1329,174641,2024-07-15
709,60,January 2020,155057,1000,980,155077,2025-03-26
710,60,February 2020,155057,1000,831,155226,2023-05-06
711,60,March 2020,155057,1000,1508,154549,2024-03-21
712,60,April 2020,155057,2000,1286,155771,2022-07-10
713,60,May 2020,155057,1000,1321,154736,2024-01-03
714,60,June 2020,155057,3000,1617,156440,2024-02-11
715,60,July 2020,155057,1000,1178,154879,2024-10-14
716,60,August 2020,155057,1000,1552,154505,2025-06-07
717,60,September 2020,155057,3000,974,157083,2023-08-01
718,60,October 2020,155057,1000,208,155849,2025-09-03
719,60,November 2020,155057,3000,210,157847,2022-06-07
720,60,December 2020,155057,3000,1960,156097,2024-08-10
721,61,January 2020,197460,2000,1849,197611,2024-07-20
722,61,February 2020,197460,1000,1601,196859,2024-04-19
723,61,March 2020,197460,1000,1058,197402,2022-09-14
724,61,April 2020,197460,3000,171,200289,2025-12-01
725,61,May 2020,197460,0,1485,195975,2024-12-14
726,61,June 2020,197460,2000,142,199318,2022-11-02
727,61,July 2020,197460,1000,367,198093,2024-03-29
728,61,August 2020,197460,0,1165,196295,2024-12-31
729,61,September 2020,197460,1000,1552,196908,2022-12-02
730,61,October 2020,197460,0,1632,195828,2023-07-17
731,61,November 2020,197460,2000,1268,198192,2023-06-22
732,61,December 2020,197460,2000,262,199198,2023-02-01
733,62,January 2020,90385,2000,380,92005,2023-11-30
734,62,February 2020,90385,1000,1323,90062,2022-03-24
735,62,March 2020,90385,1000,1099,90286,2022-04-18
736,62,April 2020,90385,3000,58,93327,2024-08-05
737,62,May 2020,90385,0,452,89933,2022-10-01
738,62,June 2020,90385,2000,1063,91322,2024-01-24
739,62,July 2020,90385,3000,1621,91764,2023-08-05
740,62,August 2020,90385,2000,389,91996,2023-04-25
741,62,September 2020,90385,1000,1343,90042,2022-04-22
742,62,October 2020,90385,3000,1907,91478,2025-01-10
743,62,November 2020,90385,0,1983,88402,2025-12-13
744,62,December 2020,90385,3000,1963,91422,2023-09-26
745,63,January 2020,187499,0,546,186953,2025-08-09
746,63,February 2020,187499,0,782,186717,2023-12-22
747,63,March 2020,187499,2000,1752,187747,2022-02-10
748,63,April 2020,187499,2000,907,188592,2024-03-29
749,63,May 2020,187499,1000,1951,186548,2022-10-20
750,63,June 2020,187499,1000,231,188268,2023-02-19
751,63,July 2020,187499,2000,1386,188113,2025-09-03
752,63,August 2020,187499,3000,542,189957,2022-09-25
753,63,September 2020,187499,2000,1348,188151,2025-10-16
754,63,October 2020,187499,3000,1750,188749,2024-02-24
755,63,November 2020,187499,3000,787,189712,2022-01-23
756,63,December 2020,187499,2000,435,189064,2022-02-23
757,64,January 2020,206918,2000,19,208899,2022-08-09
758,64,February 2020,206918,1000,427,207491,2022-09-30
759,64,March 2020,206918,1000,1665,206253,2025-09-19
760,64,April 2020,206918,2000,1590,207328,2024-06-18
761,64,May 2020,206918,3000,646,209272,2024-10-17
762,64,June 2020,206918,1000,849,207069,2025-09-16
763,64,July 2020,206918,1000,1928,205990,2024-07-02
764,64,August 2020,206918,0,958,205960,2025-12-03
765,64,September 2020,206918,2000,217,208701,2024-05-19
766,64,October 2020,206918,1000,892,207026,2024-08-05
767,64,November 2020,206918,2000,1646,207272,2023-02-19
768,64,December 2020,206918,3000,103,209815,2023-06-25
769,65,January 2020,200875,0,1363,199512,2024-08-03
770,65,February 2020,200875,1000,36,201839,2025-01-17
771,65,March 2020,200875,3000,655,203220,2025-08-19
772,65,April 2020,200875,0,718,200157,2025-03-29
773,65,May 2020,200875,1000,1575,200300,2024-04-30
774,65,June 2020,200875,1000,1315,200560,2025-12-06
775,65,July 2020,200875,2000,325,202550,2023-05-10
776,65,August 2020,200875,3000,1420,202455,2023-07-30
777,65,September 2020,200875,1000,1928,199947,2023-05-03
778,65,October 2020,200875,3000,197,203678,2025-10-05
779,65,November 2020,200875,0,668,200207,2023-04-19
780,65,December 2020,200875,2000,1489,201386,2025-09-18
781,66,January 2020,161844,2000,325,163519,2024-11-02
782,66,February 2020,161844,3000,1332,163512,2022-05-12
783,66,March 2020,161844,3000,1821,163023,2022-12-07
784,66,April 2020,161844,3000,1280,163564,2023-11-18
785,66,May 2020,161844,2000,368,163476,2022-08-04
786,66,June 2020,161844,0,609,161235,2023-07-31
787,66,July 2020,161844,3000,1568,163276,2025-05-06
788,66,August 2020,161844,3000,1454,163390,2022-01-16
789,66,September 2020,161844,3000,711,164133,2025-01-19
790,66,October 2020,161844,1000,1914,160930,2024-09-17
791,66,November 2020,161844,1000,866,161978,2024-09-17
792,66,December 2020,161844,0,545,161299,2022-07-21
793,67,January 2020,288748,1000,1675,288073,2022-03-04
794,67,February 2020,288748,1000,889,288859,2022-09-19
795,67,March 2020,288748,2000,748,290000,2022-04-12
796,67,April 2020,288748,0,1670,287078,2022-10-02
797,67,May 2020,288748,0,112,288636,2024-08-14
798,67,June 2020,288748,2000,398,290350,2025-03-18
799,67,July 2020,288748,1000,49,289699,2022-05-30
800,67,August 2020,288748,1000,932,288816,2023-04-10
801,67,September 2020,288748,1000,1083,288665,2022-12-12
802,67,October 2020,288748,3000,892,290856,2023-08-18
803,67,November 2020,288748,2000,528,290220,2024-01-11
804,67,December 2020,288748,2000,1925,288823,2025-03-14
805,68,January 2020,216651,2000,569,218082,2024-07-01
806,68,February 2020,216651,1000,1310,216341,2023-02-24
807,68,March 2020,216651,2000,1166,217485,2022-01-05
808,68,April 2020,216651,1000,1423,216228,2025-06-07
809,68,May 2020,216651,0,456,216195,2024-03-05
810,68,June 2020,216651,3000,1431,218220,2025-05-08
811,68,July 2020,216651,3000,1946,217705,2025-04-19
812,68,August 2020,216651,1000,1010,216641,2022-08-20
813,68,September 2020,216651,1000,1256,216395,2025-02-04
814,68,October 2020,216651,3000,950,218701,2023-11-19
815,68,November 2020,216651,2000,1598,217053,2025-10-07
816,68,December 2020,216651,0,130,216521,2023-08-20
817,69,January 2020,240004,3000,1223,241781,2025-08-09
818,69,February 2020,240004,2000,821,241183,2024-07-29
819,69,March 2020,240004,2000,11,241993,2025-01-28
820,69,April 2020,240004,0,622,239382,2022-02-05
821,69,May 2020,240004,2000,1999,240005,2022-12-24
822,69,June 2020,240004,0,468,239536,2022-02-11
823,69,July 2020,240004,0,1174,238830,2023-10-06
824,69,August 2020,240004,3000,613,242391,2025-05-26
825,69,September 2020,240004,0,1212,238792,2024-01-19
826,69,October 2020,240004,1000,1952,239052,2022-04-11
827,69,November 2020,240004,3000,1042,241962,2025-03-20
828,69,December 2020,240004,0,1228,238776,2025-02-05
829,70,January 2020,157123,1000,149,157974,2023-11-22
830,70,February 2020,157123,3000,453,159670,2023-01-26
831,70,March 2020,157123,2000,208,158915,2024-12-23
832,70,April 2020,157123,0,1494,155629,2023-06-23
833,70,May 2020,157123,2000,1493,157630,2024-04-13
834,70,June 2020,157123,1000,1012,157111,2022-02-09
835,70,July 2020,157123,3000,1852,158271,2024-05-04
836,70,August 2020,157123,3000,1346,158777,2024-02-16
837,70,September 2020,157123,1000,1136,156987,2025-08-31
838,70,October 2020,157123,1000,80,158043,2025-11-20
839,70,November 2020,157123,1000,1541,156582,2022-10-18
840,70,December 2020,157123,2000,776,158347,2022-03-31
841,71,January 2020,134334,0,1049,133285,2025-11-21
842,71,February 2020,134334,1000,416,134918,2022-07-01
843,71,March 2020,134334,2000,293,136041,2024-05-23
844,71,April 2020,134334,3000,1508,135826,2025-09-26
845,71,May 2020,134334,2000,1037,135297,2022-01-20
846,71,June 2020,134334,1000,1297,134037,2024-11-23
847,71,July 2020,134334,0,1084,133250,2023-11-04
848,71,August 2020,134334,3000,950,136384,2023-08-14
849,71,September 2020,134334,2000,1291,135043,2023-06-16
850,71,October 2020,134334,3000,920,136414,2025-02-02
851,71,November 2020,134334,2000,208,136126,2024-10-20
852,71,December 2020,134334,1000,1865,133469,2025-06-28
853,72,January 2020,95743,0,1054,94689,2023-06-08
854,72,February 2020,95743,3000,1547,97196,2024-03-02
855,72,March 2020,95743,3000,1965,96778,2025-01-29
856,72,April 2020,95743,3000,2,98741,2025-07-05
857,72,May 2020,95743,0,1819,93924,2024-06-07
858,72,June 2020,95743,3000,1107,97636,2024-01-25
859,72,July 2020,95743,2000,37,97706,2024-03-10
860,72,August 2020,95743,0,180,95563,2023-02-04
861,72,September 2020,95743,2000,1201,96542,2022-06-28
862,72,October 2020,95743,2000,1995,95748,2025-05-02
863,72,November 2020,95743,3000,1562,97181,2025-08-04
864,72,December 2020,95743,0,1397,94346,2022-06-25
865,73,January 2020,247307,1000,1348,246959,2023-04-24
866,73,February 2020,247307,1000,1721,246586,2023-03-04
867,73,March 2020,247307,3000,310,249997,2022-12-21
868,73,April 2020,247307,1000,620,247687,2024-01-27
869,73,May 2020,247307,1000,1698,246609,2023-11-07
870,73,June 2020,247307,2000,1824,247483,2025-09-01
871,73,July 2020,247307,1000,1699,246608,2023-04-13
872,73,August 2020,247307,2000,929,248378,2022-10-17
873,73,September 2020,247307,0,1399,245908,2023-06-04
874,73,October 2020,247307,3000,1246,249061,2025-05-18
875,73,November 2020,247307,1000,625,247682,2024-11-18
876,73,December 2020,247307,0,1017,246290,2022-05-28
877,74,January 2020,160944,2000,1531,161413,2023-01-30
878,74,February 2020,160944,3000,108,163836,2023-06-12
879,74,March 2020,160944,0,884,160060,2025-08-20
880,74,April 2020,160944,3000,1252,162692,2024-04-03
881,74,May 2020,160944,1000,139,161805,2023-04-07
882,74,June 2020,160944,2000,1093,161851,2025-09-29
883,74,July 2020,160944,3000,202,163742,2024-07-31
884,74,August 2020,160944,0,1991,158953,2025-06-08
885,74,September 2020,160944,1000,68,161876,2025-03-06
886,74,October 2020,160944,2000,258,162686,2023-07-16
887,74,November 2020,160944,3000,1443,162501,2022-03-22
888,74,December 2020,160944,3000,1038,162906,2022-02-14
889,75,January 2020,118200,0,563,117637,2022-04-09
890,75,February 2020,118200,2000,1163,119037,2022-03-25
891,75,March 2020,118200,0,327,117873,2022-02-10
892,75,April 2020,118200,1000,1294,117906,2023-04-27
893,75,May 2020,118200,0,1216,116984,2022-06-16
894,75,June 2020,118200,0,869,117331,2023-01-10
895,75,July 2020,118200,1000,501,118699,2025-09-11
896,75,August 2020,118200,1000,1194,118006,2025-10-23
897,75,September 2020,118200,2000,681,119519,2025-12-14
898,75,October 2020,118200,1000,481,118719,2024-11-24
899,75,November 2020,118200,2000,1749,118451,2022-04-25
900,75,December 2020,118200,0,891,117309,2022-07-13
901,76,January 2020,147018,1000,1329,146689,2024-10-01
902,76,February 2020,147018,1000,223,147795,2022-09-13
903,76,March 2020,147018,1000,672,147346,2022-06-18
904,76,April 2020,147018,0,1902,145116,2022-07-17
905,76,May 2020,147018,0,872,146146,2025-02-11
906,76,June 2020,147018,1000,267,147751,2022-04-18
907,76,July 2020,147018,0,604,146414,2023-05-30
908,76,August 2020,147018,3000,1487,148531,2022-09-11
909,76,September 2020,147018,3000,1632,148386,2023-09-10
910,76,October 2020,147018,2000,1701,147317,2025-07-29
911,76,November 2020,147018,1000,632,147386,2025-04-30
912,76,December 2020,147018,2000,1572,147446,2025-11-28
913,77,January 2020,199270,1000,1073,199197,2022-08-28
914,77,February 2020,199270,0,1809,197461,2024-04-09
915,77,March 2020,199270,0,234,199036,2022-01-18
916,77,April 2020,199270,0,1811,197459,2023-06-10
917,77,May 2020,199270,1000,1399,198871,2025-11-08
918,77,June 2020,199270,2000,1268,200002,2022-11-03
919,77,July 2020,199270,0,1393,197877,2023-05-09
920,77,August 2020,199270,1000,771,199499,2024-08-26
921,77,September 2020,199270,3000,1583,200687,2024-06-18
922,77,October 2020,199270,0,1699,197571,2022-09-04
923,77,November 2020,199270,2000,1106,200164,2025-04-18
924,77,December 2020,199270,2000,1715,199555,2025-01-06
925,78,January 2020,91578,3000,783,93795,2024-07-05
926,78,February 2020,91578,3000,1345,93233,2022-12-18
927,78,March 2020,91578,3000,1878,92700,2022-03-21
928,78,April 2020,91578,2000,60,93518,2023-08-15
929,78,May 2020,91578,1000,0,92578,2022-01-06
930,78,June 2020,91578,0,1083,90495,2023-11-10
931,78,July 2020,91578,0,1218,90360,2022-04-03
932,78,August 2020,91578,2000,1986,91592,2022-11-12
933,78,September 2020,91578,1000,7,92571,2024-05-08
934,78,October 2020,91578,0,1621,89957,2023-09-08
935,78,November 2020,91578,2000,1714,91864,2024-12-21
936,78,December 2020,91578,1000,1847,90731,2022-01-22
937,79,January 2020,205916,0,412,205504,2024-11-19
938,79,February 2020,205916,0,1950,203966,2022-07-27
939,79,March 2020,205916,0,1880,204036,2023-03-04
940,79,April 2020,205916,1000,924,205992,2024-11-29
941,79,May 2020,205916,1000,756,206160,2023-07-27
942,79,June 2020,205916,3000,409,208507,2023-10-12
943,79,July 2020,205916,1000,874,206042,2024-04-08
944,79,August 2020,205916,3000,1307,207609,2025-07-04
945,79,September 2020,205916,0,1084,204832,2024-10-05
946,79,October 2020,205916,2000,1051,206865,2023-03-10
947,79,November 2020,205916,1000,1398,205518,2024-02-06
948,79,December 2020,205916,0,880,205036,2023-12-22
949,80,January 2020,216276,3000,250,219026,2022-02-01
950,80,February 2020,216276,0,1971,214305,2024-08-17
951,80,March 2020,216276,3000,1019,218257,2025-09-29
952,80,April 2020,216276,0,1395,214881,2024-10-31
953,80,May 2020,216276,2000,1251,217025,2025-12-18
954,80,June 2020,216276,3000,14,219262,2025-11-11
955,80,July 2020,216276,2000,1996,216280,2023-05-01
956,80,August 2020,216276,2000,1093,217183,2024-09-12
957,80,September 2020,216276,0,777,215499,2024-10-12
958,80,October 2020,216276,0,1166,215110,2025-05-19
959,80,November 2020,216276,0,1834,214442,2023-09-10
960,80,December 2020,216276,0,1866,214410,2025-11-07
961,81,January 2020,240797,2000,329,242468,2025-03-28
962,81,February 2020,240797,1000,958,240839,2022-05-03
963,81,March 2020,240797,3000,59,243738,2024-01-05
964,81,April 2020,240797,2000,1539,241258,2023-02-18
965,81,May 2020,240797,3000,1881,241916,2022-04-01
966,81,June 2020,240797,1000,403,241394,2024-07-04
967,81,July 2020,240797,2000,434,242363,2025-08-05
968,81,August 2020,240797,1000,1110,240687,2025-05-20
969,81,September 2020,240797,3000,1768,242029,2023-05-22
970,81,October 2020,240797,2000,143,242654,2023-12-10
971,81,November 2020,240797,1000,1658,240139,2023-03-15
972,81,December 2020,240797,0,1330,239467,2025-09-07
973,82,January 2020,189615,3000,1617,190998,2024-02-16
974,82,February 2020,189615,3000,1350,191265,2024-06-28
975,82,March 2020,189615,0,70,189545,2025-01-26
976,82,April 2020,189615,2000,883,190732,2025-10-02
977,82,May 2020,189615,1000,986,189629,2025-07-27
978,82,June 2020,189615,2000,1372,190243,2024-04-13
979,82,July 2020,189615,1000,151,190464,2025-01-06
980,82,August 2020,189615,3000,1943,190672,2022-10-05
981,82,September 2020,189615,1000,1887,188728,2024-01-11
982,82,October 2020,189615,0,1234,188381,2022-02-02
983,82,November 2020,189615,1000,1897,188718,2024-11-07
984,82,December 2020,189615,1000,295,190320,2025-02-24
985,83,January 2020,146485,1000,1751,145734,2025-03-23
986,83,February 2020,146485,1000,313,147172,2022-07-04
987,83,March 2020,146485,2000,773,147712,2025-04-09
988,83,April 2020,146485,2000,1953,146532,2025-02-15
989,83,May 2020,146485,2000,786,147699,2024-07-02
990,83,June 2020,146485,0,1870,144615,2023-03-31
991,83,July 2020,146485,1000,1678,145807,2025-09-11
992,83,August 2020,146485,0,625,145860,2022-08-07
993,83,September 2020,146485,1000,1870,145615,2022-03-09
994,83,October 2020,146485,2000,1289,147196,2024-09-21
995,83,November 2020,146485,1000,192,147293,2023-11-13
996,83,December 2020,146485,0,1675,144810,2025-08-19
997,84,January 2020,261399,2000,612,262787,2023-11-12
998,84,February 2020,261399,2000,1198,262201,2023-03-25
999,84,March 2020,261399,0,1963,259436,2023-03-21
1000,84,April 2020,261399,1000,563,261836,2025-07-10
1001,84,May 2020,261399,0,1213,260186,2022-09-20
1002,84,June 2020,261399,1000,1170,261229,2023-03-22
1003,84,July 2020,261399,3000,456,263943,2022-09-14
1004,84,August 2020,261399,2000,1931,261468,2023-05-06
1005,84,September 2020,261399,1000,346,262053,2024-09-04
1006,84,October 2020,261399,1000,611,261788,2022-04-10
1007,84,November 2020,261399,0,1140,260259,2022-03-19
1008,84,December 2020,261399,2000,1914,261485,2024-01-11
1009,85,January 2020,89691,2000,124,91567,2025-07-08
1010,85,February 2020,89691,0,1574,88117,2022-07-02
1011,85,March 2020,89691,0,1049,88642,2023-09-04
1012,85,April 2020,89691,0,1115,88576,2022-08-18
1013,85,May 2020,89691,3000,871,91820,2024-01-30
1014,85,June 2020,89691,3000,1583,91108,2024-03-28
1015,85,July 2020,89691,3000,1012,91679,2022-08-31
1016,85,August 2020,89691,2000,624,91067,2024-11-08
1017,85,September 2020,89691,1000,1523,89168,2023-03-29
1018,85,October 2020,89691,1000,302,90389,2023-04-20
1019,85,November 2020,89691,2000,642,91049,2023-10-20
1020,85,December 2020,89691,3000,657,92034,2025-07-19
1021,86,January 2020,83739,1000,1765,82974,2024-04-18
1022,86,February 2020,83739,1000,133,84606,2025-04-19
1023,86,March 2020,83739,2000,203,85536,2023-03-30
1024,86,April 2020,83739,1000,1146,83593,2023-11-05
1025,86,May 2020,83739,2000,984,84755,2022-08-07
1026,86,June 2020,83739,3000,27,86712,2024-03-25
1027,86,July 2020,83739,0,1711,82028,2024-02-08
1028,86,August 2020,83739,0,186,83553,2025-05-19
1029,86,September 2020,83739,2000,45,85694,2022-02-06
1030,86,October 2020,83739,2000,1483,84256,2025-12-10
1031,86,November 2020,83739,0,1852,81887,2024-10-02
1032,86,December 2020,83739,2000,1005,84734,2025-09-09
1033,87,January 2020,154300,0,908,153392,2023-05-30
1034,87,February 2020,154300,2000,1180,155120,2025-05-12
1035,87,March 2020,154300,1000,1354,153946,2024-10-02
1036,87,April 2020,154300,0,713,153587,2022-08-13
1037,87,May 2020,154300,0,147,154153,2022-04-16
1038,87,June 2020,154300,0,523,153777,2025-12-28
1039,87,July 2020,154300,2000,226,156074,2023-05-20
1040,87,August 2020,154300,2000,930,155370,2023-12-15
1041,87,September 2020,154300,2000,721,155579,2023-02-24
1042,87,October 2020,154300,3000,1022,156278,2022-11-18
1043,87,November 2020,154300,0,1144,153156,2024-08-21
1044,87,December 2020,154300,2000,1570,154730,2024-08-21
1045,88,January 2020,96918,1000,1610,96308,2022-07-09
1046,88,February 2020,96918,0,393,96525,2023-07-01
1047,88,March 2020,96918,0,416,96502,2024-08-26
1048,88,April 2020,96918,0,855,96063,2025-08-17
1049,88,May 2020,96918,1000,1816,96102,2024-04-20
1050,88,June 2020,96918,0,1547,95371,2024-04-22
1051,88,July 2020,96918,1000,1100,96818,2022-08-19
1052,88,August 2020,96918,2000,33,98885,2024-10-29
1053,88,September 2020,96918,1000,396,97522,2024-11-08
1054,88,October 2020,96918,3000,1118,98800,2025-05-02
1055,88,November 2020,96918,0,835,96083,2025-07-05
1056,88,December 2020,96918,2000,204,98714,2022-06-27
1057,89,January 2020,79647,3000,943,81704,2025-12-24
1058,89,February 2020,79647,3000,305,82342,2023-08-28
1059,89,March 2020,79647,1000,1840,78807,2023-04-19
1060,89,April 2020,79647,3000,304,82343,2024-01-04
1061,89,May 2020,79647,2000,1886,79761,2023-03-05
1062,89,June 2020,79647,0,1534,78113,2022-04-20
1063,89,July 2020,79647,0,1485,78162,2025-12-27
1064,89,August 2020,79647,0,1371,78276,2022-12-04
1065,89,September 2020,79647,1000,845,79802,2024-01-13
1066,89,October 2020,79647,1000,801,79846,2025-04-12
1067,89,November 2020,79647,3000,695,81952,2025-08-30
1068,89,December 2020,79647,1000,1157,79490,2023-09-03
1069,90,January 2020,98937,3000,555,101382,2022-10-11
1070,90,February 2020,98937,0,652,98285,2022-10-05
1071,90,March 2020,98937,0,912,98025,2022-01-04
1072,90,April 2020,98937,2000,150,100787,2023-06-22
1073,90,May 2020,98937,1000,1948,97989,2024-11-05
1074,90,June 2020,98937,2000,1374,99563,2024-02-01
1075,90,July 2020,98937,2000,33,100904,2025-06-29
1076,90,August 2020,98937,0,1650,97287,2023-03-09
1077,90,September 2020,98937,2000,490,100447,2025-07-27
1078,90,October 2020,98937,0,1470,97467,2022-02-19
1079,90,November 2020,98937,0,1910,97027,2025-12-06
1080,90,December 2020,98937,3000,498,101439,2022-07-14
1081,91,January 2020,180135,1000,1319,179816,2025-04-24
1082,91,February 2020,180135,2000,1428,180707,2024-03-20
1083,91,March 2020,180135,1000,1667,179468,2023-12-21
1084,91,April 2020,180135,2000,1145,180990,2024-08-06
1085,91,May 2020,180135,1000,414,180721,2023-04-28
1086,91,June 2020,180135,1000,1139,179996,2025-11-29
1087,91,July 2020,180135,0,1055,179080,2025-04-28
1088,91,August 2020,180135,3000,62,183073,2025-02-14
1089,91,September 2020,180135,3000,786,182349,2023-12-09
1090,91,October 2020,180135,0,835,179300,2022-07-28
1091,91,November 2020,180135,1000,1852,179283,2022-02-06
1092,91,December 2020,180135,0,1679,178456,2024-08-08
1093,92,January 2020,253913,0,265,253648,2023-09-16
1094,92,February 2020,253913,0,778,253135,2024-02-10
1095,92,March 2020,253913,3000,864,256049,2025-11-30
1096,92,April 2020,253913,0,1334,252579,2024-05-19
1097,92,May 2020,253913,2000,1676,254237,2022-04-20
1098,92,June 2020,253913,0,997,252916,2023-10-04
1099,92,July 2020,253913,2000,1208,254705,2023-10-03
1100,92,August 2020,253913,1000,265,254648,2024-06-22
1101,92,September 2020,253913,0,1294,252619,2023-11-01
1102,92,October 2020,253913,1000,549,254364,2023-03-11
1103,92,November 2020,253913,1000,1099,253814,2024-07-12
1104,92,December 2020,253913,2000,1816,254097,2022-02-07
1105,93,January 2020,109997,0,1061,108936,2022-01-27
1106,93,February 2020,109997,1000,501,110496,2024-06-20
1107,93,March 2020,109997,2000,1494,110503,2022-02-13
1108,93,April 2020,109997,3000,35,112962,2025-12-30
1109,93,May 2020,109997,0,1518,108479,2025-12-14
1110,93,June 2020,109997,1000,616,110381,2024-05-10
1111,93,July 2020,109997,0,651,109346,2023-04-15
1112,93,August 2020,109997,2000,1995,110002,2023-04-21
1113,93,September 2020,109997,0,467,109530,2023-10-29
1114,93,October 2020,109997,2000,1223,110774,2023-01-05
1115,93,November 2020,109997,0,962,109035,2025-07-28
1116,93,December 2020,109997,2000,247,111750,2024-05-18
1117,94,January 2020,212855,1000,610,213245,2022-12-18
1118,94,February 2020,212855,2000,550,214305,2025-06-27
1119,94,March 2020,212855,2000,789,214066,2024-11-23
1120,94,April 2020,212855,1000,200,213655,2023-02-11
1121,94,May 2020,212855,0,752,212103,2022-01-18
1122,94,June 2020,212855,3000,281,215574,2022-11-28
1123,94,July 2020,212855,2000,1329,213526,2025-12-26
1124,94,August 2020,212855,1000,707,213148,2025-12-17
1125,94,September 2020,212855,1000,378,213477,2023-11-02
1126,94,October 2020,212855,2000,92,214763,2024-06-06
1127,94,November 2020,212855,3000,847,215008,2024-07-14
1128,94,December 2020,212855,0,20,212835,2024-02-17
1129,95,January 2020,77451,2000,586,78865,2025-06-16
1130,95,February 2020,77451,0,1363,76088,2024-05-27
1131,95,March 2020,77451,1000,846,77605,2023-06-26
1132,95,April 2020,77451,1000,228,78223,2024-02-04
1133,95,May 2020,77451,0,1945,75506,2023-09-15
1134,95,June 2020,77451,2000,821,78630,2023-02-22
1135,95,July 2020,77451,1000,113,78338,2022-04-10
1136,95,August 2020,77451,2000,1859,77592,2024-02-11
1137,95,September 2020,77451,3000,636,79815,2025-11-06
1138,95,October 2020,77451,0,1717,75734,2023-01-28
1139,95,November 2020,77451,1000,496,77955,2025-06-10
1140,95,December 2020,77451,0,62,77389,2022-07-15
1141,96,January 2020,263370,1000,1608,262762,2024-06-17
1142,96,February 2020,263370,0,1302,262068,2023-03-07
1143,96,March 2020,263370,1000,1555,262815,2025-07-25
1144,96,April 2020,263370,3000,950,265420,2022-10-16
1145,96,May 2020,263370,0,1735,261635,2022-03-05
1146,96,June 2020,263370,3000,1476,264894,2022-01-04
1147,96,July 2020,263370,0,1358,262012,2025-09-09
1148,96,August 2020,263370,2000,1727,263643,2025-03-24
1149,96,September 2020,263370,3000,1486,264884,2023-04-18
1150,96,October 2020,263370,2000,1862,263508,2022-04-02
1151,96,November 2020,263370,3000,1649,264721,2023-07-07
1152,96,December 2020,263370,2000,421,264949,2023-10-09
1153,97,January 2020,119045,3000,478,121567,2024-12-30
1154,97,February 2020,119045,0,1753,117292,2025-03-24
1155,97,March 2020,119045,2000,581,120464,2022-11-08
1156,97,April 2020,119045,2000,1405,119640,2023-06-18
1157,97,May 2020,119045,0,1543,117502,2024-01-06
1158,97,June 2020,119045,0,175,118870,2023-04-29
1159,97,July 2020,119045,0,1170,117875,2022-10-14
1160,97,August 2020,119045,0,1012,118033,2022-01-29
1161,97,September 2020,119045,1000,140,119905,2024-12-15
1162,97,October 2020,119045,1000,544,119501,2022-12-20
1163,97,November 2020,119045,2000,1786,119259,2025-12-19
1164,97,December 2020,119045,2000,870,120175,2025-01-29
1165,98,January 2020,152483,3000,142,155341,2024-01-23
1166,98,February 2020,152483,0,1517,150966,2023-07-22
1167,98,March 2020,152483,3000,1552,153931,2025-10-24
1168,98,April 2020,152483,2000,1672,152811,2023-08-18
1169,98,May 2020,152483,1000,79,153404,2024-06-16
1170,98,June 2020,152483,0,593,151890,2025-09-12
1171,98,July 2020,152483,1000,787,152696,2025-02-17
1172,98,August 2020,152483,1000,653,152830,2025-01-24
1173,98,September 2020,152483,0,80,152403,2022-07-26
1174,98,October 2020,152483,1000,996,152487,2025-02-17
1175,98,November 2020,152483,1000,1116,152367,2022-10-24
1176,98,December 2020,152483,3000,1795,153688,2023-02-27
1177,99,January 2020,164758,3000,1422,166336,2023-06-13
1178,99,February 2020,164758,2000,916,165842,2024-05-15
1179,99,March 2020,164758,2000,1410,165348,2024-04-24
1180,99,April 2020,164758,1000,1726,164032,2023-01-11
1181,99,May 2020,164758,2000,736,166022,2022-10-14
1182,99,June 2020,164758,2000,1103,165655,2022-09-28
1183,99,July 2020,164758,2000,1494,165264,2025-11-02
1184,99,August 2020,164758,1000,1278,164480,2023-07-27
1185,99,September 2020,164758,3000,1767,165991,2023-12-10
1186,99,October 2020,164758,3000,733,167025,2024-04-25
1187,99,November 2020,164758,2000,1396,165362,2025-01-20
1188,99,December 2020,164758,2000,716,166042,2025-06-28
1189,100,January 2020,257671,3000,932,259739,2024-10-19
1190,100,February 2020,257671,0,1375,256296,2023-06-14
1191,100,March 2020,257671,1000,1257,257414,2024-05-06
1192,100,April 2020,257671,0,1251,256420,2023-01-27
1193,100,May 2020,257671,0,1392,256279,2025-08-28
1194,100,June 2020,257671,3000,1911,258760,2024-12-07
1195,100,July 2020,257671,1000,305,258366,2025-08-17
1196,100,August 2020,257671,2000,353,259318,2025-02-22
1197,100,September 2020,257671,1000,339,258332,2022-03-08
1198,100,October 2020,257671,1000,363,258308,2025-06-30
1199,100,November 2020,257671,0,1623,256048,2025-11-06
1200,100,December 2020,257671,3000,988,259683,2022-06-13
1201,101,January 2020,239014,0,323,238691,2025-07-20
1202,101,February 2020,239014,0,1406,237608,2023-03-29
1203,101,March 2020,239014,3000,1266,240748,2022-02-12
1204,101,April 2020,239014,3000,506,241508,2022-09-11
1205,101,May 2020,239014,0,406,238608,2023-03-26
1206,101,June 2020,239014,0,1227,237787,2022-09-18
1207,101,July 2020,239014,3000,487,241527,2023-12-19
1208,101,August 2020,239014,1000,1630,238384,2024-12-26
1209,101,September 2020,239014,3000,1761,240253,2024-06-22
1210,101,October 2020,239014,2000,1044,239970,2022-08-24
1211,101,November 2020,239014,3000,181,241833,2024-08-02
1212,101,December 2020,239014,3000,976,241038,2025-09-22
1213,102,January 2020,102272,3000,1783,103489,2022-02-03
1214,102,February 2020,102272,1000,494,102778,2024-04-28
1215,102,March 2020,102272,3000,907,104365,2024-03-16
1216,102,April 2020,102272,0,1497,100775,2023-04-02
1217,102,May 2020,102272,3000,1802,103470,2023-08-28
1218,102,June 2020,102272,0,1765,100507,2025-04-19
1219,102,July 2020,102272,0,121,102151,2022-09-22
1220,102,August 2020,102272,1000,813,102459,2022-08-16
1221,102,September 2020,102272,1000,550,102722,2024-08-12
1222,102,October 2020,102272,1000,1724,101548,2022-06-01
1223,102,November 2020,102272,3000,227,105045,2023-07-17
1224,102,December 2020,102272,1000,1302,101970,2023-12-05
1225,103,January 2020,251422,0,496,250926,2025-01-25
1226,103,February 2020,251422,1000,817,251605,2022-03-11
1227,103,March 2020,251422,2000,669,252753,2022-07-03
1228,103,April 2020,251422,2000,1892,251530,2022-11-18
1229,103,May 2020,251422,1000,910,251512,2022-12-02
1230,103,June 2020,251422,0,786,250636,2022-10-29
1231,103,July 2020,251422,1000,993,251429,2023-07-31
1232,103,August 2020,251422,0,400,251022,2023-03-08
1233,103,September 2020,251422,1000,759,251663,2023-05-06
1234,103,October 2020,251422,0,270,251152,2025-09-23
1235,103,November 2020,251422,1000,1938,250484,2023-10-17
1236,103,December 2020,251422,2000,1414,252008,2024-03-03
1237,104,January 2020,218340,1000,1112,218228,2023-03-27
1238,104,February 2020,218340,1000,368,218972,2025-10-07
1239,104,March 2020,218340,2000,1613,218727,2025-06-13
1240,104,April 2020,218340,2000,762,219578,2025-04-21
1241,104,May 2020,218340,0,573,217767,2023-01-24
1242,104,June 2020,218340,1000,1938,217402,2023-06-14
1243,104,July 2020,218340,1000,1968,217372,2025-06-13
1244,104,August 2020,218340,2000,1003,219337,2025-05-15
1245,104,September 2020,218340,2000,1889,218451,2023-11-09
1246,104,October 2020,218340,1000,406,218934,2025-07-25
1247,104,November 2020,218340,2000,1755,218585,2023-06-22
1248,104,December 2020,218340,0,796,217544,2022-05-20
1249,105,January 2020,251237,3000,409,253828,2022-07-06
1250,105,February 2020,251237,0,1217,250020,2024-12-09
1251,105,March 2020,251237,3000,806,253431,2022-12-26
1252,105,April 2020,251237,3000,420,253817,2025-03-03
1253,105,May 2020,251237,2000,1521,251716,2024-07-25
1254,105,June 2020,251237,0,1116,250121,2023-05-27
1255,105,July 2020,251237,2000,762,252475,2024-02-28
1256,105,August 2020,251237,0,1504,249733,2024-04-28
1257,105,September 2020,251237,1000,1316,250921,2022-08-05
1258,105,October 2020,251237,1000,684,251553,2022-05-26
1259,105,November 2020,251237,0,1736,249501,2024-02-20
1260,105,December 2020,251237,1000,483,251754,2023-03-25
1261,106,January 2020,202639,3000,269,205370,2025-05-14
1262,106,February 2020,202639,1000,828,202811,2025-04-25
1263,106,March 2020,202639,1000,1786,201853,2023-12-30
1264,106,April 2020,202639,3000,1866,203773,2024-02-13
1265,106,May 2020,202639,0,884,201755,2025-07-25
1266,106,June 2020,202639,0,1192,201447,2024-04-08
1267,106,July 2020,202639,2000,1935,202704,2024-09-07
1268,106,August 2020,202639,1000,1777,201862,2024-09-04
1269,106,September 2020,202639,0,1280,201359,2024-05-07
1270,106,October 2020,202639,2000,663,203976,2024-01-17
1271,106,November 2020,202639,0,1079,201560,2022-07-31
1272,106,December 2020,202639,0,33,202606,2022-08-31
1273,107,January 2020,216785,1000,1892,215893,2022-07-27
1274,107,February 2020,216785,0,1013,215772,2025-01-20
1275,107,March 2020,216785,1000,1639,216146,2022-02-12
1276,107,April 2020,216785,3000,79,219706,2024-01-12
1277,107,May 2020,216785,0,316,216469,2023-06-23
1278,107,June 2020,216785,3000,1208,218577,2025-09-28
1279,107,July 2020,216785,2000,1991,216794,2025-10-11
1280,107,August 2020,216785,3000,1325,218460,2024-07-15
1281,107,September 2020,216785,3000,318,219467,2024-09-18
1282,107,October 2020,216785,0,475,216310,2025-04-13
1283,107,November 2020,216785,2000,543,218242,2022-12-24
1284,107,December 2020,216785,0,1953,214832,2025-08-03
1285,108,January 2020,151040,2000,1970,151070,2023-12-07
1286,108,February 2020,151040,2000,843,152197,2025-05-10
1287,108,March 2020,151040,2000,937,152103,2025-10-28
1288,108,April 2020,151040,2000,177,152863,2023-03-06
1289,108,May 2020,151040,2000,727,152313,2024-04-09
1290,108,June 2020,151040,0,1602,149438,2025-08-21
1291,108,July 2020,151040,3000,264,153776,2022-10-07
1292,108,August 2020,151040,3000,1580,152460,2025-10-26
1293,108,September 2020,151040,0,90,150950,2024-11-14
1294,108,October 2020,151040,1000,960,151080,2023-06-22
1295,108,November 2020,151040,1000,1055,150985,2025-06-10
1296,108,December 2020,151040,2000,823,152217,2025-10-12
1297,109,January 2020,173035,2000,365,174670,2023-09-25
1298,109,February 2020,173035,2000,263,174772,2023-04-18
1299,109,March 2020,173035,2000,1964,173071,2022-06-08
1300,109,April 2020,173035,0,1046,171989,2022-05-23
1301,109,May 2020,173035,1000,1900,172135,2022-08-27
1302,109,June 2020,173035,3000,1068,174967,2025-03-27
1303,109,July 2020,173035,0,1602,171433,2023-05-12
1304,109,August 2020,173035,0,353,172682,2025-08-14
1305,109,September 2020,173035,0,1846,171189,2024-06-29
1306,109,October 2020,173035,1000,982,173053,2022-04-08
1307,109,November 2020,173035,3000,401,175634,2022-12-30
1308,109,December 2020,173035,2000,758,174277,2024-04-15
1309,110,January 2020,106532,0,1966,104566,2023-07-31
1310,110,February 2020,106532,2000,1221,107311,2025-09-28
1311,110,March 2020,106532,3000,1047,108485,2024-09-04
1312,110,April 2020,106532,3000,1474,108058,2022-12-20
1313,110,May 2020,106532,1000,1232,106300,2025-08-09
1314,110,June 2020,106532,0,194,106338,2025-05-12
1315,110,July 2020,106532,1000,1498,106034,2022-09-03
1316,110,August 2020,106532,1000,570,106962,2024-04-13
1317,110,September 2020,106532,3000,1469,108063,2025-08-03
1318,110,October 2020,106532,0,361,106171,2024-09-21
1319,110,November 2020,106532,0,915,105617,2022-08-14
1320,110,December 2020,106532,3000,235,109297,2024-05-23
1321,111,January 2020,118568,3000,1130,120438,2022-04-01
1322,111,February 2020,118568,2000,1784,118784,2025-07-08
1323,111,March 2020,118568,2000,722,119846,2023-09-17
1324,111,April 2020,118568,1000,1884,117684,2024-10-30
1325,111,May 2020,118568,3000,1021,120547,2022-02-03
1326,111,June 2020,118568,2000,531,120037,2025-02-08
1327,111,July 2020,118568,3000,1742,119826,2022-09-08
1328,111,August 2020,118568,0,804,117764,2022-04-28
1329,111,September 2020,118568,0,876,117692,2023-04-26
1330,111,October 2020,118568,3000,1534,120034,2023-09-18
1331,111,November 2020,118568,2000,812,119756,2025-07-16
1332,111,December 2020,118568,2000,926,119642,2025-11-01
1333,112,January 2020,278809,3000,7,281802,2024-03-06
1334,112,February 2020,278809,3000,414,281395,2025-08-26
1335,112,March 2020,278809,3000,1433,280376,2024-08-14
1336,112,April 2020,278809,0,1837,276972,2023-06-04
1337,112,May 2020,278809,3000,1904,279905,2024-09-16
1338,112,June 2020,278809,3000,1231,280578,2022-07-02
1339,112,July 2020,278809,2000,1433,279376,2022-11-11
1340,112,August 2020,278809,0,290,278519,2023-03-28
1341,112,September 2020,278809,0,472,278337,2023-01-18
1342,112,October 2020,278809,3000,350,281459,2023-12-21
1343,112,November 2020,278809,1000,1370,278439,2023-07-20
1344,112,December 2020,278809,3000,1268,280541,2025-06-06
1345,113,January 2020,141309,3000,840,143469,2022-02-05
1346,113,February 2020,141309,2000,1527,141782,2022-04-06
1347,113,March 2020,141309,1000,1789,140520,2023-02-12
1348,113,April 2020,141309,2000,1551,141758,2025-10-04
1349,113,May 2020,141309,1000,462,141847,2024-01-16
1350,113,June 2020,141309,1000,485,141824,2022-12-16
1351,113,July 2020,141309,3000,1776,142533,2024-11-16
1352,113,August 2020,141309,2000,610,142699,2024-10-24
1353,113,September 2020,141309,0,629,140680,2024-05-31
1354,113,October 2020,141309,2000,526,142783,2023-09-22
1355,113,November 2020,141309,3000,40,144269,2024-05-05
1356,113,December 2020,141309,2000,1904,141405,2023-12-21
1357,114,January 2020,202567,1000,1996,201571,2023-09-05
1358,114,February 2020,202567,0,1061,201506,2025-10-08
1359,114,March 2020,202567,2000,800,203767,2022-11-29
1360,114,April 2020,202567,0,1141,201426,2022-06-23
1361,114,May 2020,202567,0,500,202067,2022-05-07
1362,114,June 2020,202567,0,756,201811,2024-11-25
1363,114,July 2020,202567,1000,67,203500,2025-02-28
1364,114,August 2020,202567,3000,1933,203634,2024-03-09
1365,114,September 2020,202567,1000,1047,202520,2022-05-26
1366,114,October 2020,202567,3000,24,205543,2022-10-20
1367,114,November 2020,202567,2000,1565,203002,2024-01-12
1368,114,December 2020,202567,0,76,202491,2023-10-15
1369,115,January 2020,189930,2000,777,191153,2022-09-06
1370,115,February 2020,189930,3000,1484,191446,2023-09-22
1371,115,March 2020,189930,3000,111,192819,2024-06-12
1372,115,April 2020,189930,0,242,189688,2022-02-10
1373,115,May 2020,189930,2000,793,191137,2023-01-06
1374,115,June 2020,189930,1000,649,190281,2022-09-17
1375,115,July 2020,189930,1000,1944,188986,2022-01-24
1376,115,August 2020,189930,3000,425,192505,2022-06-20
1377,115,September 2020,189930,1000,449,190481,2023-10-31
1378,115,October 2020,189930,1000,1715,189215,2024-01-25
1379,115,November 2020,189930,2000,801,191129,2024-08-23
1380,115,December 2020,189930,3000,943,191987,2024-09-13
1381,116,January 2020,176392,3000,784,178608,2022-04-16
1382,116,February 2020,176392,2000,191,178201,2025-09-28
1383,116,March 2020,176392,0,265,176127,2025-02-25
1384,116,April 2020,176392,2000,341,178051,2022-11-23
1385,116,May 2020,176392,0,89,176303,2022-09-23
1386,116,June 2020,176392,3000,1797,177595,2025-08-02
1387,116,July 2020,176392,3000,361,179031,2023-11-08
1388,116,August 2020,176392,2000,1471,176921,2024-01-14
1389,116,September 2020,176392,0,1935,174457,2023-01-11
1390,116,October 2020,176392,1000,163,177229,2023-02-23
1391,116,November 2020,176392,2000,1755,176637,2022-07-22
1392,116,December 2020,176392,1000,1873,175519,2024-05-30
1393,117,January 2020,242253,0,70,242183,2022-03-25
1394,117,February 2020,242253,1000,1272,241981,2024-06-17
1395,117,March 2020,242253,2000,1019,243234,2023-05-12
1396,117,April 2020,242253,0,841,241412,2024-08-21
1397,117,May 2020,242253,2000,1648,242605,2022-10-07
1398,117,June 2020,242253,1000,341,242912,2023-01-10
1399,117,July 2020,242253,2000,423,243830,2025-04-06
1400,117,August 2020,242253,1000,1908,241345,2022-06-22
1401,117,September 2020,242253,2000,449,243804,2024-12-19
1402,117,October 2020,242253,2000,565,243688,2022-07-10
1403,117,November 2020,242253,0,275,241978,2024-08-03
1404,117,December 2020,242253,0,1529,240724,2022-11-19
1405,118,January 2020,111043,1000,55,111988,2022-12-20
1406,118,February 2020,111043,0,1885,109158,2023-11-25
1407,118,March 2020,111043,0,884,110159,2025-12-10
1408,118,April 2020,111043,2000,399,112644,2024-04-27
1409,118,May 2020,111043,0,1132,109911,2023-06-10
1410,118,June 2020,111043,3000,1176,112867,2022-12-01
1411,118,July 2020,111043,2000,1807,111236,2023-07-07
1412,118,August 2020,111043,2000,1476,111567,2022-01-27
1413,118,September 2020,111043,3000,609,113434,2023-06-12
1414,118,October 2020,111043,2000,30,113013,2025-07-25
1415,118,November 2020,111043,1000,1527,110516,2023-01-28
1416,118,December 2020,111043,0,685,110358,2023-09-09
1417,119,January 2020,101563,0,1402,100161,2025-04-13
1418,119,February 2020,101563,3000,503,104060,2023-07-10
1419,119,March 2020,101563,3000,1826,102737,2024-11-16
1420,119,April 2020,101563,3000,1281,103282,2024-08-23
1421,119,May 2020,101563,1000,837,101726,2025-03-13
1422,119,June 2020,101563,1000,184,102379,2023-04-05
1423,119,July 2020,101563,2000,1336,102227,2023-12-20
1424,119,August 2020,101563,2000,449,103114,2024-05-18
1425,119,September 2020,101563,3000,287,104276,2025-01-27
1426,119,October 2020,101563,3000,427,104136,2023-05-16
1427,119,November 2020,101563,2000,1993,101570,2023-06-03
1428,119,December 2020,101563,2000,1964,101599,2023-05-26
1429,120,January 2020,202944,3000,1770,204174,2025-07-09
1430,120,February 2020,202944,3000,1782,204162,2023-08-25
1431,120,March 2020,202944,3000,360,205584,2023-10-31
1432,120,April 2020,202944,2000,44,204900,2023-10-19
1433,120,May 2020,202944,2000,887,204057,2022-03-30
1434,120,June 2020,202944,0,443,202501,2022-07-20
1435,120,July 2020,202944,2000,1499,203445,2022-04-18
1436,120,August 2020,202944,1000,2000,201944,2023-04-07
1437,120,September 2020,202944,2000,1843,203101,2022-01-10
1438,120,October 2020,202944,2000,1521,203423,2023-06-25
1439,120,November 2020,202944,2000,799,204145,2023-12-03
1440,120,December 2020,202944,1000,1177,202767,2025-01-21
1441,121,January 2020,281889,0,432,281457,2023-01-28
1442,121,February 2020,281889,1000,1924,280965,2025-04-15
1443,121,March 2020,281889,2000,1639,282250,2023-08-16
1444,121,April 2020,281889,3000,1045,283844,2023-06-23
1445,121,May 2020,281889,3000,1068,283821,2024-09-19
1446,121,June 2020,281889,2000,508,283381,2022-06-20
1447,121,July 2020,281889,2000,592,283297,2023-07-06
1448,121,August 2020,281889,2000,1534,282355,2023-01-08
1449,121,September 2020,281889,3000,1988,282901,2023-06-16
1450,121,October 2020,281889,2000,967,282922,2024-06-04
1451,121,November 2020,281889,2000,958,282931,2025-03-10
1452,121,December 2020,281889,1000,986,281903,2024-04-26
1453,122,January 2020,74494,3000,1766,75728,2023-02-02
1454,122,February 2020,74494,0,376,74118,2023-08-09
1455,122,March 2020,74494,2000,188,76306,2024-11-21
1456,122,April 2020,74494,1000,1979,73515,2025-01-07
1457,122,May 2020,74494,2000,319,76175,2025-11-05
1458,122,June 2020,74494,0,1799,72695,2025-10-06
1459,122,July 2020,74494,1000,411,75083,2025-11-17
1460,122,August 2020,74494,0,1614,72880,2022-09-03
1461,122,September 2020,74494,1000,835,74659,2025-10-05
1462,122,October 2020,74494,2000,1088,75406,2025-06-19
1463,122,November 2020,74494,1000,1103,74391,2022-02-05
1464,122,December 2020,74494,3000,1126,76368,2025-06-25
1465,123,January 2020,250240,2000,1401,250839,2025-11-19
1466,123,February 2020,250240,3000,1529,251711,2024-02-18
1467,123,March 2020,250240,2000,644,251596,2025-09-21
1468,123,April 2020,250240,0,381,249859,2025-04-10
1469,123,May 2020,250240,3000,601,252639,2025-07-20
1470,123,June 2020,250240,2000,733,251507,2023-03-06
1471,123,July 2020,250240,1000,700,250540,2024-05-15
1472,123,August 2020,250240,3000,1414,251826,2023-03-27
1473,123,September 2020,250240,1000,1441,249799,2022-10-25
1474,123,October 2020,250240,2000,1441,250799,2025-06-26
1475,123,November 2020,250240,2000,211,252029,2024-02-03
1476,123,December 2020,250240,1000,567,250673,2023-08-27
1477,124,January 2020,80154,3000,1374,81780,2022-08-13
1478,124,February 2020,80154,3000,484,82670,2023-01-15
1479,124,March 2020,80154,0,117,80037,2024-07-23
1480,124,April 2020,80154,3000,1796,81358,2025-05-27
1481,124,May 2020,80154,2000,83,82071,2023-09-23
1482,124,June 2020,80154,2000,1123,81031,2023-12-01
1483,124,July 2020,80154,1000,1212,79942,2022-12-19
1484,124,August 2020,80154,2000,560,81594,2023-04-03
1485,124,September 2020,80154,2000,165,81989,2024-07-26
1486,124,October 2020,80154,1000,310,80844,2022-10-10
1487,124,November 2020,80154,0,942,79212,2023-02-07
1488,124,December 2020,80154,2000,1448,80706,2025-05-24
1489,125,January 2020,203344,0,1918,201426,2024-10-25
1490,125,February 2020,203344,1000,649,203695,2023-07-26
1491,125,March 2020,203344,0,948,202396,2024-05-09
1492,125,April 2020,203344,0,1624,201720,2023-09-22
1493,125,May 2020,203344,2000,1435,203909,2023-07-03
1494,125,June 2020,203344,1000,151,204193,2022-03-11
1495,125,July 2020,203344,2000,285,205059,2022-02-07
1496,125,August 2020,203344,1000,448,203896,2023-02-06
1497,125,September 2020,203344,2000,1589,203755,2023-11-16
1498,125,October 2020,203344,3000,1310,205034,2023-12-07
1499,125,November 2020,203344,1000,1228,203116,2023-07-07
1500,125,December 2020,203344,3000,1752,204592,2025-02-23
1501,126,January 2020,134795,0,824,133971,2024-09-30
1502,126,February 2020,134795,2000,1079,135716,2025-02-26
1503,126,March 2020,134795,0,953,133842,2024-09-07
1504,126,April 2020,134795,3000,1267,136528,2023-06-14
1505,126,May 2020,134795,0,1259,133536,2024-02-26
1506,126,June 2020,134795,1000,896,134899,2024-03-14
1507,126,July 2020,134795,1000,105,135690,2022-01-15
1508,126,August 2020,134795,0,469,134326,2024-03-02
1509,126,September 2020,134795,0,73,134722,2025-10-27
1510,126,October 2020,134795,1000,1683,134112,2025-03-13
1511,126,November 2020,134795,3000,987,136808,2022-12-26
1512,126,December 2020,134795,0,1347,133448,2022-12-31
1513,127,January 2020,283051,2000,1154,283897,2022-03-16
1514,127,February 2020,283051,1000,890,283161,2023-06-08
1515,127,March 2020,283051,0,1780,281271,2024-05-17
1516,127,April 2020,283051,3000,104,285947,2022-08-17
1517,127,May 2020,283051,0,1439,281612,2024-03-22
1518,127,June 2020,283051,3000,613,285438,2025-01-06
1519,127,July 2020,283051,3000,1540,284511,2025-06-06
1520,127,August 2020,283051,0,1749,281302,2025-06-06
1521,127,September 2020,283051,3000,552,285499,2023-07-23
1522,127,October 2020,283051,2000,941,284110,2025-01-18
1523,127,November 2020,283051,3000,610,285441,2025-11-21
1524,127,December 2020,283051,2000,1266,283785,2024-03-26
1525,128,January 2020,147044,0,1981,145063,2022-11-10
1526,128,February 2020,147044,0,1154,145890,2022-10-18
1527,128,March 2020,147044,1000,114,147930,2024-06-25
1528,128,April 2020,147044,3000,1489,148555,2023-04-14
1529,128,May 2020,147044,3000,299,149745,2023-04-04
1530,128,June 2020,147044,2000,251,148793,2023-10-30
1531,128,July 2020,147044,0,699,146345,2024-01-22
1532,128,August 2020,147044,3000,1116,148928,2024-05-02
1533,128,September 2020,147044,1000,528,147516,2023-10-02
1534,128,October 2020,147044,2000,659,148385,2022-09-26
1535,128,November 2020,147044,2000,184,148860,2023-02-13
1536,128,December 2020,147044,1000,1206,146838,2022-12-28
1537,129,January 2020,138985,3000,717,141268,2023-10-29
1538,129,February 2020,138985,3000,1846,140139,2023-02-16
1539,129,March 2020,138985,3000,1883,140102,2023-07-05
1540,129,April 2020,138985,2000,468,140517,2025-04-02
1541,129,May 2020,138985,1000,1582,138403,2024-10-29
1542,129,June 2020,138985,0,99,138886,2025-10-08
1543,129,July 2020,138985,0,34,138951,2023-07-24
1544,129,August 2020,138985,2000,217,140768,2022-02-18
1545,129,September 2020,138985,3000,174,141811,2023-09-28
1546,129,October 2020,138985,0,855,138130,2024-05-12
1547,129,November 2020,138985,3000,1337,140648,2023-11-19
1548,129,December 2020,138985,2000,691,140294,2024-05-11
1549,130,January 2020,225791,3000,717,228074,2024-09-02
1550,130,February 2020,225791,2000,402,227389,2023-05-08
1551,130,March 2020,225791,0,383,225408,2022-05-05
1552,130,April 2020,225791,3000,575,228216,2023-09-08
1553,130,May 2020,225791,2000,1503,226288,2022-06-12
1554,130,June 2020,225791,1000,323,226468,2023-07-28
1555,130,July 2020,225791,3000,1004,227787,2025-09-26
1556,130,August 2020,225791,2000,550,227241,2024-06-02
1557,130,September 2020,225791,3000,285,228506,2023-05-13
1558,130,October 2020,225791,2000,984,226807,2025-11-07
1559,130,November 2020,225791,2000,1933,225858,2025-04-23
1560,130,December 2020,225791,2000,985,226806,2023-08-10
1561,131,January 2020,213423,1000,948,213475,2023-03-13
1562,131,February 2020,213423,3000,1964,214459,2023-12-02
1563,131,March 2020,213423,2000,378,215045,2023-06-19
1564,131,April 2020,213423,1000,1733,212690,2024-08-29
1565,131,May 2020,213423,1000,221,214202,2023-05-02
1566,131,June 2020,213423,1000,1025,213398,2024-07-31
1567,131,July 2020,213423,3000,83,216340,2023-04-04
1568,131,August 2020,213423,2000,1223,214200,2022-06-02
1569,131,September 2020,213423,3000,184,216239,2023-04-24
1570,131,October 2020,213423,1000,1673,212750,2023-04-27
1571,131,November 2020,213423,3000,568,215855,2022-07-27
1572,131,December 2020,213423,1000,624,213799,2022-03-18
1573,132,January 2020,261324,2000,1209,262115,2022-03-20
1574,132,February 2020,261324,2000,203,263121,2025-09-04
1575,132,March 2020,261324,3000,475,263849,2024-01-21
1576,132,April 2020,261324,0,1495,259829,2025-08-26
1577,132,May 2020,261324,0,688,260636,2022-07-18
1578,132,June 2020,261324,0,1302,260022,2023-05-22
1579,132,July 2020,261324,3000,1469,262855,2025-04-11
1580,132,August 2020,261324,0,1390,259934,2022-07-23
1581,132,September 2020,261324,2000,952,262372,2022-05-19
1582,132,October 2020,261324,3000,291,264033,2025-07-04
1583,132,November 2020,261324,0,631,260693,2022-09-05
1584,132,December 2020,261324,3000,463,263861,2023-02-27
1585,133,January 2020,138665,2000,197,140468,2022-05-20
1586,133,February 2020,138665,0,1963,136702,2024-06-11
1587,133,March 2020,138665,1000,1569,138096,2022-10-01
1588,133,April 2020,138665,3000,1853,139812,2024-04-14
1589,133,May 2020,138665,3000,843,140822,2024-01-18
1590,133,June 2020,138665,2000,744,139921,2023-08-12
1591,133,July 2020,138665,0,921,137744,2024-04-30
1592,133,August 2020,138665,1000,648,139017,2022-02-19
1593,133,September 2020,138665,1000,674,138991,2024-07-28
1594,133,October 2020,138665,2000,1369,139296,2022-07-20
1595,133,November 2020,138665,0,763,137902,2022-01-28
1596,133,December 2020,138665,3000,1425,140240,2022-11-21
1597,134,January 2020,232056,3000,529,234527,2024-10-16
1598,134,February 2020,232056,1000,1599,231457,2025-11-27
1599,134,March 2020,232056,0,722,231334,2025-11-18
1600,134,April 2020,232056,3000,489,234567,2025-12-12
1601,134,May 2020,232056,0,1182,230874,2025-08-29
1602,134,June 2020,232056,2000,255,233801,2023-05-15
1603,134,July 2020,232056,3000,122,234934,2024-05-20
1604,134,August 2020,232056,1000,1722,231334,2025-06-30
1605,134,September 2020,232056,2000,198,233858,2023-03-17
1606,134,October 2020,232056,0,1357,230699,2022-06-16
1607,134,November 2020,232056,1000,781,232275,2024-05-10
1608,134,December 2020,232056,3000,796,234260,2025-10-23
1609,135,January 2020,272981,3000,1016,274965,2023-10-16
1610,135,February 2020,272981,3000,887,275094,2024-05-08
1611,135,March 2020,272981,3000,719,275262,2022-05-08
1612,135,April 2020,272981,3000,163,275818,2022-01-16
1613,135,May 2020,272981,2000,995,273986,2022-10-06
1614,135,June 2020,272981,1000,1688,272293,2024-06-06
1615,135,July 2020,272981,2000,836,274145,2022-04-25
1616,135,August 2020,272981,1000,1119,272862,2024-02-20
1617,135,September 2020,272981,3000,505,275476,2022-11-04
1618,135,October 2020,272981,1000,1915,272066,2024-03-08
1619,135,November 2020,272981,2000,1173,273808,2025-10-20
1620,135,December 2020,272981,0,1430,271551,2025-03-20
1621,136,January 2020,93718,1000,1996,92722,2024-05-26
1622,136,February 2020,93718,0,497,93221,2025-03-16
1623,136,March 2020,93718,1000,1254,93464,2023-10-19
1624,136,April 2020,93718,0,1392,92326,2024-09-14
1625,136,May 2020,93718,1000,683,94035,2025-10-23
1626,136,June 2020,93718,1000,331,94387,2024-05-18
1627,136,July 2020,93718,0,298,93420,2022-05-30
1628,136,August 2020,93718,0,334,93384,2025-10-12
1629,136,September 2020,93718,0,133,93585,2024-03-28
1630,136,October 2020,93718,0,1710,92008,2024-03-09
1631,136,November 2020,93718,2000,1089,94629,2025-08-26
1632,136,December 2020,93718,0,1936,91782,2023-01-01
1633,137,January 2020,93617,0,793,92824,2024-11-12
1634,137,February 2020,93617,3000,320,96297,2022-01-12
1635,137,March 2020,93617,2000,401,95216,2025-02-03
1636,137,April 2020,93617,3000,1980,94637,2023-08-12
1637,137,May 2020,93617,2000,85,95532,2024-10-30
1638,137,June 2020,93617,2000,885,94732,2025-12-07
1639,137,July 2020,93617,2000,129,95488,2022-04-01
1640,137,August 2020,93617,0,774,92843,2022-11-30
1641,137,September 2020,93617,3000,791,95826,2022-05-07
1642,137,October 2020,93617,3000,712,95905,2022-08-04
1643,137,November 2020,93617,0,1911,91706,2022-05-09
1644,137,December 2020,93617,3000,1827,94790,2022-09-17
1645,138,January 2020,244384,2000,1992,244392,2022-11-21
1646,138,February 2020,244384,2000,1998,244386,2024-01-25
1647,138,March 2020,244384,1000,1401,243983,2025-07-11
1648,138,April 2020,244384,0,1877,242507,2024-04-12
1649,138,May 2020,244384,0,1135,243249,2025-12-05
1650,138,June 2020,244384,1000,414,244970,2025-01-22
1651,138,July 2020,244384,3000,883,246501,2025-02-26
1652,138,August 2020,244384,3000,628,246756,2023-01-20
1653,138,September 2020,244384,1000,164,245220,2025-11-01
1654,138,October 2020,244384,3000,1242,246142,2022-05-15
1655,138,November 2020,244384,2000,177,246207,2023-10-12
1656,138,December 2020,244384,2000,1383,245001,2023-11-14
1657,139,January 2020,90117,2000,1504,90613,2024-11-17
1658,139,February 2020,90117,0,325,89792,2024-06-16
1659,139,March 2020,90117,0,1683,88434,2022-12-12
1660,139,April 2020,90117,0,825,89292,2022-09-16
1661,139,May 2020,90117,2000,1823,90294,2024-04-23
1662,139,June 2020,90117,2000,1349,90768,2022-08-10
1663,139,July 2020,90117,3000,450,92667,2023-03-30
1664,139,August 2020,90117,3000,553,92564,2025-10-24
1665,139,September 2020,90117,1000,300,90817,2025-11-15
1666,139,October 2020,90117,3000,1377,91740,2023-05-09
1667,139,November 2020,90117,1000,1353,89764,2024-09-20
1668,139,December 2020,90117,3000,959,92158,2022-07-23
1669,140,January 2020,109755,1000,1155,109600,2025-08-14
1670,140,February 2020,109755,3000,1711,111044,2022-07-05
1671,140,March 2020,109755,3000,798,111957,2022-08-16
1672,140,April 2020,109755,1000,760,109995,2025-10-22
1673,140,May 2020,109755,2000,1930,109825,2022-11-17
1674,140,June 2020,109755,1000,1255,109500,2025-12-25
1675,140,July 2020,109755,1000,1769,108986,2024-11-30
1676,140,August 2020,109755,0,1643,108112,2024-04-10
1677,140,September 2020,109755,1000,917,109838,2022-10-30
1678,140,October 2020,109755,1000,1135,109620,2025-03-05
1679,140,November 2020,109755,1000,1537,109218,2025-03-07
1680,140,December 2020,109755,2000,1961,109794,2022-06-28
1681,141,January 2020,201601,1000,1681,200920,2023-07-15
1682,141,February 2020,201601,0,763,200838,2024-04-12
1683,141,March 2020,201601,0,120,201481,2025-09-30
1684,141,April 2020,201601,3000,602,203999,2024-04-26
1685,141,May 2020,201601,3000,1894,202707,2024-11-18
1686,141,June 2020,201601,3000,1125,203476,2023-09-07
1687,141,July 2020,201601,2000,1436,202165,2023-03-13
1688,141,August 2020,201601,2000,1067,202534,2023-11-02
1689,141,September 2020,201601,1000,714,201887,2025-12-25
1690,141,October 2020,201601,0,911,200690,2022-10-05
1691,141,November 2020,201601,2000,1378,202223,2024-11-18
1692,141,December 2020,201601,2000,1834,201767,2023-12-21
1693,142,January 2020,281710,3000,1062,283648,2022-02-04
1694,142,February 2020,281710,0,1204,280506,2022-01-25
1695,142,March 2020,281710,1000,344,282366,2023-12-25
1696,142,April 2020,281710,0,1508,280202,2023-07-13
1697,142,May 2020,281710,3000,1204,283506,2023-06-13
1698,142,June 2020,281710,1000,869,281841,2023-03-27
1699,142,July 2020,281710,0,995,280715,2024-06-19
1700,142,August 2020,281710,0,335,281375,2022-09-20
1701,142,September 2020,281710,3000,402,284308,2025-12-13
1702,142,October 2020,281710,1000,1690,281020,2023-02-05
1703,142,November 2020,281710,0,862,280848,2022-04-28
1704,142,December 2020,281710,2000,1378,282332,2024-08-10
1705,143,January 2020,76631,0,1726,74905,2022-12-02
1706,143,February 2020,76631,0,480,76151,2023-05-30
1707,143,March 2020,76631,0,940,75691,2025-06-27
1708,143,April 2020,76631,0,56,76575,2023-11-28
1709,143,May 2020,76631,2000,867,77764,2024-08-04
1710,143,June 2020,76631,0,1587,75044,2025-10-25
1711,143,July 2020,76631,0,1357,75274,2022-07-04
1712,143,August 2020,76631,3000,1069,78562,2023-06-10
1713,143,September 2020,76631,2000,1683,76948,2023-10-14
1714,143,October 2020,76631,2000,1064,77567,2023-02-17
1715,143,November 2020,76631,2000,1486,77145,2023-11-06
1716,143,December 2020,76631,1000,1351,76280,2022-07-12
1717,144,January 2020,106916,2000,1085,107831,2022-11-07
1718,144,February 2020,106916,1000,1256,106660,2023-10-29
1719,144,March 2020,106916,1000,1569,106347,2024-05-27
1720,144,April 2020,106916,2000,1929,106987,2023-10-30
1721,144,May 2020,106916,1000,491,107425,2024-07-27
1722,144,June 2020,106916,0,10,106906,2024-05-22
1723,144,July 2020,106916,3000,435,109481,2025-09-09
1724,144,August 2020,106916,0,892,106024,2022-04-29
1725,144,September 2020,106916,0,343,106573,2024-08-21
1726,144,October 2020,106916,2000,1612,107304,2023-12-24
1727,144,November 2020,106916,1000,305,107611,2025-02-08
1728,144,December 2020,106916,3000,454,109462,2022-02-03
1729,145,January 2020,203684,0,1040,202644,2023-07-06
1730,145,February 2020,203684,1000,837,203847,2023-05-21
1731,145,March 2020,203684,0,458,203226,2023-04-30
1732,145,April 2020,203684,0,466,203218,2022-12-01
1733,145,May 2020,203684,3000,1904,204780,2022-03-10
1734,145,June 2020,203684,1000,702,203982,2022-07-13
1735,145,July 2020,203684,1000,1176,203508,2023-11-20
1736,145,August 2020,203684,3000,1398,205286,2025-03-27
1737,145,September 2020,203684,0,1738,201946,2023-12-29
1738,145,October 2020,203684,0,1474,202210,2023-06-11
1739,145,November 2020,203684,0,268,203416,2022-05-31
1740,145,December 2020,203684,1000,667,204017,2025-08-20
1741,146,January 2020,146774,3000,1562,148212,2025-05-21
1742,146,February 2020,146774,3000,109,149665,2025-10-26
1743,146,March 2020,146774,2000,1447,147327,2023-07-22
1744,146,April 2020,146774,0,1077,145697,2025-03-23
1745,146,May 2020,146774,3000,740,149034,2023-01-10
1746,146,June 2020,146774,2000,190,148584,2024-01-13
1747,146,July 2020,146774,0,1252,145522,2024-03-27
1748,146,August 2020,146774,1000,1993,145781,2025-02-07
1749,146,September 2020,146774,2000,1131,147643,2022-04-29
1750,146,October 2020,146774,2000,924,147850,2024-11-05
1751,146,November 2020,146774,0,1741,145033,2022-01-27
1752,146,December 2020,146774,0,1492,145282,2024-11-24
1753,147,January 2020,244883,2000,773,246110,2023-05-27
1754,147,February 2020,244883,0,660,244223,2023-06-19
1755,147,March 2020,244883,0,1614,243269,2022-07-26
1756,147,April 2020,244883,0,1917,242966,2025-04-07
1757,147,May 2020,244883,0,848,244035,2023-03-24
1758,147,June 2020,244883,2000,892,245991,2023-11-27
1759,147,July 2020,244883,3000,1817,246066,2025-08-10
1760,147,August 2020,244883,3000,1757,246126,2022-07-09
1761,147,September 2020,244883,0,688,244195,2022-12-27
1762,147,October 2020,244883,0,721,244162,2023-03-31
1763,147,November 2020,244883,3000,349,247534,2022-12-19
1764,147,December 2020,244883,0,371,244512,2023-12-08
1765,148,January 2020,271313,2000,237,273076,2025-02-05
1766,148,February 2020,271313,0,1374,269939,2025-02-06
1767,148,March 2020,271313,0,380,270933,2022-08-14
1768,148,April 2020,271313,0,735,270578,2024-01-23
1769,148,May 2020,271313,2000,791,272522,2024-04-14
1770,148,June 2020,271313,2000,709,272604,2024-06-27
1771,148,July 2020,271313,2000,1406,271907,2024-02-24
1772,148,August 2020,271313,1000,18,272295,2025-12-14
1773,148,September 2020,271313,2000,1115,272198,2023-04-21
1774,148,October 2020,271313,2000,1908,271405,2022-01-01
1775,148,November 2020,271313,3000,1408,272905,2025-12-09
1776,148,December 2020,271313,3000,657,273656,2022-02-28
1777,149,January 2020,145780,0,1389,144391,2024-05-24
1778,149,February 2020,145780,0,1110,144670,2022-11-19
1779,149,March 2020,145780,1000,8,146772,2023-07-20
1780,149,April 2020,145780,2000,1164,146616,2022-08-22
1781,149,May 2020,145780,1000,1860,144920,2025-06-22
1782,149,June 2020,145780,3000,1561,147219,2025-02-13
1783,149,July 2020,145780,0,1400,144380,2025-04-14
1784,149,August 2020,145780,3000,37,148743,2024-09-22
1785,149,September 2020,145780,2000,228,147552,2022-03-30
1786,149,October 2020,145780,1000,1327,145453,2023-01-30
1787,149,November 2020,145780,0,1363,144417,2023-01-16
1788,149,December 2020,145780,3000,733,148047,2022-07-22
1789,150,January 2020,243551,2000,1938,243613,2022-06-02
1790,150,February 2020,243551,1000,1124,243427,2024-03-03
1791,150,March 2020,243551,2000,1756,243795,2022-03-26
1792,150,April 2020,243551,1000,1610,242941,2025-07-16
1793,150,May 2020,243551,1000,166,244385,2025-10-02
1794,150,June 2020,243551,1000,889,243662,2025-11-17
1795,150,July 2020,243551,3000,540,246011,2025-12-17
1796,150,August 2020,243551,0,682,242869,2024-12-27
1797,150,September 2020,243551,1000,1445,243106,2024-07-06
1798,150,October 2020,243551,0,337,243214,2025-12-11
1799,150,November 2020,243551,2000,911,244640,2022-08-17
1800,150,December 2020,243551,2000,1950,243601,2022-09-02
1801,151,January 2020,206742,0,639,206103,2022-06-14
1802,151,February 2020,206742,3000,473,209269,2024-01-12
1803,151,March 2020,206742,2000,641,208101,2025-04-11
1804,151,April 2020,206742,1000,1304,206438,2025-12-24
1805,151,May 2020,206742,2000,582,208160,2025-05-31
1806,151,June 2020,206742,1000,47,207695,2025-07-28
1807,151,July 2020,206742,1000,1890,205852,2022-11-24
1808,151,August 2020,206742,2000,118,208624,2023-12-18
1809,151,September 2020,206742,3000,96,209646,2024-05-31
1810,151,October 2020,206742,0,135,206607,2024-09-03
1811,151,November 2020,206742,3000,937,208805,2024-04-04
1812,151,December 2020,206742,1000,762,206980,2023-11-25
1813,152,January 2020,267935,1000,1766,267169,2023-12-26
1814,152,February 2020,267935,1000,63,268872,2024-09-21
1815,152,March 2020,267935,1000,226,268709,2022-07-25
1816,152,April 2020,267935,1000,650,268285,2025-02-08
1817,152,May 2020,267935,2000,1353,268582,2023-06-15
1818,152,June 2020,267935,1000,1584,267351,2022-08-21
1819,152,July 2020,267935,3000,1048,269887,2022-11-25
1820,152,August 2020,267935,3000,130,270805,2025-06-28
1821,152,September 2020,267935,1000,1590,267345,2025-06-30
1822,152,October 2020,267935,3000,308,270627,2025-06-05
1823,152,November 2020,267935,2000,721,269214,2023-08-04
1824,152,December 2020,267935,1000,41,268894,2022-12-28
1825,153,January 2020,111001,3000,1038,112963,2024-01-07
1826,153,February 2020,111001,3000,1321,112680,2025-10-13
1827,153,March 2020,111001,0,910,110091,2023-01-25
1828,153,April 2020,111001,0,1761,109240,2022-08-10
1829,153,May 2020,111001,2000,1561,111440,2025-10-08
1830,153,June 2020,111001,1000,936,111065,2024-12-14
1831,153,July 2020,111001,2000,246,112755,2025-04-11
1832,153,August 2020,111001,0,1009,109992,2023-04-29
1833,153,September 2020,111001,0,1954,109047,2024-05-22
1834,153,October 2020,111001,1000,1607,110394,2022-11-21
1835,153,November 2020,111001,1000,376,111625,2025-02-24
1836,153,December 2020,111001,1000,444,111557,2024-03-24
1837,154,January 2020,193862,1000,824,194038,2022-03-07
1838,154,February 2020,193862,2000,420,195442,2024-09-20
1839,154,March 2020,193862,1000,1746,193116,2022-10-04
1840,154,April 2020,193862,1000,581,194281,2022-12-21
1841,154,May 2020,193862,3000,867,195995,2024-08-02
1842,154,June 2020,193862,1000,1729,193133,2025-02-12
1843,154,July 2020,193862,1000,746,194116,2023-04-23
1844,154,August 2020,193862,0,545,193317,2023-03-25
1845,154,September 2020,193862,2000,1115,194747,2024-04-07
1846,154,October 2020,193862,0,712,193150,2022-04-08
1847,154,November 2020,193862,0,976,192886,2023-01-27
1848,154,December 2020,193862,1000,700,194162,2022-08-10
1849,155,January 2020,276462,2000,1332,277130,2024-01-04
1850,155,February 2020,276462,1000,367,277095,2024-04-19
1851,155,March 2020,276462,0,1481,274981,2024-04-30
1852,155,April 2020,276462,3000,609,278853,2023-08-18
1853,155,May 2020,276462,2000,864,277598,2025-07-15
1854,155,June 2020,276462,1000,1183,276279,2023-01-14
1855,155,July 2020,276462,0,1050,275412,2024-08-07
1856,155,August 2020,276462,2000,814,277648,2022-07-30
1857,155,September 2020,276462,3000,1320,278142,2024-04-08
1858,155,October 2020,276462,1000,562,276900,2022-06-23
1859,155,November 2020,276462,2000,1317,277145,2024-09-13
1860,155,December 2020,276462,3000,530,278932,2025-06-28
1861,156,January 2020,139298,3000,455,141843,2025-07-30
1862,156,February 2020,139298,2000,1820,139478,2022-10-30
1863,156,March 2020,139298,1000,789,139509,2023-06-17
1864,156,April 2020,139298,1000,1296,139002,2023-01-23
1865,156,May 2020,139298,1000,1180,139118,2025-08-16
1866,156,June 2020,139298,3000,1468,140830,2022-10-11
1867,156,July 2020,139298,0,916,138382,2024-01-02
1868,156,August 2020,139298,1000,404,139894,2024-04-12
1869,156,September 2020,139298,1000,952,139346,2024-11-11
1870,156,October 2020,139298,3000,1294,141004,2023-03-05
1871,156,November 2020,139298,3000,1503,140795,2023-02-05
1872,156,December 2020,139298,3000,1419,140879,2025-11-19
1873,157,January 2020,173787,0,882,172905,2023-10-04
1874,157,February 2020,173787,1000,1823,172964,2023-05-08
1875,157,March 2020,173787,1000,559,174228,2024-08-25
1876,157,April 2020,173787,3000,994,175793,2023-09-07
1877,157,May 2020,173787,3000,1647,175140,2025-12-23
1878,157,June 2020,173787,1000,456,174331,2023-04-14
1879,157,July 2020,173787,2000,1948,173839,2022-01-06
1880,157,August 2020,173787,3000,1590,175197,2022-07-20
1881,157,September 2020,173787,3000,1923,174864,2022-01-10
1882,157,October 2020,173787,3000,1908,174879,2024-03-06
1883,157,November 2020,173787,0,33,173754,2025-05-09
1884,157,December 2020,173787,1000,1972,172815,2024-07-04
1885,158,January 2020,157761,1000,1301,157460,2022-11-13
1886,158,February 2020,157761,3000,284,160477,2022-06-01
1887,158,March 2020,157761,3000,1156,159605,2025-03-03
1888,158,April 2020,157761,0,1804,155957,2025-11-03
1889,158,May 2020,157761,2000,1220,158541,2022-02-20
1890,158,June 2020,157761,2000,481,159280,2025-07-19
1891,158,July 2020,157761,3000,329,160432,2024-06-07
1892,158,August 2020,157761,1000,1786,156975,2022-05-07
1893,158,September 2020,157761,0,351,157410,2025-10-08
1894,158,October 2020,157761,2000,1280,158481,2025-06-02
1895,158,November 2020,157761,3000,1285,159476,2023-06-12
1896,158,December 2020,157761,1000,1317,157444,2025-02-23
1897,159,January 2020,146516,3000,1321,148195,2024-07-26
1898,159,February 2020,146516,0,1630,144886,2025-12-12
1899,159,March 2020,146516,2000,256,148260,2022-10-23
1900,159,April 2020,146516,0,99,146417,2024-04-28
1901,159,May 2020,146516,1000,1053,146463,2024-04-26
1902,159,June 2020,146516,0,289,146227,2023-01-28
1903,159,July 2020,146516,0,49,146467,2023-02-22
1904,159,August 2020,146516,0,162,146354,2022-06-09
1905,159,September 2020,146516,0,1990,144526,2024-12-27
1906,159,October 2020,146516,1000,613,146903,2024-06-15
1907,159,November 2020,146516,0,1808,144708,2023-03-10
1908,159,December 2020,146516,2000,1055,147461,2025-12-09
1909,160,January 2020,70786,3000,181,73605,2025-09-10
1910,160,February 2020,70786,1000,195,71591,2025-06-26
1911,160,March 2020,70786,0,1863,68923,2024-11-02
1912,160,April 2020,70786,3000,937,72849,2024-10-02
1913,160,May 2020,70786,1000,732,71054,2023-01-01
1914,160,June 2020,70786,0,413,70373,2022-10-19
1915,160,July 2020,70786,3000,1860,71926,2024-01-18
1916,160,August 2020,70786,3000,1955,71831,2024-02-19
1917,160,September 2020,70786,1000,802,70984,2024-10-30
1918,160,October 2020,70786,1000,227,71559,2025-10-17
1919,160,November 2020,70786,1000,1349,70437,2023-06-10
1920,160,December 2020,70786,0,1939,68847,2023-01-26
1921,161,January 2020,90971,2000,964,92007,2025-04-20
1922,161,February 2020,90971,0,270,90701,2022-10-17
1923,161,March 2020,90971,2000,1491,91480,2022-06-27
1924,161,April 2020,90971,2000,1385,91586,2024-04-22
1925,161,May 2020,90971,2000,1586,91385,2024-02-21
1926,161,June 2020,90971,1000,146,91825,2024-02-15
1927,161,July 2020,90971,3000,216,93755,2025-06-21
1928,161,August 2020,90971,0,1870,89101,2025-01-17
1929,161,September 2020,90971,1000,38,91933,2022-08-02
1930,161,October 2020,90971,3000,850,93121,2022-08-28
1931,161,November 2020,90971,1000,1361,90610,2025-06-26
1932,161,December 2020,90971,3000,1739,92232,2025-12-24
1933,162,January 2020,96393,0,985,95408,2024-02-21
1934,162,February 2020,96393,2000,1735,96658,2022-07-24
1935,162,March 2020,96393,0,43,96350,2025-05-04
1936,162,April 2020,96393,3000,1402,97991,2022-01-07
1937,162,May 2020,96393,0,743,95650,2022-01-10
1938,162,June 2020,96393,2000,1990,96403,2024-07-05
1939,162,July 2020,96393,3000,175,99218,2023-06-18
1940,162,August 2020,96393,2000,1572,96821,2023-05-17
1941,162,September 2020,96393,2000,456,97937,2025-08-04
1942,162,October 2020,96393,0,275,96118,2022-06-23
1943,162,November 2020,96393,3000,1778,97615,2022-12-01
1944,162,December 2020,96393,0,972,95421,2022-02-09
1945,163,January 2020,254099,3000,1,257098,2022-09-11
1946,163,February 2020,254099,3000,1098,256001,2024-07-17
1947,163,March 2020,254099,3000,1106,255993,2024-01-27
1948,163,April 2020,254099,1000,368,254731,2022-05-07
1949,163,May 2020,254099,0,330,253769,2024-06-19
1950,163,June 2020,254099,0,104,253995,2024-07-05
1951,163,July 2020,254099,2000,1532,254567,2023-03-03
1952,163,August 2020,254099,0,992,253107,2025-07-19
1953,163,September 2020,254099,0,31,254068,2025-09-18
1954,163,October 2020,254099,1000,1427,253672,2024-07-29
1955,163,November 2020,254099,0,1739,252360,2022-05-04
1956,163,December 2020,254099,3000,128,256971,2025-09-15
1957,164,January 2020,176097,0,1495,174602,2022-05-13
1958,164,February 2020,176097,3000,229,178868,2022-04-05
1959,164,March 2020,176097,1000,597,176500,2025-06-15
1960,164,April 2020,176097,0,1580,174517,2022-12-24
1961,164,May 2020,176097,3000,837,178260,2024-11-18
1962,164,June 2020,176097,3000,1895,177202,2023-10-06
1963,164,July 2020,176097,1000,1357,175740,2024-01-17
1964,164,August 2020,176097,3000,494,178603,2024-05-01
1965,164,September 2020,176097,2000,220,177877,2022-04-25
1966,164,October 2020,176097,0,83,176014,2023-03-30
1967,164,November 2020,176097,1000,534,176563,2022-02-04
1968,164,December 2020,176097,2000,73,178024,2022-08-13
1969,165,January 2020,277259,2000,853,278406,2024-10-17
1970,165,February 2020,277259,1000,821,277438,2022-01-09
1971,165,March 2020,277259,2000,1304,277955,2022-02-09
1972,165,April 2020,277259,0,1685,275574,2022-12-14
1973,165,May 2020,277259,2000,1406,277853,2023-01-17
1974,165,June 2020,277259,0,170,277089,2024-11-07
1975,165,July 2020,277259,3000,1028,279231,2024-11-15
1976,165,August 2020,277259,2000,1560,277699,2023-07-19
1977,165,September 2020,277259,2000,309,278950,2024-08-09
1978,165,October 2020,277259,1000,1331,276928,2024-03-25
1979,165,November 2020,277259,2000,1968,277291,2024-06-18
1980,165,December 2020,277259,3000,868,279391,2023-10-06
1981,166,January 2020,97163,1000,1853,96310,2025-09-04
1982,166,February 2020,97163,2000,1669,97494,2022-05-21
1983,166,March 2020,97163,0,926,96237,2024-01-31
1984,166,April 2020,97163,3000,301,99862,2023-01-05
1985,166,May 2020,97163,1000,506,97657,2025-02-07
1986,166,June 2020,97163,1000,579,97584,2025-11-20
1987,166,July 2020,97163,2000,632,98531,2024-03-27
1988,166,August 2020,97163,3000,1685,98478,2022-10-16
1989,166,September 2020,97163,0,846,96317,2022-03-26
1990,166,October 2020,97163,0,684,96479,2024-05-26
1991,166,November 2020,97163,3000,919,99244,2023-09-29
1992,166,December 2020,97163,3000,1416,98747,2023-07-05
1993,167,January 2020,261765,1000,989,261776,2023-02-11
1994,167,February 2020,261765,2000,1519,262246,2022-01-28
1995,167,March 2020,261765,3000,623,264142,2025-03-15
1996,167,April 2020,261765,2000,428,263337,2025-08-10
1997,167,May 2020,261765,1000,632,262133,2022-05-25
1998,167,June 2020,261765,2000,1678,262087,2024-06-28
1999,167,July 2020,261765,3000,1159,263606,2024-12-30
2000,167,August 2020,261765,0,1630,260135,2025-07-16
2001,167,September 2020,261765,1000,1927,260838,2022-11-22
2002,167,October 2020,261765,0,795,260970,2023-02-08
2003,167,November 2020,261765,3000,1443,263322,2023-08-21
2004,167,December 2020,261765,3000,1991,262774,2024-01-25
2005,168,January 2020,232493,0,1028,231465,2024-11-28
2006,168,February 2020,232493,3000,1296,234197,2024-10-26
2007,168,March 2020,232493,3000,121,235372,2025-04-09
2008,168,April 2020,232493,1000,1629,231864,2023-02-15
2009,168,May 2020,232493,0,1961,230532,2025-10-04
2010,168,June 2020,232493,3000,166,235327,2025-11-23
2011,168,July 2020,232493,1000,1978,231515,2025-06-27
2012,168,August 2020,232493,3000,248,235245,2024-03-28
2013,168,September 2020,232493,2000,1497,232996,2022-05-01
2014,168,October 2020,232493,0,323,232170,2024-05-08
2015,168,November 2020,232493,1000,436,233057,2024-05-28
2016,168,December 2020,232493,0,209,232284,2023-07-20
2017,169,January 2020,218069,3000,236,220833,2023-02-13
2018,169,February 2020,218069,1000,866,218203,2022-09-18
2019,169,March 2020,218069,2000,1613,218456,2023-05-22
2020,169,April 2020,218069,3000,1894,219175,2024-09-04
2021,169,May 2020,218069,2000,307,219762,2022-09-28
2022,169,June 2020,218069,1000,1150,217919,2024-05-07
2023,169,July 2020,218069,0,763,217306,2024-03-20
2024,169,August 2020,218069,2000,741,219328,2023-02-14
2025,169,September 2020,218069,1000,720,218349,2025-12-20
2026,169,October 2020,218069,2000,1599,218470,2025-04-18
2027,169,November 2020,218069,0,937,217132,2025-11-17
2028,169,December 2020,218069,1000,780,218289,2023-05-20
2029,170,January 2020,221796,0,1082,220714,2023-07-15
2030,170,February 2020,221796,3000,394,224402,2025-04-01
2031,170,March 2020,221796,3000,209,224587,2025-07-02
2032,170,April 2020,221796,2000,1311,222485,2025-03-24
2033,170,May 2020,221796,1000,1013,221783,2022-01-18
2034,170,June 2020,221796,0,167,221629,2025-10-14
2035,170,July 2020,221796,2000,577,223219,2025-03-09
2036,170,August 2020,221796,2000,172,223624,2023-11-06
2037,170,September 2020,221796,2000,270,223526,2024-01-11
2038,170,October 2020,221796,2000,1601,222195,2025-05-06
2039,170,November 2020,221796,2000,1323,222473,2025-07-07
2040,170,December 2020,221796,1000,1820,220976,2023-06-05
2041,171,January 2020,124626,1000,1910,123716,2022-08-19
2042,171,February 2020,124626,0,1592,123034,2024-09-30
2043,171,March 2020,124626,0,125,124501,2024-01-04
2044,171,April 2020,124626,2000,1257,125369,2024-05-09
2045,171,May 2020,124626,1000,182,125444,2022-04-18
2046,171,June 2020,124626,3000,1705,125921,2024-10-22
2047,171,July 2020,124626,0,1670,122956,2023-09-08
2048,171,August 2020,124626,0,146,124480,2025-07-20
2049,171,September 2020,124626,2000,1518,125108,2022-06-01
2050,171,October 2020,124626,0,1262,123364,2025-09-20
2051,171,November 2020,124626,3000,1609,126017,2023-08-19
2052,171,December 2020,124626,1000,1700,123926,2023-02-10
2053,172,January 2020,94560,2000,1349,95211,2024-02-15
2054,172,February 2020,94560,2000,658,95902,2025-03-12
2055,172,March 2020,94560,0,1636,92924,2023-06-25
2056,172,April 2020,94560,0,1802,92758,2025-11-11
2057,172,May 2020,94560,1000,1643,93917,2022-02-02
2058,172,June 2020,94560,0,465,94095,2022-10-14
2059,172,July 2020,94560,1000,1211,94349,2024-02-17
2060,172,August 2020,94560,1000,125,95435,2022-10-11
2061,172,September 2020,94560,2000,1780,94780,2022-02-12
2062,172,October 2020,94560,1000,947,94613,2023-05-03
2063,172,November 2020,94560,2000,42,96518,2024-02-25
2064,172,December 2020,94560,1000,977,94583,2022-03-29
2065,173,January 2020,96243,1000,1269,95974,2024-06-22
2066,173,February 2020,96243,1000,505,96738,2024-06-15
2067,173,March 2020,96243,3000,1739,97504,2023-08-21
2068,173,April 2020,96243,1000,830,96413,2022-03-11
2069,173,May 2020,96243,1000,177,97066,2024-06-29
2070,173,June 2020,96243,2000,1310,96933,2023-09-27
2071,173,July 2020,96243,3000,484,98759,2022-05-10
2072,173,August 2020,96243,0,322,95921,2024-04-08
2073,173,September 2020,96243,0,1194,95049,2022-11-12
2074,173,October 2020,96243,3000,1775,97468,2025-06-17
2075,173,November 2020,96243,1000,822,96421,2024-12-20
2076,173,December 2020,96243,0,1159,95084,2022-01-28
2077,174,January 2020,170886,2000,577,172309,2025-12-18
2078,174,February 2020,170886,3000,1277,172609,2023-12-15
2079,174,March 2020,170886,2000,1384,171502,2023-01-04
2080,174,April 2020,170886,2000,1751,171135,2023-07-27
2081,174,May 2020,170886,0,90,170796,2025-02-16
2082,174,June 2020,170886,2000,246,172640,2025-06-14
2083,174,July 2020,170886,3000,1550,172336,2023-01-04
2084,174,August 2020,170886,0,466,170420,2024-01-21
2085,174,September 2020,170886,1000,232,171654,2025-06-15
2086,174,October 2020,170886,1000,1686,170200,2025-09-17
2087,174,November 2020,170886,3000,1956,171930,2024-01-29
2088,174,December 2020,170886,1000,283,171603,2024-01-15
2089,175,January 2020,104273,0,437,103836,2022-08-14
2090,175,February 2020,104273,2000,676,105597,2024-07-31
2091,175,March 2020,104273,1000,6,105267,2024-01-30
2092,175,April 2020,104273,3000,89,107184,2025-02-21
2093,175,May 2020,104273,2000,1949,104324,2022-10-03
2094,175,June 2020,104273,2000,218,106055,2023-03-10
2095,175,July 2020,104273,2000,1806,104467,2025-05-23
2096,175,August 2020,104273,3000,970,106303,2023-09-08
2097,175,September 2020,104273,1000,683,104590,2022-07-22
2098,175,October 2020,104273,1000,355,104918,2023-09-16
2099,175,November 2020,104273,3000,23,107250,2022-06-13
2100,175,December 2020,104273,0,1799,102474,2023-05-28
2101,176,January 2020,209677,2000,160,211517,2024-08-19
2102,176,February 2020,209677,1000,599,210078,2024-03-28
2103,176,March 2020,209677,0,240,209437,2025-03-24
2104,176,April 2020,209677,1000,1061,209616,2025-03-07
2105,176,May 2020,209677,3000,957,211720,2025-10-28
2106,176,June 2020,209677,2000,1603,210074,2024-10-18
2107,176,July 2020,209677,3000,603,212074,2024-11-02
2108,176,August 2020,209677,2000,1514,210163,2024-09-13
2109,176,September 2020,209677,1000,1677,209000,2024-07-11
2110,176,October 2020,209677,2000,1844,209833,2022-12-27
2111,176,November 2020,209677,2000,130,211547,2024-11-30
2112,176,December 2020,209677,2000,1996,209681,2022-06-02
2113,177,January 2020,73509,2000,1856,73653,2023-12-08
2114,177,February 2020,73509,2000,847,74662,2022-11-25
2115,177,March 2020,73509,3000,1027,75482,2023-11-25
2116,177,April 2020,73509,2000,1041,74468,2025-04-19
2117,177,May 2020,73509,0,1480,72029,2022-12-06
2118,177,June 2020,73509,1000,469,74040,2022-11-01
2119,177,July 2020,73509,0,1914,71595,2024-01-20
2120,177,August 2020,73509,1000,624,73885,2022-02-16
2121,177,September 2020,73509,0,1268,72241,2022-11-03
2122,177,October 2020,73509,2000,1473,74036,2025-06-22
2123,177,November 2020,73509,2000,675,74834,2022-05-07
2124,177,December 2020,73509,1000,1737,72772,2023-12-24
2125,178,January 2020,131587,0,448,131139,2023-09-04
2126,178,February 2020,131587,1000,1414,131173,2022-07-05
2127,178,March 2020,131587,1000,1074,131513,2024-05-03
2128,178,April 2020,131587,3000,1184,133403,2025-07-19
2129,178,May 2020,131587,0,1802,129785,2025-03-02
2130,178,June 2020,131587,2000,1367,132220,2025-02-22
2131,178,July 2020,131587,1000,1782,130805,2024-12-18
2132,178,August 2020,131587,1000,374,132213,2024-06-18
2133,178,September 2020,131587,3000,1371,133216,2025-01-10
2134,178,October 2020,131587,2000,1466,132121,2024-10-09
2135,178,November 2020,131587,3000,1895,132692,2023-08-10
2136,178,December 2020,131587,3000,1546,133041,2022-09-12
2137,179,January 2020,146150,0,1646,144504,2022-12-19
2138,179,February 2020,146150,2000,554,147596,2023-06-26
2139,179,March 2020,146150,1000,1673,145477,2023-04-19
2140,179,April 2020,146150,3000,990,148160,2025-11-14
2141,179,May 2020,146150,3000,1441,147709,2024-09-05
2142,179,June 2020,146150,0,1288,144862,2024-03-18
2143,179,July 2020,146150,1000,1167,145983,2024-10-03
2144,179,August 2020,146150,3000,1805,147345,2024-05-12
2145,179,September 2020,146150,0,1821,144329,2024-12-06
2146,179,October 2020,146150,0,318,145832,2025-01-26
2147,179,November 2020,146150,1000,1186,145964,2024-07-31
2148,179,December 2020,146150,2000,1557,146593,2024-07-08
2149,180,January 2020,110895,1000,612,111283,2024-08-27
2150,180,February 2020,110895,0,342,110553,2023-11-26
2151,180,March 2020,110895,0,1763,109132,2023-02-25
2152,180,April 2020,110895,3000,1656,112239,2024-02-11
2153,180,May 2020,110895,3000,1168,112727,2024-09-27
2154,180,June 2020,110895,0,163,110732,2022-10-22
2155,180,July 2020,110895,1000,989,110906,2024-05-23
2156,180,August 2020,110895,0,1768,109127,2025-05-02
2157,180,September 2020,110895,1000,1629,110266,2023-10-12
2158,180,October 2020,110895,1000,1347,110548,2023-12-20
2159,180,November 2020,110895,0,791,110104,2024-02-12
2160,180,December 2020,110895,0,1734,109161,2022-05-06
2161,181,January 2020,147783,2000,1770,148013,2024-02-20
2162,181,February 2020,147783,3000,1843,148940,2024-06-10
2163,181,March 2020,147783,0,1338,146445,2024-07-26
2164,181,April 2020,147783,3000,1617,149166,2024-09-19
2165,181,May 2020,147783,3000,1810,148973,2024-09-14
2166,181,June 2020,147783,0,1766,146017,2024-09-16
2167,181,July 2020,147783,0,1609,146174,2022-08-15
2168,181,August 2020,147783,2000,380,149403,2025-09-24
2169,181,September 2020,147783,3000,846,149937,2022-09-23
2170,181,October 2020,147783,3000,1828,148955,2025-10-11
2171,181,November 2020,147783,3000,69,150714,2022-04-19
2172,181,December 2020,147783,3000,152,150631,2022-10-15
2173,182,January 2020,111744,2000,989,112755,2025-10-15
2174,182,February 2020,111744,1000,425,112319,2024-02-12
2175,182,March 2020,111744,3000,449,114295,2024-01-08
2176,182,April 2020,111744,1000,1555,111189,2024-05-24
2177,182,May 2020,111744,2000,1258,112486,2025-07-13
2178,182,June 2020,111744,2000,1981,111763,2025-02-17
2179,182,July 2020,111744,1000,1543,111201,2024-03-25
2180,182,August 2020,111744,1000,29,112715,2023-05-12
2181,182,September 2020,111744,2000,1624,112120,2022-12-03
2182,182,October 2020,111744,1000,1677,111067,2022-12-14
2183,182,November 2020,111744,1000,1800,110944,2024-09-18
2184,182,December 2020,111744,0,1597,110147,2022-11-28
2185,183,January 2020,77192,2000,152,79040,2025-10-30
2186,183,February 2020,77192,0,1690,75502,2023-08-04
2187,183,March 2020,77192,2000,39,79153,2025-09-18
2188,183,April 2020,77192,1000,1555,76637,2025-02-20
2189,183,May 2020,77192,0,600,76592,2023-10-05
2190,183,June 2020,77192,0,1700,75492,2023-10-22
2191,183,July 2020,77192,0,1273,75919,2025-11-03
2192,183,August 2020,77192,0,206,76986,2024-06-22
2193,183,September 2020,77192,3000,846,79346,2024-05-02
2194,183,October 2020,77192,3000,1575,78617,2022-10-17
2195,183,November 2020,77192,0,387,76805,2024-08-23
2196,183,December 2020,77192,0,1914,75278,2024-11-11
2197,184,January 2020,114680,0,1628,113052,2025-01-06
2198,184,February 2020,114680,2000,1107,115573,2025-04-11
2199,184,March 2020,114680,1000,519,115161,2024-03-23
2200,184,April 2020,114680,3000,906,116774,2024-03-01
2201,184,May 2020,114680,2000,208,116472,2025-05-03
2202,184,June 2020,114680,0,1671,113009,2022-03-24
2203,184,July 2020,114680,3000,1657,116023,2024-02-18
2204,184,August 2020,114680,2000,1701,114979,2023-10-02
2205,184,September 2020,114680,1000,1498,114182,2025-06-15
2206,184,October 2020,114680,2000,1354,115326,2024-10-17
2207,184,November 2020,114680,2000,1781,114899,2023-04-24
2208,184,December 2020,114680,0,521,114159,2022-09-21
2209,185,January 2020,141264,3000,856,143408,2024-09-25
2210,185,February 2020,141264,3000,320,143944,2022-02-19
2211,185,March 2020,141264,1000,39,142225,2022-12-23
2212,185,April 2020,141264,2000,1102,142162,2022-11-04
2213,185,May 2020,141264,0,1331,139933,2022-02-21
2214,185,June 2020,141264,3000,1176,143088,2025-04-10
2215,185,July 2020,141264,1000,1536,140728,2024-06-19
2216,185,August 2020,141264,2000,230,143034,2023-02-12
2217,185,September 2020,141264,2000,1950,141314,2022-09-17
2218,185,October 2020,141264,2000,1516,141748,2022-07-19
2219,185,November 2020,141264,2000,1849,141415,2023-12-09
2220,185,December 2020,141264,3000,1149,143115,2023-01-03
2221,186,January 2020,125060,0,1266,123794,2022-01-19
2222,186,February 2020,125060,2000,1030,126030,2022-08-28
2223,186,March 2020,125060,3000,568,127492,2024-07-27
2224,186,April 2020,125060,3000,478,127582,2025-12-23
2225,186,May 2020,125060,3000,80,127980,2023-11-14
2226,186,June 2020,125060,3000,1645,126415,2024-01-30
2227,186,July 2020,125060,3000,1092,126968,2024-10-07
2228,186,August 2020,125060,2000,351,126709,2023-03-08
2229,186,September 2020,125060,0,1306,123754,2025-03-07
2230,186,October 2020,125060,1000,1799,124261,2024-05-19
2231,186,November 2020,125060,2000,1178,125882,2024-05-06
2232,186,December 2020,125060,2000,15,127045,2024-09-29
2233,187,January 2020,83856,3000,1497,85359,2025-03-22
2234,187,February 2020,83856,1000,59,84797,2024-07-06
2235,187,March 2020,83856,3000,1234,85622,2023-05-24
2236,187,April 2020,83856,0,1297,82559,2023-07-24
2237,187,May 2020,83856,2000,1465,84391,2025-10-12
2238,187,June 2020,83856,2000,99,85757,2023-07-27
2239,187,July 2020,83856,0,475,83381,2023-08-26
2240,187,August 2020,83856,0,1626,82230,2023-05-24
2241,187,September 2020,83856,1000,1611,83245,2022-05-07
2242,187,October 2020,83856,3000,1510,85346,2022-10-11
2243,187,November 2020,83856,2000,2000,83856,2024-04-11
2244,187,December 2020,83856,2000,72,85784,2025-08-25
2245,188,January 2020,150407,0,1274,149133,2022-11-09
2246,188,February 2020,150407,2000,1121,151286,2025-10-07
2247,188,March 2020,150407,2000,110,152297,2022-03-19
2248,188,April 2020,150407,2000,521,151886,2025-12-20
2249,188,May 2020,150407,0,964,149443,2022-08-19
2250,188,June 2020,150407,2000,1136,151271,2025-03-20
2251,188,July 2020,150407,0,299,150108,2023-11-11
2252,188,August 2020,150407,0,1376,149031,2025-08-25
2253,188,September 2020,150407,0,953,149454,2025-02-04
2254,188,October 2020,150407,1000,1377,150030,2023-09-17
2255,188,November 2020,150407,2000,872,151535,2025-02-26
2256,188,December 2020,150407,0,262,150145,2024-02-09
2257,189,January 2020,153712,3000,1747,154965,2024-01-16
2258,189,February 2020,153712,3000,0,156712,2023-04-12
2259,189,March 2020,153712,2000,400,155312,2023-09-12
2260,189,April 2020,153712,3000,1948,154764,2022-10-27
2261,189,May 2020,153712,3000,1862,154850,2022-06-20
2262,189,June 2020,153712,2000,226,155486,2022-03-15
2263,189,July 2020,153712,2000,538,155174,2025-01-15
2264,189,August 2020,153712,0,239,153473,2024-11-23
2265,189,September 2020,153712,2000,1357,154355,2024-03-25
2266,189,October 2020,153712,2000,914,154798,2024-09-14
2267,189,November 2020,153712,0,963,152749,2022-06-26
2268,189,December 2020,153712,2000,1966,153746,2024-04-17
2269,190,January 2020,239858,1000,1432,239426,2024-07-01
2270,190,February 2020,239858,1000,1269,239589,2025-03-26
2271,190,March 2020,239858,2000,1419,240439,2024-10-26
2272,190,April 2020,239858,3000,965,241893,2025-07-05
2273,190,May 2020,239858,0,1287,238571,2022-05-17
2274,190,June 2020,239858,3000,332,242526,2022-02-19
2275,190,July 2020,239858,0,1545,238313,2023-01-11
2276,190,August 2020,239858,1000,999,239859,2024-11-20
2277,190,September 2020,239858,2000,919,240939,2025-10-01
2278,190,October 2020,239858,2000,1196,240662,2024-02-27
2279,190,November 2020,239858,0,329,239529,2022-11-23
2280,190,December 2020,239858,0,113,239745,2025-12-28
2281,191,January 2020,175416,3000,1361,177055,2025-09-24
2282,191,February 2020,175416,1000,1552,174864,2022-11-20
2283,191,March 2020,175416,2000,147,177269,2022-04-06
2284,191,April 2020,175416,3000,439,177977,2024-08-27
2285,191,May 2020,175416,1000,1120,175296,2025-09-23
2286,191,June 2020,175416,1000,566,175850,2025-03-09
2287,191,July 2020,175416,0,1432,173984,2024-08-07
2288,191,August 2020,175416,0,1662,173754,2022-08-05
2289,191,September 2020,175416,1000,1120,175296,2023-06-05
2290,191,October 2020,175416,3000,1856,176560,2025-10-11
2291,191,November 2020,175416,1000,1331,175085,2025-03-25
2292,191,December 2020,175416,0,395,175021,2022-01-20
2293,192,January 2020,103460,3000,345,106115,2024-09-24
2294,192,February 2020,103460,0,1463,101997,2022-10-12
2295,192,March 2020,103460,1000,420,104040,2024-09-06
2296,192,April 2020,103460,3000,1018,105442,2022-09-21
2297,192,May 2020,103460,0,1637,101823,2022-03-25
2298,192,June 2020,103460,1000,81,104379,2022-06-02
2299,192,July 2020,103460,2000,1153,104307,2025-04-01
2300,192,August 2020,103460,2000,315,105145,2023-09-28
2301,192,September 2020,103460,0,908,102552,2025-08-11
2302,192,October 2020,103460,0,894,102566,2022-03-15
2303,192,November 2020,103460,0,404,103056,2023-03-24
2304,192,December 2020,103460,1000,1866,102594,2025-12-03
2305,193,January 2020,218387,3000,599,220788,2024-08-01
2306,193,February 2020,218387,3000,510,220877,2025-12-22
2307,193,March 2020,218387,0,196,218191,2024-09-03
2308,193,April 2020,218387,1000,224,219163,2023-09-17
2309,193,May 2020,218387,1000,1803,217584,2025-03-13
2310,193,June 2020,218387,2000,717,219670,2024-09-14
2311,193,July 2020,218387,2000,1580,218807,2022-10-09
2312,193,August 2020,218387,2000,962,219425,2025-06-09
2313,193,September 2020,218387,3000,1,221386,2024-10-06
2314,193,October 2020,218387,1000,58,219329,2024-11-14
2315,193,November 2020,218387,0,198,218189,2024-08-01
2316,193,December 2020,218387,0,1170,217217,2023-09-14
2317,194,January 2020,137686,2000,654,139032,2022-06-27
2318,194,February 2020,137686,2000,1774,137912,2024-11-24
2319,194,March 2020,137686,3000,1060,139626,2024-05-05
2320,194,April 2020,137686,0,230,137456,2024-05-09
2321,194,May 2020,137686,1000,738,137948,2023-06-07
2322,194,June 2020,137686,2000,1186,138500,2022-07-14
2323,194,July 2020,137686,2000,903,138783,2025-11-16
2324,194,August 2020,137686,2000,1495,138191,2024-07-01
2325,194,September 2020,137686,3000,623,140063,2023-10-14
2326,194,October 2020,137686,1000,1049,137637,2025-08-19
2327,194,November 2020,137686,1000,1966,136720,2024-08-26
2328,194,December 2020,137686,3000,818,139868,2022-02-26
2329,195,January 2020,131644,0,188,131456,2024-07-09
2330,195,February 2020,131644,3000,1366,133278,2023-08-02
2331,195,March 2020,131644,3000,1496,133148,2023-11-04
2332,195,April 2020,131644,1000,554,132090,2023-09-30
2333,195,May 2020,131644,3000,1697,132947,2022-06-07
2334,195,June 2020,131644,2000,1305,132339,2023-02-14
2335,195,July 2020,131644,2000,786,132858,2023-05-21
2336,195,August 2020,131644,3000,450,134194,2024-06-19
2337,195,September 2020,131644,1000,1556,131088,2024-05-12
2338,195,October 2020,131644,2000,2,133642,2022-01-25
2339,195,November 2020,131644,3000,119,134525,2025-03-13
2340,195,December 2020,131644,2000,1935,131709,2025-08-05
2341,196,January 2020,112617,1000,1130,112487,2022-06-30
2342,196,February 2020,112617,2000,1,114616,2022-10-28
2343,196,March 2020,112617,1000,828,112789,2025-04-18
2344,196,April 2020,112617,1000,1364,112253,2025-10-01
2345,196,May 2020,112617,0,182,112435,2023-11-06
2346,196,June 2020,112617,3000,1711,113906,2023-05-03
2347,196,July 2020,112617,3000,1822,113795,2024-12-26
2348,196,August 2020,112617,3000,599,115018,2023-11-27
2349,196,September 2020,112617,0,983,111634,2023-10-27
2350,196,October 2020,112617,3000,1957,113660,2025-06-19
2351,196,November 2020,112617,0,1893,110724,2022-05-10
2352,196,December 2020,112617,0,1470,111147,2025-06-03
2353,197,January 2020,97036,3000,1014,99022,2023-05-10
2354,197,February 2020,97036,1000,1648,96388,2023-04-07
2355,197,March 2020,97036,0,1013,96023,2025-10-05
2356,197,April 2020,97036,0,1480,95556,2024-05-30
2357,197,May 2020,97036,3000,819,99217,2023-03-17
2358,197,June 2020,97036,2000,713,98323,2025-02-12
2359,197,July 2020,97036,0,1673,95363,2025-04-14
2360,197,August 2020,97036,0,1991,95045,2025-07-24
2361,197,September 2020,97036,2000,1888,97148,2025-06-29
2362,197,October 2020,97036,1000,519,97517,2025-06-02
2363,197,November 2020,97036,1000,1804,96232,2025-07-09
2364,197,December 2020,97036,0,1988,95048,2022-07-21
2365,198,January 2020,128040,2000,535,129505,2023-08-24
2366,198,February 2020,128040,1000,389,128651,2024-06-07
2367,198,March 2020,128040,3000,59,130981,2024-03-15
2368,198,April 2020,128040,1000,466,128574,2024-05-17
2369,198,May 2020,128040,0,958,127082,2022-08-16
2370,198,June 2020,128040,3000,77,130963,2023-02-14
2371,198,July 2020,128040,3000,388,130652,2023-11-20
2372,198,August 2020,128040,2000,152,129888,2024-03-16
2373,198,September 2020,128040,2000,608,129432,2024-02-19
2374,198,October 2020,128040,2000,1219,128821,2022-10-07
2375,198,November 2020,128040,1000,910,128130,2025-11-23
2376,198,December 2020,128040,0,892,127148,2023-09-30
2377,199,January 2020,163682,3000,1281,165401,2022-11-14
2378,199,February 2020,163682,0,334,163348,2022-03-18
2379,199,March 2020,163682,1000,3,164679,2024-12-29
2380,199,April 2020,163682,0,467,163215,2024-03-07
2381,199,May 2020,163682,2000,765,164917,2023-02-11
2382,199,June 2020,163682,0,1469,162213,2022-05-28
2383,199,July 2020,163682,0,400,163282,2024-06-13
2384,199,August 2020,163682,0,1427,162255,2022-05-28
2385,199,September 2020,163682,0,67,163615,2025-04-01
2386,199,October 2020,163682,1000,665,164017,2024-10-16
2387,199,November 2020,163682,0,111,163571,2025-01-19
2388,199,December 2020,163682,0,283,163399,2025-06-10
2389,200,January 2020,136542,2000,1362,137180,2023-08-10
2390,200,February 2020,136542,3000,554,138988,2022-01-27
2391,200,March 2020,136542,0,327,136215,2025-10-20
2392,200,April 2020,136542,0,107,136435,2025-04-01
2393,200,May 2020,136542,1000,1633,135909,2022-06-08
2394,200,June 2020,136542,0,967,135575,2022-05-29
2395,200,July 2020,136542,2000,792,137750,2022-10-14
2396,200,August 2020,136542,2000,642,137900,2024-03-14
2397,200,September 2020,136542,3000,1204,138338,2024-11-22
2398,200,October 2020,136542,0,767,135775,2025-05-19
2399,200,November 2020,136542,3000,913,138629,2023-06-23
2400,200,December 2020,136542,1000,434,137108,2024-01-13
2401,201,January 2020,128108,1000,1668,127440,2023-02-28
2402,201,February 2020,128108,1000,1272,127836,2023-02-20
2403,201,March 2020,128108,3000,1468,129640,2024-10-21
2404,201,April 2020,128108,0,225,127883,2022-08-27
2405,201,May 2020,128108,2000,774,129334,2023-03-24
2406,201,June 2020,128108,0,1006,127102,2024-08-26
2407,201,July 2020,128108,2000,216,129892,2024-06-21
2408,201,August 2020,128108,3000,852,130256,2022-04-01
2409,201,September 2020,128108,0,1838,126270,2023-05-29
2410,201,October 2020,128108,2000,365,129743,2025-09-27
2411,201,November 2020,128108,3000,858,130250,2024-06-21
2412,201,December 2020,128108,3000,1011,130097,2024-04-01
2413,202,January 2020,71281,0,1425,69856,2023-06-23
2414,202,February 2020,71281,3000,872,73409,2022-02-12
2415,202,March 2020,71281,3000,781,73500,2023-06-17
2416,202,April 2020,71281,2000,160,73121,2024-06-22
2417,202,May 2020,71281,3000,1508,72773,2023-11-23
2418,202,June 2020,71281,2000,1989,71292,2024-05-07
2419,202,July 2020,71281,3000,1174,73107,2024-04-26
2420,202,August 2020,71281,2000,1626,71655,2023-05-17
2421,202,September 2020,71281,2000,1862,71419,2024-05-27
2422,202,October 2020,71281,0,1918,69363,2025-06-18
2423,202,November 2020,71281,1000,1715,70566,2024-04-14
2424,202,December 2020,71281,2000,1662,71619,2023-08-25
2425,203,January 2020,233174,2000,1926,233248,2024-09-01
2426,203,February 2020,233174,1000,347,233827,2024-10-17
2427,203,March 2020,233174,1000,649,233525,2022-04-13
2428,203,April 2020,233174,0,1668,231506,2025-10-19
2429,203,May 2020,233174,0,1161,232013,2024-11-09
2430,203,June 2020,233174,1000,1828,232346,2023-08-15
2431,203,July 2020,233174,3000,611,235563,2022-11-29
2432,203,August 2020,233174,0,1924,231250,2023-11-11
2433,203,September 2020,233174,3000,414,235760,2025-11-13
2434,203,October 2020,233174,3000,249,235925,2023-12-27
2435,203,November 2020,233174,0,951,232223,2023-01-19
2436,203,December 2020,233174,2000,839,234335,2024-01-20
2437,204,January 2020,259099,3000,1054,261045,2025-05-20
2438,204,February 2020,259099,2000,258,260841,2024-09-03
2439,204,March 2020,259099,1000,40,260059,2024-04-15
2440,204,April 2020,259099,2000,1549,259550,2025-04-14
2441,204,May 2020,259099,0,635,258464,2024-12-16
2442,204,June 2020,259099,3000,276,261823,2025-08-26
2443,204,July 2020,259099,0,121,258978,2022-10-07
2444,204,August 2020,259099,2000,1364,259735,2024-10-09
2445,204,September 2020,259099,2000,1290,259809,2022-05-25
2446,204,October 2020,259099,1000,508,259591,2024-03-09
2447,204,November 2020,259099,0,1724,257375,2024-03-03
2448,204,December 2020,259099,3000,1072,261027,2023-04-14
2449,205,January 2020,194710,0,1498,193212,2025-07-16
2450,205,February 2020,194710,2000,1663,195047,2022-05-22
2451,205,March 2020,194710,3000,443,197267,2025-01-03
2452,205,April 2020,194710,1000,1292,194418,2022-03-22
2453,205,May 2020,194710,3000,1448,196262,2022-10-08
2454,205,June 2020,194710,0,407,194303,2022-12-17
2455,205,July 2020,194710,3000,1296,196414,2024-03-15
2456,205,August 2020,194710,3000,2,197708,2023-07-06
2457,205,September 2020,194710,2000,500,196210,2024-02-12
2458,205,October 2020,194710,1000,322,195388,2023-08-11
2459,205,November 2020,194710,3000,813,196897,2022-10-12
2460,205,December 2020,194710,2000,1075,195635,2024-07-08
2461,206,January 2020,281482,3000,1960,282522,2023-12-20
2462,206,February 2020,281482,1000,677,281805,2023-06-04
2463,206,March 2020,281482,3000,501,283981,2022-10-13
2464,206,April 2020,281482,2000,225,283257,2023-04-15
2465,206,May 2020,281482,1000,79,282403,2024-09-30
2466,206,June 2020,281482,1000,1375,281107,2024-01-06
2467,206,July 2020,281482,3000,112,284370,2024-10-22
2468,206,August 2020,281482,1000,687,281795,2025-07-22
2469,206,September 2020,281482,1000,515,281967,2023-03-16
2470,206,October 2020,281482,1000,448,282034,2022-12-21
2471,206,November 2020,281482,1000,934,281548,2023-01-17
2472,206,December 2020,281482,3000,1686,282796,2023-05-15
2473,207,January 2020,267903,1000,1046,267857,2023-11-28
2474,207,February 2020,267903,1000,1063,267840,2025-02-10
2475,207,March 2020,267903,1000,1048,267855,2023-10-11
2476,207,April 2020,267903,1000,1303,267600,2025-01-18
2477,207,May 2020,267903,1000,897,268006,2022-09-03
2478,207,June 2020,267903,3000,1527,269376,2024-03-04
2479,207,July 2020,267903,0,460,267443,2025-06-01
2480,207,August 2020,267903,1000,986,267917,2022-06-08
2481,207,September 2020,267903,3000,307,270596,2022-06-30
2482,207,October 2020,267903,2000,1372,268531,2022-08-24
2483,207,November 2020,267903,0,1620,266283,2023-06-20
2484,207,December 2020,267903,1000,1524,267379,2022-09-03
2485,208,January 2020,77596,3000,149,80447,2025-11-03
2486,208,February 2020,77596,0,183,77413,2024-12-17
2487,208,March 2020,77596,2000,148,79448,2022-03-09
2488,208,April 2020,77596,2000,1148,78448,2022-09-20
2489,208,May 2020,77596,2000,602,78994,2024-12-24
2490,208,June 2020,77596,3000,482,80114,2025-08-28
2491,208,July 2020,77596,1000,986,77610,2025-06-26
2492,208,August 2020,77596,3000,1715,78881,2025-05-23
2493,208,September 2020,77596,1000,150,78446,2023-03-09
2494,208,October 2020,77596,2000,1690,77906,2024-07-28
2495,208,November 2020,77596,3000,712,79884,2025-10-03
2496,208,December 2020,77596,2000,1226,78370,2022-08-08
2497,209,January 2020,74296,1000,1873,73423,2025-06-04
2498,209,February 2020,74296,0,1650,72646,2022-05-05
2499,209,March 2020,74296,1000,1703,73593,2024-08-31
2500,209,April 2020,74296,1000,626,74670,2024-03-19
2501,209,May 2020,74296,1000,1757,73539,2022-09-13
2502,209,June 2020,74296,3000,1658,75638,2025-04-26
2503,209,July 2020,74296,0,400,73896,2022-10-31
2504,209,August 2020,74296,1000,203,75093,2024-01-30
2505,209,September 2020,74296,1000,1464,73832,2022-07-30
2506,209,October 2020,74296,2000,399,75897,2022-01-12
2507,209,November 2020,74296,1000,354,74942,2023-07-21
2508,209,December 2020,74296,0,1241,73055,2024-08-17
2509,210,January 2020,249086,2000,1277,249809,2025-03-04
2510,210,February 2020,249086,2000,117,250969,2025-02-25
2511,210,March 2020,249086,3000,1109,250977,2024-05-10
2512,210,April 2020,249086,3000,955,251131,2023-09-30
2513,210,May 2020,249086,2000,1131,249955,2023-12-12
2514,210,June 2020,249086,3000,1349,250737,2025-01-15
2515,210,July 2020,249086,2000,1130,249956,2025-01-22
2516,210,August 2020,249086,2000,1689,249397,2022-08-26
2517,210,September 2020,249086,3000,611,251475,2025-12-23
2518,210,October 2020,249086,3000,807,251279,2024-06-14
2519,210,November 2020,249086,2000,1123,249963,2023-06-27
2520,210,December 2020,249086,3000,465,251621,2023-11-16
2521,211,January 2020,91096,3000,1380,92716,2022-12-14
2522,211,February 2020,91096,1000,1394,90702,2024-09-05
2523,211,March 2020,91096,0,1343,89753,2024-12-27
2524,211,April 2020,91096,1000,1852,90244,2023-02-12
2525,211,May 2020,91096,1000,1796,90300,2024-03-11
2526,211,June 2020,91096,1000,1842,90254,2023-07-22
2527,211,July 2020,91096,0,1609,89487,2023-10-10
2528,211,August 2020,91096,0,607,90489,2024-03-19
2529,211,September 2020,91096,2000,388,92708,2023-11-02
2530,211,October 2020,91096,2000,1043,92053,2025-11-23
2531,211,November 2020,91096,3000,643,93453,2024-12-10
2532,211,December 2020,91096,0,1362,89734,2024-01-21
2533,212,January 2020,155228,3000,799,157429,2022-03-13
2534,212,February 2020,155228,1000,902,155326,2023-06-08
2535,212,March 2020,155228,3000,528,157700,2024-04-14
2536,212,April 2020,155228,0,137,155091,2022-11-25
2537,212,May 2020,155228,2000,1746,155482,2025-05-10
2538,212,June 2020,155228,3000,1418,156810,2023-06-24
2539,212,July 2020,155228,3000,70,158158,2025-03-08
2540,212,August 2020,155228,1000,349,155879,2023-06-22
2541,212,September 2020,155228,2000,107,157121,2023-06-17
2542,212,October 2020,155228,3000,1291,156937,2022-05-14
2543,212,November 2020,155228,3000,135,158093,2023-03-22
2544,212,December 2020,155228,3000,327,157901,2023-11-11
2545,213,January 2020,88903,3000,53,91850,2023-10-13
2546,213,February 2020,88903,1000,1039,88864,2025-08-25
2547,213,March 2020,88903,3000,1584,90319,2024-11-14
2548,213,April 2020,88903,2000,960,89943,2024-03-10
2549,213,May 2020,88903,3000,233,91670,2023-02-16
2550,213,June 2020,88903,1000,1108,88795,2024-05-29
2551,213,July 2020,88903,3000,1901,90002,2025-03-16
2552,213,August 2020,88903,2000,1352,89551,2024-10-26
2553,213,September 2020,88903,2000,1493,89410,2023-12-07
2554,213,October 2020,88903,0,798,88105,2025-09-12
2555,213,November 2020,88903,2000,855,90048,2022-06-29
2556,213,December 2020,88903,2000,1255,89648,2024-04-11
2557,214,January 2020,173404,3000,448,175956,2022-11-26
2558,214,February 2020,173404,3000,1679,174725,2022-10-13
2559,214,March 2020,173404,2000,1516,173888,2022-08-05
2560,214,April 2020,173404,0,609,172795,2025-04-12
2561,214,May 2020,173404,1000,229,174175,2023-05-26
2562,214,June 2020,173404,0,1151,172253,2022-04-09
2563,214,July 2020,173404,2000,234,175170,2023-07-13
2564,214,August 2020,173404,2000,1216,174188,2022-02-12
2565,214,September 2020,173404,0,1795,171609,2024-11-07
2566,214,October 2020,173404,3000,387,176017,2023-06-20
2567,214,November 2020,173404,3000,308,176096,2025-10-10
2568,214,December 2020,173404,0,1287,172117,2023-11-22
2569,215,January 2020,94831,0,912,93919,2024-06-29
2570,215,February 2020,94831,0,602,94229,2024-05-20
2571,215,March 2020,94831,2000,651,96180,2024-12-27
2572,215,April 2020,94831,1000,809,95022,2025-08-01
2573,215,May 2020,94831,1000,1952,93879,2023-04-17
2574,215,June 2020,94831,2000,668,96163,2023-09-19
2575,215,July 2020,94831,0,209,94622,2023-12-29
2576,215,August 2020,94831,2000,728,96103,2022-02-16
2577,215,September 2020,94831,0,1885,92946,2023-03-18
2578,215,October 2020,94831,3000,135,97696,2025-08-29
2579,215,November 2020,94831,0,994,93837,2025-07-31
2580,215,December 2020,94831,2000,1888,94943,2024-08-05
2581,216,January 2020,197896,2000,1291,198605,2022-11-06
2582,216,February 2020,197896,3000,595,200301,2025-01-19
2583,216,March 2020,197896,0,1503,196393,2022-07-10
2584,216,April 2020,197896,3000,1398,199498,2025-10-28
2585,216,May 2020,197896,3000,334,200562,2022-10-09
2586,216,June 2020,197896,1000,460,198436,2024-02-13
2587,216,July 2020,197896,2000,1123,198773,2023-12-24
2588,216,August 2020,197896,1000,645,198251,2022-09-25
2589,216,September 2020,197896,0,1401,196495,2024-11-25
2590,216,October 2020,197896,2000,692,199204,2025-06-29
2591,216,November 2020,197896,0,1730,196166,2025-06-25
2592,216,December 2020,197896,1000,443,198453,2023-06-17
2593,217,January 2020,150686,3000,1804,151882,2022-08-24
2594,217,February 2020,150686,1000,1539,150147,2024-06-28
2595,217,March 2020,150686,2000,1929,150757,2022-03-06
2596,217,April 2020,150686,3000,700,152986,2023-08-27
2597,217,May 2020,150686,1000,577,151109,2023-02-06
2598,217,June 2020,150686,1000,1103,150583,2022-05-14
2599,217,July 2020,150686,1000,1443,150243,2023-02-16
2600,217,August 2020,150686,2000,11,152675,2024-06-06
2601,217,September 2020,150686,1000,1674,150012,2023-08-14
2602,217,October 2020,150686,0,900,149786,2025-01-14
2603,217,November 2020,150686,0,1961,148725,2023-09-08
2604,217,December 2020,150686,3000,1976,151710,2023-02-21
2605,218,January 2020,171309,0,1463,169846,2022-11-25
2606,218,February 2020,171309,2000,67,173242,2024-11-13
2607,218,March 2020,171309,3000,1195,173114,2022-09-22
2608,218,April 2020,171309,3000,1659,172650,2023-09-04
2609,218,May 2020,171309,0,590,170719,2023-09-18
2610,218,June 2020,171309,0,643,170666,2023-08-12
2611,218,July 2020,171309,3000,1565,172744,2023-10-20
2612,218,August 2020,171309,2000,1564,171745,2022-01-11
2613,218,September 2020,171309,0,609,170700,2025-10-16
2614,218,October 2020,171309,3000,476,173833,2024-01-06
2615,218,November 2020,171309,2000,1249,172060,2022-03-19
2616,218,December 2020,171309,1000,809,171500,2024-07-21
2617,219,January 2020,95635,1000,906,95729,2024-02-17
2618,219,February 2020,95635,1000,1062,95573,2024-02-12
2619,219,March 2020,95635,3000,106,98529,2022-09-20
2620,219,April 2020,95635,3000,46,98589,2022-09-15
2621,219,May 2020,95635,0,1414,94221,2025-04-23
2622,219,June 2020,95635,3000,1996,96639,2024-03-04
2623,219,July 2020,95635,1000,218,96417,2023-01-31
2624,219,August 2020,95635,0,1168,94467,2024-07-06
2625,219,September 2020,95635,0,111,95524,2024-09-05
2626,219,October 2020,95635,2000,328,97307,2022-02-19
2627,219,November 2020,95635,3000,509,98126,2022-02-02
2628,219,December 2020,95635,1000,1994,94641,2022-04-23
2629,220,January 2020,195410,2000,712,196698,2023-10-25
2630,220,February 2020,195410,0,36,195374,2025-07-26
2631,220,March 2020,195410,1000,1254,195156,2022-10-04
2632,220,April 2020,195410,2000,1732,195678,2022-07-04
2633,220,May 2020,195410,2000,1557,195853,2024-01-03
2634,220,June 2020,195410,2000,1555,195855,2024-12-22
2635,220,July 2020,195410,1000,1869,194541,2023-11-26
2636,220,August 2020,195410,2000,1240,196170,2023-09-04
2637,220,September 2020,195410,3000,1666,196744,2022-03-14
2638,220,October 2020,195410,3000,914,197496,2024-05-28
2639,220,November 2020,195410,3000,1193,197217,2023-12-03
2640,220,December 2020,195410,1000,1937,194473,2025-06-10
2641,221,January 2020,257020,3000,1210,258810,2024-03-09
2642,221,February 2020,257020,0,768,256252,2023-04-05
2643,221,March 2020,257020,1000,632,257388,2023-02-15
2644,221,April 2020,257020,2000,1418,257602,2023-02-14
2645,221,May 2020,257020,3000,262,259758,2023-07-28
2646,221,June 2020,257020,0,1780,255240,2025-07-03
2647,221,July 2020,257020,2000,698,258322,2024-10-24
2648,221,August 2020,257020,3000,1175,258845,2022-07-27
2649,221,September 2020,257020,2000,1145,257875,2025-09-16
2650,221,October 2020,257020,0,968,256052,2022-12-04
2651,221,November 2020,257020,0,168,256852,2024-11-03
2652,221,December 2020,257020,1000,929,257091,2023-03-20
2653,222,January 2020,275170,3000,1028,277142,2025-11-11
2654,222,February 2020,275170,0,1685,273485,2024-03-30
2655,222,March 2020,275170,0,1210,273960,2024-03-19
2656,222,April 2020,275170,1000,1242,274928,2023-02-06
2657,222,May 2020,275170,0,1917,273253,2022-07-06
2658,222,June 2020,275170,0,983,274187,2023-06-19
2659,222,July 2020,275170,0,106,275064,2024-03-22
2660,222,August 2020,275170,2000,1779,275391,2025-07-17
2661,222,September 2020,275170,2000,1449,275721,2024-09-15
2662,222,October 2020,275170,1000,222,275948,2023-07-10
2663,222,November 2020,275170,1000,1973,274197,2023-01-13
2664,222,December 2020,275170,1000,1843,274327,2022-05-20
2665,223,January 2020,232408,3000,952,234456,2022-03-03
2666,223,February 2020,232408,3000,1520,233888,2022-05-20
2667,223,March 2020,232408,2000,92,234316,2022-09-28
2668,223,April 2020,232408,1000,777,232631,2024-08-04
2669,223,May 2020,232408,0,1429,230979,2023-12-17
2670,223,June 2020,232408,3000,1001,234407,2024-10-10
2671,223,July 2020,232408,2000,1531,232877,2024-11-10
2672,223,August 2020,232408,1000,1003,232405,2025-10-26
2673,223,September 2020,232408,0,1073,231335,2025-09-20
2674,223,October 2020,232408,1000,652,232756,2023-11-20
2675,223,November 2020,232408,2000,1071,233337,2023-05-25
2676,223,December 2020,232408,1000,114,233294,2022-12-21
2677,224,January 2020,88395,2000,119,90276,2022-06-21
2678,224,February 2020,88395,0,1891,86504,2023-07-27
2679,224,March 2020,88395,2000,395,90000,2023-05-12
2680,224,April 2020,88395,3000,1150,90245,2022-02-16
2681,224,May 2020,88395,0,1646,86749,2024-12-17
2682,224,June 2020,88395,1000,230,89165,2023-07-23
2683,224,July 2020,88395,0,176,88219,2022-11-05
2684,224,August 2020,88395,2000,331,90064,2022-07-09
2685,224,September 2020,88395,2000,362,90033,2024-03-04
2686,224,October 2020,88395,3000,155,91240,2025-06-08
2687,224,November 2020,88395,0,869,87526,2025-07-09
2688,224,December 2020,88395,3000,644,90751,2023-08-24
2689,225,January 2020,179020,1000,1096,178924,2024-03-24
2690,225,February 2020,179020,0,857,178163,2024-10-28
2691,225,March 2020,179020,3000,338,181682,2025-09-17
2692,225,April 2020,179020,1000,1897,178123,2024-02-10
2693,225,May 2020,179020,0,1524,177496,2024-03-30
2694,225,June 2020,179020,0,953,178067,2025-03-03
2695,225,July 2020,179020,3000,1877,180143,2023-09-18
2696,225,August 2020,179020,0,844,178176,2024-09-17
2697,225,September 2020,179020,0,1107,177913,2025-12-06
2698,225,October 2020,179020,0,1412,177608,2022-11-05
2699,225,November 2020,179020,2000,857,180163,2024-06-08
2700,225,December 2020,179020,0,548,178472,2023-05-02
2701,226,January 2020,249093,0,383,248710,2022-03-07
2702,226,February 2020,249093,3000,1651,250442,2024-02-20
2703,226,March 2020,249093,2000,985,250108,2025-10-25
2704,226,April 2020,249093,3000,750,251343,2024-06-06
2705,226,May 2020,249093,3000,867,251226,2025-06-07
2706,226,June 2020,249093,2000,1658,249435,2022-11-27
2707,226,July 2020,249093,0,101,248992,2022-05-03
2708,226,August 2020,249093,2000,1547,249546,2025-09-16
2709,226,September 2020,249093,2000,133,250960,2023-09-20
2710,226,October 2020,249093,1000,1077,249016,2024-12-01
2711,226,November 2020,249093,0,163,248930,2022-06-28
2712,226,December 2020,249093,0,1984,247109,2024-02-07
2713,227,January 2020,237645,1000,744,237901,2022-09-09
2714,227,February 2020,237645,3000,1763,238882,2024-07-07
2715,227,March 2020,237645,3000,806,239839,2023-06-25
2716,227,April 2020,237645,0,1342,236303,2022-04-17
2717,227,May 2020,237645,1000,402,238243,2023-10-15
2718,227,June 2020,237645,1000,1962,236683,2022-01-06
2719,227,July 2020,237645,0,377,237268,2024-03-01
2720,227,August 2020,237645,3000,76,240569,2022-03-22
2721,227,September 2020,237645,0,1968,235677,2024-11-02
2722,227,October 2020,237645,0,180,237465,2025-03-25
2723,227,November 2020,237645,0,420,237225,2023-03-21
2724,227,December 2020,237645,3000,1231,239414,2025-08-09
2725,228,January 2020,271987,2000,875,273112,2024-05-22
2726,228,February 2020,271987,2000,1769,272218,2024-06-06
2727,228,March 2020,271987,2000,1474,272513,2022-03-06
2728,228,April 2020,271987,3000,441,274546,2023-01-27
2729,228,May 2020,271987,2000,963,273024,2023-10-13
2730,228,June 2020,271987,1000,1162,271825,2022-08-12
2731,228,July 2020,271987,0,860,271127,2023-10-18
2732,228,August 2020,271987,1000,1000,271987,2023-04-11
2733,228,September 2020,271987,2000,71,273916,2022-05-04
2734,228,October 2020,271987,1000,1327,271660,2025-12-03
2735,228,November 2020,271987,3000,1889,273098,2024-07-02
2736,228,December 2020,271987,0,1452,270535,2022-03-29
2737,229,January 2020,138613,2000,1836,138777,2022-02-02
2738,229,February 2020,138613,2000,777,139836,2024-07-10
2739,229,March 2020,138613,2000,166,140447,2024-03-10
2740,229,April 2020,138613,3000,743,140870,2024-11-23
2741,229,May 2020,138613,3000,113,141500,2024-06-18
2742,229,June 2020,138613,1000,44,139569,2025-08-24
2743,229,July 2020,138613,3000,456,141157,2022-07-23
2744,229,August 2020,138613,3000,72,141541,2023-10-20
2745,229,September 2020,138613,0,1592,137021,2025-11-13
2746,229,October 2020,138613,3000,1241,140372,2022-08-19
2747,229,November 2020,138613,2000,1117,139496,2023-05-31
2748,229,December 2020,138613,2000,78,140535,2024-02-09
2749,230,January 2020,206631,3000,561,209070,2023-12-31
2750,230,February 2020,206631,0,1622,205009,2024-05-23
2751,230,March 2020,206631,2000,146,208485,2022-01-22
2752,230,April 2020,206631,3000,687,208944,2023-08-23
2753,230,May 2020,206631,1000,1108,206523,2025-10-26
2754,230,June 2020,206631,3000,185,209446,2025-06-27
2755,230,July 2020,206631,2000,708,207923,2024-05-25
2756,230,August 2020,206631,3000,1078,208553,2023-10-25
2757,230,September 2020,206631,3000,84,209547,2022-12-15
2758,230,October 2020,206631,1000,91,207540,2022-12-05
2759,230,November 2020,206631,1000,1013,206618,2025-11-07
2760,230,December 2020,206631,2000,662,207969,2023-09-08
2761,231,January 2020,72789,3000,1154,74635,2022-01-09
2762,231,February 2020,72789,3000,18,75771,2023-08-23
2763,231,March 2020,72789,1000,903,72886,2025-07-16
2764,231,April 2020,72789,2000,1634,73155,2023-09-04
2765,231,May 2020,72789,0,1181,71608,2025-05-16
2766,231,June 2020,72789,2000,1636,73153,2025-03-20
2767,231,July 2020,72789,0,656,72133,2022-08-19
2768,231,August 2020,72789,3000,1759,74030,2023-03-21
2769,231,September 2020,72789,1000,431,73358,2023-05-06
2770,231,October 2020,72789,1000,916,72873,2022-05-04
2771,231,November 2020,72789,1000,368,73421,2025-12-18
2772,231,December 2020,72789,3000,78,75711,2022-12-03
2773,232,January 2020,272092,1000,247,272845,2023-08-08
2774,232,February 2020,272092,3000,1889,273203,2022-11-03
2775,232,March 2020,272092,0,909,271183,2024-05-24
2776,232,April 2020,272092,2000,1818,272274,2022-08-04
2777,232,May 2020,272092,1000,1013,272079,2023-11-29
2778,232,June 2020,272092,1000,156,272936,2024-07-26
2779,232,July 2020,272092,1000,397,272695,2023-11-22
2780,232,August 2020,272092,3000,1393,273699,2025-06-16
2781,232,September 2020,272092,1000,1961,271131,2023-10-28
2782,232,October 2020,272092,0,223,271869,2022-02-25
2783,232,November 2020,272092,0,729,271363,2023-01-01
2784,232,December 2020,272092,1000,849,272243,2023-01-09
2785,233,January 2020,158400,0,1051,157349,2025-07-19
2786,233,February 2020,158400,2000,1132,159268,2024-12-29
2787,233,March 2020,158400,0,435,157965,2025-11-23
2788,233,April 2020,158400,3000,114,161286,2025-09-11
2789,233,May 2020,158400,0,855,157545,2025-07-12
2790,233,June 2020,158400,1000,475,158925,2024-10-24
2791,233,July 2020,158400,0,1042,157358,2025-11-04
2792,233,August 2020,158400,1000,754,158646,2023-08-16
2793,233,September 2020,158400,3000,1888,159512,2025-12-03
2794,233,October 2020,158400,0,840,157560,2024-01-03
2795,233,November 2020,158400,3000,678,160722,2023-06-17
2796,233,December 2020,158400,3000,859,160541,2024-11-15
2797,234,January 2020,196652,1000,1966,195686,2023-05-09
2798,234,February 2020,196652,3000,566,199086,2025-03-12
2799,234,March 2020,196652,3000,1556,198096,2025-12-30
2800,234,April 2020,196652,1000,1561,196091,2024-02-13
2801,234,May 2020,196652,2000,1876,196776,2024-10-19
2802,234,June 2020,196652,2000,1633,197019,2022-03-22
2803,234,July 2020,196652,0,1243,195409,2022-12-13
2804,234,August 2020,196652,2000,384,198268,2025-12-24
2805,234,September 2020,196652,0,1835,194817,2024-11-06
2806,234,October 2020,196652,0,244,196408,2024-03-11
2807,234,November 2020,196652,2000,382,198270,2022-12-08
2808,234,December 2020,196652,0,244,196408,2023-12-22
2809,235,January 2020,176154,1000,1030,176124,2023-05-18
2810,235,February 2020,176154,3000,1412,177742,2023-06-13
2811,235,March 2020,176154,2000,1580,176574,2025-11-29
2812,235,April 2020,176154,2000,1889,176265,2024-02-17
2813,235,May 2020,176154,0,43,176111,2025-04-03
2814,235,June 2020,176154,2000,492,177662,2025-12-24
2815,235,July 2020,176154,2000,1157,176997,2022-04-01
2816,235,August 2020,176154,3000,1241,177913,2022-11-02
2817,235,September 2020,176154,1000,1438,175716,2023-11-03
2818,235,October 2020,176154,0,736,175418,2022-03-07
2819,235,November 2020,176154,3000,831,178323,2024-04-04
2820,235,December 2020,176154,1000,996,176158,2024-08-03
2821,236,January 2020,112492,0,1141,111351,2023-12-28
2822,236,February 2020,112492,3000,412,115080,2022-06-13
2823,236,March 2020,112492,0,1062,111430,2025-02-08
2824,236,April 2020,112492,3000,1120,114372,2023-07-22
2825,236,May 2020,112492,3000,1956,113536,2022-04-09
2826,236,June 2020,112492,2000,814,113678,2025-01-19
2827,236,July 2020,112492,3000,1308,114184,2022-02-22
2828,236,August 2020,112492,2000,360,114132,2023-05-02
2829,236,September 2020,112492,2000,1862,112630,2022-02-21
2830,236,October 2020,112492,2000,1645,112847,2022-12-20
2831,236,November 2020,112492,0,1357,111135,2024-12-18
2832,236,December 2020,112492,2000,227,114265,2023-01-25
2833,237,January 2020,248907,0,1365,247542,2024-05-08
2834,237,February 2020,248907,2000,1200,249707,2023-06-17
2835,237,March 2020,248907,2000,77,250830,2024-02-25
2836,237,April 2020,248907,2000,1931,248976,2024-02-23
2837,237,May 2020,248907,1000,1227,248680,2025-10-24
2838,237,June 2020,248907,3000,208,251699,2025-01-16
2839,237,July 2020,248907,3000,559,251348,2023-09-24
2840,237,August 2020,248907,2000,1236,249671,2022-11-25
2841,237,September 2020,248907,0,1258,247649,2024-04-17
2842,237,October 2020,248907,3000,233,251674,2023-05-27
2843,237,November 2020,248907,3000,603,251304,2022-03-23
2844,237,December 2020,248907,2000,74,250833,2024-05-19
2845,238,January 2020,71417,1000,1059,71358,2022-10-07
2846,238,February 2020,71417,2000,497,72920,2023-02-13
2847,238,March 2020,71417,3000,936,73481,2022-08-13
2848,238,April 2020,71417,1000,384,72033,2022-09-23
2849,238,May 2020,71417,2000,50,73367,2025-11-10
2850,238,June 2020,71417,3000,1459,72958,2022-12-05
2851,238,July 2020,71417,0,1335,70082,2024-04-27
2852,238,August 2020,71417,2000,1359,72058,2024-07-27
2853,238,September 2020,71417,1000,1306,71111,2025-07-14
2854,238,October 2020,71417,3000,1682,72735,2024-09-02
2855,238,November 2020,71417,0,650,70767,2025-03-10
2856,238,December 2020,71417,0,926,70491,2025-02-07
2857,239,January 2020,84287,2000,1832,84455,2022-03-01
2858,239,February 2020,84287,3000,367,86920,2022-04-22
2859,239,March 2020,84287,3000,1949,85338,2023-11-15
2860,239,April 2020,84287,2000,546,85741,2022-04-07
2861,239,May 2020,84287,0,394,83893,2023-10-21
2862,239,June 2020,84287,1000,1222,84065,2023-12-10
2863,239,July 2020,84287,0,188,84099,2023-07-30
2864,239,August 2020,84287,2000,89,86198,2024-04-08
2865,239,September 2020,84287,3000,158,87129,2022-02-03
2866,239,October 2020,84287,2000,301,85986,2025-12-07
2867,239,November 2020,84287,3000,1481,85806,2022-08-07
2868,239,December 2020,84287,3000,325,86962,2025-02-07
2869,240,January 2020,130071,0,442,129629,2022-01-01
2870,240,February 2020,130071,2000,1205,130866,2024-02-27
2871,240,March 2020,130071,1000,864,130207,2023-07-05
2872,240,April 2020,130071,1000,793,130278,2023-10-07
2873,240,May 2020,130071,3000,48,133023,2023-02-14
2874,240,June 2020,130071,2000,583,131488,2024-08-14
2875,240,July 2020,130071,1000,1996,129075,2022-05-12
2876,240,August 2020,130071,1000,1101,129970,2023-03-28
2877,240,September 2020,130071,0,680,129391,2025-06-04
2878,240,October 2020,130071,3000,1103,131968,2025-11-12
2879,240,November 2020,130071,1000,1063,130008,2022-02-16
2880,240,December 2020,130071,2000,1219,130852,2022-05-14
2881,241,January 2020,261366,1000,950,261416,2024-05-11
2882,241,February 2020,261366,1000,668,261698,2024-01-19
2883,241,March 2020,261366,3000,958,263408,2024-04-12
2884,241,April 2020,261366,3000,771,263595,2022-11-10
2885,241,May 2020,261366,2000,189,263177,2025-09-14
2886,241,June 2020,261366,1000,501,261865,2023-01-29
2887,241,July 2020,261366,0,238,261128,2023-03-12
2888,241,August 2020,261366,3000,118,264248,2024-01-27
2889,241,September 2020,261366,1000,1973,260393,2022-05-04
2890,241,October 2020,261366,2000,1859,261507,2024-03-25
2891,241,November 2020,261366,0,569,260797,2025-04-15
2892,241,December 2020,261366,3000,1370,262996,2022-04-29
2893,242,January 2020,131608,3000,1893,132715,2025-10-16
2894,242,February 2020,131608,3000,1835,132773,2023-08-19
2895,242,March 2020,131608,3000,225,134383,2022-01-02
2896,242,April 2020,131608,3000,1175,133433,2024-08-27
2897,242,May 2020,131608,1000,1540,131068,2022-04-06
2898,242,June 2020,131608,0,1098,130510,2024-10-17
2899,242,July 2020,131608,1000,346,132262,2025-07-16
2900,242,August 2020,131608,1000,1820,130788,2025-11-13
2901,242,September 2020,131608,3000,1975,132633,2023-09-15
2902,242,October 2020,131608,1000,1797,130811,2022-04-19
2903,242,November 2020,131608,3000,777,133831,2024-08-24
2904,242,December 2020,131608,3000,253,134355,2023-04-29
2905,243,January 2020,232300,2000,72,234228,2024-09-10
2906,243,February 2020,232300,0,1705,230595,2024-04-09
2907,243,March 2020,232300,2000,1882,232418,2022-06-17
2908,243,April 2020,232300,0,830,231470,2024-04-03
2909,243,May 2020,232300,0,999,231301,2024-08-09
2910,243,June 2020,232300,3000,702,234598,2024-10-24
2911,243,July 2020,232300,0,38,232262,2023-07-22
2912,243,August 2020,232300,2000,167,234133,2025-11-14
2913,243,September 2020,232300,3000,1423,233877,2023-08-19
2914,243,October 2020,232300,0,1030,231270,2023-07-17
2915,243,November 2020,232300,1000,1518,231782,2024-07-31
2916,243,December 2020,232300,0,943,231357,2023-07-13
2917,244,January 2020,181956,0,685,181271,2025-08-28
2918,244,February 2020,181956,3000,1833,183123,2022-06-22
2919,244,March 2020,181956,2000,136,183820,2025-01-10
2920,244,April 2020,181956,3000,778,184178,2024-12-06
2921,244,May 2020,181956,0,180,181776,2022-02-21
2922,244,June 2020,181956,3000,1178,183778,2022-07-28
2923,244,July 2020,181956,2000,930,183026,2025-07-03
2924,244,August 2020,181956,1000,535,182421,2022-06-05
2925,244,September 2020,181956,1000,555,182401,2025-03-12
2926,244,October 2020,181956,3000,509,184447,2025-03-25
2927,244,November 2020,181956,0,329,181627,2022-05-24
2928,244,December 2020,181956,1000,1983,180973,2022-10-09
2929,245,January 2020,201965,0,1191,200774,2022-03-19
2930,245,February 2020,201965,1000,303,202662,2024-06-05
2931,245,March 2020,201965,1000,1141,201824,2025-06-06
2932,245,April 2020,201965,2000,1132,202833,2023-07-29
2933,245,May 2020,201965,3000,247,204718,2022-05-17
2934,245,June 2020,201965,3000,1561,203404,2025-08-02
2935,245,July 2020,201965,1000,1142,201823,2022-03-29
2936,245,August 2020,201965,3000,364,204601,2025-01-11
2937,245,September 2020,201965,0,1942,200023,2023-03-04
2938,245,October 2020,201965,2000,261,203704,2025-03-12
2939,245,November 2020,201965,0,1774,200191,2025-01-09
2940,245,December 2020,201965,1000,999,201966,2023-08-09
2941,246,January 2020,136361,3000,440,138921,2025-05-27
2942,246,February 2020,136361,2000,1655,136706,2024-08-18
2943,246,March 2020,136361,0,26,136335,2025-03-13
2944,246,April 2020,136361,3000,403,138958,2023-10-19
2945,246,May 2020,136361,2000,67,138294,2023-11-29
2946,246,June 2020,136361,1000,1492,135869,2024-08-01
2947,246,July 2020,136361,2000,96,138265,2023-10-17
2948,246,August 2020,136361,3000,753,138608,2023-07-18
2949,246,September 2020,136361,3000,255,139106,2022-01-16
2950,246,October 2020,136361,1000,161,137200,2024-08-29
2951,246,November 2020,136361,1000,100,137261,2024-10-12
2952,246,December 2020,136361,0,1886,134475,2025-10-20
2953,247,January 2020,199879,2000,1346,200533,2022-09-10
2954,247,February 2020,199879,2000,1979,199900,2023-07-07
2955,247,March 2020,199879,3000,1869,201010,2022-10-18
2956,247,April 2020,199879,0,901,198978,2022-11-23
2957,247,May 2020,199879,2000,1147,200732,2023-12-24
2958,247,June 2020,199879,1000,355,200524,2023-03-22
2959,247,July 2020,199879,3000,330,202549,2025-05-05
2960,247,August 2020,199879,1000,1486,199393,2024-06-09
2961,247,September 2020,199879,0,1938,197941,2023-01-12
2962,247,October 2020,199879,1000,1727,199152,2024-06-24
2963,247,November 2020,199879,3000,123,202756,2022-05-05
2964,247,December 2020,199879,2000,287,201592,2025-04-07
2965,248,January 2020,123343,3000,259,126084,2022-04-01
2966,248,February 2020,123343,1000,1047,123296,2022-03-17
2967,248,March 2020,123343,3000,366,125977,2024-06-09
2968,248,April 2020,123343,2000,1573,123770,2022-04-15
2969,248,May 2020,123343,0,1865,121478,2022-01-28
2970,248,June 2020,123343,2000,685,124658,2023-12-22
2971,248,July 2020,123343,0,514,122829,2022-07-04
2972,248,August 2020,123343,2000,722,124621,2022-09-25
2973,248,September 2020,123343,1000,1835,122508,2025-08-25
2974,248,October 2020,123343,2000,771,124572,2024-03-04
2975,248,November 2020,123343,2000,277,125066,2024-05-17
2976,248,December 2020,123343,3000,510,125833,2024-03-30
2977,249,January 2020,200816,0,1135,199681,2025-01-28
2978,249,February 2020,200816,1000,450,201366,2024-03-01
2979,249,March 2020,200816,1000,1914,199902,2024-02-10
2980,249,April 2020,200816,1000,358,201458,2023-06-11
2981,249,May 2020,200816,0,1202,199614,2023-10-05
2982,249,June 2020,200816,3000,300,203516,2024-01-23
2983,249,July 2020,200816,1000,327,201489,2024-11-26
2984,249,August 2020,200816,3000,1889,201927,2025-06-18
2985,249,September 2020,200816,3000,1543,202273,2022-05-27
2986,249,October 2020,200816,1000,389,201427,2024-05-27
2987,249,November 2020,200816,3000,466,203350,2023-03-19
2988,249,December 2020,200816,0,1354,199462,2025-03-09
2989,250,January 2020,248339,1000,244,249095,2024-09-07
2990,250,February 2020,248339,3000,1018,250321,2022-12-24
2991,250,March 2020,248339,0,612,247727,2024-04-19
2992,250,April 2020,248339,0,628,247711,2023-04-24
2993,250,May 2020,248339,3000,945,250394,2022-04-21
2994,250,June 2020,248339,2000,1858,248481,2025-02-09
2995,250,July 2020,248339,3000,1867,249472,2024-09-16
2996,250,August 2020,248339,3000,1879,249460,2024-09-25
2997,250,September 2020,248339,0,533,247806,2025-03-30
2998,250,October 2020,248339,1000,795,248544,2023-02-03
2999,250,November 2020,248339,3000,1129,250210,2025-07-29
3000,250,December 2020,248339,2000,909,249430,2023-10-08
3001,251,January 2020,170453,0,1159,169294,2024-10-03
3002,251,February 2020,170453,1000,916,170537,2022-12-29
3003,251,March 2020,170453,2000,1393,171060,2022-01-24
3004,251,April 2020,170453,2000,237,172216,2023-10-12
3005,251,May 2020,170453,1000,665,170788,2022-12-02
3006,251,June 2020,170453,1000,598,170855,2022-10-11
3007,251,July 2020,170453,3000,498,172955,2023-06-13
3008,251,August 2020,170453,1000,51,171402,2024-08-26
3009,251,September 2020,170453,1000,702,170751,2025-12-12
3010,251,October 2020,170453,0,113,170340,2024-03-03
3011,251,November 2020,170453,1000,1013,170440,2023-01-30
3012,251,December 2020,170453,3000,1376,172077,2025-08-10
3013,252,January 2020,164775,1000,296,165479,2024-04-19
3014,252,February 2020,164775,2000,5,166770,2024-02-16
3015,252,March 2020,164775,0,1642,163133,2022-02-17
3016,252,April 2020,164775,1000,297,165478,2023-06-13
3017,252,May 2020,164775,2000,1769,165006,2024-12-16
3018,252,June 2020,164775,2000,1277,165498,2025-04-25
3019,252,July 2020,164775,2000,1097,165678,2022-07-27
3020,252,August 2020,164775,1000,1718,164057,2024-01-16
3021,252,September 2020,164775,1000,1738,164037,2023-02-09
3022,252,October 2020,164775,3000,258,167517,2022-08-27
3023,252,November 2020,164775,0,1004,163771,2025-09-21
3024,252,December 2020,164775,2000,523,166252,2025-06-12
3025,253,January 2020,101034,3000,1476,102558,2023-02-20
3026,253,February 2020,101034,0,1251,99783,2023-12-25
3027,253,March 2020,101034,0,1246,99788,2023-05-06
3028,253,April 2020,101034,0,1555,99479,2022-12-05
3029,253,May 2020,101034,3000,1652,102382,2025-03-03
3030,253,June 2020,101034,3000,1077,102957,2023-01-02
3031,253,July 2020,101034,0,272,100762,2025-11-06
3032,253,August 2020,101034,1000,1160,100874,2025-01-10
3033,253,September 2020,101034,0,921,100113,2025-01-26
3034,253,October 2020,101034,3000,447,103587,2022-01-04
3035,253,November 2020,101034,3000,692,103342,2023-08-20
3036,253,December 2020,101034,0,1186,99848,2023-01-27
3037,254,January 2020,89704,1000,1878,88826,2023-11-09
3038,254,February 2020,89704,1000,258,90446,2022-10-21
3039,254,March 2020,89704,2000,411,91293,2025-07-04
3040,254,April 2020,89704,3000,1251,91453,2022-10-16
3041,254,May 2020,89704,2000,1172,90532,2023-10-24
3042,254,June 2020,89704,3000,858,91846,2024-04-05
3043,254,July 2020,89704,3000,1915,90789,2025-10-16
3044,254,August 2020,89704,0,455,89249,2024-09-27
3045,254,September 2020,89704,0,608,89096,2023-04-30
3046,254,October 2020,89704,1000,328,90376,2024-04-25
3047,254,November 2020,89704,3000,1507,91197,2025-11-12
3048,254,December 2020,89704,2000,1483,90221,2022-01-22
3049,255,January 2020,100143,2000,1382,100761,2024-05-03
3050,255,February 2020,100143,0,699,99444,2023-12-29
3051,255,March 2020,100143,2000,1576,100567,2022-06-13
3052,255,April 2020,100143,0,1068,99075,2023-03-22
3053,255,May 2020,100143,1000,422,100721,2022-07-01
3054,255,June 2020,100143,2000,91,102052,2024-11-19
3055,255,July 2020,100143,3000,1922,101221,2023-01-14
3056,255,August 2020,100143,1000,1843,99300,2022-09-05
3057,255,September 2020,100143,2000,1457,100686,2023-03-21
3058,255,October 2020,100143,0,1578,98565,2023-11-28
3059,255,November 2020,100143,2000,1031,101112,2022-10-18
3060,255,December 2020,100143,3000,1321,101822,2024-04-09
3061,256,January 2020,214753,1000,1201,214552,2025-11-23
3062,256,February 2020,214753,1000,677,215076,2025-08-22
3063,256,March 2020,214753,0,1402,213351,2023-11-29
3064,256,April 2020,214753,0,723,214030,2023-05-08
3065,256,May 2020,214753,0,481,214272,2025-07-15
3066,256,June 2020,214753,3000,996,216757,2023-04-06
3067,256,July 2020,214753,3000,345,217408,2025-01-02
3068,256,August 2020,214753,1000,1762,213991,2024-06-19
3069,256,September 2020,214753,2000,233,216520,2022-10-30
3070,256,October 2020,214753,3000,779,216974,2024-01-22
3071,256,November 2020,214753,0,653,214100,2022-07-10
3072,256,December 2020,214753,2000,1420,215333,2024-07-31
3073,257,January 2020,157604,1000,736,157868,2025-09-28
3074,257,February 2020,157604,2000,210,159394,2025-06-22
3075,257,March 2020,157604,1000,541,158063,2022-01-28
3076,257,April 2020,157604,0,1607,155997,2025-10-23
3077,257,May 2020,157604,1000,222,158382,2024-08-30
3078,257,June 2020,157604,2000,719,158885,2022-05-06
3079,257,July 2020,157604,3000,32,160572,2024-08-29
3080,257,August 2020,157604,0,159,157445,2025-07-25
3081,257,September 2020,157604,2000,1757,157847,2022-01-29
3082,257,October 2020,157604,3000,1786,158818,2025-10-28
3083,257,November 2020,157604,0,964,156640,2023-03-20
3084,257,December 2020,157604,1000,1619,156985,2025-03-03
3085,258,January 2020,78107,0,1223,76884,2024-12-29
3086,258,February 2020,78107,1000,642,78465,2024-10-22
3087,258,March 2020,78107,3000,1317,79790,2025-12-23
3088,258,April 2020,78107,0,661,77446,2025-08-29
3089,258,May 2020,78107,1000,1206,77901,2024-07-31
3090,258,June 2020,78107,0,1640,76467,2025-06-26
3091,258,July 2020,78107,2000,32,80075,2024-07-31
3092,258,August 2020,78107,3000,1723,79384,2022-06-09
3093,258,September 2020,78107,3000,1568,79539,2025-06-23
3094,258,October 2020,78107,0,814,77293,2025-02-08
3095,258,November 2020,78107,1000,728,78379,2022-05-14
3096,258,December 2020,78107,2000,236,79871,2024-08-28
3097,259,January 2020,143046,3000,380,145666,2024-12-17
3098,259,February 2020,143046,2000,1660,143386,2025-01-21
3099,259,March 2020,143046,1000,1513,142533,2022-07-29
3100,259,April 2020,143046,1000,915,143131,2022-06-17
3101,259,May 2020,143046,2000,698,144348,2023-05-28
3102,259,June 2020,143046,2000,1326,143720,2022-06-19
3103,259,July 2020,143046,2000,1284,143762,2022-08-13
3104,259,August 2020,143046,2000,146,144900,2025-07-04
3105,259,September 2020,143046,3000,1793,144253,2023-06-13
3106,259,October 2020,143046,1000,1894,142152,2022-11-09
3107,259,November 2020,143046,0,513,142533,2022-05-23
3108,259,December 2020,143046,2000,1583,143463,2024-10-20
3109,260,January 2020,224545,0,1355,223190,2025-04-16
3110,260,February 2020,224545,1000,856,224689,2022-01-04
3111,260,March 2020,224545,2000,151,226394,2023-11-05
3112,260,April 2020,224545,3000,1396,226149,2024-12-18
3113,260,May 2020,224545,1000,1385,224160,2022-03-05
3114,260,June 2020,224545,2000,1590,224955,2024-05-12
3115,260,July 2020,224545,3000,713,226832,2022-04-24
3116,260,August 2020,224545,0,329,224216,2025-11-23
3117,260,September 2020,224545,3000,1371,226174,2025-06-21
3118,260,October 2020,224545,0,1302,223243,2025-11-03
3119,260,November 2020,224545,3000,1345,226200,2025-06-06
3120,260,December 2020,224545,0,1212,223333,2023-12-09
3121,261,January 2020,166291,1000,1796,165495,2022-07-21
3122,261,February 2020,166291,3000,430,168861,2023-08-31
3123,261,March 2020,166291,1000,965,166326,2025-07-23
3124,261,April 2020,166291,2000,1213,167078,2022-05-13
3125,261,May 2020,166291,1000,36,167255,2023-06-30
3126,261,June 2020,166291,3000,1816,167475,2024-11-14
3127,261,July 2020,166291,0,1846,164445,2024-10-14
3128,261,August 2020,166291,3000,1307,167984,2022-04-04
3129,261,September 2020,166291,1000,684,166607,2023-05-02
3130,261,October 2020,166291,3000,1765,167526,2023-07-17
3131,261,November 2020,166291,0,1822,164469,2025-05-13
3132,261,December 2020,166291,1000,1877,165414,2024-08-05
3133,262,January 2020,223898,0,1862,222036,2025-10-30
3134,262,February 2020,223898,2000,1499,224399,2023-09-29
3135,262,March 2020,223898,2000,1108,224790,2024-03-31
3136,262,April 2020,223898,0,668,223230,2024-07-16
3137,262,May 2020,223898,3000,1002,225896,2023-08-03
3138,262,June 2020,223898,3000,62,226836,2024-10-28
3139,262,July 2020,223898,2000,5,225893,2024-07-26
3140,262,August 2020,223898,2000,512,225386,2022-02-28
3141,262,September 2020,223898,1000,301,224597,2025-07-25
3142,262,October 2020,223898,2000,190,225708,2023-05-16
3143,262,November 2020,223898,3000,287,226611,2023-01-04
3144,262,December 2020,223898,2000,92,225806,2022-07-16
3145,263,January 2020,148653,0,1571,147082,2024-06-12
3146,263,February 2020,148653,0,1641,147012,2022-05-21
3147,263,March 2020,148653,3000,1185,150468,2023-02-16
3148,263,April 2020,148653,3000,1385,150268,2022-12-25
3149,263,May 2020,148653,1000,256,149397,2024-09-19
3150,263,June 2020,148653,3000,1143,150510,2022-03-22
3151,263,July 2020,148653,1000,46,149607,2025-08-07
3152,263,August 2020,148653,2000,1948,148705,2025-10-26
3153,263,September 2020,148653,0,734,147919,2023-08-14
3154,263,October 2020,148653,2000,727,149926,2022-10-19
3155,263,November 2020,148653,2000,852,149801,2025-11-24
3156,263,December 2020,148653,2000,1770,148883,2022-10-15
3157,264,January 2020,197537,0,1837,195700,2024-05-08
3158,264,February 2020,197537,1000,45,198492,2025-07-18
3159,264,March 2020,197537,1000,612,197925,2023-03-09
3160,264,April 2020,197537,0,1620,195917,2024-06-22
3161,264,May 2020,197537,0,1587,195950,2023-12-06
3162,264,June 2020,197537,0,1492,196045,2024-12-11
3163,264,July 2020,197537,0,1407,196130,2025-06-24
3164,264,August 2020,197537,3000,109,200428,2024-08-27
3165,264,September 2020,197537,3000,1425,199112,2023-06-26
3166,264,October 2020,197537,1000,1604,196933,2022-08-17
3167,264,November 2020,197537,3000,1112,199425,2025-11-11
3168,264,December 2020,197537,2000,122,199415,2024-05-10
3169,265,January 2020,125094,2000,1989,125105,2023-08-05
3170,265,February 2020,125094,1000,1578,124516,2022-06-30
3171,265,March 2020,125094,3000,1315,126779,2022-02-23
3172,265,April 2020,125094,3000,52,128042,2024-11-24
3173,265,May 2020,125094,0,1656,123438,2025-05-12
3174,265,June 2020,125094,2000,616,126478,2025-10-24
3175,265,July 2020,125094,1000,1798,124296,2022-08-29
3176,265,August 2020,125094,0,117,124977,2024-09-30
3177,265,September 2020,125094,0,1232,123862,2022-07-17
3178,265,October 2020,125094,0,787,124307,2024-10-14
3179,265,November 2020,125094,3000,411,127683,2025-11-21
3180,265,December 2020,125094,3000,1316,126778,2024-01-14
3181,266,January 2020,116815,2000,1940,116875,2022-06-20
3182,266,February 2020,116815,1000,747,117068,2025-04-15
3183,266,March 2020,116815,0,983,115832,2023-03-30
3184,266,April 2020,116815,0,687,116128,2025-05-12
3185,266,May 2020,116815,3000,164,119651,2025-07-09
3186,266,June 2020,116815,3000,1728,118087,2025-10-30
3187,266,July 2020,116815,2000,1231,117584,2022-12-17
3188,266,August 2020,116815,0,316,116499,2025-04-08
3189,266,September 2020,116815,0,440,116375,2023-12-22
3190,266,October 2020,116815,3000,302,119513,2022-12-24
3191,266,November 2020,116815,1000,1566,116249,2025-06-17
3192,266,December 2020,116815,2000,1686,117129,2023-01-26
3193,267,January 2020,169352,1000,1374,168978,2023-08-09
3194,267,February 2020,169352,2000,76,171276,2024-09-28
3195,267,March 2020,169352,3000,680,171672,2025-06-18
3196,267,April 2020,169352,3000,725,171627,2022-07-29
3197,267,May 2020,169352,2000,1523,169829,2025-01-10
3198,267,June 2020,169352,1000,389,169963,2022-01-02
3199,267,July 2020,169352,2000,794,170558,2022-08-18
3200,267,August 2020,169352,0,188,169164,2022-12-17
3201,267,September 2020,169352,0,1465,167887,2023-06-17
3202,267,October 2020,169352,1000,270,170082,2024-03-27
3203,267,November 2020,169352,3000,1749,170603,2023-02-09
3204,267,December 2020,169352,3000,982,171370,2024-12-04
3205,268,January 2020,153987,2000,1261,154726,2022-05-21
3206,268,February 2020,153987,1000,811,154176,2022-03-11
3207,268,March 2020,153987,3000,1723,155264,2023-02-26
3208,268,April 2020,153987,0,1306,152681,2025-11-22
3209,268,May 2020,153987,1000,1653,153334,2022-10-30
3210,268,June 2020,153987,2000,1736,154251,2023-04-19
3211,268,July 2020,153987,1000,1815,153172,2025-07-07
3212,268,August 2020,153987,1000,1517,153470,2024-05-08
3213,268,September 2020,153987,3000,787,156200,2024-07-09
3214,268,October 2020,153987,1000,1471,153516,2025-12-11
3215,268,November 2020,153987,3000,1539,155448,2022-09-07
3216,268,December 2020,153987,1000,1606,153381,2024-09-26
3217,269,January 2020,103602,3000,1925,104677,2023-07-31
3218,269,February 2020,103602,1000,982,103620,2025-07-12
3219,269,March 2020,103602,0,1640,101962,2024-08-19
3220,269,April 2020,103602,1000,1446,103156,2022-01-06
3221,269,May 2020,103602,0,268,103334,2023-09-24
3222,269,June 2020,103602,3000,71,106531,2023-05-06
3223,269,July 2020,103602,2000,1566,104036,2024-10-15
3224,269,August 2020,103602,2000,755,104847,2024-04-11
3225,269,September 2020,103602,2000,1013,104589,2025-10-01
3226,269,October 2020,103602,1000,1010,103592,2022-10-22
3227,269,November 2020,103602,1000,1932,102670,2022-06-13
3228,269,December 2020,103602,1000,319,104283,2023-09-24
3229,270,January 2020,144464,0,220,144244,2024-05-03
3230,270,February 2020,144464,3000,954,146510,2024-01-23
3231,270,March 2020,144464,1000,1920,143544,2022-03-21
3232,270,April 2020,144464,1000,1186,144278,2025-07-12
3233,270,May 2020,144464,1000,930,144534,2022-04-12
3234,270,June 2020,144464,3000,1085,146379,2025-12-03
3235,270,July 2020,144464,0,1574,142890,2022-04-11
3236,270,August 2020,144464,0,544,143920,2024-09-03
3237,270,September 2020,144464,2000,1959,144505,2022-04-21
3238,270,October 2020,144464,1000,405,145059,2024-05-18
3239,270,November 2020,144464,2000,900,145564,2023-09-09
3240,270,December 2020,144464,1000,522,144942,2025-08-16
3241,271,January 2020,199398,2000,1518,199880,2023-03-03
3242,271,February 2020,199398,0,239,199159,2022-07-08
3243,271,March 2020,199398,2000,1455,199943,2025-12-27
3244,271,April 2020,199398,0,601,198797,2022-12-16
3245,271,May 2020,199398,1000,126,200272,2022-12-20
3246,271,June 2020,199398,0,186,199212,2023-10-06
3247,271,July 2020,199398,1000,1754,198644,2025-06-30
3248,271,August 2020,199398,2000,968,200430,2024-09-03
3249,271,September 2020,199398,1000,1764,198634,2024-10-01
3250,271,October 2020,199398,3000,468,201930,2023-09-20
3251,271,November 2020,199398,2000,1086,200312,2023-09-04
3252,271,December 2020,199398,1000,1799,198599,2025-09-22
3253,272,January 2020,261862,0,1765,260097,2022-06-01
3254,272,February 2020,261862,0,469,261393,2025-08-07
3255,272,March 2020,261862,3000,832,264030,2023-04-29
3256,272,April 2020,261862,2000,1758,262104,2022-11-08
3257,272,May 2020,261862,1000,1090,261772,2022-05-03
3258,272,June 2020,261862,3000,981,263881,2025-12-26
3259,272,July 2020,261862,3000,1302,263560,2022-07-06
3260,272,August 2020,261862,2000,957,262905,2024-03-30
3261,272,September 2020,261862,3000,1472,263390,2025-12-12
3262,272,October 2020,261862,1000,84,262778,2025-02-19
3263,272,November 2020,261862,0,752,261110,2023-07-01
3264,272,December 2020,261862,0,1640,260222,2024-04-02
3265,273,January 2020,199660,2000,1840,199820,2022-05-30
3266,273,February 2020,199660,3000,1179,201481,2025-06-09
3267,273,March 2020,199660,0,1593,198067,2025-05-07
3268,273,April 2020,199660,2000,720,200940,2022-06-03
3269,273,May 2020,199660,0,1245,198415,2022-07-29
3270,273,June 2020,199660,3000,1715,200945,2022-11-10
3271,273,July 2020,199660,0,832,198828,2022-06-16
3272,273,August 2020,199660,0,1257,198403,2022-05-23
3273,273,September 2020,199660,3000,908,201752,2025-03-22
3274,273,October 2020,199660,0,510,199150,2024-02-02
3275,273,November 2020,199660,1000,1105,199555,2025-03-21
3276,273,December 2020,199660,2000,255,201405,2025-02-17
3277,274,January 2020,149942,1000,671,150271,2023-11-16
3278,274,February 2020,149942,0,1144,148798,2025-10-25
3279,274,March 2020,149942,0,1413,148529,2023-02-09
3280,274,April 2020,149942,1000,509,150433,2023-01-26
3281,274,May 2020,149942,2000,1213,150729,2022-11-29
3282,274,June 2020,149942,3000,866,152076,2022-10-21
3283,274,July 2020,149942,2000,799,151143,2023-05-22
3284,274,August 2020,149942,3000,44,152898,2023-01-07
3285,274,September 2020,149942,3000,911,152031,2023-01-30
3286,274,October 2020,149942,3000,44,152898,2023-01-24
3287,274,November 2020,149942,0,1869,148073,2025-11-30
3288,274,December 2020,149942,0,955,148987,2022-01-21
3289,275,January 2020,227913,0,979,226934,2025-03-20
3290,275,February 2020,227913,3000,1419,229494,2022-02-24
3291,275,March 2020,227913,2000,769,229144,2025-05-05
3292,275,April 2020,227913,0,375,227538,2025-09-22
3293,275,May 2020,227913,1000,197,228716,2025-10-30
3294,275,June 2020,227913,2000,259,229654,2024-05-31
3295,275,July 2020,227913,1000,1639,227274,2022-01-13
3296,275,August 2020,227913,2000,861,229052,2023-03-16
3297,275,September 2020,227913,0,405,227508,2025-10-27
3298,275,October 2020,227913,2000,1706,228207,2023-11-25
3299,275,November 2020,227913,3000,107,230806,2024-05-27
3300,275,December 2020,227913,2000,1706,228207,2024-08-05
3301,276,January 2020,154464,0,1547,152917,2022-05-24
3302,276,February 2020,154464,2000,477,155987,2025-12-13
3303,276,March 2020,154464,0,1943,152521,2024-08-28
3304,276,April 2020,154464,0,1399,153065,2024-03-13
3305,276,May 2020,154464,3000,319,157145,2022-01-14
3306,276,June 2020,154464,2000,1332,155132,2025-07-28
3307,276,July 2020,154464,2000,590,155874,2023-07-03
3308,276,August 2020,154464,0,718,153746,2022-03-30
3309,276,September 2020,154464,2000,519,155945,2025-07-19
3310,276,October 2020,154464,2000,1116,155348,2024-01-27
3311,276,November 2020,154464,0,257,154207,2024-12-29
3312,276,December 2020,154464,0,196,154268,2022-02-02
3313,277,January 2020,128382,1000,1015,128367,2022-10-26
3314,277,February 2020,128382,2000,520,129862,2024-10-25
3315,277,March 2020,128382,0,1684,126698,2025-03-03
3316,277,April 2020,128382,2000,1333,129049,2025-07-28
3317,277,May 2020,128382,0,1853,126529,2023-09-09
3318,277,June 2020,128382,1000,1899,127483,2025-08-27
3319,277,July 2020,128382,3000,484,130898,2023-12-27
3320,277,August 2020,128382,3000,733,130649,2023-09-29
3321,277,September 2020,128382,1000,1019,128363,2024-03-11
3322,277,October 2020,128382,2000,156,130226,2025-09-15
3323,277,November 2020,128382,2000,1770,128612,2023-06-22
3324,277,December 2020,128382,1000,97,129285,2022-05-15
3325,278,January 2020,235588,1000,10,236578,2025-03-31
3326,278,February 2020,235588,0,684,234904,2023-12-29
3327,278,March 2020,235588,2000,769,236819,2023-12-26
3328,278,April 2020,235588,1000,933,235655,2022-05-29
3329,278,May 2020,235588,3000,725,237863,2022-07-29
3330,278,June 2020,235588,1000,152,236436,2022-03-24
3331,278,July 2020,235588,2000,1813,235775,2025-10-30
3332,278,August 2020,235588,0,912,234676,2024-01-02
3333,278,September 2020,235588,2000,1259,236329,2023-07-31
3334,278,October 2020,235588,1000,830,235758,2023-08-09
3335,278,November 2020,235588,3000,1218,237370,2024-11-21
3336,278,December 2020,235588,0,1147,234441,2024-04-26
3337,279,January 2020,188051,0,1156,186895,2024-04-04
3338,279,February 2020,188051,2000,1967,188084,2025-10-24
3339,279,March 2020,188051,3000,44,191007,2025-03-06
3340,279,April 2020,188051,3000,675,190376,2023-09-30
3341,279,May 2020,188051,1000,739,188312,2025-12-23
3342,279,June 2020,188051,2000,1101,188950,2024-06-23
3343,279,July 2020,188051,0,81,187970,2022-01-20
3344,279,August 2020,188051,3000,668,190383,2023-07-29
3345,279,September 2020,188051,0,1262,186789,2025-09-10
3346,279,October 2020,188051,1000,971,188080,2024-09-16
3347,279,November 2020,188051,1000,1506,187545,2023-06-02
3348,279,December 2020,188051,1000,1863,187188,2023-02-12
3349,280,January 2020,111334,3000,889,113445,2025-08-11
3350,280,February 2020,111334,0,1658,109676,2025-09-27
3351,280,March 2020,111334,3000,1228,113106,2023-10-02
3352,280,April 2020,111334,1000,52,112282,2022-03-13
3353,280,May 2020,111334,2000,162,113172,2023-08-09
3354,280,June 2020,111334,0,1787,109547,2022-01-20
3355,280,July 2020,111334,1000,1373,110961,2024-07-25
3356,280,August 2020,111334,1000,1212,111122,2023-10-19
3357,280,September 2020,111334,1000,1514,110820,2025-10-17
3358,280,October 2020,111334,1000,518,111816,2024-11-14
3359,280,November 2020,111334,0,899,110435,2024-07-23
3360,280,December 2020,111334,3000,1860,112474,2025-08-16
3361,281,January 2020,233450,3000,643,235807,2024-02-14
3362,281,February 2020,233450,2000,401,235049,2025-10-29
3363,281,March 2020,233450,3000,296,236154,2022-02-17
3364,281,April 2020,233450,3000,1657,234793,2022-08-19
3365,281,May 2020,233450,0,212,233238,2022-11-18
3366,281,June 2020,233450,1000,1458,232992,2025-10-26
3367,281,July 2020,233450,3000,89,236361,2023-06-23
3368,281,August 2020,233450,1000,685,233765,2022-05-04
3369,281,September 2020,233450,3000,826,235624,2022-08-25
3370,281,October 2020,233450,0,517,232933,2023-01-13
3371,281,November 2020,233450,2000,525,234925,2022-05-01
3372,281,December 2020,233450,0,893,232557,2022-11-17
3373,282,January 2020,246859,3000,70,249789,2023-01-12
3374,282,February 2020,246859,2000,981,247878,2023-04-30
3375,282,March 2020,246859,1000,133,247726,2023-09-25
3376,282,April 2020,246859,0,855,246004,2023-01-01
3377,282,May 2020,246859,0,1709,245150,2023-02-18
3378,282,June 2020,246859,3000,186,249673,2025-09-03
3379,282,July 2020,246859,2000,940,247919,2023-12-13
3380,282,August 2020,246859,0,678,246181,2024-09-09
3381,282,September 2020,246859,3000,356,249503,2023-07-28
3382,282,October 2020,246859,0,1980,244879,2025-09-01
3383,282,November 2020,246859,0,1324,245535,2024-01-09
3384,282,December 2020,246859,1000,1486,246373,2025-10-07
3385,283,January 2020,264283,2000,1487,264796,2024-02-03
3386,283,February 2020,264283,2000,1428,264855,2025-08-30
3387,283,March 2020,264283,0,504,263779,2024-12-05
3388,283,April 2020,264283,0,1756,262527,2023-12-14
3389,283,May 2020,264283,2000,80,266203,2025-06-20
3390,283,June 2020,264283,1000,1336,263947,2024-12-30
3391,283,July 2020,264283,1000,1379,263904,2022-07-15
3392,283,August 2020,264283,0,526,263757,2024-12-31
3393,283,September 2020,264283,2000,225,266058,2023-09-21
3394,283,October 2020,264283,0,1884,262399,2022-02-15
3395,283,November 2020,264283,2000,329,265954,2023-07-12
3396,283,December 2020,264283,1000,1239,264044,2022-06-26
3397,284,January 2020,223555,2000,1443,224112,2024-10-30
3398,284,February 2020,223555,2000,1002,224553,2025-11-21
3399,284,March 2020,223555,3000,93,226462,2025-03-18
3400,284,April 2020,223555,2000,509,225046,2024-05-01
3401,284,May 2020,223555,0,384,223171,2024-06-18
3402,284,June 2020,223555,0,137,223418,2025-03-29
3403,284,July 2020,223555,1000,1327,223228,2022-05-17
3404,284,August 2020,223555,2000,1126,224429,2024-04-24
3405,284,September 2020,223555,0,119,223436,2023-02-01
3406,284,October 2020,223555,3000,981,225574,2024-10-14
3407,284,November 2020,223555,3000,1000,225555,2023-05-05
3408,284,December 2020,223555,1000,1610,222945,2022-02-17
3409,285,January 2020,174303,3000,1543,175760,2022-01-20
3410,285,February 2020,174303,1000,869,174434,2023-09-16
3411,285,March 2020,174303,3000,305,176998,2022-10-13
3412,285,April 2020,174303,0,1298,173005,2024-10-15
3413,285,May 2020,174303,3000,1839,175464,2024-07-25
3414,285,June 2020,174303,3000,1988,175315,2023-12-15
3415,285,July 2020,174303,0,947,173356,2022-11-18
3416,285,August 2020,174303,2000,194,176109,2024-02-28
3417,285,September 2020,174303,2000,96,176207,2025-07-03
3418,285,October 2020,174303,2000,0,176303,2025-09-15
3419,285,November 2020,174303,1000,1238,174065,2023-12-13
3420,285,December 2020,174303,0,1479,172824,2024-06-20
3421,286,January 2020,242527,2000,829,243698,2022-09-01
3422,286,February 2020,242527,3000,1681,243846,2022-10-29
3423,286,March 2020,242527,1000,1043,242484,2023-05-09
3424,286,April 2020,242527,2000,1996,242531,2024-05-01
3425,286,May 2020,242527,3000,275,245252,2025-05-03
3426,286,June 2020,242527,1000,722,242805,2025-02-19
3427,286,July 2020,242527,3000,1145,244382,2023-06-18
3428,286,August 2020,242527,0,1076,241451,2024-03-12
3429,286,September 2020,242527,0,794,241733,2024-09-12
3430,286,October 2020,242527,1000,940,242587,2022-03-08
3431,286,November 2020,242527,2000,1702,242825,2022-04-09
3432,286,December 2020,242527,1000,1625,241902,2022-01-07
3433,287,January 2020,222183,3000,357,224826,2024-09-06
3434,287,February 2020,222183,2000,514,223669,2025-12-06
3435,287,March 2020,222183,2000,443,223740,2024-11-13
3436,287,April 2020,222183,3000,1839,223344,2024-04-14
3437,287,May 2020,222183,2000,769,223414,2023-11-13
3438,287,June 2020,222183,3000,433,224750,2024-09-03
3439,287,July 2020,222183,2000,1984,222199,2024-07-02
3440,287,August 2020,222183,2000,1992,222191,2022-09-27
3441,287,September 2020,222183,0,1093,221090,2023-07-24
3442,287,October 2020,222183,2000,233,223950,2025-12-18
3443,287,November 2020,222183,2000,687,223496,2023-05-21
3444,287,December 2020,222183,0,935,221248,2022-06-05
3445,288,January 2020,195859,3000,1068,197791,2022-07-04
3446,288,February 2020,195859,1000,1487,195372,2023-01-21
3447,288,March 2020,195859,2000,983,196876,2025-06-02
3448,288,April 2020,195859,3000,1749,197110,2025-04-26
3449,288,May 2020,195859,1000,580,196279,2023-06-18
3450,288,June 2020,195859,1000,121,196738,2023-02-05
3451,288,July 2020,195859,1000,139,196720,2024-04-23
3452,288,August 2020,195859,2000,724,197135,2022-05-06
3453,288,September 2020,195859,3000,1528,197331,2022-10-06
3454,288,October 2020,195859,1000,1954,194905,2023-09-18
3455,288,November 2020,195859,3000,282,198577,2024-02-11
3456,288,December 2020,195859,0,1366,194493,2023-12-13
3457,289,January 2020,177737,0,1069,176668,2024-11-25
3458,289,February 2020,177737,2000,1784,177953,2024-12-04
3459,289,March 2020,177737,0,1368,176369,2023-10-24
3460,289,April 2020,177737,3000,1487,179250,2022-12-23
3461,289,May 2020,177737,0,1017,176720,2025-08-24
3462,289,June 2020,177737,0,1913,175824,2022-02-28
3463,289,July 2020,177737,0,1937,175800,2023-05-21
3464,289,August 2020,177737,0,1698,176039,2022-04-10
3465,289,September 2020,177737,1000,961,177776,2025-10-04
3466,289,October 2020,177737,1000,884,177853,2025-03-09
3467,289,November 2020,177737,0,1535,176202,2025-06-25
3468,289,December 2020,177737,1000,1571,177166,2025-12-30
3469,290,January 2020,191612,1000,1309,191303,2024-05-11
3470,290,February 2020,191612,0,1496,190116,2024-07-26
3471,290,March 2020,191612,1000,903,191709,2025-02-18
3472,290,April 2020,191612,1000,1699,190913,2022-07-31
3473,290,May 2020,191612,0,266,191346,2024-04-21
3474,290,June 2020,191612,3000,1122,193490,2024-01-07
3475,290,July 2020,191612,2000,1778,191834,2025-10-09
3476,290,August 2020,191612,3000,693,193919,2022-12-31
3477,290,September 2020,191612,3000,574,194038,2024-11-23
3478,290,October 2020,191612,0,853,190759,2025-05-11
3479,290,November 2020,191612,2000,137,193475,2022-07-09
3480,290,December 2020,191612,0,1306,190306,2024-03-07
3481,291,January 2020,70435,2000,1110,71325,2024-01-16
3482,291,February 2020,70435,1000,1037,70398,2022-09-17
3483,291,March 2020,70435,3000,263,73172,2024-04-03
3484,291,April 2020,70435,3000,21,73414,2022-06-06
3485,291,May 2020,70435,3000,403,73032,2025-10-30
3486,291,June 2020,70435,2000,1793,70642,2025-11-15
3487,291,July 2020,70435,3000,109,73326,2024-10-18
3488,291,August 2020,70435,3000,755,72680,2022-07-21
3489,291,September 2020,70435,2000,1610,70825,2022-06-03
3490,291,October 2020,70435,2000,171,72264,2024-02-06
3491,291,November 2020,70435,3000,997,72438,2024-04-17
3492,291,December 2020,70435,1000,902,70533,2025-09-18
3493,292,January 2020,105582,3000,1559,107023,2022-10-24
3494,292,February 2020,105582,2000,755,106827,2022-08-01
3495,292,March 2020,105582,2000,934,106648,2023-04-26
3496,292,April 2020,105582,1000,1621,104961,2024-09-01
3497,292,May 2020,105582,1000,1777,104805,2025-04-04
3498,292,June 2020,105582,3000,540,108042,2023-02-08
3499,292,July 2020,105582,1000,1967,104615,2022-01-01
3500,292,August 2020,105582,3000,638,107944,2024-10-31
3501,292,September 2020,105582,1000,562,106020,2024-12-02
3502,292,October 2020,105582,2000,22,107560,2022-10-09
3503,292,November 2020,105582,3000,1953,106629,2023-02-19
3504,292,December 2020,105582,2000,956,106626,2025-02-03
3505,293,January 2020,138027,2000,1985,138042,2023-05-18
3506,293,February 2020,138027,1000,413,138614,2022-08-16
3507,293,March 2020,138027,3000,749,140278,2025-09-21
3508,293,April 2020,138027,0,1204,136823,2025-09-19
3509,293,May 2020,138027,2000,1656,138371,2025-05-11
3510,293,June 2020,138027,0,802,137225,2023-07-19
3511,293,July 2020,138027,0,883,137144,2024-11-05
3512,293,August 2020,138027,0,667,137360,2022-09-19
3513,293,September 2020,138027,2000,1420,138607,2024-05-04
3514,293,October 2020,138027,2000,1228,138799,2022-01-22
3515,293,November 2020,138027,2000,1174,138853,2024-04-11
3516,293,December 2020,138027,3000,715,140312,2023-01-28
3517,294,January 2020,194113,2000,244,195869,2023-02-23
3518,294,February 2020,194113,0,1194,192919,2022-06-22
3519,294,March 2020,194113,3000,1649,195464,2025-07-27
3520,294,April 2020,194113,1000,1641,193472,2023-11-29
3521,294,May 2020,194113,2000,1954,194159,2024-11-23
3522,294,June 2020,194113,0,13,194100,2022-11-21
3523,294,July 2020,194113,1000,1994,193119,2023-11-11
3524,294,August 2020,194113,2000,1840,194273,2024-05-06
3525,294,September 2020,194113,3000,382,196731,2022-07-17
3526,294,October 2020,194113,0,1280,192833,2025-08-17
3527,294,November 2020,194113,1000,693,194420,2025-01-26
3528,294,December 2020,194113,0,1355,192758,2025-06-18
3529,295,January 2020,216395,3000,215,219180,2025-12-20
3530,295,February 2020,216395,1000,134,217261,2022-11-23
3531,295,March 2020,216395,2000,170,218225,2025-03-12
3532,295,April 2020,216395,2000,1079,217316,2022-02-04
3533,295,May 2020,216395,2000,1414,216981,2022-02-13
3534,295,June 2020,216395,0,1301,215094,2024-12-30
3535,295,July 2020,216395,3000,1905,217490,2024-02-07
3536,295,August 2020,216395,3000,144,219251,2024-08-07
3537,295,September 2020,216395,2000,735,217660,2024-12-03
3538,295,October 2020,216395,0,151,216244,2023-01-28
3539,295,November 2020,216395,1000,1269,216126,2025-09-11
3540,295,December 2020,216395,0,133,216262,2024-11-04
3541,296,January 2020,201696,3000,1228,203468,2025-04-05
3542,296,February 2020,201696,0,1840,199856,2025-01-02
3543,296,March 2020,201696,1000,1643,201053,2023-10-15
3544,296,April 2020,201696,0,73,201623,2025-10-23
3545,296,May 2020,201696,1000,232,202464,2025-06-10
3546,296,June 2020,201696,1000,1577,201119,2023-05-12
3547,296,July 2020,201696,2000,140,203556,2023-07-17
3548,296,August 2020,201696,3000,662,204034,2024-02-29
3549,296,September 2020,201696,3000,1554,203142,2023-04-25
3550,296,October 2020,201696,2000,1866,201830,2023-05-17
3551,296,November 2020,201696,2000,1312,202384,2023-11-01
3552,296,December 2020,201696,3000,527,204169,2024-07-07
3553,297,January 2020,245087,2000,1294,245793,2025-09-22
3554,297,February 2020,245087,0,233,244854,2023-06-17
3555,297,March 2020,245087,3000,1959,246128,2024-09-26
3556,297,April 2020,245087,3000,1137,246950,2022-11-20
3557,297,May 2020,245087,2000,1762,245325,2024-09-07
3558,297,June 2020,245087,1000,1511,244576,2023-02-18
3559,297,July 2020,245087,1000,850,245237,2022-08-02
3560,297,August 2020,245087,1000,529,245558,2025-03-29
3561,297,September 2020,245087,3000,1720,246367,2025-07-30
3562,297,October 2020,245087,1000,1652,244435,2023-03-19
3563,297,November 2020,245087,2000,1511,245576,2022-03-31
3564,297,December 2020,245087,3000,1245,246842,2025-03-14
3565,298,January 2020,234758,1000,153,235605,2024-06-03
3566,298,February 2020,234758,3000,312,237446,2024-12-04
3567,298,March 2020,234758,1000,1684,234074,2024-11-18
3568,298,April 2020,234758,1000,694,235064,2023-11-05
3569,298,May 2020,234758,3000,817,236941,2022-11-08
3570,298,June 2020,234758,2000,1600,235158,2024-04-18
3571,298,July 2020,234758,1000,1104,234654,2023-05-02
3572,298,August 2020,234758,3000,1648,236110,2025-09-12
3573,298,September 2020,234758,3000,903,236855,2024-02-28
3574,298,October 2020,234758,2000,353,236405,2024-03-02
3575,298,November 2020,234758,3000,883,236875,2023-03-24
3576,298,December 2020,234758,3000,193,237565,2024-09-12
3577,299,January 2020,288174,3000,115,291059,2022-06-01
3578,299,February 2020,288174,1000,44,289130,2022-02-12
3579,299,March 2020,288174,1000,1404,287770,2024-04-18
3580,299,April 2020,288174,0,1806,286368,2025-06-19
3581,299,May 2020,288174,2000,662,289512,2022-07-28
3582,299,June 2020,288174,0,913,287261,2023-06-19
3583,299,July 2020,288174,0,1827,286347,2025-10-30
3584,299,August 2020,288174,2000,1435,288739,2025-01-02
3585,299,September 2020,288174,0,578,287596,2022-03-17
3586,299,October 2020,288174,2000,1500,288674,2025-04-27
3587,299,November 2020,288174,1000,191,288983,2022-06-03
3588,299,December 2020,288174,2000,79,290095,2025-04-21
3589,300,January 2020,271032,1000,1610,270422,2025-01-27
3590,300,February 2020,271032,0,1623,269409,2025-10-15
3591,300,March 2020,271032,0,394,270638,2022-07-20
3592,300,April 2020,271032,3000,959,273073,2025-10-10
3593,300,May 2020,271032,2000,390,272642,2022-12-01
3594,300,June 2020,271032,1000,445,271587,2024-11-19
3595,300,July 2020,271032,1000,1256,270776,2023-09-24
3596,300,August 2020,271032,1000,1756,270276,2023-03-17
3597,300,September 2020,271032,0,89,270943,2023-06-07
3598,300,October 2020,271032,1000,833,271199,2022-10-08
3599,300,November 2020,271032,0,1003,270029,2023-11-15
3600,300,December 2020,271032,0,1782,269250,2025-03-09
3601,301,January 2020,121856,0,1530,120326,2024-06-30
3602,301,February 2020,121856,3000,600,124256,2023-09-14
3603,301,March 2020,121856,1000,1219,121637,2022-03-25
3604,301,April 2020,121856,0,934,120922,2022-12-27
3605,301,May 2020,121856,2000,913,122943,2025-05-05
3606,301,June 2020,121856,0,694,121162,2024-03-25
3607,301,July 2020,121856,0,1860,119996,2023-10-01
3608,301,August 2020,121856,1000,1569,121287,2023-11-11
3609,301,September 2020,121856,0,1361,120495,2025-02-21
3610,301,October 2020,121856,0,639,121217,2023-09-02
3611,301,November 2020,121856,0,86,121770,2024-09-05
3612,301,December 2020,121856,1000,1037,121819,2022-11-19
3613,302,January 2020,166845,3000,1665,168180,2025-08-18
3614,302,February 2020,166845,1000,1186,166659,2025-01-09
3615,302,March 2020,166845,3000,1169,168676,2025-11-11
3616,302,April 2020,166845,0,1063,165782,2024-06-01
3617,302,May 2020,166845,1000,1506,166339,2022-08-15
3618,302,June 2020,166845,3000,321,169524,2024-08-03
3619,302,July 2020,166845,2000,1399,167446,2024-09-22
3620,302,August 2020,166845,3000,1932,167913,2025-09-04
3621,302,September 2020,166845,1000,344,167501,2024-09-20
3622,302,October 2020,166845,1000,769,167076,2025-10-23
3623,302,November 2020,166845,1000,878,166967,2023-03-14
3624,302,December 2020,166845,3000,1791,168054,2024-04-01
3625,303,January 2020,221977,3000,1401,223576,2023-05-16
3626,303,February 2020,221977,0,1903,220074,2024-06-23
3627,303,March 2020,221977,0,1134,220843,2023-09-05
3628,303,April 2020,221977,1000,1546,221431,2024-07-03
3629,303,May 2020,221977,1000,1783,221194,2023-01-24
3630,303,June 2020,221977,3000,314,224663,2023-08-15
3631,303,July 2020,221977,2000,542,223435,2022-02-02
3632,303,August 2020,221977,2000,1701,222276,2025-09-19
3633,303,September 2020,221977,3000,1794,223183,2023-11-07
3634,303,October 2020,221977,3000,1945,223032,2025-11-14
3635,303,November 2020,221977,3000,681,224296,2023-07-01
3636,303,December 2020,221977,1000,1835,221142,2024-10-09
3637,304,January 2020,165809,3000,617,168192,2023-03-18
3638,304,February 2020,165809,2000,1145,166664,2023-08-29
3639,304,March 2020,165809,3000,1619,167190,2024-07-29
3640,304,April 2020,165809,1000,1119,165690,2025-04-02
3641,304,May 2020,165809,0,1610,164199,2025-01-16
3642,304,June 2020,165809,1000,1740,165069,2023-12-28
3643,304,July 2020,165809,0,372,165437,2025-04-04
3644,304,August 2020,165809,1000,1371,165438,2022-02-16
3645,304,September 2020,165809,0,1006,164803,2022-06-08
3646,304,October 2020,165809,1000,141,166668,2025-03-19
3647,304,November 2020,165809,2000,429,167380,2024-02-16
3648,304,December 2020,165809,3000,206,168603,2024-12-31
3649,305,January 2020,246805,2000,1044,247761,2023-07-02
3650,305,February 2020,246805,0,1473,245332,2023-06-22
3651,305,March 2020,246805,2000,1832,246973,2024-06-24
3652,305,April 2020,246805,3000,1895,247910,2024-04-13
3653,305,May 2020,246805,3000,987,248818,2024-03-23
3654,305,June 2020,246805,3000,1463,248342,2023-03-31
3655,305,July 2020,246805,2000,1640,247165,2025-08-23
3656,305,August 2020,246805,2000,1836,246969,2025-08-09
3657,305,September 2020,246805,0,577,246228,2023-02-17
3658,305,October 2020,246805,2000,1309,247496,2024-04-29
3659,305,November 2020,246805,1000,1009,246796,2025-05-24
3660,305,December 2020,246805,3000,465,249340,2023-06-10
3661,306,January 2020,138627,0,420,138207,2023-01-01
3662,306,February 2020,138627,1000,445,139182,2024-05-14
3663,306,March 2020,138627,1000,147,139480,2024-02-27
3664,306,April 2020,138627,0,983,137644,2022-06-27
3665,306,May 2020,138627,3000,1802,139825,2024-11-18
3666,306,June 2020,138627,2000,894,139733,2024-10-20
3667,306,July 2020,138627,0,1488,137139,2025-07-17
3668,306,August 2020,138627,3000,637,140990,2022-01-09
3669,306,September 2020,138627,0,821,137806,2024-09-22
3670,306,October 2020,138627,1000,1982,137645,2025-06-20
3671,306,November 2020,138627,0,1301,137326,2025-08-29
3672,306,December 2020,138627,0,977,137650,2023-06-29
3673,307,January 2020,134591,0,26,134565,2022-10-16
3674,307,February 2020,134591,2000,400,136191,2022-07-03
3675,307,March 2020,134591,3000,1850,135741,2022-12-26
3676,307,April 2020,134591,3000,51,137540,2023-07-27
3677,307,May 2020,134591,1000,713,134878,2023-09-24
3678,307,June 2020,134591,1000,1791,133800,2022-06-21
3679,307,July 2020,134591,2000,1531,135060,2024-03-14
3680,307,August 2020,134591,3000,1276,136315,2022-09-15
3681,307,September 2020,134591,2000,731,135860,2023-07-17
3682,307,October 2020,134591,1000,1739,133852,2025-06-05
3683,307,November 2020,134591,3000,27,137564,2023-04-23
3684,307,December 2020,134591,1000,45,135546,2024-12-26
3685,308,January 2020,230969,2000,734,232235,2022-05-23
3686,308,February 2020,230969,1000,64,231905,2023-10-20
3687,308,March 2020,230969,0,1589,229380,2022-08-22
3688,308,April 2020,230969,1000,1793,230176,2024-05-25
3689,308,May 2020,230969,2000,1501,231468,2022-05-08
3690,308,June 2020,230969,2000,897,232072,2024-05-08
3691,308,July 2020,230969,1000,188,231781,2023-09-08
3692,308,August 2020,230969,0,1128,229841,2022-06-18
3693,308,September 2020,230969,1000,1312,230657,2022-01-13
3694,308,October 2020,230969,3000,1893,232076,2022-12-18
3695,308,November 2020,230969,2000,47,232922,2025-04-15
3696,308,December 2020,230969,3000,331,233638,2025-11-22
3697,309,January 2020,120408,2000,811,121597,2022-05-21
3698,309,February 2020,120408,2000,1978,120430,2022-05-29
3699,309,March 2020,120408,1000,40,121368,2023-08-04
3700,309,April 2020,120408,1000,1411,119997,2024-08-27
3701,309,May 2020,120408,3000,1166,122242,2024-06-21
3702,309,June 2020,120408,2000,1715,120693,2023-09-27
3703,309,July 2020,120408,0,1186,119222,2022-02-18
3704,309,August 2020,120408,2000,1281,121127,2025-01-13
3705,309,September 2020,120408,1000,898,120510,2024-02-27
3706,309,October 2020,120408,3000,1750,121658,2023-10-28
3707,309,November 2020,120408,0,1299,119109,2022-10-13
3708,309,December 2020,120408,0,289,120119,2022-02-18
3709,310,January 2020,275259,2000,1640,275619,2025-10-04
3710,310,February 2020,275259,1000,72,276187,2022-10-09
3711,310,March 2020,275259,2000,901,276358,2024-06-11
3712,310,April 2020,275259,2000,247,277012,2024-01-12
3713,310,May 2020,275259,0,977,274282,2025-11-29
3714,310,June 2020,275259,1000,486,275773,2024-03-15
3715,310,July 2020,275259,1000,905,275354,2022-06-26
3716,310,August 2020,275259,0,1637,273622,2022-09-12
3717,310,September 2020,275259,0,1979,273280,2022-05-12
3718,310,October 2020,275259,3000,1860,276399,2023-01-11
3719,310,November 2020,275259,3000,1757,276502,2025-06-08
3720,310,December 2020,275259,2000,1068,276191,2023-10-25
3721,311,January 2020,172184,1000,804,172380,2024-09-09
3722,311,February 2020,172184,0,1893,170291,2024-06-25
3723,311,March 2020,172184,1000,1931,171253,2023-04-15
3724,311,April 2020,172184,1000,1165,172019,2024-10-24
3725,311,May 2020,172184,2000,1080,173104,2023-03-07
3726,311,June 2020,172184,3000,1316,173868,2023-08-21
3727,311,July 2020,172184,0,1255,170929,2023-07-07
3728,311,August 2020,172184,1000,114,173070,2024-09-19
3729,311,September 2020,172184,3000,978,174206,2024-07-04
3730,311,October 2020,172184,2000,1698,172486,2023-02-22
3731,311,November 2020,172184,2000,1146,173038,2023-09-03
3732,311,December 2020,172184,3000,1280,173904,2024-11-13
3733,312,January 2020,126421,3000,1975,127446,2024-11-10
3734,312,February 2020,126421,0,1576,124845,2025-09-30
3735,312,March 2020,126421,2000,1269,127152,2024-12-29
3736,312,April 2020,126421,0,1425,124996,2022-11-20
3737,312,May 2020,126421,0,1897,124524,2023-01-17
3738,312,June 2020,126421,2000,1997,126424,2022-01-18
3739,312,July 2020,126421,1000,1511,125910,2023-07-31
3740,312,August 2020,126421,1000,232,127189,2023-07-30
3741,312,September 2020,126421,3000,1764,127657,2025-01-20
3742,312,October 2020,126421,2000,853,127568,2023-01-23
3743,312,November 2020,126421,2000,1406,127015,2024-07-17
3744,312,December 2020,126421,2000,307,128114,2024-10-30
3745,313,January 2020,248007,1000,442,248565,2022-05-04
3746,313,February 2020,248007,0,1420,246587,2025-11-07
3747,313,March 2020,248007,0,148,247859,2023-03-01
3748,313,April 2020,248007,3000,1258,249749,2022-07-14
3749,313,May 2020,248007,0,1813,246194,2024-09-23
3750,313,June 2020,248007,0,1052,246955,2023-09-02
3751,313,July 2020,248007,2000,146,249861,2024-10-19
3752,313,August 2020,248007,0,323,247684,2022-09-17
3753,313,September 2020,248007,3000,922,250085,2023-05-12
3754,313,October 2020,248007,3000,1914,249093,2023-12-27
3755,313,November 2020,248007,2000,681,249326,2023-10-11
3756,313,December 2020,248007,3000,1564,249443,2023-05-26
3757,314,January 2020,175304,3000,742,177562,2025-09-12
3758,314,February 2020,175304,1000,1140,175164,2025-03-02
3759,314,March 2020,175304,0,922,174382,2022-01-06
3760,314,April 2020,175304,2000,1531,175773,2022-12-14
3761,314,May 2020,175304,0,815,174489,2022-09-10
3762,314,June 2020,175304,2000,1907,175397,2024-01-30
3763,314,July 2020,175304,0,1095,174209,2025-09-20
3764,314,August 2020,175304,3000,1023,177281,2024-02-27
3765,314,September 2020,175304,1000,47,176257,2023-08-06
3766,314,October 2020,175304,2000,1078,176226,2023-05-20
3767,314,November 2020,175304,0,164,175140,2022-05-02
3768,314,December 2020,175304,1000,306,175998,2023-11-18
3769,315,January 2020,264436,0,15,264421,2025-10-10
3770,315,February 2020,264436,1000,702,264734,2022-09-26
3771,315,March 2020,264436,0,1015,263421,2022-11-17
3772,315,April 2020,264436,1000,1955,263481,2022-12-27
3773,315,May 2020,264436,3000,899,266537,2025-04-25
3774,315,June 2020,264436,3000,189,267247,2024-01-20
3775,315,July 2020,264436,3000,733,266703,2023-05-31
3776,315,August 2020,264436,0,525,263911,2025-07-05
3777,315,September 2020,264436,1000,1142,264294,2025-04-15
3778,315,October 2020,264436,1000,106,265330,2025-04-02
3779,315,November 2020,264436,0,1919,262517,2022-07-26
3780,315,December 2020,264436,0,946,263490,2022-10-30
3781,316,January 2020,225264,0,49,225215,2023-11-19
3782,316,February 2020,225264,3000,412,227852,2025-05-27
3783,316,March 2020,225264,1000,1149,225115,2024-03-13
3784,316,April 2020,225264,1000,1691,224573,2023-08-12
3785,316,May 2020,225264,1000,1010,225254,2024-01-02
3786,316,June 2020,225264,3000,1564,226700,2023-07-17
3787,316,July 2020,225264,3000,1213,227051,2025-02-14
3788,316,August 2020,225264,3000,1465,226799,2023-08-26
3789,316,September 2020,225264,3000,1737,226527,2023-06-05
3790,316,October 2020,225264,3000,1414,226850,2022-07-21
3791,316,November 2020,225264,2000,364,226900,2024-05-05
3792,316,December 2020,225264,3000,742,227522,2023-06-18
3793,317,January 2020,248290,3000,808,250482,2023-09-28
3794,317,February 2020,248290,1000,611,248679,2023-07-18
3795,317,March 2020,248290,3000,1480,249810,2022-05-27
3796,317,April 2020,248290,1000,1732,247558,2023-05-08
3797,317,May 2020,248290,0,573,247717,2024-01-14
3798,317,June 2020,248290,2000,452,249838,2023-04-21
3799,317,July 2020,248290,0,405,247885,2022-01-10
3800,317,August 2020,248290,0,1532,246758,2025-09-20
3801,317,September 2020,248290,2000,329,249961,2022-08-05
3802,317,October 2020,248290,3000,1189,250101,2022-04-16
3803,317,November 2020,248290,2000,1412,248878,2025-09-27
3804,317,December 2020,248290,1000,594,248696,2022-05-08
3805,318,January 2020,97228,0,979,96249,2025-01-16
3806,318,February 2020,97228,3000,1144,99084,2023-07-21
3807,318,March 2020,97228,1000,276,97952,2022-04-18
3808,318,April 2020,97228,3000,1888,98340,2022-05-08
3809,318,May 2020,97228,0,240,96988,2025-12-16
3810,318,June 2020,97228,3000,966,99262,2024-03-26
3811,318,July 2020,97228,3000,1454,98774,2023-03-17
3812,318,August 2020,97228,2000,1340,97888,2022-11-14
3813,318,September 2020,97228,1000,1137,97091,2023-03-18
3814,318,October 2020,97228,2000,164,99064,2025-07-23
3815,318,November 2020,97228,0,1870,95358,2022-06-24
3816,318,December 2020,97228,0,439,96789,2022-12-15
3817,319,January 2020,261744,2000,2000,261744,2023-07-09
3818,319,February 2020,261744,1000,1415,261329,2025-07-08
3819,319,March 2020,261744,0,1649,260095,2023-02-17
3820,319,April 2020,261744,0,863,260881,2025-09-03
3821,319,May 2020,261744,1000,724,262020,2022-09-22
3822,319,June 2020,261744,1000,1417,261327,2023-03-03
3823,319,July 2020,261744,3000,389,264355,2022-06-18
3824,319,August 2020,261744,2000,1676,262068,2024-02-05
3825,319,September 2020,261744,0,1164,260580,2023-06-29
3826,319,October 2020,261744,1000,1639,261105,2024-06-03
3827,319,November 2020,261744,1000,1754,260990,2023-02-07
3828,319,December 2020,261744,3000,1170,263574,2025-05-30
3829,320,January 2020,264435,2000,1263,265172,2023-04-22
3830,320,February 2020,264435,0,728,263707,2023-08-28
3831,320,March 2020,264435,0,498,263937,2022-02-09
3832,320,April 2020,264435,0,377,264058,2025-10-15
3833,320,May 2020,264435,0,1397,263038,2022-09-08
3834,320,June 2020,264435,2000,318,266117,2024-08-11
3835,320,July 2020,264435,2000,1579,264856,2022-07-25
3836,320,August 2020,264435,1000,562,264873,2022-01-31
3837,320,September 2020,264435,2000,746,265689,2025-02-22
3838,320,October 2020,264435,3000,1796,265639,2024-02-22
3839,320,November 2020,264435,1000,76,265359,2022-08-03
3840,320,December 2020,264435,0,1623,262812,2025-06-17
3841,321,January 2020,113576,1000,278,114298,2022-10-21
3842,321,February 2020,113576,0,408,113168,2023-12-19
3843,321,March 2020,113576,3000,1022,115554,2025-07-11
3844,321,April 2020,113576,1000,96,114480,2022-11-18
3845,321,May 2020,113576,0,1773,111803,2024-06-25
3846,321,June 2020,113576,3000,525,116051,2025-10-30
3847,321,July 2020,113576,3000,1887,114689,2024-06-06
3848,321,August 2020,113576,1000,1584,112992,2023-05-08
3849,321,September 2020,113576,2000,72,115504,2022-04-08
3850,321,October 2020,113576,3000,231,116345,2023-05-15
3851,321,November 2020,113576,0,1313,112263,2022-02-11
3852,321,December 2020,113576,0,1160,112416,2025-03-08
3853,322,January 2020,73611,0,1254,72357,2022-04-03
3854,322,February 2020,73611,0,678,72933,2024-05-14
3855,322,March 2020,73611,2000,344,75267,2024-09-02
3856,322,April 2020,73611,3000,1211,75400,2023-05-23
3857,322,May 2020,73611,3000,1960,74651,2024-04-01
3858,322,June 2020,73611,3000,1963,74648,2025-02-19
3859,322,July 2020,73611,3000,1381,75230,2025-11-20
3860,322,August 2020,73611,1000,374,74237,2023-03-31
3861,322,September 2020,73611,3000,1676,74935,2025-05-09
3862,322,October 2020,73611,3000,691,75920,2025-06-09
3863,322,November 2020,73611,3000,1692,74919,2024-02-17
3864,322,December 2020,73611,2000,625,74986,2023-01-22
3865,323,January 2020,105735,0,510,105225,2024-11-28
3866,323,February 2020,105735,1000,1443,105292,2022-05-01
3867,323,March 2020,105735,0,1022,104713,2023-03-18
3868,323,April 2020,105735,1000,605,106130,2023-09-11
3869,323,May 2020,105735,3000,961,107774,2024-09-11
3870,323,June 2020,105735,2000,1326,106409,2022-02-10
3871,323,July 2020,105735,3000,1318,107417,2024-05-25
3872,323,August 2020,105735,2000,1958,105777,2025-09-14
3873,323,September 2020,105735,2000,1727,106008,2024-08-05
3874,323,October 2020,105735,3000,15,108720,2025-11-17
3875,323,November 2020,105735,1000,658,106077,2024-04-01
3876,323,December 2020,105735,3000,221,108514,2025-08-11
3877,324,January 2020,286125,3000,1865,287260,2023-09-21
3878,324,February 2020,286125,1000,1564,285561,2022-12-07
3879,324,March 2020,286125,3000,1480,287645,2023-11-14
3880,324,April 2020,286125,0,1327,284798,2023-08-09
3881,324,May 2020,286125,1000,45,287080,2022-07-08
3882,324,June 2020,286125,3000,13,289112,2022-07-25
3883,324,July 2020,286125,2000,1000,287125,2022-02-10
3884,324,August 2020,286125,1000,163,286962,2023-12-27
3885,324,September 2020,286125,3000,1518,287607,2024-02-27
3886,324,October 2020,286125,1000,560,286565,2025-07-17
3887,324,November 2020,286125,2000,937,287188,2023-02-25
3888,324,December 2020,286125,3000,263,288862,2025-04-23
3889,325,January 2020,259830,0,1521,258309,2025-09-10
3890,325,February 2020,259830,0,1481,258349,2022-07-29
3891,325,March 2020,259830,1000,1305,259525,2023-07-30
3892,325,April 2020,259830,3000,1966,260864,2023-07-08
3893,325,May 2020,259830,1000,256,260574,2023-12-21
3894,325,June 2020,259830,2000,1736,260094,2022-05-27
3895,325,July 2020,259830,3000,562,262268,2022-04-21
3896,325,August 2020,259830,0,337,259493,2025-10-28
3897,325,September 2020,259830,1000,1812,259018,2022-06-02
3898,325,October 2020,259830,0,600,259230,2023-05-26
3899,325,November 2020,259830,0,1095,258735,2022-02-23
3900,325,December 2020,259830,2000,1311,260519,2023-12-03
3901,326,January 2020,166392,0,415,165977,2022-01-01
3902,326,February 2020,166392,3000,1609,167783,2024-01-17
3903,326,March 2020,166392,3000,1105,168287,2022-12-05
3904,326,April 2020,166392,2000,1295,167097,2025-06-11
3905,326,May 2020,166392,2000,942,167450,2022-10-10
3906,326,June 2020,166392,0,146,166246,2024-02-04
3907,326,July 2020,166392,0,1515,164877,2023-07-26
3908,326,August 2020,166392,0,89,166303,2022-06-28
3909,326,September 2020,166392,1000,187,167205,2022-10-17
3910,326,October 2020,166392,3000,950,168442,2023-04-26
3911,326,November 2020,166392,2000,810,167582,2024-11-21
3912,326,December 2020,166392,3000,241,169151,2025-09-04
3913,327,January 2020,242449,3000,772,244677,2023-02-05
3914,327,February 2020,242449,3000,1167,244282,2023-03-21
3915,327,March 2020,242449,2000,203,244246,2023-03-10
3916,327,April 2020,242449,0,25,242424,2025-10-21
3917,327,May 2020,242449,1000,1191,242258,2024-04-17
3918,327,June 2020,242449,2000,697,243752,2025-04-13
3919,327,July 2020,242449,0,727,241722,2025-06-04
3920,327,August 2020,242449,0,598,241851,2024-09-25
3921,327,September 2020,242449,2000,932,243517,2024-09-03
3922,327,October 2020,242449,2000,125,244324,2024-02-22
3923,327,November 2020,242449,3000,1688,243761,2022-05-03
3924,327,December 2020,242449,3000,232,245217,2024-07-20
3925,328,January 2020,116274,1000,1283,115991,2024-07-14
3926,328,February 2020,116274,1000,1187,116087,2024-03-27
3927,328,March 2020,116274,1000,289,116985,2022-10-04
3928,328,April 2020,116274,1000,1573,115701,2024-09-05
3929,328,May 2020,116274,0,1832,114442,2024-11-11
3930,328,June 2020,116274,0,1171,115103,2025-10-02
3931,328,July 2020,116274,3000,225,119049,2023-03-18
3932,328,August 2020,116274,2000,1342,116932,2025-04-18
3933,328,September 2020,116274,1000,1529,115745,2023-09-04
3934,328,October 2020,116274,2000,1329,116945,2025-07-07
3935,328,November 2020,116274,0,820,115454,2024-10-28
3936,328,December 2020,116274,0,339,115935,2025-02-25
3937,329,January 2020,129272,2000,563,130709,2023-03-07
3938,329,February 2020,129272,2000,1327,129945,2023-08-13
3939,329,March 2020,129272,1000,1645,128627,2023-07-12
3940,329,April 2020,129272,3000,1423,130849,2023-01-29
3941,329,May 2020,129272,0,1035,128237,2023-11-17
3942,329,June 2020,129272,3000,302,131970,2025-10-30
3943,329,July 2020,129272,2000,1292,129980,2024-01-31
3944,329,August 2020,129272,1000,2000,128272,2023-12-01
3945,329,September 2020,129272,3000,216,132056,2024-05-28
3946,329,October 2020,129272,1000,1840,128432,2024-03-25
3947,329,November 2020,129272,3000,944,131328,2023-06-21
3948,329,December 2020,129272,0,1263,128009,2025-04-09
3949,330,January 2020,167543,1000,206,168337,2023-12-09
3950,330,February 2020,167543,0,853,166690,2022-12-25
3951,330,March 2020,167543,0,351,167192,2024-06-28
3952,330,April 2020,167543,1000,864,167679,2023-06-02
3953,330,May 2020,167543,0,759,166784,2022-10-09
3954,330,June 2020,167543,3000,368,170175,2022-09-18
3955,330,July 2020,167543,1000,177,168366,2025-06-28
3956,330,August 2020,167543,2000,234,169309,2023-06-19
3957,330,September 2020,167543,1000,918,167625,2024-04-23
3958,330,October 2020,167543,0,443,167100,2023-04-23
3959,330,November 2020,167543,2000,196,169347,2022-11-07
3960,330,December 2020,167543,2000,761,168782,2025-04-30
3961,331,January 2020,86635,3000,1480,88155,2023-06-03
3962,331,February 2020,86635,1000,1270,86365,2023-04-12
3963,331,March 2020,86635,2000,1213,87422,2024-07-11
3964,331,April 2020,86635,2000,1550,87085,2023-01-24
3965,331,May 2020,86635,3000,412,89223,2025-01-29
3966,331,June 2020,86635,2000,163,88472,2025-12-10
3967,331,July 2020,86635,0,355,86280,2024-01-11
3968,331,August 2020,86635,2000,1614,87021,2022-10-24
3969,331,September 2020,86635,1000,1805,85830,2024-09-22
3970,331,October 2020,86635,2000,1267,87368,2022-03-26
3971,331,November 2020,86635,2000,714,87921,2022-02-18
3972,331,December 2020,86635,0,72,86563,2024-09-19
3973,332,January 2020,89546,1000,1995,88551,2022-08-09
3974,332,February 2020,89546,1000,280,90266,2023-12-11
3975,332,March 2020,89546,3000,296,92250,2024-01-18
3976,332,April 2020,89546,2000,1330,90216,2023-10-02
3977,332,May 2020,89546,3000,656,91890,2024-10-21
3978,332,June 2020,89546,0,173,89373,2024-07-23
3979,332,July 2020,89546,0,1881,87665,2025-03-13
3980,332,August 2020,89546,0,1535,88011,2024-05-08
3981,332,September 2020,89546,3000,1462,91084,2023-04-13
3982,332,October 2020,89546,2000,1876,89670,2023-04-20
3983,332,November 2020,89546,0,1630,87916,2022-07-18
3984,332,December 2020,89546,0,332,89214,2022-08-16
3985,333,January 2020,228937,2000,1705,229232,2024-05-23
3986,333,February 2020,228937,1000,554,229383,2024-08-23
3987,333,March 2020,228937,3000,258,231679,2022-05-07
3988,333,April 2020,228937,2000,1002,229935,2022-12-04
3989,333,May 2020,228937,2000,1508,229429,2025-07-20
3990,333,June 2020,228937,0,1332,227605,2024-09-30
3991,333,July 2020,228937,2000,541,230396,2023-03-13
3992,333,August 2020,228937,0,1582,227355,2023-07-31
3993,333,September 2020,228937,2000,1561,229376,2025-02-17
3994,333,October 2020,228937,3000,949,230988,2022-12-29
3995,333,November 2020,228937,3000,756,231181,2025-04-03
3996,333,December 2020,228937,1000,1413,228524,2023-01-29
3997,334,January 2020,105475,0,64,105411,2024-07-08
3998,334,February 2020,105475,0,581,104894,2025-10-15
3999,334,March 2020,105475,1000,485,105990,2025-04-17
4000,334,April 2020,105475,2000,557,106918,2024-01-06
4001,334,May 2020,105475,0,1230,104245,2025-12-08
4002,334,June 2020,105475,0,245,105230,2024-01-12
4003,334,July 2020,105475,3000,1232,107243,2022-09-07
4004,334,August 2020,105475,3000,1697,106778,2023-09-15
4005,334,September 2020,105475,1000,499,105976,2023-10-13
4006,334,October 2020,105475,3000,930,107545,2023-09-08
4007,334,November 2020,105475,1000,500,105975,2024-12-10
4008,334,December 2020,105475,1000,1157,105318,2023-11-13
4009,335,January 2020,189552,3000,840,191712,2024-01-21
4010,335,February 2020,189552,3000,1802,190750,2022-05-07
4011,335,March 2020,189552,0,699,188853,2022-07-28
4012,335,April 2020,189552,3000,51,192501,2022-02-15
4013,335,May 2020,189552,0,1878,187674,2022-09-15
4014,335,June 2020,189552,2000,1172,190380,2024-10-25
4015,335,July 2020,189552,3000,427,192125,2023-10-15
4016,335,August 2020,189552,3000,1677,190875,2023-05-31
4017,335,September 2020,189552,1000,1379,189173,2022-05-31
4018,335,October 2020,189552,1000,84,190468,2023-10-17
4019,335,November 2020,189552,0,1185,188367,2023-06-23
4020,335,December 2020,189552,3000,1243,191309,2024-11-22
4021,336,January 2020,284827,1000,1106,284721,2022-09-21
4022,336,February 2020,284827,1000,264,285563,2023-01-21
4023,336,March 2020,284827,1000,794,285033,2023-04-04
4024,336,April 2020,284827,0,1142,283685,2023-07-03
4025,336,May 2020,284827,1000,1590,284237,2022-07-13
4026,336,June 2020,284827,3000,1043,286784,2025-07-11
4027,336,July 2020,284827,2000,59,286768,2023-05-29
4028,336,August 2020,284827,3000,1732,286095,2022-12-08
4029,336,September 2020,284827,1000,440,285387,2022-06-20
4030,336,October 2020,284827,2000,195,286632,2023-07-28
4031,336,November 2020,284827,2000,335,286492,2025-10-08
4032,336,December 2020,284827,3000,1093,286734,2025-03-19
4033,337,January 2020,276760,1000,1183,276577,2024-07-12
4034,337,February 2020,276760,2000,1804,276956,2024-01-21
4035,337,March 2020,276760,2000,118,278642,2024-12-01
4036,337,April 2020,276760,3000,1659,278101,2022-11-12
4037,337,May 2020,276760,0,426,276334,2023-07-24
4038,337,June 2020,276760,0,844,275916,2023-09-07
4039,337,July 2020,276760,2000,1541,277219,2022-03-20
4040,337,August 2020,276760,2000,536,278224,2025-06-27
4041,337,September 2020,276760,2000,1552,277208,2022-12-19
4042,337,October 2020,276760,2000,1720,277040,2022-02-24
4043,337,November 2020,276760,3000,186,279574,2024-05-03
4044,337,December 2020,276760,0,306,276454,2024-04-05
4045,338,January 2020,78376,0,1094,77282,2022-06-18
4046,338,February 2020,78376,0,393,77983,2022-08-21
4047,338,March 2020,78376,0,1003,77373,2022-02-01
4048,338,April 2020,78376,2000,1660,78716,2023-09-12
4049,338,May 2020,78376,3000,1553,79823,2022-11-04
4050,338,June 2020,78376,0,182,78194,2025-02-07
4051,338,July 2020,78376,3000,1613,79763,2024-10-16
4052,338,August 2020,78376,1000,1951,77425,2022-03-16
4053,338,September 2020,78376,0,274,78102,2022-09-05
4054,338,October 2020,78376,0,1158,77218,2023-10-13
4055,338,November 2020,78376,1000,1116,78260,2022-09-05
4056,338,December 2020,78376,1000,98,79278,2025-06-16
4057,339,January 2020,200285,3000,1089,202196,2023-01-29
4058,339,February 2020,200285,3000,112,203173,2025-01-01
4059,339,March 2020,200285,3000,1403,201882,2022-03-14
4060,339,April 2020,200285,1000,1453,199832,2025-04-04
4061,339,May 2020,200285,0,527,199758,2025-03-05
4062,339,June 2020,200285,3000,1137,202148,2025-03-30
4063,339,July 2020,200285,2000,72,202213,2023-06-01
4064,339,August 2020,200285,3000,571,202714,2023-01-03
4065,339,September 2020,200285,3000,1205,202080,2024-03-22
4066,339,October 2020,200285,3000,418,202867,2025-05-08
4067,339,November 2020,200285,0,1998,198287,2024-03-02
4068,339,December 2020,200285,2000,1618,200667,2022-05-24
4069,340,January 2020,154371,3000,1334,156037,2022-05-27
4070,340,February 2020,154371,2000,863,155508,2023-11-04
4071,340,March 2020,154371,0,1344,153027,2025-09-24
4072,340,April 2020,154371,2000,1542,154829,2023-04-03
4073,340,May 2020,154371,2000,1205,155166,2024-06-02
4074,340,June 2020,154371,3000,437,156934,2022-09-02
4075,340,July 2020,154371,1000,1707,153664,2025-11-15
4076,340,August 2020,154371,1000,371,155000,2024-11-10
4077,340,September 2020,154371,1000,1611,153760,2025-06-23
4078,340,October 2020,154371,1000,1452,153919,2024-11-19
4079,340,November 2020,154371,3000,670,156701,2024-05-22
4080,340,December 2020,154371,3000,1676,155695,2023-07-25
4081,341,January 2020,209950,1000,392,210558,2025-02-01
4082,341,February 2020,209950,1000,1031,209919,2023-06-25
4083,341,March 2020,209950,0,836,209114,2022-07-18
4084,341,April 2020,209950,1000,1182,209768,2025-12-03
4085,341,May 2020,209950,3000,1526,211424,2025-10-02
4086,341,June 2020,209950,0,1068,208882,2022-09-29
4087,341,July 2020,209950,0,1922,208028,2024-01-16
4088,341,August 2020,209950,0,218,209732,2025-10-05
4089,341,September 2020,209950,1000,717,210233,2025-10-14
4090,341,October 2020,209950,0,156,209794,2025-12-10
4091,341,November 2020,209950,2000,117,211833,2023-10-11
4092,341,December 2020,209950,3000,562,212388,2022-05-20
4093,342,January 2020,167123,2000,329,168794,2023-06-17
4094,342,February 2020,167123,3000,891,169232,2024-07-03
4095,342,March 2020,167123,1000,920,167203,2022-06-07
4096,342,April 2020,167123,1000,377,167746,2025-05-09
4097,342,May 2020,167123,2000,337,168786,2023-07-24
4098,342,June 2020,167123,2000,747,168376,2023-02-07
4099,342,July 2020,167123,3000,1473,168650,2024-12-26
4100,342,August 2020,167123,2000,1679,167444,2025-07-23
4101,342,September 2020,167123,3000,851,169272,2025-11-03
4102,342,October 2020,167123,1000,1513,166610,2023-11-22
4103,342,November 2020,167123,0,1922,165201,2023-03-19
4104,342,December 2020,167123,1000,1271,166852,2025-07-22
4105,343,January 2020,231121,3000,131,233990,2025-04-25
4106,343,February 2020,231121,2000,1174,231947,2022-05-30
4107,343,March 2020,231121,1000,286,231835,2023-12-01
4108,343,April 2020,231121,2000,118,233003,2023-11-05
4109,343,May 2020,231121,1000,835,231286,2024-02-26
4110,343,June 2020,231121,2000,1441,231680,2025-08-03
4111,343,July 2020,231121,3000,1128,232993,2024-08-07
4112,343,August 2020,231121,0,289,230832,2023-06-14
4113,343,September 2020,231121,1000,505,231616,2025-11-25
4114,343,October 2020,231121,2000,945,232176,2023-05-30
4115,343,November 2020,231121,2000,215,232906,2023-12-19
4116,343,December 2020,231121,1000,481,231640,2024-04-17
4117,344,January 2020,126785,3000,1486,128299,2023-07-02
4118,344,February 2020,126785,0,163,126622,2024-11-12
4119,344,March 2020,126785,3000,538,129247,2025-03-07
4120,344,April 2020,126785,3000,1154,128631,2024-04-25
4121,344,May 2020,126785,3000,733,129052,2024-10-19
4122,344,June 2020,126785,3000,102,129683,2022-02-26
4123,344,July 2020,126785,1000,665,127120,2025-06-22
4124,344,August 2020,126785,3000,1337,128448,2023-07-05
4125,344,September 2020,126785,1000,1189,126596,2022-05-08
4126,344,October 2020,126785,0,1619,125166,2022-05-30
4127,344,November 2020,126785,0,756,126029,2022-07-13
4128,344,December 2020,126785,1000,1416,126369,2024-06-19
4129,345,January 2020,93168,1000,20,94148,2024-11-21
4130,345,February 2020,93168,3000,867,95301,2024-12-12
4131,345,March 2020,93168,3000,1031,95137,2025-12-02
4132,345,April 2020,93168,2000,203,94965,2024-11-13
4133,345,May 2020,93168,2000,445,94723,2022-02-20
4134,345,June 2020,93168,0,1072,92096,2024-08-30
4135,345,July 2020,93168,3000,131,96037,2022-08-27
4136,345,August 2020,93168,3000,1796,94372,2023-11-16
4137,345,September 2020,93168,1000,1565,92603,2022-02-10
4138,345,October 2020,93168,0,88,93080,2024-02-09
4139,345,November 2020,93168,2000,753,94415,2025-05-25
4140,345,December 2020,93168,1000,1620,92548,2024-02-04
4141,346,January 2020,167195,2000,1780,167415,2025-01-21
4142,346,February 2020,167195,3000,671,169524,2025-09-06
4143,346,March 2020,167195,3000,1011,169184,2025-07-22
4144,346,April 2020,167195,0,1338,165857,2022-01-07
4145,346,May 2020,167195,3000,433,169762,2022-12-12
4146,346,June 2020,167195,3000,683,169512,2023-07-31
4147,346,July 2020,167195,1000,1323,166872,2023-09-24
4148,346,August 2020,167195,2000,1179,168016,2025-05-21
4149,346,September 2020,167195,1000,1711,166484,2022-02-22
4150,346,October 2020,167195,0,790,166405,2024-08-17
4151,346,November 2020,167195,1000,1657,166538,2023-10-05
4152,346,December 2020,167195,0,455,166740,2022-08-16
4153,347,January 2020,244473,0,1698,242775,2022-05-20
4154,347,February 2020,244473,2000,1187,245286,2023-05-31
4155,347,March 2020,244473,2000,1157,245316,2022-07-05
4156,347,April 2020,244473,2000,888,245585,2025-12-16
4157,347,May 2020,244473,1000,907,244566,2023-02-06
4158,347,June 2020,244473,2000,1210,245263,2023-03-13
4159,347,July 2020,244473,0,1599,242874,2025-12-16
4160,347,August 2020,244473,0,960,243513,2025-05-19
4161,347,September 2020,244473,1000,726,244747,2023-08-08
4162,347,October 2020,244473,2000,1423,245050,2023-10-13
4163,347,November 2020,244473,3000,160,247313,2025-09-24
4164,347,December 2020,244473,3000,169,247304,2025-11-09
4165,348,January 2020,170155,3000,1127,172028,2025-08-24
4166,348,February 2020,170155,0,1318,168837,2025-08-15
4167,348,March 2020,170155,3000,1540,171615,2025-05-27
4168,348,April 2020,170155,3000,1577,171578,2023-06-09
4169,348,May 2020,170155,2000,1981,170174,2022-05-24
4170,348,June 2020,170155,1000,1070,170085,2025-08-15
4171,348,July 2020,170155,1000,1684,169471,2022-06-23
4172,348,August 2020,170155,3000,754,172401,2025-02-18
4173,348,September 2020,170155,1000,1497,169658,2025-06-12
4174,348,October 2020,170155,1000,1081,170074,2025-02-23
4175,348,November 2020,170155,0,1298,168857,2024-11-30
4176,348,December 2020,170155,2000,685,171470,2025-01-27
4177,349,January 2020,190844,1000,1292,190552,2023-12-10
4178,349,February 2020,190844,1000,1414,190430,2025-11-11
4179,349,March 2020,190844,3000,1556,192288,2022-05-11
4180,349,April 2020,190844,2000,572,192272,2023-03-24
4181,349,May 2020,190844,1000,218,191626,2023-05-05
4182,349,June 2020,190844,1000,777,191067,2024-05-07
4183,349,July 2020,190844,0,35,190809,2025-01-02
4184,349,August 2020,190844,0,420,190424,2025-12-03
4185,349,September 2020,190844,1000,843,191001,2023-02-06
4186,349,October 2020,190844,2000,1715,191129,2024-02-12
4187,349,November 2020,190844,2000,280,192564,2025-01-06
4188,349,December 2020,190844,0,246,190598,2023-11-22
4189,350,January 2020,80681,0,1246,79435,2022-05-22
4190,350,February 2020,80681,3000,407,83274,2023-04-24
4191,350,March 2020,80681,2000,1960,80721,2022-09-08
4192,350,April 2020,80681,3000,880,82801,2023-04-18
4193,350,May 2020,80681,3000,1525,82156,2025-07-20
4194,350,June 2020,80681,3000,1582,82099,2025-03-10
4195,350,July 2020,80681,2000,70,82611,2025-09-07
4196,350,August 2020,80681,2000,61,82620,2025-12-24
4197,350,September 2020,80681,0,1615,79066,2024-05-05
4198,350,October 2020,80681,2000,914,81767,2023-05-21
4199,350,November 2020,80681,2000,196,82485,2025-02-04
4200,350,December 2020,80681,2000,1851,80830,2024-12-31
4201,351,January 2020,187562,0,691,186871,2024-06-05
4202,351,February 2020,187562,0,1607,185955,2025-06-25
4203,351,March 2020,187562,1000,1705,186857,2025-05-10
4204,351,April 2020,187562,0,365,187197,2025-02-13
4205,351,May 2020,187562,3000,724,189838,2023-05-12
4206,351,June 2020,187562,1000,1041,187521,2025-12-22
4207,351,July 2020,187562,2000,1637,187925,2024-04-19
4208,351,August 2020,187562,0,953,186609,2022-01-17
4209,351,September 2020,187562,0,369,187193,2024-11-18
4210,351,October 2020,187562,0,1500,186062,2024-09-30
4211,351,November 2020,187562,0,1073,186489,2022-05-23
4212,351,December 2020,187562,0,939,186623,2025-09-27
4213,352,January 2020,214477,0,1299,213178,2023-02-23
4214,352,February 2020,214477,3000,925,216552,2023-08-28
4215,352,March 2020,214477,1000,810,214667,2022-10-19
4216,352,April 2020,214477,1000,98,215379,2022-01-12
4217,352,May 2020,214477,1000,1278,214199,2022-01-05
4218,352,June 2020,214477,1000,1513,213964,2024-04-25
4219,352,July 2020,214477,2000,632,215845,2025-10-31
4220,352,August 2020,214477,1000,102,215375,2025-03-08
4221,352,September 2020,214477,3000,134,217343,2022-08-19
4222,352,October 2020,214477,0,240,214237,2022-03-12
4223,352,November 2020,214477,3000,467,217010,2022-01-23
4224,352,December 2020,214477,2000,832,215645,2022-04-17
4225,353,January 2020,75200,3000,653,77547,2022-02-01
4226,353,February 2020,75200,2000,1787,75413,2023-07-04
4227,353,March 2020,75200,2000,1852,75348,2024-06-06
4228,353,April 2020,75200,1000,1476,74724,2022-04-07
4229,353,May 2020,75200,2000,506,76694,2024-06-17
4230,353,June 2020,75200,1000,920,75280,2025-01-09
4231,353,July 2020,75200,0,596,74604,2023-09-30
4232,353,August 2020,75200,3000,489,77711,2023-10-15
4233,353,September 2020,75200,3000,270,77930,2023-03-26
4234,353,October 2020,75200,3000,658,77542,2022-09-17
4235,353,November 2020,75200,0,516,74684,2023-05-09
4236,353,December 2020,75200,3000,659,77541,2023-01-06
4237,354,January 2020,264816,0,531,264285,2022-04-25
4238,354,February 2020,264816,0,1756,263060,2022-06-24
4239,354,March 2020,264816,0,1990,262826,2025-11-25
4240,354,April 2020,264816,0,417,264399,2025-07-21
4241,354,May 2020,264816,1000,415,265401,2023-05-06
4242,354,June 2020,264816,3000,1878,265938,2023-11-26
4243,354,July 2020,264816,1000,617,265199,2023-01-24
4244,354,August 2020,264816,0,1733,263083,2025-08-11
4245,354,September 2020,264816,3000,626,267190,2022-10-28
4246,354,October 2020,264816,0,1981,262835,2025-12-27
4247,354,November 2020,264816,3000,14,267802,2025-05-30
4248,354,December 2020,264816,2000,932,265884,2024-03-25
4249,355,January 2020,266293,1000,228,267065,2022-11-20
4250,355,February 2020,266293,3000,117,269176,2024-09-10
4251,355,March 2020,266293,3000,496,268797,2024-04-27
4252,355,April 2020,266293,1000,1485,265808,2023-03-27
4253,355,May 2020,266293,0,1700,264593,2024-01-05
4254,355,June 2020,266293,1000,558,266735,2024-07-12
4255,355,July 2020,266293,0,1001,265292,2025-12-05
4256,355,August 2020,266293,1000,693,266600,2023-08-16
4257,355,September 2020,266293,1000,1669,265624,2025-01-09
4258,355,October 2020,266293,3000,1050,268243,2022-10-05
4259,355,November 2020,266293,2000,1985,266308,2022-02-02
4260,355,December 2020,266293,0,492,265801,2025-09-16
4261,356,January 2020,205113,3000,1123,206990,2025-10-01
4262,356,February 2020,205113,0,835,204278,2025-12-25
4263,356,March 2020,205113,1000,403,205710,2025-05-21
4264,356,April 2020,205113,0,167,204946,2023-12-06
4265,356,May 2020,205113,2000,836,206277,2025-02-28
4266,356,June 2020,205113,1000,1756,204357,2025-11-28
4267,356,July 2020,205113,1000,12,206101,2023-06-07
4268,356,August 2020,205113,2000,527,206586,2022-12-25
4269,356,September 2020,205113,3000,1872,206241,2024-08-07
4270,356,October 2020,205113,3000,1133,206980,2024-04-07
4271,356,November 2020,205113,3000,652,207461,2024-02-17
4272,356,December 2020,205113,1000,1243,204870,2025-11-03
4273,357,January 2020,175638,0,107,175531,2025-12-24
4274,357,February 2020,175638,1000,406,176232,2022-03-19
4275,357,March 2020,175638,0,1916,173722,2023-03-01
4276,357,April 2020,175638,2000,1454,176184,2025-10-25
4277,357,May 2020,175638,1000,1477,175161,2024-08-18
4278,357,June 2020,175638,0,370,175268,2022-06-09
4279,357,July 2020,175638,3000,1316,177322,2025-09-02
4280,357,August 2020,175638,0,1850,173788,2022-10-05
4281,357,September 2020,175638,1000,1814,174824,2022-10-15
4282,357,October 2020,175638,1000,1940,174698,2022-05-11
4283,357,November 2020,175638,1000,1064,175574,2025-07-06
4284,357,December 2020,175638,0,81,175557,2025-07-02
4285,358,January 2020,103475,2000,742,104733,2025-12-13
4286,358,February 2020,103475,2000,1529,103946,2024-09-09
4287,358,March 2020,103475,1000,1015,103460,2023-06-15
4288,358,April 2020,103475,1000,1107,103368,2022-05-18
4289,358,May 2020,103475,3000,1360,105115,2022-08-09
4290,358,June 2020,103475,0,1074,102401,2024-07-21
4291,358,July 2020,103475,0,1973,101502,2025-12-19
4292,358,August 2020,103475,1000,730,103745,2024-06-19
4293,358,September 2020,103475,2000,84,105391,2025-08-26
4294,358,October 2020,103475,2000,1844,103631,2024-07-13
4295,358,November 2020,103475,1000,181,104294,2022-03-28
4296,358,December 2020,103475,0,1543,101932,2022-09-30
4297,359,January 2020,264819,3000,14,267805,2024-03-27
4298,359,February 2020,264819,2000,863,265956,2023-11-01
4299,359,March 2020,264819,3000,1520,266299,2022-01-19
4300,359,April 2020,264819,2000,1613,265206,2022-10-23
4301,359,May 2020,264819,3000,169,267650,2024-02-19
4302,359,June 2020,264819,2000,1083,265736,2023-12-22
4303,359,July 2020,264819,1000,1612,264207,2024-11-17
4304,359,August 2020,264819,0,683,264136,2023-10-09
4305,359,September 2020,264819,0,755,264064,2025-03-03
4306,359,October 2020,264819,0,447,264372,2025-04-26
4307,359,November 2020,264819,0,1898,262921,2025-08-07
4308,359,December 2020,264819,0,1899,262920,2023-05-17
4309,360,January 2020,255444,2000,353,257091,2022-05-06
4310,360,February 2020,255444,2000,1196,256248,2022-11-06
4311,360,March 2020,255444,0,1363,254081,2023-03-13
4312,360,April 2020,255444,1000,314,256130,2024-04-25
4313,360,May 2020,255444,0,1660,253784,2022-09-12
4314,360,June 2020,255444,1000,1160,255284,2025-05-13
4315,360,July 2020,255444,0,1348,254096,2024-11-26
4316,360,August 2020,255444,0,659,254785,2025-07-04
4317,360,September 2020,255444,3000,229,258215,2022-04-05
4318,360,October 2020,255444,1000,737,255707,2022-04-23
4319,360,November 2020,255444,0,925,254519,2024-09-17
4320,360,December 2020,255444,1000,1532,254912,2022-10-16
4321,361,January 2020,240483,0,1856,238627,2022-04-25
4322,361,February 2020,240483,0,61,240422,2023-11-21
4323,361,March 2020,240483,0,1800,238683,2022-12-29
4324,361,April 2020,240483,3000,236,243247,2024-05-10
4325,361,May 2020,240483,0,1042,239441,2022-05-18
4326,361,June 2020,240483,2000,401,242082,2025-02-04
4327,361,July 2020,240483,3000,23,243460,2024-01-17
4328,361,August 2020,240483,2000,1715,240768,2022-10-30
4329,361,September 2020,240483,3000,813,242670,2025-01-04
4330,361,October 2020,240483,1000,592,240891,2024-07-11
4331,361,November 2020,240483,1000,1587,239896,2025-11-05
4332,361,December 2020,240483,3000,682,242801,2023-12-27
4333,362,January 2020,288426,3000,1035,290391,2025-03-25
4334,362,February 2020,288426,2000,1214,289212,2025-01-19
4335,362,March 2020,288426,1000,467,288959,2025-06-13
4336,362,April 2020,288426,1000,33,289393,2023-07-30
4337,362,May 2020,288426,1000,255,289171,2023-07-12
4338,362,June 2020,288426,3000,171,291255,2023-05-27
4339,362,July 2020,288426,3000,871,290555,2024-03-24
4340,362,August 2020,288426,2000,261,290165,2024-07-22
4341,362,September 2020,288426,0,1331,287095,2022-06-24
4342,362,October 2020,288426,2000,1879,288547,2023-11-21
4343,362,November 2020,288426,3000,1167,290259,2022-04-13
4344,362,December 2020,288426,2000,1873,288553,2022-08-28
4345,363,January 2020,104728,0,1093,103635,2024-03-09
4346,363,February 2020,104728,3000,320,107408,2023-04-03
4347,363,March 2020,104728,1000,505,105223,2022-03-19
4348,363,April 2020,104728,2000,1501,105227,2022-05-10
4349,363,May 2020,104728,2000,411,106317,2023-05-11
4350,363,June 2020,104728,2000,206,106522,2022-01-25
4351,363,July 2020,104728,0,483,104245,2024-08-24
4352,363,August 2020,104728,3000,1437,106291,2024-02-19
4353,363,September 2020,104728,0,1601,103127,2024-02-03
4354,363,October 2020,104728,2000,1298,105430,2025-07-09
4355,363,November 2020,104728,0,25,104703,2025-11-22
4356,363,December 2020,104728,2000,665,106063,2025-04-09
4357,364,January 2020,238191,0,359,237832,2023-05-31
4358,364,February 2020,238191,0,1579,236612,2023-03-22
4359,364,March 2020,238191,3000,1379,239812,2025-08-31
4360,364,April 2020,238191,0,259,237932,2023-04-10
4361,364,May 2020,238191,3000,1136,240055,2024-06-03
4362,364,June 2020,238191,1000,207,238984,2025-06-29
4363,364,July 2020,238191,1000,1366,237825,2022-04-17
4364,364,August 2020,238191,1000,1287,237904,2024-12-24
4365,364,September 2020,238191,0,1663,236528,2023-11-24
4366,364,October 2020,238191,2000,2,240189,2023-07-01
4367,364,November 2020,238191,1000,641,238550,2025-03-12
4368,364,December 2020,238191,0,877,237314,2025-08-09
4369,365,January 2020,244479,0,1234,243245,2024-09-28
4370,365,February 2020,244479,2000,1995,244484,2025-07-25
4371,365,March 2020,244479,3000,32,247447,2025-04-02
4372,365,April 2020,244479,3000,1854,245625,2024-01-18
4373,365,May 2020,244479,0,275,244204,2022-06-12
4374,365,June 2020,244479,2000,514,245965,2022-05-25
4375,365,July 2020,244479,2000,1506,244973,2022-06-30
4376,365,August 2020,244479,0,1751,242728,2024-06-30
4377,365,September 2020,244479,0,1880,242599,2024-10-21
4378,365,October 2020,244479,2000,898,245581,2024-11-30
4379,365,November 2020,244479,2000,485,245994,2024-11-04
4380,365,December 2020,244479,0,1752,242727,2022-09-20
4381,366,January 2020,99470,0,51,99419,2024-02-01
4382,366,February 2020,99470,1000,1812,98658,2025-09-15
4383,366,March 2020,99470,1000,872,99598,2024-06-08
4384,366,April 2020,99470,2000,1772,99698,2025-07-13
4385,366,May 2020,99470,3000,866,101604,2022-05-19
4386,366,June 2020,99470,0,1,99469,2022-07-11
4387,366,July 2020,99470,2000,1744,99726,2023-11-25
4388,366,August 2020,99470,2000,748,100722,2024-02-09
4389,366,September 2020,99470,0,777,98693,2023-01-30
4390,366,October 2020,99470,2000,1976,99494,2025-11-05
4391,366,November 2020,99470,2000,1694,99776,2025-02-14
4392,366,December 2020,99470,0,1270,98200,2023-09-30
4393,367,January 2020,101122,1000,1571,100551,2022-07-18
4394,367,February 2020,101122,3000,1670,102452,2025-01-13
4395,367,March 2020,101122,0,557,100565,2022-06-28
4396,367,April 2020,101122,1000,1611,100511,2022-10-08
4397,367,May 2020,101122,3000,1106,103016,2025-03-30
4398,367,June 2020,101122,0,103,101019,2025-02-13
4399,367,July 2020,101122,0,31,101091,2025-04-11
4400,367,August 2020,101122,2000,1281,101841,2024-10-31
4401,367,September 2020,101122,0,719,100403,2025-09-16
4402,367,October 2020,101122,0,83,101039,2023-12-20
4403,367,November 2020,101122,2000,404,102718,2025-05-30
4404,367,December 2020,101122,1000,1894,100228,2023-10-24
4405,368,January 2020,280549,0,1869,278680,2022-12-22
4406,368,February 2020,280549,2000,1516,281033,2025-10-19
4407,368,March 2020,280549,0,1623,278926,2022-03-28
4408,368,April 2020,280549,1000,809,280740,2024-08-28
4409,368,May 2020,280549,3000,1382,282167,2023-11-19
4410,368,June 2020,280549,0,441,280108,2025-01-06
4411,368,July 2020,280549,2000,124,282425,2025-04-18
4412,368,August 2020,280549,3000,1164,282385,2024-06-12
4413,368,September 2020,280549,1000,1577,279972,2022-08-16
4414,368,October 2020,280549,0,84,280465,2022-10-25
4415,368,November 2020,280549,0,1457,279092,2024-01-06
4416,368,December 2020,280549,3000,1630,281919,2023-07-17
4417,369,January 2020,76664,3000,914,78750,2023-08-31
4418,369,February 2020,76664,0,89,76575,2025-04-23
4419,369,March 2020,76664,0,505,76159,2024-03-07
4420,369,April 2020,76664,0,1269,75395,2024-03-16
4421,369,May 2020,76664,0,381,76283,2024-07-16
4422,369,June 2020,76664,0,153,76511,2022-06-07
4423,369,July 2020,76664,2000,925,77739,2022-02-13
4424,369,August 2020,76664,0,1731,74933,2023-03-07
4425,369,September 2020,76664,1000,104,77560,2022-05-09
4426,369,October 2020,76664,2000,512,78152,2024-11-18
4427,369,November 2020,76664,0,599,76065,2022-10-14
4428,369,December 2020,76664,2000,367,78297,2023-05-19
4429,370,January 2020,210517,2000,1871,210646,2022-04-06
4430,370,February 2020,210517,1000,1859,209658,2025-06-14
4431,370,March 2020,210517,3000,770,212747,2024-06-05
4432,370,April 2020,210517,0,1668,208849,2024-06-26
4433,370,May 2020,210517,0,675,209842,2024-09-07
4434,370,June 2020,210517,0,1300,209217,2025-11-14
4435,370,July 2020,210517,0,1742,208775,2025-08-25
4436,370,August 2020,210517,0,1397,209120,2025-06-21
4437,370,September 2020,210517,0,613,209904,2022-11-04
4438,370,October 2020,210517,0,1327,209190,2024-01-26
4439,370,November 2020,210517,0,1028,209489,2022-06-21
4440,370,December 2020,210517,1000,224,211293,2022-02-10
4441,371,January 2020,272886,0,740,272146,2022-11-27
4442,371,February 2020,272886,0,1101,271785,2025-04-03
4443,371,March 2020,272886,0,516,272370,2023-07-14
4444,371,April 2020,272886,0,1384,271502,2024-03-25
4445,371,May 2020,272886,2000,236,274650,2022-07-18
4446,371,June 2020,272886,2000,1035,273851,2022-04-27
4447,371,July 2020,272886,3000,618,275268,2025-06-24
4448,371,August 2020,272886,1000,1299,272587,2023-07-06
4449,371,September 2020,272886,3000,1276,274610,2024-01-19
4450,371,October 2020,272886,2000,197,274689,2023-11-12
4451,371,November 2020,272886,2000,1850,273036,2023-08-23
4452,371,December 2020,272886,0,1772,271114,2022-01-24
4453,372,January 2020,253231,1000,1143,253088,2023-05-14
4454,372,February 2020,253231,3000,1523,254708,2025-10-10
4455,372,March 2020,253231,1000,572,253659,2022-02-10
4456,372,April 2020,253231,2000,506,254725,2022-07-31
4457,372,May 2020,253231,2000,407,254824,2022-04-14
4458,372,June 2020,253231,0,555,252676,2025-07-01
4459,372,July 2020,253231,3000,0,256231,2024-09-09
4460,372,August 2020,253231,0,532,252699,2025-03-09
4461,372,September 2020,253231,1000,213,254018,2024-10-08
4462,372,October 2020,253231,3000,1553,254678,2023-08-13
4463,372,November 2020,253231,1000,1042,253189,2022-03-15
4464,372,December 2020,253231,2000,738,254493,2025-10-05
4465,373,January 2020,249642,2000,1273,250369,2024-09-15
4466,373,February 2020,249642,3000,111,252531,2025-01-26
4467,373,March 2020,249642,3000,1193,251449,2024-06-02
4468,373,April 2020,249642,2000,1720,249922,2022-08-04
4469,373,May 2020,249642,3000,334,252308,2022-11-23
4470,373,June 2020,249642,3000,1377,251265,2023-10-14
4471,373,July 2020,249642,3000,1075,251567,2023-11-29
4472,373,August 2020,249642,1000,1583,249059,2022-11-09
4473,373,September 2020,249642,1000,1751,248891,2024-05-27
4474,373,October 2020,249642,3000,1783,250859,2022-11-22
4475,373,November 2020,249642,1000,695,249947,2022-04-02
4476,373,December 2020,249642,1000,356,250286,2023-11-16
4477,374,January 2020,163311,0,277,163034,2025-10-25
4478,374,February 2020,163311,2000,880,164431,2024-03-04
4479,374,March 2020,163311,0,512,162799,2022-03-15
4480,374,April 2020,163311,1000,442,163869,2024-09-13
4481,374,May 2020,163311,2000,766,164545,2024-07-10
4482,374,June 2020,163311,1000,245,164066,2025-11-01
4483,374,July 2020,163311,3000,1041,165270,2023-06-19
4484,374,August 2020,163311,2000,434,164877,2024-02-19
4485,374,September 2020,163311,2000,342,164969,2025-08-22
4486,374,October 2020,163311,2000,281,165030,2022-07-11
4487,374,November 2020,163311,0,1471,161840,2023-03-11
4488,374,December 2020,163311,3000,1018,165293,2023-04-01
4489,375,January 2020,209274,0,318,208956,2023-04-10
4490,375,February 2020,209274,0,1105,208169,2022-12-25
4491,375,March 2020,209274,0,0,209274,2025-07-11
4492,375,April 2020,209274,3000,596,211678,2022-05-30
4493,375,May 2020,209274,3000,1977,210297,2023-02-09
4494,375,June 2020,209274,1000,187,210087,2023-03-10
4495,375,July 2020,209274,2000,625,210649,2024-09-29
4496,375,August 2020,209274,2000,1088,210186,2023-04-25
4497,375,September 2020,209274,2000,605,210669,2023-03-11
4498,375,October 2020,209274,2000,249,211025,2022-04-11
4499,375,November 2020,209274,2000,93,211181,2025-04-05
4500,375,December 2020,209274,2000,1838,209436,2025-01-05
4501,376,January 2020,223169,0,1063,222106,2024-12-27
4502,376,February 2020,223169,2000,192,224977,2025-03-27
4503,376,March 2020,223169,1000,1424,222745,2022-03-09
4504,376,April 2020,223169,1000,1459,222710,2022-04-21
4505,376,May 2020,223169,2000,440,224729,2023-04-17
4506,376,June 2020,223169,2000,840,224329,2025-01-09
4507,376,July 2020,223169,1000,1263,222906,2023-04-08
4508,376,August 2020,223169,3000,511,225658,2025-06-04
4509,376,September 2020,223169,1000,760,223409,2022-06-19
4510,376,October 2020,223169,2000,769,224400,2024-03-25
4511,376,November 2020,223169,2000,1161,224008,2024-05-13
4512,376,December 2020,223169,3000,705,225464,2024-07-05
4513,377,January 2020,151747,2000,407,153340,2024-10-28
4514,377,February 2020,151747,3000,355,154392,2025-01-20
4515,377,March 2020,151747,0,1332,150415,2022-03-09
4516,377,April 2020,151747,2000,447,153300,2023-07-11
4517,377,May 2020,151747,2000,907,152840,2022-10-15
4518,377,June 2020,151747,1000,79,152668,2024-05-24
4519,377,July 2020,151747,2000,938,152809,2022-04-17
4520,377,August 2020,151747,0,1847,149900,2024-07-18
4521,377,September 2020,151747,0,1870,149877,2025-04-02
4522,377,October 2020,151747,0,1736,150011,2023-05-20
4523,377,November 2020,151747,3000,1736,153011,2023-06-25
4524,377,December 2020,151747,1000,1495,151252,2022-12-27
4525,378,January 2020,228742,3000,707,231035,2024-08-03
4526,378,February 2020,228742,1000,1426,228316,2025-12-13
4527,378,March 2020,228742,3000,515,231227,2025-07-17
4528,378,April 2020,228742,2000,891,229851,2025-03-08
4529,378,May 2020,228742,0,421,228321,2022-12-28
4530,378,June 2020,228742,2000,1538,229204,2023-04-30
4531,378,July 2020,228742,1000,334,229408,2022-07-03
4532,378,August 2020,228742,3000,181,231561,2024-08-21
4533,378,September 2020,228742,3000,199,231543,2022-02-11
4534,378,October 2020,228742,1000,924,228818,2023-12-30
4535,378,November 2020,228742,3000,1204,230538,2024-03-06
4536,378,December 2020,228742,3000,851,230891,2022-05-15
4537,379,January 2020,255917,2000,155,257762,2022-11-16
4538,379,February 2020,255917,2000,594,257323,2024-08-14
4539,379,March 2020,255917,2000,776,257141,2022-02-28
4540,379,April 2020,255917,3000,454,258463,2024-12-08
4541,379,May 2020,255917,3000,481,258436,2022-11-16
4542,379,June 2020,255917,1000,724,256193,2022-01-26
4543,379,July 2020,255917,3000,910,258007,2023-12-17
4544,379,August 2020,255917,1000,985,255932,2024-12-09
4545,379,September 2020,255917,2000,880,257037,2024-11-18
4546,379,October 2020,255917,0,757,255160,2023-06-25
4547,379,November 2020,255917,2000,770,257147,2023-03-12
4548,379,December 2020,255917,2000,995,256922,2023-03-28
4549,380,January 2020,223554,1000,782,223772,2024-02-12
4550,380,February 2020,223554,0,1135,222419,2025-11-13
4551,380,March 2020,223554,3000,860,225694,2022-10-13
4552,380,April 2020,223554,3000,1517,225037,2023-03-07
4553,380,May 2020,223554,2000,1111,224443,2024-12-20
4554,380,June 2020,223554,1000,412,224142,2022-11-10
4555,380,July 2020,223554,0,134,223420,2025-04-20
4556,380,August 2020,223554,1000,1767,222787,2023-08-17
4557,380,September 2020,223554,2000,1207,224347,2022-05-29
4558,380,October 2020,223554,1000,1253,223301,2022-05-03
4559,380,November 2020,223554,3000,1314,225240,2022-11-03
4560,380,December 2020,223554,3000,780,225774,2025-08-22
4561,381,January 2020,191510,0,1307,190203,2022-07-03
4562,381,February 2020,191510,3000,54,194456,2022-11-17
4563,381,March 2020,191510,2000,844,192666,2025-05-01
4564,381,April 2020,191510,0,568,190942,2022-10-02
4565,381,May 2020,191510,3000,1334,193176,2025-05-19
4566,381,June 2020,191510,1000,840,191670,2025-06-06
4567,381,July 2020,191510,1000,1200,191310,2022-07-24
4568,381,August 2020,191510,1000,209,192301,2022-03-31
4569,381,September 2020,191510,2000,324,193186,2025-03-14
4570,381,October 2020,191510,2000,31,193479,2023-06-08
4571,381,November 2020,191510,0,909,190601,2025-10-22
4572,381,December 2020,191510,0,124,191386,2025-03-17
4573,382,January 2020,87798,3000,1212,89586,2022-04-01
4574,382,February 2020,87798,0,1375,86423,2022-01-27
4575,382,March 2020,87798,2000,420,89378,2025-07-19
4576,382,April 2020,87798,1000,996,87802,2022-05-25
4577,382,May 2020,87798,2000,653,89145,2024-08-03
4578,382,June 2020,87798,0,614,87184,2025-07-03
4579,382,July 2020,87798,3000,546,90252,2023-02-12
4580,382,August 2020,87798,1000,394,88404,2022-06-11
4581,382,September 2020,87798,0,1439,86359,2024-12-13
4582,382,October 2020,87798,3000,99,90699,2024-10-11
4583,382,November 2020,87798,0,56,87742,2024-03-28
4584,382,December 2020,87798,0,1731,86067,2024-09-13
4585,383,January 2020,187726,3000,80,190646,2024-05-09
4586,383,February 2020,187726,3000,1029,189697,2024-05-31
4587,383,March 2020,187726,3000,703,190023,2023-07-15
4588,383,April 2020,187726,1000,1887,186839,2024-07-25
4589,383,May 2020,187726,3000,1789,188937,2023-06-12
4590,383,June 2020,187726,0,912,186814,2023-02-08
4591,383,July 2020,187726,2000,787,188939,2024-10-01
4592,383,August 2020,187726,1000,803,187923,2024-05-14
4593,383,September 2020,187726,1000,217,188509,2024-06-13
4594,383,October 2020,187726,0,327,187399,2023-08-11
4595,383,November 2020,187726,0,704,187022,2024-01-02
4596,383,December 2020,187726,0,1313,186413,2023-08-19
4597,384,January 2020,282316,0,1851,280465,2024-03-07
4598,384,February 2020,282316,1000,1955,281361,2025-02-07
4599,384,March 2020,282316,1000,69,283247,2023-06-13
4600,384,April 2020,282316,2000,296,284020,2022-07-12
4601,384,May 2020,282316,0,412,281904,2023-12-01
4602,384,June 2020,282316,3000,1603,283713,2025-11-06
4603,384,July 2020,282316,2000,1742,282574,2025-12-07
4604,384,August 2020,282316,0,33,282283,2024-09-11
4605,384,September 2020,282316,0,570,281746,2024-03-23
4606,384,October 2020,282316,2000,1126,283190,2022-01-20
4607,384,November 2020,282316,2000,1203,283113,2025-07-23
4608,384,December 2020,282316,1000,1129,282187,2025-03-12
4609,385,January 2020,189381,1000,561,189820,2022-10-30
4610,385,February 2020,189381,2000,1777,189604,2024-03-10
4611,385,March 2020,189381,3000,551,191830,2022-07-22
4612,385,April 2020,189381,1000,50,190331,2025-11-18
4613,385,May 2020,189381,0,201,189180,2022-12-16
4614,385,June 2020,189381,2000,1775,189606,2025-08-28
4615,385,July 2020,189381,1000,41,190340,2024-09-02
4616,385,August 2020,189381,1000,159,190222,2022-09-04
4617,385,September 2020,189381,2000,87,191294,2024-08-02
4618,385,October 2020,189381,2000,654,190727,2024-05-01
4619,385,November 2020,189381,2000,1454,189927,2022-01-01
4620,385,December 2020,189381,0,1697,187684,2023-03-30
4621,386,January 2020,151234,1000,1977,150257,2024-09-27
4622,386,February 2020,151234,1000,1786,150448,2024-02-19
4623,386,March 2020,151234,2000,595,152639,2023-08-30
4624,386,April 2020,151234,2000,1032,152202,2023-10-13
4625,386,May 2020,151234,2000,1015,152219,2023-08-05
4626,386,June 2020,151234,2000,937,152297,2024-03-09
4627,386,July 2020,151234,0,1593,149641,2025-08-27
4628,386,August 2020,151234,2000,1322,151912,2025-09-05
4629,386,September 2020,151234,3000,1972,152262,2025-02-13
4630,386,October 2020,151234,0,517,150717,2023-01-28
4631,386,November 2020,151234,3000,1507,152727,2025-09-15
4632,386,December 2020,151234,2000,353,152881,2023-11-23
4633,387,January 2020,209209,2000,493,210716,2023-06-14
4634,387,February 2020,209209,2000,549,210660,2022-01-04
4635,387,March 2020,209209,3000,1048,211161,2022-09-10
4636,387,April 2020,209209,1000,985,209224,2022-08-03
4637,387,May 2020,209209,3000,1550,210659,2023-12-30
4638,387,June 2020,209209,0,1388,207821,2022-01-08
4639,387,July 2020,209209,3000,259,211950,2023-10-21
4640,387,August 2020,209209,3000,116,212093,2025-02-16
4641,387,September 2020,209209,1000,772,209437,2023-05-13
4642,387,October 2020,209209,0,1383,207826,2024-09-30
4643,387,November 2020,209209,3000,1651,210558,2022-07-20
4644,387,December 2020,209209,3000,804,211405,2025-10-28
4645,388,January 2020,82118,2000,771,83347,2025-02-24
4646,388,February 2020,82118,3000,240,84878,2022-10-10
4647,388,March 2020,82118,2000,855,83263,2024-06-27
4648,388,April 2020,82118,3000,964,84154,2023-09-02
4649,388,May 2020,82118,0,1897,80221,2023-09-17
4650,388,June 2020,82118,0,302,81816,2025-12-04
4651,388,July 2020,82118,2000,337,83781,2024-01-27
4652,388,August 2020,82118,0,1912,80206,2023-01-21
4653,388,September 2020,82118,1000,1374,81744,2023-11-19
4654,388,October 2020,82118,0,1734,80384,2025-05-06
4655,388,November 2020,82118,2000,1495,82623,2025-03-15
4656,388,December 2020,82118,0,409,81709,2024-10-20
4657,389,January 2020,155426,1000,1216,155210,2025-10-06
4658,389,February 2020,155426,3000,1025,157401,2025-05-22
4659,389,March 2020,155426,1000,656,155770,2022-03-21
4660,389,April 2020,155426,2000,1427,155999,2023-10-08
4661,389,May 2020,155426,0,1314,154112,2022-06-24
4662,389,June 2020,155426,2000,598,156828,2023-02-17
4663,389,July 2020,155426,2000,1076,156350,2022-08-21
4664,389,August 2020,155426,2000,1758,155668,2025-05-02
4665,389,September 2020,155426,3000,302,158124,2024-11-28
4666,389,October 2020,155426,3000,1879,156547,2023-06-24
4667,389,November 2020,155426,0,536,154890,2025-03-17
4668,389,December 2020,155426,2000,1125,156301,2025-09-22
4669,390,January 2020,122569,0,284,122285,2024-12-30
4670,390,February 2020,122569,3000,792,124777,2024-10-28
4671,390,March 2020,122569,1000,1368,122201,2024-01-03
4672,390,April 2020,122569,0,452,122117,2022-09-06
4673,390,May 2020,122569,3000,40,125529,2025-06-08
4674,390,June 2020,122569,0,1521,121048,2023-05-11
4675,390,July 2020,122569,0,1348,121221,2023-05-23
4676,390,August 2020,122569,2000,281,124288,2024-03-21
4677,390,September 2020,122569,0,318,122251,2023-09-03
4678,390,October 2020,122569,0,161,122408,2023-07-22
4679,390,November 2020,122569,2000,59,124510,2024-04-10
4680,390,December 2020,122569,2000,349,124220,2023-08-30
4681,391,January 2020,221827,0,187,221640,2022-04-12
4682,391,February 2020,221827,0,1910,219917,2024-05-30
4683,391,March 2020,221827,2000,1953,221874,2022-03-19
4684,391,April 2020,221827,2000,1784,222043,2022-12-08
4685,391,May 2020,221827,3000,1885,222942,2023-10-18
4686,391,June 2020,221827,0,615,221212,2022-11-17
4687,391,July 2020,221827,2000,676,223151,2023-11-26
4688,391,August 2020,221827,3000,1880,222947,2025-02-04
4689,391,September 2020,221827,3000,835,223992,2024-07-07
4690,391,October 2020,221827,0,716,221111,2024-02-06
4691,391,November 2020,221827,2000,1711,222116,2024-01-26
4692,391,December 2020,221827,2000,1524,222303,2023-10-26
4693,392,January 2020,212542,0,848,211694,2025-01-07
4694,392,February 2020,212542,0,1156,211386,2022-10-06
4695,392,March 2020,212542,1000,223,213319,2025-03-19
4696,392,April 2020,212542,2000,777,213765,2022-05-12
4697,392,May 2020,212542,1000,161,213381,2025-07-28
4698,392,June 2020,212542,0,1520,211022,2023-01-04
4699,392,July 2020,212542,3000,570,214972,2025-03-28
4700,392,August 2020,212542,1000,1985,211557,2022-01-05
4701,392,September 2020,212542,3000,17,215525,2025-10-10
4702,392,October 2020,212542,0,1257,211285,2022-05-05
4703,392,November 2020,212542,2000,1237,213305,2025-04-21
4704,392,December 2020,212542,2000,852,213690,2025-03-17
4705,393,January 2020,95950,2000,936,97014,2023-02-19
4706,393,February 2020,95950,3000,1321,97629,2024-10-20
4707,393,March 2020,95950,0,1116,94834,2024-07-04
4708,393,April 2020,95950,2000,1100,96850,2025-04-06
4709,393,May 2020,95950,1000,102,96848,2024-05-12
4710,393,June 2020,95950,3000,283,98667,2023-05-19
4711,393,July 2020,95950,1000,1692,95258,2024-01-11
4712,393,August 2020,95950,0,1358,94592,2024-04-13
4713,393,September 2020,95950,3000,74,98876,2022-07-04
4714,393,October 2020,95950,0,425,95525,2023-08-14
4715,393,November 2020,95950,2000,1665,96285,2023-06-04
4716,393,December 2020,95950,3000,158,98792,2023-06-23
4717,394,January 2020,96158,3000,668,98490,2022-12-24
4718,394,February 2020,96158,3000,299,98859,2022-07-02
4719,394,March 2020,96158,3000,76,99082,2024-08-26
4720,394,April 2020,96158,3000,211,98947,2023-02-20
4721,394,May 2020,96158,1000,254,96904,2022-05-31
4722,394,June 2020,96158,3000,1375,97783,2022-07-20
4723,394,July 2020,96158,1000,1477,95681,2023-11-17
4724,394,August 2020,96158,2000,578,97580,2024-09-01
4725,394,September 2020,96158,1000,1399,95759,2024-03-05
4726,394,October 2020,96158,2000,1495,96663,2023-07-11
4727,394,November 2020,96158,2000,1573,96585,2022-02-20
4728,394,December 2020,96158,3000,837,98321,2025-09-20
4729,395,January 2020,260202,3000,137,263065,2024-03-03
4730,395,February 2020,260202,3000,441,262761,2023-01-10
4731,395,March 2020,260202,3000,175,263027,2025-06-03
4732,395,April 2020,260202,3000,1921,261281,2023-02-21
4733,395,May 2020,260202,3000,996,262206,2025-03-20
4734,395,June 2020,260202,1000,90,261112,2025-04-17
4735,395,July 2020,260202,2000,336,261866,2022-03-01
4736,395,August 2020,260202,0,1144,259058,2024-05-01
4737,395,September 2020,260202,0,1971,258231,2024-10-10
4738,395,October 2020,260202,3000,6,263196,2025-01-16
4739,395,November 2020,260202,3000,508,262694,2025-07-31
4740,395,December 2020,260202,2000,1772,260430,2022-04-15
4741,396,January 2020,167863,3000,1264,169599,2025-04-10
4742,396,February 2020,167863,2000,1122,168741,2022-09-29
4743,396,March 2020,167863,3000,789,170074,2023-09-17
4744,396,April 2020,167863,0,139,167724,2023-06-17
4745,396,May 2020,167863,0,85,167778,2023-06-11
4746,396,June 2020,167863,0,390,167473,2025-05-01
4747,396,July 2020,167863,3000,1697,169166,2022-10-09
4748,396,August 2020,167863,1000,1320,167543,2024-09-18
4749,396,September 2020,167863,3000,669,170194,2024-10-10
4750,396,October 2020,167863,1000,1557,167306,2022-01-19
4751,396,November 2020,167863,1000,1587,167276,2022-11-04
4752,396,December 2020,167863,0,1263,166600,2025-05-09
4753,397,January 2020,131141,0,654,130487,2022-09-24
4754,397,February 2020,131141,1000,1470,130671,2024-06-14
4755,397,March 2020,131141,1000,1263,130878,2024-05-28
4756,397,April 2020,131141,1000,1472,130669,2025-08-29
4757,397,May 2020,131141,1000,1324,130817,2025-11-15
4758,397,June 2020,131141,1000,1537,130604,2023-12-08
4759,397,July 2020,131141,2000,1695,131446,2024-06-05
4760,397,August 2020,131141,1000,143,131998,2024-08-11
4761,397,September 2020,131141,2000,281,132860,2024-08-20
4762,397,October 2020,131141,3000,157,133984,2022-05-26
4763,397,November 2020,131141,1000,1612,130529,2022-09-29
4764,397,December 2020,131141,2000,1447,131694,2022-09-23
4765,398,January 2020,156583,1000,501,157082,2023-04-30
4766,398,February 2020,156583,0,1268,155315,2025-08-02
4767,398,March 2020,156583,0,339,156244,2025-10-23
4768,398,April 2020,156583,3000,130,159453,2022-02-18
4769,398,May 2020,156583,1000,1748,155835,2022-01-25
4770,398,June 2020,156583,0,1372,155211,2025-12-09
4771,398,July 2020,156583,0,856,155727,2025-02-25
4772,398,August 2020,156583,2000,1610,156973,2022-04-20
4773,398,September 2020,156583,1000,232,157351,2025-06-11
4774,398,October 2020,156583,3000,1457,158126,2022-07-20
4775,398,November 2020,156583,0,692,155891,2023-09-24
4776,398,December 2020,156583,1000,867,156716,2022-04-28
4777,399,January 2020,105505,0,1900,103605,2025-10-20
4778,399,February 2020,105505,1000,445,106060,2024-11-10
4779,399,March 2020,105505,3000,1594,106911,2022-09-10
4780,399,April 2020,105505,0,1375,104130,2023-10-30
4781,399,May 2020,105505,1000,662,105843,2025-12-18
4782,399,June 2020,105505,2000,1458,106047,2024-09-15
4783,399,July 2020,105505,3000,1561,106944,2025-08-20
4784,399,August 2020,105505,1000,1063,105442,2022-07-21
4785,399,September 2020,105505,1000,902,105603,2022-07-22
4786,399,October 2020,105505,0,644,104861,2024-08-09
4787,399,November 2020,105505,1000,810,105695,2024-09-28
4788,399,December 2020,105505,3000,194,108311,2025-07-11
4789,400,January 2020,80841,0,519,80322,2025-08-10
4790,400,February 2020,80841,1000,1568,80273,2022-02-16
4791,400,March 2020,80841,1000,1118,80723,2024-12-10
4792,400,April 2020,80841,1000,1372,80469,2025-01-04
4793,400,May 2020,80841,3000,220,83621,2024-05-23
4794,400,June 2020,80841,2000,119,82722,2023-09-07
4795,400,July 2020,80841,2000,253,82588,2025-05-20
4796,400,August 2020,80841,2000,1760,81081,2022-05-23
4797,400,September 2020,80841,1000,611,81230,2022-02-15
4798,400,October 2020,80841,0,1320,79521,2022-09-14
4799,400,November 2020,80841,3000,43,83798,2025-04-28
4800,400,December 2020,80841,1000,59,81782,2024-03-12
4801,401,January 2020,120022,3000,757,122265,2024-05-06
4802,401,February 2020,120022,1000,270,120752,2025-10-09
4803,401,March 2020,120022,3000,1144,121878,2022-03-18
4804,401,April 2020,120022,0,77,119945,2024-10-29
4805,401,May 2020,120022,3000,1857,121165,2025-08-14
4806,401,June 2020,120022,0,1725,118297,2022-11-03
4807,401,July 2020,120022,2000,935,121087,2024-05-13
4808,401,August 2020,120022,1000,730,120292,2025-06-27
4809,401,September 2020,120022,0,1747,118275,2023-06-02
4810,401,October 2020,120022,3000,632,122390,2022-05-14
4811,401,November 2020,120022,2000,1261,120761,2022-11-17
4812,401,December 2020,120022,2000,267,121755,2024-07-31
4813,402,January 2020,222836,3000,149,225687,2024-08-24
4814,402,February 2020,222836,2000,1513,223323,2023-02-27
4815,402,March 2020,222836,2000,712,224124,2025-06-12
4816,402,April 2020,222836,0,154,222682,2025-09-16
4817,402,May 2020,222836,3000,648,225188,2025-11-17
4818,402,June 2020,222836,0,1125,221711,2025-11-18
4819,402,July 2020,222836,1000,1129,222707,2024-06-26
4820,402,August 2020,222836,1000,1649,222187,2024-12-02
4821,402,September 2020,222836,0,1168,221668,2024-07-08
4822,402,October 2020,222836,3000,1187,224649,2025-07-10
4823,402,November 2020,222836,1000,844,222992,2024-02-16
4824,402,December 2020,222836,1000,882,222954,2025-06-12
4825,403,January 2020,134027,2000,1237,134790,2024-10-03
4826,403,February 2020,134027,3000,1376,135651,2023-01-10
4827,403,March 2020,134027,2000,158,135869,2024-02-23
4828,403,April 2020,134027,0,1862,132165,2024-12-17
4829,403,May 2020,134027,1000,618,134409,2023-07-09
4830,403,June 2020,134027,2000,1741,134286,2022-10-21
4831,403,July 2020,134027,3000,108,136919,2022-01-14
4832,403,August 2020,134027,3000,1722,135305,2024-09-15
4833,403,September 2020,134027,2000,1046,134981,2022-12-05
4834,403,October 2020,134027,3000,256,136771,2025-02-07
4835,403,November 2020,134027,3000,1548,135479,2023-11-19
4836,403,December 2020,134027,0,1945,132082,2024-07-04
4837,404,January 2020,154143,0,1576,152567,2023-03-26
4838,404,February 2020,154143,1000,1436,153707,2022-06-26
4839,404,March 2020,154143,3000,1960,155183,2022-01-17
4840,404,April 2020,154143,3000,1602,155541,2022-01-13
4841,404,May 2020,154143,1000,1472,153671,2025-08-16
4842,404,June 2020,154143,1000,1475,153668,2023-02-25
4843,404,July 2020,154143,3000,852,156291,2022-10-08
4844,404,August 2020,154143,1000,858,154285,2024-08-03
4845,404,September 2020,154143,1000,166,154977,2025-01-01
4846,404,October 2020,154143,0,1813,152330,2025-11-27
4847,404,November 2020,154143,2000,1413,154730,2023-09-15
4848,404,December 2020,154143,0,1343,152800,2024-06-17
4849,405,January 2020,289488,3000,658,291830,2022-09-17
4850,405,February 2020,289488,1000,889,289599,2024-09-23
4851,405,March 2020,289488,3000,1009,291479,2022-08-13
4852,405,April 2020,289488,0,1246,288242,2023-08-10
4853,405,May 2020,289488,2000,246,291242,2022-10-17
4854,405,June 2020,289488,0,1298,288190,2023-12-28
4855,405,July 2020,289488,0,1004,288484,2023-08-19
4856,405,August 2020,289488,3000,422,292066,2023-10-01
4857,405,September 2020,289488,0,276,289212,2025-07-27
4858,405,October 2020,289488,2000,666,290822,2023-06-24
4859,405,November 2020,289488,2000,882,290606,2022-04-29
4860,405,December 2020,289488,2000,699,290789,2023-11-15
4861,406,January 2020,258767,1000,388,259379,2023-05-09
4862,406,February 2020,258767,0,1660,257107,2023-09-20
4863,406,March 2020,258767,2000,1501,259266,2022-06-05
4864,406,April 2020,258767,1000,1870,257897,2025-03-25
4865,406,May 2020,258767,2000,1515,259252,2025-02-14
4866,406,June 2020,258767,0,355,258412,2025-11-13
4867,406,July 2020,258767,2000,1254,259513,2023-02-04
4868,406,August 2020,258767,2000,1260,259507,2025-03-29
4869,406,September 2020,258767,1000,1342,258425,2025-03-22
4870,406,October 2020,258767,0,978,257789,2022-07-17
4871,406,November 2020,258767,3000,967,260800,2024-04-28
4872,406,December 2020,258767,0,589,258178,2025-02-28
4873,407,January 2020,257221,1000,1399,256822,2025-04-20
4874,407,February 2020,257221,1000,1461,256760,2024-12-24
4875,407,March 2020,257221,2000,479,258742,2022-10-16
4876,407,April 2020,257221,3000,1133,259088,2024-05-13
4877,407,May 2020,257221,1000,1579,256642,2025-04-16
4878,407,June 2020,257221,2000,449,258772,2024-07-16
4879,407,July 2020,257221,0,1177,256044,2023-05-06
4880,407,August 2020,257221,3000,714,259507,2022-12-21
4881,407,September 2020,257221,1000,1050,257171,2022-12-03
4882,407,October 2020,257221,1000,329,257892,2025-12-06
4883,407,November 2020,257221,3000,343,259878,2023-03-13
4884,407,December 2020,257221,2000,1915,257306,2025-09-14
4885,408,January 2020,286899,2000,930,287969,2023-01-02
4886,408,February 2020,286899,0,106,286793,2024-12-18
4887,408,March 2020,286899,3000,909,288990,2025-10-13
4888,408,April 2020,286899,0,1599,285300,2025-11-16
4889,408,May 2020,286899,1000,1493,286406,2024-03-19
4890,408,June 2020,286899,2000,1969,286930,2024-02-17
4891,408,July 2020,286899,2000,1651,287248,2023-03-04
4892,408,August 2020,286899,0,1377,285522,2022-12-14
4893,408,September 2020,286899,1000,1813,286086,2022-04-02
4894,408,October 2020,286899,2000,527,288372,2023-01-26
4895,408,November 2020,286899,2000,204,288695,2023-11-28
4896,408,December 2020,286899,3000,1948,287951,2024-09-10
4897,409,January 2020,149549,0,1252,148297,2023-10-24
4898,409,February 2020,149549,2000,1056,150493,2025-08-08
4899,409,March 2020,149549,3000,1208,151341,2024-09-24
4900,409,April 2020,149549,0,1049,148500,2024-04-01
4901,409,May 2020,149549,2000,607,150942,2023-09-09
4902,409,June 2020,149549,3000,454,152095,2022-03-16
4903,409,July 2020,149549,0,824,148725,2023-08-09
4904,409,August 2020,149549,3000,1530,151019,2022-06-13
4905,409,September 2020,149549,2000,1001,150548,2023-05-03
4906,409,October 2020,149549,3000,530,152019,2024-09-19
4907,409,November 2020,149549,3000,1995,150554,2024-07-22
4908,409,December 2020,149549,3000,1648,150901,2023-04-11
4909,410,January 2020,275448,1000,1504,274944,2024-03-12
4910,410,February 2020,275448,1000,284,276164,2025-09-09
4911,410,March 2020,275448,1000,1044,275404,2024-02-13
4912,410,April 2020,275448,3000,1965,276483,2022-07-09
4913,410,May 2020,275448,1000,1208,275240,2024-09-14
4914,410,June 2020,275448,0,970,274478,2022-02-06
4915,410,July 2020,275448,3000,540,277908,2025-05-14
4916,410,August 2020,275448,0,1681,273767,2025-12-28
4917,410,September 2020,275448,3000,770,277678,2024-03-20
4918,410,October 2020,275448,1000,1743,274705,2023-02-12
4919,410,November 2020,275448,1000,1382,275066,2022-11-24
4920,410,December 2020,275448,0,882,274566,2023-10-19
4921,411,January 2020,156596,2000,379,158217,2023-08-29
4922,411,February 2020,156596,1000,1490,156106,2025-12-09
4923,411,March 2020,156596,3000,1707,157889,2024-02-11
4924,411,April 2020,156596,2000,511,158085,2024-11-06
4925,411,May 2020,156596,2000,520,158076,2022-01-27
4926,411,June 2020,156596,1000,1637,155959,2023-03-09
4927,411,July 2020,156596,2000,692,157904,2022-01-29
4928,411,August 2020,156596,2000,698,157898,2024-10-09
4929,411,September 2020,156596,0,1329,155267,2024-02-11
4930,411,October 2020,156596,2000,495,158101,2022-10-23
4931,411,November 2020,156596,1000,862,156734,2024-06-07
4932,411,December 2020,156596,3000,542,159054,2024-08-30
4933,412,January 2020,163739,2000,857,164882,2022-09-02
4934,412,February 2020,163739,2000,914,164825,2023-04-24
4935,412,March 2020,163739,3000,1345,165394,2025-10-30
4936,412,April 2020,163739,2000,637,165102,2022-10-26
4937,412,May 2020,163739,0,1435,162304,2022-05-29
4938,412,June 2020,163739,1000,672,164067,2023-02-12
4939,412,July 2020,163739,2000,1250,164489,2024-08-10
4940,412,August 2020,163739,3000,1562,165177,2025-10-02
4941,412,September 2020,163739,0,1111,162628,2025-09-04
4942,412,October 2020,163739,3000,967,165772,2023-06-23
4943,412,November 2020,163739,3000,1575,165164,2025-04-09
4944,412,December 2020,163739,0,495,163244,2024-11-19
4945,413,January 2020,126484,1000,793,126691,2022-12-23
4946,413,February 2020,126484,3000,1127,128357,2022-06-15
4947,413,March 2020,126484,1000,1971,125513,2024-11-17
4948,413,April 2020,126484,0,450,126034,2025-01-19
4949,413,May 2020,126484,1000,1877,125607,2024-11-22
4950,413,June 2020,126484,0,1985,124499,2025-11-24
4951,413,July 2020,126484,2000,740,127744,2025-10-27
4952,413,August 2020,126484,3000,1583,127901,2022-07-20
4953,413,September 2020,126484,3000,98,129386,2023-04-06
4954,413,October 2020,126484,1000,581,126903,2024-01-20
4955,413,November 2020,126484,0,1754,124730,2024-03-21
4956,413,December 2020,126484,2000,1109,127375,2024-08-26
4957,414,January 2020,248592,1000,1005,248587,2023-07-02
4958,414,February 2020,248592,0,270,248322,2023-10-28
4959,414,March 2020,248592,2000,285,250307,2025-04-30
4960,414,April 2020,248592,0,912,247680,2023-05-08
4961,414,May 2020,248592,3000,57,251535,2024-03-14
4962,414,June 2020,248592,3000,1050,250542,2024-07-12
4963,414,July 2020,248592,2000,1333,249259,2023-08-13
4964,414,August 2020,248592,3000,1094,250498,2022-12-04
4965,414,September 2020,248592,1000,1971,247621,2023-01-05
4966,414,October 2020,248592,3000,57,251535,2023-07-26
4967,414,November 2020,248592,3000,163,251429,2023-06-15
4968,414,December 2020,248592,2000,951,249641,2023-03-21
4969,415,January 2020,214225,2000,46,216179,2023-12-12
4970,415,February 2020,214225,0,435,213790,2024-02-18
4971,415,March 2020,214225,1000,724,214501,2025-12-25
4972,415,April 2020,214225,1000,1074,214151,2022-04-29
4973,415,May 2020,214225,3000,1943,215282,2024-01-18
4974,415,June 2020,214225,1000,475,214750,2022-07-24
4975,415,July 2020,214225,0,1976,212249,2022-08-26
4976,415,August 2020,214225,0,937,213288,2022-09-18
4977,415,September 2020,214225,2000,94,216131,2023-05-03
4978,415,October 2020,214225,2000,859,215366,2023-10-19
4979,415,November 2020,214225,2000,70,216155,2023-09-12
4980,415,December 2020,214225,3000,654,216571,2023-10-17
4981,416,January 2020,143745,1000,1092,143653,2024-01-11
4982,416,February 2020,143745,3000,1686,145059,2023-04-19
4983,416,March 2020,143745,3000,1054,145691,2024-03-06
4984,416,April 2020,143745,1000,1374,143371,2022-02-23
4985,416,May 2020,143745,3000,820,145925,2025-09-07
4986,416,June 2020,143745,3000,1630,145115,2025-07-06
4987,416,July 2020,143745,3000,460,146285,2023-08-12
4988,416,August 2020,143745,3000,40,146705,2022-07-04
4989,416,September 2020,143745,3000,1867,144878,2024-09-24
4990,416,October 2020,143745,3000,1362,145383,2024-06-30
4991,416,November 2020,143745,1000,1457,143288,2025-06-03
4992,416,December 2020,143745,0,1182,142563,2023-03-01
4993,417,January 2020,217415,3000,618,219797,2025-06-16
4994,417,February 2020,217415,1000,1157,217258,2024-03-24
4995,417,March 2020,217415,3000,652,219763,2023-09-21
4996,417,April 2020,217415,3000,1194,219221,2024-11-09
4997,417,May 2020,217415,0,761,216654,2024-05-04
4998,417,June 2020,217415,0,743,216672,2024-05-10
4999,417,July 2020,217415,3000,852,219563,2025-10-09
5000,417,August 2020,217415,1000,521,217894,2025-04-28
5001,417,September 2020,217415,2000,337,219078,2022-04-12
5002,417,October 2020,217415,2000,1589,217826,2025-01-14
5003,417,November 2020,217415,0,1807,215608,2022-01-02
5004,417,December 2020,217415,1000,1027,217388,2023-05-21
5005,418,January 2020,190911,1000,864,191047,2025-01-23
5006,418,February 2020,190911,0,939,189972,2022-03-04
5007,418,March 2020,190911,3000,1827,192084,2022-02-19
5008,418,April 2020,190911,1000,719,191192,2023-05-31
5009,418,May 2020,190911,1000,1600,190311,2023-09-14
5010,418,June 2020,190911,3000,1722,192189,2025-01-28
5011,418,July 2020,190911,0,1612,189299,2025-10-22
5012,418,August 2020,190911,3000,1146,192765,2023-10-01
5013,418,September 2020,190911,0,968,189943,2024-12-28
5014,418,October 2020,190911,2000,176,192735,2025-09-29
5015,418,November 2020,190911,1000,1713,190198,2023-05-29
5016,418,December 2020,190911,3000,1102,192809,2023-08-17
5017,419,January 2020,248478,0,922,247556,2025-03-28
5018,419,February 2020,248478,0,1000,247478,2023-08-03
5019,419,March 2020,248478,0,997,247481,2023-08-11
5020,419,April 2020,248478,3000,1612,249866,2024-07-06
5021,419,May 2020,248478,3000,1738,249740,2023-07-27
5022,419,June 2020,248478,3000,676,250802,2023-09-26
5023,419,July 2020,248478,2000,657,249821,2022-03-20
5024,419,August 2020,248478,2000,1969,248509,2025-09-04
5025,419,September 2020,248478,0,161,248317,2022-03-15
5026,419,October 2020,248478,3000,21,251457,2025-04-11
5027,419,November 2020,248478,2000,1524,248954,2022-05-12
5028,419,December 2020,248478,1000,713,248765,2023-12-22
5029,420,January 2020,197724,1000,6,198718,2024-12-12
5030,420,February 2020,197724,0,305,197419,2023-11-04
5031,420,March 2020,197724,2000,950,198774,2022-06-13
5032,420,April 2020,197724,1000,1571,197153,2022-05-29
5033,420,May 2020,197724,3000,406,200318,2022-04-26
5034,420,June 2020,197724,0,49,197675,2024-12-27
5035,420,July 2020,197724,3000,1525,199199,2023-07-19
5036,420,August 2020,197724,2000,785,198939,2022-03-20
5037,420,September 2020,197724,2000,1810,197914,2024-07-16
5038,420,October 2020,197724,1000,554,198170,2025-01-26
5039,420,November 2020,197724,3000,1073,199651,2023-06-08
5040,420,December 2020,197724,3000,672,200052,2025-10-16
5041,421,January 2020,183154,2000,1577,183577,2022-08-15
5042,421,February 2020,183154,2000,1870,183284,2022-05-27
5043,421,March 2020,183154,0,1778,181376,2025-09-18
5044,421,April 2020,183154,2000,1938,183216,2022-07-11
5045,421,May 2020,183154,1000,322,183832,2023-01-29
5046,421,June 2020,183154,3000,298,185856,2022-11-10
5047,421,July 2020,183154,1000,1479,182675,2025-06-04
5048,421,August 2020,183154,1000,1014,183140,2023-07-15
5049,421,September 2020,183154,2000,717,184437,2022-11-09
5050,421,October 2020,183154,2000,330,184824,2023-07-03
5051,421,November 2020,183154,1000,1285,182869,2024-12-06
5052,421,December 2020,183154,2000,1065,184089,2025-11-16
5053,422,January 2020,206653,3000,439,209214,2022-01-24
5054,422,February 2020,206653,1000,1441,206212,2025-04-14
5055,422,March 2020,206653,1000,435,207218,2023-05-08
5056,422,April 2020,206653,3000,523,209130,2024-12-03
5057,422,May 2020,206653,3000,603,209050,2023-05-31
5058,422,June 2020,206653,0,1250,205403,2024-02-29
5059,422,July 2020,206653,2000,173,208480,2024-01-02
5060,422,August 2020,206653,0,353,206300,2023-04-27
5061,422,September 2020,206653,2000,1185,207468,2023-11-22
5062,422,October 2020,206653,3000,185,209468,2025-07-20
5063,422,November 2020,206653,3000,454,209199,2024-01-07
5064,422,December 2020,206653,3000,531,209122,2024-07-07
5065,423,January 2020,265623,3000,816,267807,2022-02-01
5066,423,February 2020,265623,2000,1308,266315,2022-05-04
5067,423,March 2020,265623,2000,536,267087,2022-08-09
5068,423,April 2020,265623,3000,655,267968,2023-05-02
5069,423,May 2020,265623,1000,883,265740,2023-04-15
5070,423,June 2020,265623,3000,619,268004,2023-04-11
5071,423,July 2020,265623,2000,651,266972,2022-07-03
5072,423,August 2020,265623,0,341,265282,2023-03-20
5073,423,September 2020,265623,3000,81,268542,2025-08-06
5074,423,October 2020,265623,0,1165,264458,2024-03-27
5075,423,November 2020,265623,0,1146,264477,2022-04-09
5076,423,December 2020,265623,0,458,265165,2025-06-21
5077,424,January 2020,148042,0,163,147879,2022-08-18
5078,424,February 2020,148042,0,1713,146329,2023-08-13
5079,424,March 2020,148042,2000,1954,148088,2025-04-07
5080,424,April 2020,148042,2000,1915,148127,2022-09-02
5081,424,May 2020,148042,2000,1032,149010,2024-05-13
5082,424,June 2020,148042,0,269,147773,2024-03-23
5083,424,July 2020,148042,1000,190,148852,2025-11-12
5084,424,August 2020,148042,0,1486,146556,2025-06-28
5085,424,September 2020,148042,2000,1032,149010,2022-02-07
5086,424,October 2020,148042,3000,249,150793,2022-10-08
5087,424,November 2020,148042,2000,1619,148423,2024-03-29
5088,424,December 2020,148042,2000,1737,148305,2024-08-01
5089,425,January 2020,132782,3000,633,135149,2024-09-28
5090,425,February 2020,132782,0,153,132629,2024-07-20
5091,425,March 2020,132782,1000,1951,131831,2023-12-28
5092,425,April 2020,132782,3000,1384,134398,2023-01-19
5093,425,May 2020,132782,1000,316,133466,2022-09-23
5094,425,June 2020,132782,0,1609,131173,2024-05-04
5095,425,July 2020,132782,0,60,132722,2023-08-12
5096,425,August 2020,132782,2000,1611,133171,2022-05-21
5097,425,September 2020,132782,0,1007,131775,2022-04-12
5098,425,October 2020,132782,0,1169,131613,2023-09-02
5099,425,November 2020,132782,3000,507,135275,2024-08-11
5100,425,December 2020,132782,1000,1666,132116,2024-04-11
5101,426,January 2020,185023,0,388,184635,2022-05-18
5102,426,February 2020,185023,1000,152,185871,2022-12-26
5103,426,March 2020,185023,3000,594,187429,2024-05-04
5104,426,April 2020,185023,3000,54,187969,2023-09-12
5105,426,May 2020,185023,0,523,184500,2023-05-05
5106,426,June 2020,185023,0,1702,183321,2023-08-14
5107,426,July 2020,185023,0,1714,183309,2025-07-10
5108,426,August 2020,185023,3000,1030,186993,2022-06-22
5109,426,September 2020,185023,2000,1368,185655,2022-03-23
5110,426,October 2020,185023,3000,1462,186561,2025-02-16
5111,426,November 2020,185023,1000,518,185505,2024-08-05
5112,426,December 2020,185023,3000,1909,186114,2022-01-04
5113,427,January 2020,161468,0,288,161180,2025-08-19
5114,427,February 2020,161468,0,931,160537,2024-11-08
5115,427,March 2020,161468,0,634,160834,2022-04-07
5116,427,April 2020,161468,3000,665,163803,2025-01-04
5117,427,May 2020,161468,3000,1373,163095,2022-08-18
5118,427,June 2020,161468,0,536,160932,2023-03-03
5119,427,July 2020,161468,0,1099,160369,2022-05-05
5120,427,August 2020,161468,3000,1670,162798,2024-09-16
5121,427,September 2020,161468,1000,806,161662,2023-01-11
5122,427,October 2020,161468,3000,1805,162663,2025-01-02
5123,427,November 2020,161468,1000,1468,161000,2025-02-19
5124,427,December 2020,161468,1000,1245,161223,2023-12-25
5125,428,January 2020,149285,0,728,148557,2025-06-04
5126,428,February 2020,149285,0,1719,147566,2023-08-02
5127,428,March 2020,149285,2000,54,151231,2023-10-09
5128,428,April 2020,149285,3000,1306,150979,2024-09-23
5129,428,May 2020,149285,1000,784,149501,2024-02-20
5130,428,June 2020,149285,2000,1407,149878,2025-12-22
5131,428,July 2020,149285,0,997,148288,2023-10-20
5132,428,August 2020,149285,3000,1126,151159,2022-03-24
5133,428,September 2020,149285,2000,609,150676,2022-03-21
5134,428,October 2020,149285,1000,1096,149189,2022-02-17
5135,428,November 2020,149285,0,306,148979,2025-07-22
5136,428,December 2020,149285,1000,1410,148875,2022-10-31
5137,429,January 2020,232122,2000,1304,232818,2024-09-21
5138,429,February 2020,232122,3000,1548,233574,2022-07-29
5139,429,March 2020,232122,2000,1682,232440,2023-06-20
5140,429,April 2020,232122,0,1881,230241,2024-11-05
5141,429,May 2020,232122,1000,1843,231279,2025-02-20
5142,429,June 2020,232122,2000,1343,232779,2025-06-05
5143,429,July 2020,232122,3000,1336,233786,2024-03-04
5144,429,August 2020,232122,0,110,232012,2025-10-04
5145,429,September 2020,232122,3000,41,235081,2025-05-31
5146,429,October 2020,232122,3000,1019,234103,2024-04-27
5147,429,November 2020,232122,1000,443,232679,2022-09-25
5148,429,December 2020,232122,3000,1392,233730,2023-01-27
5149,430,January 2020,180014,3000,187,182827,2025-01-25
5150,430,February 2020,180014,2000,1755,180259,2025-10-31
5151,430,March 2020,180014,1000,205,180809,2022-07-29
5152,430,April 2020,180014,2000,420,181594,2024-06-13
5153,430,May 2020,180014,0,498,179516,2025-11-02
5154,430,June 2020,180014,0,417,179597,2022-04-25
5155,430,July 2020,180014,1000,459,180555,2023-01-03
5156,430,August 2020,180014,2000,1730,180284,2025-02-04
5157,430,September 2020,180014,1000,1592,179422,2023-04-01
5158,430,October 2020,180014,0,1275,178739,2023-11-08
5159,430,November 2020,180014,2000,994,181020,2023-02-03
5160,430,December 2020,180014,1000,1082,179932,2022-10-14
5161,431,January 2020,74283,1000,618,74665,2022-06-23
5162,431,February 2020,74283,1000,619,74664,2023-05-13
5163,431,March 2020,74283,2000,323,75960,2025-05-09
5164,431,April 2020,74283,1000,650,74633,2024-11-03
5165,431,May 2020,74283,0,1182,73101,2022-08-06
5166,431,June 2020,74283,2000,29,76254,2024-05-09
5167,431,July 2020,74283,2000,403,75880,2022-06-15
5168,431,August 2020,74283,2000,1818,74465,2023-11-29
5169,431,September 2020,74283,2000,761,75522,2023-11-05
5170,431,October 2020,74283,3000,1444,75839,2024-08-18
5171,431,November 2020,74283,1000,1903,73380,2025-09-08
5172,431,December 2020,74283,2000,1607,74676,2024-03-03
5173,432,January 2020,124798,3000,1040,126758,2023-01-11
5174,432,February 2020,124798,1000,578,125220,2024-04-27
5175,432,March 2020,124798,1000,1439,124359,2025-11-07
5176,432,April 2020,124798,2000,12,126786,2024-06-11
5177,432,May 2020,124798,2000,256,126542,2025-04-06
5178,432,June 2020,124798,1000,286,125512,2025-05-22
5179,432,July 2020,124798,2000,1382,125416,2022-03-13
5180,432,August 2020,124798,2000,1662,125136,2024-12-28
5181,432,September 2020,124798,2000,724,126074,2023-01-29
5182,432,October 2020,124798,1000,445,125353,2023-06-15
5183,432,November 2020,124798,1000,201,125597,2025-05-13
5184,432,December 2020,124798,2000,1315,125483,2025-03-16
5185,433,January 2020,137410,1000,490,137920,2022-04-19
5186,433,February 2020,137410,2000,421,138989,2025-10-15
5187,433,March 2020,137410,1000,122,138288,2024-07-16
5188,433,April 2020,137410,3000,1523,138887,2025-10-28
5189,433,May 2020,137410,1000,904,137506,2023-04-25
5190,433,June 2020,137410,0,1594,135816,2022-04-19
5191,433,July 2020,137410,3000,1272,139138,2025-03-09
5192,433,August 2020,137410,1000,955,137455,2025-11-08
5193,433,September 2020,137410,2000,1627,137783,2025-08-26
5194,433,October 2020,137410,0,1533,135877,2024-11-07
5195,433,November 2020,137410,2000,1830,137580,2024-12-07
5196,433,December 2020,137410,2000,775,138635,2022-03-05
5197,434,January 2020,135822,0,1767,134055,2025-10-02
5198,434,February 2020,135822,2000,1662,136160,2025-06-29
5199,434,March 2020,135822,3000,1139,137683,2025-12-30
5200,434,April 2020,135822,2000,653,137169,2025-08-07
5201,434,May 2020,135822,1000,178,136644,2023-12-22
5202,434,June 2020,135822,0,561,135261,2022-09-03
5203,434,July 2020,135822,2000,1422,136400,2024-06-22
5204,434,August 2020,135822,0,1733,134089,2023-07-24
5205,434,September 2020,135822,3000,1288,137534,2024-03-18
5206,434,October 2020,135822,1000,1107,135715,2025-04-03
5207,434,November 2020,135822,2000,719,137103,2024-10-27
5208,434,December 2020,135822,3000,1583,137239,2025-03-24
5209,435,January 2020,202161,2000,67,204094,2023-03-17
5210,435,February 2020,202161,1000,1490,201671,2024-08-01
5211,435,March 2020,202161,2000,412,203749,2025-04-14
5212,435,April 2020,202161,3000,732,204429,2022-10-31
5213,435,May 2020,202161,2000,1567,202594,2025-09-10
5214,435,June 2020,202161,2000,1545,202616,2024-11-21
5215,435,July 2020,202161,2000,1009,203152,2024-03-28
5216,435,August 2020,202161,0,1710,200451,2024-07-13
5217,435,September 2020,202161,1000,80,203081,2022-09-21
5218,435,October 2020,202161,0,505,201656,2022-04-10
5219,435,November 2020,202161,0,1211,200950,2025-10-08
5220,435,December 2020,202161,2000,1454,202707,2024-05-02
5221,436,January 2020,276407,2000,1151,277256,2023-03-08
5222,436,February 2020,276407,1000,1501,275906,2022-05-12
5223,436,March 2020,276407,0,146,276261,2025-09-07
5224,436,April 2020,276407,2000,879,277528,2024-08-23
5225,436,May 2020,276407,2000,1913,276494,2025-10-12
5226,436,June 2020,276407,1000,1768,275639,2025-04-21
5227,436,July 2020,276407,1000,752,276655,2024-06-15
5228,436,August 2020,276407,3000,986,278421,2022-08-24
5229,436,September 2020,276407,1000,1648,275759,2024-04-26
5230,436,October 2020,276407,3000,970,278437,2024-05-03
5231,436,November 2020,276407,1000,157,277250,2022-09-18
5232,436,December 2020,276407,0,682,275725,2025-02-10
5233,437,January 2020,261341,3000,597,263744,2025-08-09
5234,437,February 2020,261341,1000,1570,260771,2025-03-14
5235,437,March 2020,261341,1000,789,261552,2025-01-08
5236,437,April 2020,261341,2000,568,262773,2024-12-09
5237,437,May 2020,261341,1000,1015,261326,2023-07-12
5238,437,June 2020,261341,1000,1490,260851,2025-01-20
5239,437,July 2020,261341,0,977,260364,2024-05-08
5240,437,August 2020,261341,1000,39,262302,2025-10-17
5241,437,September 2020,261341,0,194,261147,2024-10-05
5242,437,October 2020,261341,1000,366,261975,2022-06-29
5243,437,November 2020,261341,2000,636,262705,2024-07-03
5244,437,December 2020,261341,1000,1496,260845,2025-10-27
5245,438,January 2020,81174,1000,1509,80665,2025-06-11
5246,438,February 2020,81174,0,1737,79437,2022-01-21
5247,438,March 2020,81174,3000,814,83360,2025-07-19
5248,438,April 2020,81174,1000,144,82030,2022-11-06
5249,438,May 2020,81174,0,1020,80154,2023-10-21
5250,438,June 2020,81174,0,892,80282,2022-06-24
5251,438,July 2020,81174,1000,1144,81030,2025-01-16
5252,438,August 2020,81174,3000,879,83295,2022-08-29
5253,438,September 2020,81174,3000,162,84012,2024-02-21
5254,438,October 2020,81174,2000,1628,81546,2022-10-22
5255,438,November 2020,81174,2000,1397,81777,2025-03-21
5256,438,December 2020,81174,2000,1334,81840,2025-04-07
5257,439,January 2020,232745,3000,687,235058,2022-05-21
5258,439,February 2020,232745,1000,1559,232186,2022-12-21
5259,439,March 2020,232745,1000,35,233710,2023-01-08
5260,439,April 2020,232745,2000,1675,233070,2025-10-07
5261,439,May 2020,232745,3000,1465,234280,2022-04-21
5262,439,June 2020,232745,2000,564,234181,2024-03-31
5263,439,July 2020,232745,0,1845,230900,2024-01-10
5264,439,August 2020,232745,3000,167,235578,2022-09-11
5265,439,September 2020,232745,1000,1230,232515,2023-09-17
5266,439,October 2020,232745,0,98,232647,2022-06-17
5267,439,November 2020,232745,3000,575,235170,2025-03-30
5268,439,December 2020,232745,2000,264,234481,2023-12-03
5269,440,January 2020,167815,0,167,167648,2025-02-24
5270,440,February 2020,167815,2000,1476,168339,2024-02-27
5271,440,March 2020,167815,0,229,167586,2024-05-01
5272,440,April 2020,167815,2000,1557,168258,2023-03-27
5273,440,May 2020,167815,2000,663,169152,2025-11-15
5274,440,June 2020,167815,1000,224,168591,2024-02-23
5275,440,July 2020,167815,0,1247,166568,2023-04-18
5276,440,August 2020,167815,1000,13,168802,2023-10-08
5277,440,September 2020,167815,1000,1752,167063,2025-10-29
5278,440,October 2020,167815,3000,1311,169504,2023-08-31
5279,440,November 2020,167815,0,1599,166216,2022-05-06
5280,440,December 2020,167815,2000,183,169632,2023-04-12
5281,441,January 2020,247972,0,1714,246258,2023-04-08
5282,441,February 2020,247972,0,258,247714,2023-07-09
5283,441,March 2020,247972,1000,1743,247229,2022-07-16
5284,441,April 2020,247972,2000,1080,248892,2023-08-29
5285,441,May 2020,247972,3000,1116,249856,2024-08-10
5286,441,June 2020,247972,3000,996,249976,2022-05-06
5287,441,July 2020,247972,2000,1627,248345,2024-10-01
5288,441,August 2020,247972,1000,1442,247530,2022-12-15
5289,441,September 2020,247972,1000,1176,247796,2025-03-01
5290,441,October 2020,247972,0,172,247800,2022-10-11
5291,441,November 2020,247972,3000,687,250285,2025-09-25
5292,441,December 2020,247972,1000,885,248087,2024-11-04
5293,442,January 2020,159629,1000,1287,159342,2023-01-04
5294,442,February 2020,159629,2000,292,161337,2024-07-23
5295,442,March 2020,159629,3000,1709,160920,2022-07-20
5296,442,April 2020,159629,2000,1700,159929,2022-12-19
5297,442,May 2020,159629,1000,694,159935,2025-06-23
5298,442,June 2020,159629,0,192,159437,2024-04-19
5299,442,July 2020,159629,0,834,158795,2022-06-29
5300,442,August 2020,159629,3000,409,162220,2024-12-30
5301,442,September 2020,159629,1000,925,159704,2022-01-03
5302,442,October 2020,159629,2000,334,161295,2024-10-24
5303,442,November 2020,159629,3000,94,162535,2025-04-23
5304,442,December 2020,159629,1000,1397,159232,2023-09-10
5305,443,January 2020,253465,0,1852,251613,2023-08-03
5306,443,February 2020,253465,0,1701,251764,2025-10-29
5307,443,March 2020,253465,1000,1945,252520,2024-07-18
5308,443,April 2020,253465,3000,371,256094,2024-12-21
5309,443,May 2020,253465,3000,1451,255014,2023-09-22
5310,443,June 2020,253465,2000,1209,254256,2022-07-17
5311,443,July 2020,253465,2000,651,254814,2022-10-16
5312,443,August 2020,253465,1000,745,253720,2023-08-30
5313,443,September 2020,253465,3000,142,256323,2024-07-26
5314,443,October 2020,253465,3000,546,255919,2024-09-03
5315,443,November 2020,253465,1000,112,254353,2023-07-04
5316,443,December 2020,253465,1000,1804,252661,2025-02-05
5317,444,January 2020,172315,1000,1834,171481,2023-09-11
5318,444,February 2020,172315,0,306,172009,2025-07-02
5319,444,March 2020,172315,2000,530,173785,2025-10-18
5320,444,April 2020,172315,2000,1047,173268,2022-07-31
5321,444,May 2020,172315,1000,453,172862,2024-03-20
5322,444,June 2020,172315,2000,1858,172457,2024-04-03
5323,444,July 2020,172315,2000,1372,172943,2022-12-18
5324,444,August 2020,172315,2000,243,174072,2022-07-07
5325,444,September 2020,172315,0,138,172177,2024-05-20
5326,444,October 2020,172315,3000,1993,173322,2025-08-19
5327,444,November 2020,172315,2000,173,174142,2023-05-26
5328,444,December 2020,172315,2000,450,173865,2022-11-20
5329,445,January 2020,173962,3000,790,176172,2023-01-09
5330,445,February 2020,173962,0,483,173479,2025-08-05
5331,445,March 2020,173962,3000,1749,175213,2024-02-23
5332,445,April 2020,173962,1000,356,174606,2024-10-06
5333,445,May 2020,173962,2000,499,175463,2023-02-17
5334,445,June 2020,173962,2000,1196,174766,2024-05-23
5335,445,July 2020,173962,0,1994,171968,2023-05-19
5336,445,August 2020,173962,1000,1287,173675,2022-08-16
5337,445,September 2020,173962,0,1454,172508,2022-12-22
5338,445,October 2020,173962,3000,1111,175851,2022-12-22
5339,445,November 2020,173962,1000,705,174257,2022-10-27
5340,445,December 2020,173962,0,1372,172590,2025-07-21
5341,446,January 2020,220877,1000,83,221794,2024-05-04
5342,446,February 2020,220877,3000,53,223824,2022-07-06
5343,446,March 2020,220877,0,1483,219394,2024-08-06
5344,446,April 2020,220877,2000,950,221927,2022-03-19
5345,446,May 2020,220877,0,780,220097,2024-05-27
5346,446,June 2020,220877,3000,1155,222722,2022-04-20
5347,446,July 2020,220877,3000,1846,222031,2025-05-14
5348,446,August 2020,220877,1000,590,221287,2025-10-15
5349,446,September 2020,220877,2000,434,222443,2022-05-21
5350,446,October 2020,220877,0,1276,219601,2024-12-29
5351,446,November 2020,220877,1000,1939,219938,2023-02-19
5352,446,December 2020,220877,1000,1817,220060,2024-04-15
5353,447,January 2020,169381,1000,1122,169259,2023-06-04
5354,447,February 2020,169381,0,1587,167794,2022-07-14
5355,447,March 2020,169381,2000,593,170788,2025-06-23
5356,447,April 2020,169381,2000,525,170856,2023-03-23
5357,447,May 2020,169381,1000,1414,168967,2024-01-01
5358,447,June 2020,169381,0,186,169195,2023-04-08
5359,447,July 2020,169381,3000,1422,170959,2023-05-28
5360,447,August 2020,169381,1000,225,170156,2024-03-06
5361,447,September 2020,169381,1000,972,169409,2022-03-07
5362,447,October 2020,169381,0,1521,167860,2024-06-10
5363,447,November 2020,169381,2000,1138,170243,2022-03-20
5364,447,December 2020,169381,1000,1812,168569,2023-09-12
5365,448,January 2020,93262,2000,1177,94085,2022-07-02
5366,448,February 2020,93262,0,395,92867,2024-10-21
5367,448,March 2020,93262,1000,1844,92418,2024-07-20
5368,448,April 2020,93262,0,1513,91749,2023-07-02
5369,448,May 2020,93262,1000,1093,93169,2022-11-24
5370,448,June 2020,93262,3000,1668,94594,2025-08-10
5371,448,July 2020,93262,1000,1517,92745,2024-09-11
5372,448,August 2020,93262,1000,699,93563,2023-09-04
5373,448,September 2020,93262,3000,1808,94454,2023-11-12
5374,448,October 2020,93262,1000,1621,92641,2025-07-09
5375,448,November 2020,93262,1000,769,93493,2024-05-18
5376,448,December 2020,93262,2000,1712,93550,2025-07-30
5377,449,January 2020,230364,0,1782,228582,2025-02-17
5378,449,February 2020,230364,2000,206,232158,2025-02-23
5379,449,March 2020,230364,1000,42,231322,2025-07-16
5380,449,April 2020,230364,1000,402,230962,2022-01-24
5381,449,May 2020,230364,3000,817,232547,2025-11-23
5382,449,June 2020,230364,2000,1362,231002,2022-01-13
5383,449,July 2020,230364,3000,989,232375,2022-10-01
5384,449,August 2020,230364,1000,430,230934,2022-02-27
5385,449,September 2020,230364,1000,122,231242,2023-10-12
5386,449,October 2020,230364,2000,446,231918,2022-06-21
5387,449,November 2020,230364,2000,1974,230390,2023-03-07
5388,449,December 2020,230364,1000,1142,230222,2024-02-05
5389,450,January 2020,165940,1000,447,166493,2025-03-15
5390,450,February 2020,165940,1000,1205,165735,2022-12-30
5391,450,March 2020,165940,2000,1154,166786,2023-07-03
5392,450,April 2020,165940,0,1595,164345,2023-05-04
5393,450,May 2020,165940,3000,834,168106,2022-12-09
5394,450,June 2020,165940,3000,1220,167720,2023-05-15
5395,450,July 2020,165940,1000,1725,165215,2022-08-31
5396,450,August 2020,165940,3000,1378,167562,2023-06-24
5397,450,September 2020,165940,0,519,165421,2023-08-07
5398,450,October 2020,165940,0,1183,164757,2023-06-21
5399,450,November 2020,165940,1000,573,166367,2024-05-29
5400,450,December 2020,165940,2000,1621,166319,2024-02-29
5401,451,January 2020,88190,3000,161,91029,2023-03-18
5402,451,February 2020,88190,3000,659,90531,2023-01-22
5403,451,March 2020,88190,3000,1041,90149,2023-05-15
5404,451,April 2020,88190,0,984,87206,2022-06-28
5405,451,May 2020,88190,3000,1735,89455,2023-03-10
5406,451,June 2020,88190,3000,231,90959,2024-09-05
5407,451,July 2020,88190,0,1179,87011,2023-10-01
5408,451,August 2020,88190,2000,1346,88844,2022-08-20
5409,451,September 2020,88190,0,1793,86397,2024-04-26
5410,451,October 2020,88190,2000,1058,89132,2023-10-03
5411,451,November 2020,88190,1000,1195,87995,2022-02-04
5412,451,December 2020,88190,2000,1805,88385,2022-02-25
5413,452,January 2020,203282,0,1724,201558,2024-09-22
5414,452,February 2020,203282,3000,1200,205082,2022-09-27
5415,452,March 2020,203282,1000,1451,202831,2025-08-27
5416,452,April 2020,203282,0,894,202388,2023-07-31
5417,452,May 2020,203282,3000,1653,204629,2023-01-18
5418,452,June 2020,203282,1000,1723,202559,2025-05-31
5419,452,July 2020,203282,2000,314,204968,2023-09-02
5420,452,August 2020,203282,1000,1148,203134,2024-09-04
5421,452,September 2020,203282,0,1873,201409,2022-09-22
5422,452,October 2020,203282,1000,1652,202630,2025-10-17
5423,452,November 2020,203282,2000,378,204904,2023-06-23
5424,452,December 2020,203282,3000,1237,205045,2023-12-25
5425,453,January 2020,179065,2000,324,180741,2025-05-16
5426,453,February 2020,179065,2000,123,180942,2022-07-06
5427,453,March 2020,179065,1000,1069,178996,2022-11-05
5428,453,April 2020,179065,2000,1126,179939,2022-03-27
5429,453,May 2020,179065,1000,498,179567,2025-08-13
5430,453,June 2020,179065,1000,774,179291,2022-08-29
5431,453,July 2020,179065,2000,1820,179245,2024-08-24
5432,453,August 2020,179065,3000,1670,180395,2023-11-09
5433,453,September 2020,179065,0,300,178765,2024-10-13
5434,453,October 2020,179065,1000,248,179817,2025-07-11
5435,453,November 2020,179065,1000,1584,178481,2025-06-07
5436,453,December 2020,179065,1000,1252,178813,2022-07-30
5437,454,January 2020,212992,3000,1955,214037,2025-10-01
5438,454,February 2020,212992,2000,183,214809,2024-08-27
5439,454,March 2020,212992,3000,727,215265,2025-05-25
5440,454,April 2020,212992,2000,1159,213833,2024-03-13
5441,454,May 2020,212992,0,1672,211320,2024-08-11
5442,454,June 2020,212992,0,1267,211725,2023-03-06
5443,454,July 2020,212992,0,1546,211446,2023-03-12
5444,454,August 2020,212992,1000,1662,212330,2024-06-23
5445,454,September 2020,212992,1000,1719,212273,2022-09-15
5446,454,October 2020,212992,0,1962,211030,2025-09-22
5447,454,November 2020,212992,2000,1997,212995,2023-01-08
5448,454,December 2020,212992,0,9,212983,2025-09-12
5449,455,January 2020,145514,0,867,144647,2025-12-16
5450,455,February 2020,145514,3000,260,148254,2023-05-23
5451,455,March 2020,145514,0,1220,144294,2023-11-10
5452,455,April 2020,145514,0,348,145166,2022-08-28
5453,455,May 2020,145514,2000,732,146782,2025-04-26
5454,455,June 2020,145514,3000,964,147550,2023-06-26
5455,455,July 2020,145514,0,592,144922,2023-01-31
5456,455,August 2020,145514,2000,1783,145731,2022-03-05
5457,455,September 2020,145514,1000,1927,144587,2024-02-23
5458,455,October 2020,145514,1000,888,145626,2025-11-10
5459,455,November 2020,145514,0,179,145335,2022-11-08
5460,455,December 2020,145514,3000,736,147778,2023-03-07
5461,456,January 2020,205979,0,15,205964,2024-12-05
5462,456,February 2020,205979,3000,1204,207775,2022-03-22
5463,456,March 2020,205979,1000,1927,205052,2025-08-20
5464,456,April 2020,205979,3000,44,208935,2025-05-05
5465,456,May 2020,205979,1000,1907,205072,2024-01-01
5466,456,June 2020,205979,2000,444,207535,2024-02-08
5467,456,July 2020,205979,1000,1221,205758,2024-09-26
5468,456,August 2020,205979,1000,1140,205839,2023-06-14
5469,456,September 2020,205979,1000,1378,205601,2024-06-07
5470,456,October 2020,205979,2000,1220,206759,2023-09-28
5471,456,November 2020,205979,0,489,205490,2024-09-21
5472,456,December 2020,205979,0,1477,204502,2023-04-23
5473,457,January 2020,183092,1000,166,183926,2022-01-04
5474,457,February 2020,183092,1000,822,183270,2022-05-13
5475,457,March 2020,183092,3000,186,185906,2025-01-19
5476,457,April 2020,183092,3000,1662,184430,2024-11-18
5477,457,May 2020,183092,0,1732,181360,2025-12-11
5478,457,June 2020,183092,2000,323,184769,2022-10-12
5479,457,July 2020,183092,1000,1620,182472,2023-01-25
5480,457,August 2020,183092,3000,1048,185044,2022-03-15
5481,457,September 2020,183092,3000,1127,184965,2023-02-02
5482,457,October 2020,183092,2000,3,185089,2022-10-01
5483,457,November 2020,183092,2000,998,184094,2024-09-11
5484,457,December 2020,183092,2000,107,184985,2022-04-09
5485,458,January 2020,238101,2000,1762,238339,2022-05-28
5486,458,February 2020,238101,0,1611,236490,2025-07-24
5487,458,March 2020,238101,3000,463,240638,2022-03-31
5488,458,April 2020,238101,3000,824,240277,2022-10-05
5489,458,May 2020,238101,0,456,237645,2024-11-04
5490,458,June 2020,238101,2000,880,239221,2025-01-30
5491,458,July 2020,238101,3000,1321,239780,2023-02-12
5492,458,August 2020,238101,3000,1800,239301,2024-05-10
5493,458,September 2020,238101,3000,731,240370,2024-03-15
5494,458,October 2020,238101,0,300,237801,2025-06-17
5495,458,November 2020,238101,0,807,237294,2024-02-14
5496,458,December 2020,238101,3000,1308,239793,2023-11-26
5497,459,January 2020,239677,0,1831,237846,2024-02-25
5498,459,February 2020,239677,2000,1051,240626,2024-03-10
5499,459,March 2020,239677,3000,357,242320,2025-10-09
5500,459,April 2020,239677,2000,1456,240221,2024-08-26
5501,459,May 2020,239677,3000,62,242615,2023-12-21
5502,459,June 2020,239677,3000,1522,241155,2022-03-19
5503,459,July 2020,239677,3000,1352,241325,2023-03-17
5504,459,August 2020,239677,2000,627,241050,2024-01-31
5505,459,September 2020,239677,1000,502,240175,2024-09-13
5506,459,October 2020,239677,0,216,239461,2023-11-30
5507,459,November 2020,239677,3000,1321,241356,2025-04-25
5508,459,December 2020,239677,1000,290,240387,2023-10-16
5509,460,January 2020,114100,0,6,114094,2025-06-14
5510,460,February 2020,114100,3000,1912,115188,2025-05-09
5511,460,March 2020,114100,1000,1592,113508,2024-11-26
5512,460,April 2020,114100,1000,193,114907,2024-12-01
5513,460,May 2020,114100,2000,1436,114664,2022-06-16
5514,460,June 2020,114100,3000,704,116396,2025-02-10
5515,460,July 2020,114100,0,1137,112963,2024-05-16
5516,460,August 2020,114100,3000,1545,115555,2025-11-11
5517,460,September 2020,114100,2000,389,115711,2023-06-18
5518,460,October 2020,114100,3000,1316,115784,2022-12-24
5519,460,November 2020,114100,0,1549,112551,2025-11-23
5520,460,December 2020,114100,1000,1841,113259,2025-06-09
5521,461,January 2020,219253,3000,747,221506,2023-10-18
5522,461,February 2020,219253,1000,864,219389,2022-01-04
5523,461,March 2020,219253,1000,470,219783,2025-02-02
5524,461,April 2020,219253,0,1588,217665,2023-03-25
5525,461,May 2020,219253,2000,609,220644,2025-10-09
5526,461,June 2020,219253,1000,1917,218336,2023-11-12
5527,461,July 2020,219253,2000,156,221097,2022-06-23
5528,461,August 2020,219253,0,881,218372,2023-02-27
5529,461,September 2020,219253,2000,1650,219603,2022-01-25
5530,461,October 2020,219253,3000,1404,220849,2023-06-12
5531,461,November 2020,219253,3000,576,221677,2023-08-03
5532,461,December 2020,219253,2000,519,220734,2022-11-15
5533,462,January 2020,144168,1000,379,144789,2023-11-25
5534,462,February 2020,144168,1000,1389,143779,2024-11-02
5535,462,March 2020,144168,1000,430,144738,2022-10-01
5536,462,April 2020,144168,2000,88,146080,2022-08-05
5537,462,May 2020,144168,2000,1259,144909,2025-04-11
5538,462,June 2020,144168,3000,619,146549,2024-02-07
5539,462,July 2020,144168,1000,253,144915,2024-02-05
5540,462,August 2020,144168,0,1929,142239,2022-11-13
5541,462,September 2020,144168,2000,995,145173,2022-05-28
5542,462,October 2020,144168,3000,841,146327,2024-06-01
5543,462,November 2020,144168,3000,241,146927,2022-07-14
5544,462,December 2020,144168,0,1522,142646,2022-04-15
5545,463,January 2020,254137,2000,1378,254759,2025-02-12
5546,463,February 2020,254137,1000,982,254155,2022-10-16
5547,463,March 2020,254137,2000,753,255384,2025-05-09
5548,463,April 2020,254137,0,347,253790,2022-10-08
5549,463,May 2020,254137,1000,387,254750,2022-05-28
5550,463,June 2020,254137,2000,252,255885,2023-02-26
5551,463,July 2020,254137,1000,1886,253251,2022-04-01
5552,463,August 2020,254137,0,1148,252989,2022-09-23
5553,463,September 2020,254137,1000,1996,253141,2022-07-12
5554,463,October 2020,254137,0,584,253553,2023-05-24
5555,463,November 2020,254137,1000,1986,253151,2023-10-14
5556,463,December 2020,254137,2000,824,255313,2022-05-22
5557,464,January 2020,238084,0,1502,236582,2025-01-16
5558,464,February 2020,238084,0,1456,236628,2024-04-21
5559,464,March 2020,238084,0,808,237276,2025-12-10
5560,464,April 2020,238084,2000,200,239884,2023-12-18
5561,464,May 2020,238084,1000,268,238816,2022-06-27
5562,464,June 2020,238084,2000,964,239120,2024-01-11
5563,464,July 2020,238084,2000,931,239153,2022-05-19
5564,464,August 2020,238084,2000,93,239991,2023-08-07
5565,464,September 2020,238084,3000,1496,239588,2022-05-05
5566,464,October 2020,238084,0,370,237714,2024-03-29
5567,464,November 2020,238084,2000,1713,238371,2022-12-21
5568,464,December 2020,238084,3000,715,240369,2023-07-18
5569,465,January 2020,109056,2000,680,110376,2022-01-28
5570,465,February 2020,109056,3000,1108,110948,2025-04-13
5571,465,March 2020,109056,3000,942,111114,2025-01-13
5572,465,April 2020,109056,3000,1577,110479,2024-03-01
5573,465,May 2020,109056,3000,353,111703,2025-11-01
5574,465,June 2020,109056,2000,1647,109409,2025-09-04
5575,465,July 2020,109056,1000,1089,108967,2022-09-28
5576,465,August 2020,109056,2000,1145,109911,2022-02-20
5577,465,September 2020,109056,3000,150,111906,2025-08-12
5578,465,October 2020,109056,0,291,108765,2022-11-29
5579,465,November 2020,109056,3000,255,111801,2022-05-27
5580,465,December 2020,109056,2000,950,110106,2024-04-20
5581,466,January 2020,127401,3000,1406,128995,2023-04-06
5582,466,February 2020,127401,1000,1996,126405,2024-02-09
5583,466,March 2020,127401,2000,1871,127530,2022-09-25
5584,466,April 2020,127401,3000,1219,129182,2025-08-14
5585,466,May 2020,127401,1000,1847,126554,2023-07-26
5586,466,June 2020,127401,3000,874,129527,2022-12-14
5587,466,July 2020,127401,0,713,126688,2024-10-20
5588,466,August 2020,127401,1000,1052,127349,2024-05-01
5589,466,September 2020,127401,3000,343,130058,2024-08-03
5590,466,October 2020,127401,1000,1181,127220,2023-04-17
5591,466,November 2020,127401,2000,228,129173,2023-04-20
5592,466,December 2020,127401,1000,1940,126461,2025-10-29
5593,467,January 2020,159019,2000,202,160817,2023-07-27
5594,467,February 2020,159019,0,841,158178,2023-12-25
5595,467,March 2020,159019,2000,1215,159804,2025-08-07
5596,467,April 2020,159019,2000,1904,159115,2024-07-17
5597,467,May 2020,159019,3000,1645,160374,2023-08-29
5598,467,June 2020,159019,0,892,158127,2023-10-21
5599,467,July 2020,159019,1000,730,159289,2024-04-16
5600,467,August 2020,159019,0,1414,157605,2024-03-17
5601,467,September 2020,159019,3000,292,161727,2022-01-07
5602,467,October 2020,159019,1000,60,159959,2024-04-20
5603,467,November 2020,159019,2000,1071,159948,2024-03-17
5604,467,December 2020,159019,1000,359,159660,2025-04-20
5605,468,January 2020,165706,2000,1431,166275,2023-06-08
5606,468,February 2020,165706,0,1372,164334,2024-07-21
5607,468,March 2020,165706,3000,1615,167091,2022-04-21
5608,468,April 2020,165706,1000,1071,165635,2025-04-05
5609,468,May 2020,165706,0,1778,163928,2024-03-20
5610,468,June 2020,165706,1000,1273,165433,2022-03-23
5611,468,July 2020,165706,3000,380,168326,2025-08-04
5612,468,August 2020,165706,0,1241,164465,2024-03-30
5613,468,September 2020,165706,1000,1986,164720,2025-06-23
5614,468,October 2020,165706,2000,553,167153,2025-11-20
5615,468,November 2020,165706,0,1358,164348,2025-07-21
5616,468,December 2020,165706,1000,731,165975,2024-12-09
5617,469,January 2020,158068,2000,1379,158689,2022-04-22
5618,469,February 2020,158068,2000,91,159977,2022-01-01
5619,469,March 2020,158068,2000,1272,158796,2024-06-12
5620,469,April 2020,158068,2000,1108,158960,2024-12-30
5621,469,May 2020,158068,1000,198,158870,2023-05-13
5622,469,June 2020,158068,0,1237,156831,2022-07-27
5623,469,July 2020,158068,2000,1417,158651,2025-10-18
5624,469,August 2020,158068,2000,301,159767,2025-05-13
5625,469,September 2020,158068,2000,644,159424,2024-05-04
5626,469,October 2020,158068,2000,1484,158584,2022-09-09
5627,469,November 2020,158068,2000,1039,159029,2025-01-31
5628,469,December 2020,158068,1000,962,158106,2024-01-06
5629,470,January 2020,166703,0,760,165943,2022-03-16
5630,470,February 2020,166703,0,827,165876,2022-04-06
5631,470,March 2020,166703,2000,1860,166843,2024-07-10
5632,470,April 2020,166703,1000,93,167610,2022-02-24
5633,470,May 2020,166703,2000,172,168531,2025-05-29
5634,470,June 2020,166703,0,1903,164800,2024-11-24
5635,470,July 2020,166703,1000,1758,165945,2022-09-14
5636,470,August 2020,166703,1000,300,167403,2025-06-07
5637,470,September 2020,166703,3000,1877,167826,2024-11-07
5638,470,October 2020,166703,0,1324,165379,2022-08-03
5639,470,November 2020,166703,1000,1492,166211,2023-12-09
5640,470,December 2020,166703,2000,124,168579,2024-09-25
5641,471,January 2020,141354,0,253,141101,2024-01-04
5642,471,February 2020,141354,2000,1795,141559,2022-11-25
5643,471,March 2020,141354,1000,730,141624,2023-09-08
5644,471,April 2020,141354,0,374,140980,2022-01-03
5645,471,May 2020,141354,3000,664,143690,2022-09-21
5646,471,June 2020,141354,1000,1991,140363,2023-09-14
5647,471,July 2020,141354,3000,617,143737,2023-06-09
5648,471,August 2020,141354,1000,1184,141170,2023-12-22
5649,471,September 2020,141354,0,1622,139732,2023-11-22
5650,471,October 2020,141354,3000,164,144190,2025-02-01
5651,471,November 2020,141354,1000,428,141926,2024-05-18
5652,471,December 2020,141354,0,1463,139891,2022-12-07
5653,472,January 2020,246742,0,401,246341,2022-03-29
5654,472,February 2020,246742,2000,1933,246809,2023-01-10
5655,472,March 2020,246742,2000,1520,247222,2023-08-12
5656,472,April 2020,246742,3000,331,249411,2022-05-28
5657,472,May 2020,246742,1000,1706,246036,2024-01-09
5658,472,June 2020,246742,3000,372,249370,2022-08-08
5659,472,July 2020,246742,1000,370,247372,2025-04-03
5660,472,August 2020,246742,1000,522,247220,2025-06-15
5661,472,September 2020,246742,1000,1669,246073,2025-10-31
5662,472,October 2020,246742,3000,637,249105,2022-12-30
5663,472,November 2020,246742,2000,1080,247662,2023-01-01
5664,472,December 2020,246742,1000,756,246986,2024-05-11
5665,473,January 2020,126687,3000,325,129362,2023-03-04
5666,473,February 2020,126687,2000,196,128491,2024-04-21
5667,473,March 2020,126687,2000,763,127924,2025-11-01
5668,473,April 2020,126687,1000,1409,126278,2022-12-19
5669,473,May 2020,126687,0,253,126434,2024-10-15
5670,473,June 2020,126687,3000,207,129480,2024-12-28
5671,473,July 2020,126687,1000,1827,125860,2023-11-30
5672,473,August 2020,126687,3000,2,129685,2022-04-28
5673,473,September 2020,126687,3000,387,129300,2024-09-20
5674,473,October 2020,126687,0,1406,125281,2025-06-24
5675,473,November 2020,126687,2000,728,127959,2022-01-16
5676,473,December 2020,126687,0,452,126235,2022-07-03
5677,474,January 2020,203399,1000,1780,202619,2022-10-07
5678,474,February 2020,203399,1000,1859,202540,2025-07-25
5679,474,March 2020,203399,1000,695,203704,2024-02-28
5680,474,April 2020,203399,3000,11,206388,2022-04-01
5681,474,May 2020,203399,1000,1966,202433,2024-06-08
5682,474,June 2020,203399,0,1524,201875,2024-08-10
5683,474,July 2020,203399,2000,1320,204079,2025-07-27
5684,474,August 2020,203399,3000,20,206379,2022-11-12
5685,474,September 2020,203399,2000,1317,204082,2022-08-16
5686,474,October 2020,203399,1000,1385,203014,2025-05-31
5687,474,November 2020,203399,0,1202,202197,2022-08-07
5688,474,December 2020,203399,2000,1999,203400,2024-06-21
5689,475,January 2020,70572,3000,309,73263,2025-10-28
5690,475,February 2020,70572,1000,249,71323,2025-01-09
5691,475,March 2020,70572,3000,812,72760,2025-07-22
5692,475,April 2020,70572,2000,818,71754,2023-06-22
5693,475,May 2020,70572,0,1018,69554,2023-03-10
5694,475,June 2020,70572,3000,22,73550,2023-05-28
5695,475,July 2020,70572,2000,1894,70678,2023-08-01
5696,475,August 2020,70572,3000,1224,72348,2024-05-11
5697,475,September 2020,70572,0,1238,69334,2024-09-23
5698,475,October 2020,70572,3000,1863,71709,2024-07-18
5699,475,November 2020,70572,3000,1805,71767,2025-06-07
5700,475,December 2020,70572,3000,158,73414,2024-07-18
5701,476,January 2020,255521,2000,375,257146,2025-11-20
5702,476,February 2020,255521,0,1636,253885,2022-02-05
5703,476,March 2020,255521,2000,1240,256281,2022-10-19
5704,476,April 2020,255521,0,514,255007,2024-06-01
5705,476,May 2020,255521,2000,1654,255867,2024-04-13
5706,476,June 2020,255521,3000,452,258069,2024-04-20
5707,476,July 2020,255521,0,1399,254122,2024-11-17
5708,476,August 2020,255521,3000,814,257707,2024-11-25
5709,476,September 2020,255521,2000,169,257352,2025-05-18
5710,476,October 2020,255521,1000,1976,254545,2024-05-09
5711,476,November 2020,255521,1000,1707,254814,2023-11-21
5712,476,December 2020,255521,3000,1927,256594,2025-10-18
5713,477,January 2020,246836,1000,1955,245881,2025-08-17
5714,477,February 2020,246836,0,643,246193,2024-02-21
5715,477,March 2020,246836,3000,126,249710,2023-09-09
5716,477,April 2020,246836,2000,71,248765,2022-11-17
5717,477,May 2020,246836,2000,792,248044,2022-07-20
5718,477,June 2020,246836,3000,1655,248181,2024-10-06
5719,477,July 2020,246836,0,651,246185,2022-08-16
5720,477,August 2020,246836,0,131,246705,2025-03-28
5721,477,September 2020,246836,3000,213,249623,2025-07-28
5722,477,October 2020,246836,2000,282,248554,2024-01-15
5723,477,November 2020,246836,0,780,246056,2024-08-15
5724,477,December 2020,246836,0,360,246476,2024-10-18
5725,478,January 2020,249006,2000,1302,249704,2024-05-10
5726,478,February 2020,249006,2000,253,250753,2024-12-13
5727,478,March 2020,249006,1000,1157,248849,2023-04-07
5728,478,April 2020,249006,0,1804,247202,2024-04-18
5729,478,May 2020,249006,3000,1050,250956,2023-09-10
5730,478,June 2020,249006,0,1259,247747,2023-06-09
5731,478,July 2020,249006,1000,1080,248926,2024-06-29
5732,478,August 2020,249006,0,550,248456,2022-08-10
5733,478,September 2020,249006,2000,1222,249784,2023-09-27
5734,478,October 2020,249006,0,16,248990,2022-04-05
5735,478,November 2020,249006,3000,1487,250519,2025-06-26
5736,478,December 2020,249006,2000,451,250555,2025-06-29
5737,479,January 2020,242531,2000,1798,242733,2022-09-22
5738,479,February 2020,242531,2000,1822,242709,2025-11-17
5739,479,March 2020,242531,1000,1606,241925,2025-03-26
5740,479,April 2020,242531,0,750,241781,2024-05-26
5741,479,May 2020,242531,2000,233,244298,2025-06-10
5742,479,June 2020,242531,2000,195,244336,2023-09-30
5743,479,July 2020,242531,3000,893,244638,2022-02-06
5744,479,August 2020,242531,3000,703,244828,2025-01-04
5745,479,September 2020,242531,0,1603,240928,2025-09-30
5746,479,October 2020,242531,0,126,242405,2022-08-30
5747,479,November 2020,242531,0,160,242371,2025-02-25
5748,479,December 2020,242531,0,774,241757,2024-11-16
5749,480,January 2020,94235,0,1501,92734,2025-01-07
5750,480,February 2020,94235,2000,989,95246,2022-02-07
5751,480,March 2020,94235,0,416,93819,2022-12-22
5752,480,April 2020,94235,1000,5,95230,2022-01-02
5753,480,May 2020,94235,3000,1447,95788,2023-11-04
5754,480,June 2020,94235,0,1853,92382,2022-08-05
5755,480,July 2020,94235,3000,673,96562,2023-08-19
5756,480,August 2020,94235,3000,1946,95289,2025-07-09
5757,480,September 2020,94235,3000,503,96732,2025-01-05
5758,480,October 2020,94235,1000,972,94263,2024-04-13
5759,480,November 2020,94235,0,499,93736,2023-11-03
5760,480,December 2020,94235,0,1782,92453,2025-05-31
5761,481,January 2020,139300,0,395,138905,2022-05-28
5762,481,February 2020,139300,3000,1937,140363,2023-07-14
5763,481,March 2020,139300,3000,1796,140504,2023-09-17
5764,481,April 2020,139300,3000,1296,141004,2024-06-22
5765,481,May 2020,139300,0,1902,137398,2022-02-22
5766,481,June 2020,139300,3000,1479,140821,2022-06-23
5767,481,July 2020,139300,1000,740,139560,2022-04-30
5768,481,August 2020,139300,2000,1582,139718,2025-09-12
5769,481,September 2020,139300,3000,1708,140592,2024-03-06
5770,481,October 2020,139300,2000,1371,139929,2024-03-26
5771,481,November 2020,139300,0,965,138335,2024-09-01
5772,481,December 2020,139300,1000,1784,138516,2025-12-24
5773,482,January 2020,207112,2000,896,208216,2024-11-03
5774,482,February 2020,207112,3000,1078,209034,2024-09-19
5775,482,March 2020,207112,0,1334,205778,2023-02-15
5776,482,April 2020,207112,0,1287,205825,2022-07-28
5777,482,May 2020,207112,3000,436,209676,2025-07-15
5778,482,June 2020,207112,3000,177,209935,2025-06-11
5779,482,July 2020,207112,3000,400,209712,2023-06-18
5780,482,August 2020,207112,2000,588,208524,2025-05-09
5781,482,September 2020,207112,3000,62,210050,2025-04-04
5782,482,October 2020,207112,2000,985,208127,2023-11-04
5783,482,November 2020,207112,3000,630,209482,2025-03-03
5784,482,December 2020,207112,1000,491,207621,2024-12-12
5785,483,January 2020,270301,0,1347,268954,2025-08-23
5786,483,February 2020,270301,3000,362,272939,2024-05-25
5787,483,March 2020,270301,0,809,269492,2022-10-03
5788,483,April 2020,270301,3000,1820,271481,2025-12-13
5789,483,May 2020,270301,0,577,269724,2022-03-08
5790,483,June 2020,270301,1000,1243,270058,2025-12-02
5791,483,July 2020,270301,2000,282,272019,2024-02-13
5792,483,August 2020,270301,2000,947,271354,2023-09-12
5793,483,September 2020,270301,1000,21,271280,2023-01-20
5794,483,October 2020,270301,2000,1527,270774,2025-07-13
5795,483,November 2020,270301,3000,1214,272087,2022-01-21
5796,483,December 2020,270301,3000,966,272335,2023-01-19
5797,484,January 2020,165623,1000,776,165847,2024-07-20
5798,484,February 2020,165623,1000,1580,165043,2025-10-05
5799,484,March 2020,165623,1000,990,165633,2023-06-06
5800,484,April 2020,165623,0,1034,164589,2024-07-15
5801,484,May 2020,165623,1000,142,166481,2025-01-05
5802,484,June 2020,165623,1000,123,166500,2023-09-20
5803,484,July 2020,165623,0,1654,163969,2023-03-20
5804,484,August 2020,165623,3000,1718,166905,2023-10-20
5805,484,September 2020,165623,3000,1280,167343,2024-05-22
5806,484,October 2020,165623,0,1189,164434,2023-10-21
5807,484,November 2020,165623,0,248,165375,2024-12-24
5808,484,December 2020,165623,0,12,165611,2022-09-19
5809,485,January 2020,236452,1000,1256,236196,2022-06-10
5810,485,February 2020,236452,2000,1348,237104,2025-09-13
5811,485,March 2020,236452,3000,30,239422,2023-04-14
5812,485,April 2020,236452,1000,1872,235580,2025-04-16
5813,485,May 2020,236452,2000,916,237536,2025-02-27
5814,485,June 2020,236452,3000,255,239197,2023-12-25
5815,485,July 2020,236452,1000,382,237070,2022-04-13
5816,485,August 2020,236452,2000,620,237832,2025-10-19
5817,485,September 2020,236452,2000,792,237660,2022-04-26
5818,485,October 2020,236452,3000,1109,238343,2024-07-31
5819,485,November 2020,236452,1000,1988,235464,2025-06-07
5820,485,December 2020,236452,0,862,235590,2022-08-09
5821,486,January 2020,273767,0,281,273486,2023-10-29
5822,486,February 2020,273767,1000,1367,273400,2023-09-23
5823,486,March 2020,273767,1000,1193,273574,2024-09-12
5824,486,April 2020,273767,2000,534,275233,2025-10-18
5825,486,May 2020,273767,3000,1106,275661,2022-02-17
5826,486,June 2020,273767,3000,1733,275034,2025-02-11
5827,486,July 2020,273767,1000,1648,273119,2023-08-27
5828,486,August 2020,273767,1000,1028,273739,2024-04-21
5829,486,September 2020,273767,0,45,273722,2025-05-31
5830,486,October 2020,273767,1000,19,274748,2025-11-27
5831,486,November 2020,273767,1000,836,273931,2024-03-07
5832,486,December 2020,273767,1000,135,274632,2022-11-25
5833,487,January 2020,247067,3000,1210,248857,2022-01-01
5834,487,February 2020,247067,2000,966,248101,2022-09-29
5835,487,March 2020,247067,0,380,246687,2023-10-12
5836,487,April 2020,247067,2000,514,248553,2023-08-07
5837,487,May 2020,247067,0,1396,245671,2024-01-03
5838,487,June 2020,247067,3000,1023,249044,2024-12-15
5839,487,July 2020,247067,2000,1416,247651,2024-03-01
5840,487,August 2020,247067,3000,496,249571,2025-10-10
5841,487,September 2020,247067,3000,271,249796,2024-11-16
5842,487,October 2020,247067,1000,1978,246089,2025-11-17
5843,487,November 2020,247067,3000,362,249705,2023-08-10
5844,487,December 2020,247067,2000,1063,248004,2022-07-23
5845,488,January 2020,220881,2000,169,222712,2025-01-28
5846,488,February 2020,220881,3000,1775,222106,2025-01-18
5847,488,March 2020,220881,1000,1386,220495,2023-07-18
5848,488,April 2020,220881,1000,1253,220628,2023-01-31
5849,488,May 2020,220881,3000,1775,222106,2023-07-30
5850,488,June 2020,220881,3000,1027,222854,2024-05-30
5851,488,July 2020,220881,3000,1711,222170,2025-06-14
5852,488,August 2020,220881,2000,1318,221563,2022-02-16
5853,488,September 2020,220881,1000,1088,220793,2024-02-17
5854,488,October 2020,220881,3000,1181,222700,2022-08-12
5855,488,November 2020,220881,1000,1544,220337,2024-10-02
5856,488,December 2020,220881,2000,1657,221224,2023-05-18
5857,489,January 2020,118365,1000,1242,118123,2025-02-27
5858,489,February 2020,118365,2000,1445,118920,2022-12-31
5859,489,March 2020,118365,3000,1803,119562,2024-09-14
5860,489,April 2020,118365,0,1814,116551,2024-01-13
5861,489,May 2020,118365,2000,1531,118834,2024-07-17
5862,489,June 2020,118365,1000,58,119307,2023-12-14
5863,489,July 2020,118365,0,856,117509,2022-10-21
5864,489,August 2020,118365,2000,408,119957,2023-04-26
5865,489,September 2020,118365,3000,627,120738,2024-02-15
5866,489,October 2020,118365,3000,98,121267,2025-10-15
5867,489,November 2020,118365,2000,76,120289,2024-08-04
5868,489,December 2020,118365,2000,308,120057,2022-09-07
5869,490,January 2020,285655,0,628,285027,2023-05-13
5870,490,February 2020,285655,0,1059,284596,2022-03-20
5871,490,March 2020,285655,3000,945,287710,2023-11-19
5872,490,April 2020,285655,2000,815,286840,2024-03-07
5873,490,May 2020,285655,2000,1761,285894,2024-11-30
5874,490,June 2020,285655,3000,1602,287053,2023-08-26
5875,490,July 2020,285655,3000,934,287721,2024-09-13
5876,490,August 2020,285655,2000,390,287265,2024-05-22
5877,490,September 2020,285655,3000,1838,286817,2025-01-15
5878,490,October 2020,285655,0,1023,284632,2025-01-08
5879,490,November 2020,285655,3000,610,288045,2023-03-10
5880,490,December 2020,285655,1000,930,285725,2022-05-31
5881,491,January 2020,117024,0,734,116290,2024-05-30
5882,491,February 2020,117024,3000,1044,118980,2025-11-24
5883,491,March 2020,117024,2000,465,118559,2025-02-01
5884,491,April 2020,117024,3000,1071,118953,2022-01-07
5885,491,May 2020,117024,0,1907,115117,2025-06-30
5886,491,June 2020,117024,2000,244,118780,2025-04-01
5887,491,July 2020,117024,0,1349,115675,2023-08-25
5888,491,August 2020,117024,0,1463,115561,2025-03-23
5889,491,September 2020,117024,1000,1058,116966,2023-05-17
5890,491,October 2020,117024,1000,1999,116025,2024-02-17
5891,491,November 2020,117024,1000,708,117316,2024-01-26
5892,491,December 2020,117024,2000,1812,117212,2025-06-07
5893,492,January 2020,171370,3000,1516,172854,2022-08-18
5894,492,February 2020,171370,0,588,170782,2023-06-23
5895,492,March 2020,171370,3000,876,173494,2023-09-13
5896,492,April 2020,171370,2000,509,172861,2025-11-26
5897,492,May 2020,171370,0,1822,169548,2023-02-03
5898,492,June 2020,171370,1000,338,172032,2022-03-23
5899,492,July 2020,171370,0,727,170643,2024-03-06
5900,492,August 2020,171370,2000,1453,171917,2022-01-15
5901,492,September 2020,171370,0,715,170655,2025-02-27
5902,492,October 2020,171370,0,971,170399,2025-09-28
5903,492,November 2020,171370,1000,1793,170577,2022-07-11
5904,492,December 2020,171370,3000,29,174341,2025-04-21
5905,493,January 2020,183417,0,1128,182289,2022-12-02
5906,493,February 2020,183417,3000,463,185954,2024-08-05
5907,493,March 2020,183417,0,1681,181736,2022-08-10
5908,493,April 2020,183417,3000,264,186153,2025-05-30
5909,493,May 2020,183417,1000,268,184149,2024-09-21
5910,493,June 2020,183417,0,554,182863,2023-01-04
5911,493,July 2020,183417,1000,1423,182994,2022-08-02
5912,493,August 2020,183417,0,1079,182338,2025-01-24
5913,493,September 2020,183417,3000,1065,185352,2025-07-23
5914,493,October 2020,183417,3000,119,186298,2025-01-14
5915,493,November 2020,183417,2000,38,185379,2024-05-13
5916,493,December 2020,183417,2000,1536,183881,2022-02-11
5917,494,January 2020,93613,2000,1138,94475,2025-07-06
5918,494,February 2020,93613,1000,1257,93356,2025-06-02
5919,494,March 2020,93613,1000,1700,92913,2022-07-10
5920,494,April 2020,93613,0,1972,91641,2024-11-25
5921,494,May 2020,93613,2000,1240,94373,2024-01-14
5922,494,June 2020,93613,3000,694,95919,2022-08-06
5923,494,July 2020,93613,3000,258,96355,2025-07-03
5924,494,August 2020,93613,2000,313,95300,2025-09-01
5925,494,September 2020,93613,0,1304,92309,2025-09-27
5926,494,October 2020,93613,0,1756,91857,2025-09-01
5927,494,November 2020,93613,3000,322,96291,2022-11-10
5928,494,December 2020,93613,3000,1258,95355,2024-10-23
5929,495,January 2020,121194,2000,564,122630,2023-01-15
5930,495,February 2020,121194,3000,215,123979,2022-01-02
5931,495,March 2020,121194,2000,850,122344,2025-03-13
5932,495,April 2020,121194,1000,914,121280,2024-12-09
5933,495,May 2020,121194,2000,56,123138,2024-06-11
5934,495,June 2020,121194,2000,1864,121330,2025-02-22
5935,495,July 2020,121194,2000,1213,121981,2022-06-23
5936,495,August 2020,121194,1000,796,121398,2023-11-04
5937,495,September 2020,121194,2000,337,122857,2023-04-27
5938,495,October 2020,121194,1000,31,122163,2023-09-06
5939,495,November 2020,121194,3000,1617,122577,2024-05-05
5940,495,December 2020,121194,0,1113,120081,2024-11-13
5941,496,January 2020,285952,2000,570,287382,2023-11-14
5942,496,February 2020,285952,3000,1476,287476,2025-01-05
5943,496,March 2020,285952,3000,1915,287037,2025-11-05
5944,496,April 2020,285952,1000,1532,285420,2023-10-02
5945,496,May 2020,285952,2000,1755,286197,2024-03-06
5946,496,June 2020,285952,1000,755,286197,2024-08-20
5947,496,July 2020,285952,0,1166,284786,2022-06-26
5948,496,August 2020,285952,3000,1966,286986,2023-03-12
5949,496,September 2020,285952,1000,1025,285927,2022-06-07
5950,496,October 2020,285952,0,887,285065,2022-12-03
5951,496,November 2020,285952,1000,1671,285281,2025-07-01
5952,496,December 2020,285952,2000,599,287353,2025-08-01
5953,497,January 2020,163617,1000,1479,163138,2022-06-01
5954,497,February 2020,163617,3000,1979,164638,2025-03-06
5955,497,March 2020,163617,1000,1252,163365,2025-08-01
5956,497,April 2020,163617,0,642,162975,2023-01-13
5957,497,May 2020,163617,2000,1524,164093,2025-05-12
5958,497,June 2020,163617,1000,330,164287,2024-03-11
5959,497,July 2020,163617,3000,1752,164865,2024-03-27
5960,497,August 2020,163617,2000,828,164789,2024-12-26
5961,497,September 2020,163617,0,430,163187,2022-10-09
5962,497,October 2020,163617,1000,1085,163532,2025-01-12
5963,497,November 2020,163617,0,181,163436,2024-10-25
5964,497,December 2020,163617,2000,1222,164395,2023-03-21
5965,498,January 2020,156277,0,1697,154580,2024-07-20
5966,498,February 2020,156277,0,886,155391,2024-12-16
5967,498,March 2020,156277,1000,479,156798,2024-06-02
5968,498,April 2020,156277,3000,753,158524,2023-05-05
5969,498,May 2020,156277,1000,1961,155316,2022-02-22
5970,498,June 2020,156277,0,1019,155258,2024-04-19
5971,498,July 2020,156277,2000,1841,156436,2024-12-20
5972,498,August 2020,156277,1000,1870,155407,2024-06-08
5973,498,September 2020,156277,3000,468,158809,2023-03-18
5974,498,October 2020,156277,0,1383,154894,2025-12-27
5975,498,November 2020,156277,0,832,155445,2025-03-06
5976,498,December 2020,156277,1000,519,156758,2024-10-23
5977,499,January 2020,115748,1000,1885,114863,2023-10-08
5978,499,February 2020,115748,3000,1139,117609,2025-05-17
5979,499,March 2020,115748,3000,181,118567,2022-12-15
5980,499,April 2020,115748,2000,448,117300,2025-12-11
5981,499,May 2020,115748,1000,1965,114783,2025-03-19
5982,499,June 2020,115748,3000,1305,117443,2024-07-18
5983,499,July 2020,115748,0,488,115260,2025-03-27
5984,499,August 2020,115748,3000,768,117980,2023-09-13
5985,499,September 2020,115748,1000,539,116209,2025-10-29
5986,499,October 2020,115748,3000,1936,116812,2024-03-02
5987,499,November 2020,115748,3000,1226,117522,2023-05-21
5988,499,December 2020,115748,0,1784,113964,2023-02-03
5989,500,January 2020,81837,0,366,81471,2025-01-28
5990,500,February 2020,81837,3000,351,84486,2024-06-09
5991,500,March 2020,81837,1000,1763,81074,2025-10-18
5992,500,April 2020,81837,1000,169,82668,2024-05-13
5993,500,May 2020,81837,2000,1837,82000,2025-08-01
5994,500,June 2020,81837,1000,772,82065,2022-08-21
5995,500,July 2020,81837,1000,366,82471,2023-08-16
5996,500,August 2020,81837,3000,500,84337,2023-05-24
5997,500,September 2020,81837,0,618,81219,2025-10-07
5998,500,October 2020,81837,3000,1363,83474,2024-11-21
5999,500,November 2020,81837,0,1151,80686,2024-05-06
6000,500,December 2020,81837,0,77,81760,2022-10-31
6001,501,January 2020,166906,2000,1238,167668,2025-12-19
6002,501,February 2020,166906,3000,649,169257,2023-01-16
6003,501,March 2020,166906,2000,272,168634,2024-07-11
6004,501,April 2020,166906,1000,355,167551,2023-05-30
6005,501,May 2020,166906,2000,1344,167562,2024-11-01
6006,501,June 2020,166906,2000,1351,167555,2024-05-27
6007,501,July 2020,166906,0,323,166583,2024-10-04
6008,501,August 2020,166906,2000,317,168589,2023-03-10
6009,501,September 2020,166906,1000,107,167799,2023-08-15
6010,501,October 2020,166906,0,1909,164997,2023-05-18
6011,501,November 2020,166906,2000,1828,167078,2022-10-11
6012,501,December 2020,166906,0,334,166572,2024-02-03
6013,502,January 2020,263285,0,1841,261444,2024-04-24
6014,502,February 2020,263285,1000,1813,262472,2023-08-28
6015,502,March 2020,263285,1000,347,263938,2024-05-07
6016,502,April 2020,263285,0,1451,261834,2023-05-16
6017,502,May 2020,263285,2000,347,264938,2024-10-12
6018,502,June 2020,263285,1000,1210,263075,2025-08-15
6019,502,July 2020,263285,0,1028,262257,2022-04-01
6020,502,August 2020,263285,1000,1962,262323,2025-02-01
6021,502,September 2020,263285,1000,1935,262350,2023-01-16
6022,502,October 2020,263285,2000,763,264522,2024-08-11
6023,502,November 2020,263285,1000,1127,263158,2023-01-18
6024,502,December 2020,263285,3000,176,266109,2025-11-26
6025,503,January 2020,224594,1000,233,225361,2022-01-17
6026,503,February 2020,224594,1000,1827,223767,2025-06-26
6027,503,March 2020,224594,3000,1528,226066,2025-10-11
6028,503,April 2020,224594,3000,1519,226075,2025-12-09
6029,503,May 2020,224594,3000,1016,226578,2023-11-25
6030,503,June 2020,224594,1000,1557,224037,2022-09-24
6031,503,July 2020,224594,0,1253,223341,2024-06-26
6032,503,August 2020,224594,2000,546,226048,2023-08-14
6033,503,September 2020,224594,1000,317,225277,2024-08-03
6034,503,October 2020,224594,3000,770,226824,2025-11-10
6035,503,November 2020,224594,1000,271,225323,2022-07-25
6036,503,December 2020,224594,1000,284,225310,2023-12-27
6037,504,January 2020,219012,0,557,218455,2024-09-27
6038,504,February 2020,219012,1000,608,219404,2022-12-16
6039,504,March 2020,219012,1000,56,219956,2022-08-03
6040,504,April 2020,219012,0,1152,217860,2024-10-30
6041,504,May 2020,219012,1000,318,219694,2023-06-14
6042,504,June 2020,219012,1000,1252,218760,2022-03-06
6043,504,July 2020,219012,0,581,218431,2025-10-24
6044,504,August 2020,219012,1000,1360,218652,2024-05-03
6045,504,September 2020,219012,0,1430,217582,2023-10-04
6046,504,October 2020,219012,1000,318,219694,2022-02-03
6047,504,November 2020,219012,1000,190,219822,2023-12-07
6048,504,December 2020,219012,1000,1301,218711,2025-07-19
6049,505,January 2020,95910,3000,950,97960,2025-05-30
6050,505,February 2020,95910,3000,560,98350,2023-01-24
6051,505,March 2020,95910,3000,1386,97524,2022-09-05
6052,505,April 2020,95910,3000,1432,97478,2023-07-12
6053,505,May 2020,95910,3000,266,98644,2025-09-22
6054,505,June 2020,95910,3000,41,98869,2025-05-02
6055,505,July 2020,95910,1000,14,96896,2025-08-28
6056,505,August 2020,95910,0,296,95614,2024-10-07
6057,505,September 2020,95910,3000,1180,97730,2023-03-08
6058,505,October 2020,95910,1000,868,96042,2023-07-23
6059,505,November 2020,95910,0,713,95197,2025-11-24
6060,505,December 2020,95910,2000,212,97698,2024-01-26
6061,506,January 2020,238214,2000,339,239875,2024-12-23
6062,506,February 2020,238214,0,1481,236733,2022-11-09
6063,506,March 2020,238214,3000,1547,239667,2024-10-31
6064,506,April 2020,238214,0,549,237665,2024-02-20
6065,506,May 2020,238214,0,1804,236410,2024-03-28
6066,506,June 2020,238214,0,1902,236312,2024-08-18
6067,506,July 2020,238214,2000,740,239474,2023-09-25
6068,506,August 2020,238214,2000,136,240078,2022-05-31
6069,506,September 2020,238214,2000,1801,238413,2022-10-28
6070,506,October 2020,238214,1000,1378,237836,2022-03-24
6071,506,November 2020,238214,2000,805,239409,2025-01-17
6072,506,December 2020,238214,0,288,237926,2024-08-30
6073,507,January 2020,85833,3000,926,87907,2022-06-13
6074,507,February 2020,85833,0,1345,84488,2025-11-06
6075,507,March 2020,85833,2000,1255,86578,2025-06-05
6076,507,April 2020,85833,0,1235,84598,2022-03-07
6077,507,May 2020,85833,1000,175,86658,2024-11-27
6078,507,June 2020,85833,3000,1756,87077,2023-12-02
6079,507,July 2020,85833,2000,1674,86159,2023-04-04
6080,507,August 2020,85833,1000,617,86216,2025-05-22
6081,507,September 2020,85833,1000,1446,85387,2025-09-07
6082,507,October 2020,85833,2000,1673,86160,2023-08-18
6083,507,November 2020,85833,1000,1118,85715,2022-12-14
6084,507,December 2020,85833,1000,712,86121,2024-02-08
6085,508,January 2020,258302,2000,174,260128,2024-12-13
6086,508,February 2020,258302,2000,1910,258392,2024-06-06
6087,508,March 2020,258302,2000,393,259909,2022-12-20
6088,508,April 2020,258302,0,1967,256335,2025-07-16
6089,508,May 2020,258302,2000,580,259722,2025-08-05
6090,508,June 2020,258302,3000,691,260611,2025-03-14
6091,508,July 2020,258302,1000,33,259269,2022-11-24
6092,508,August 2020,258302,0,1571,256731,2022-10-04
6093,508,September 2020,258302,1000,1613,257689,2023-04-08
6094,508,October 2020,258302,3000,856,260446,2024-05-10
6095,508,November 2020,258302,2000,722,259580,2023-01-27
6096,508,December 2020,258302,2000,450,259852,2025-08-24
6097,509,January 2020,212637,3000,872,214765,2023-07-03
6098,509,February 2020,212637,3000,698,214939,2025-08-25
6099,509,March 2020,212637,0,1451,211186,2023-03-11
6100,509,April 2020,212637,3000,317,215320,2024-06-14
6101,509,May 2020,212637,2000,461,214176,2022-06-20
6102,509,June 2020,212637,2000,700,213937,2023-03-27
6103,509,July 2020,212637,0,931,211706,2022-10-28
6104,509,August 2020,212637,1000,1933,211704,2025-02-01
6105,509,September 2020,212637,0,1904,210733,2023-04-03
6106,509,October 2020,212637,1000,1759,211878,2024-03-27
6107,509,November 2020,212637,3000,598,215039,2024-01-05
6108,509,December 2020,212637,3000,636,215001,2025-05-18
6109,510,January 2020,199643,2000,640,201003,2023-02-17
6110,510,February 2020,199643,0,164,199479,2022-06-13
6111,510,March 2020,199643,3000,476,202167,2024-11-27
6112,510,April 2020,199643,2000,1952,199691,2022-06-17
6113,510,May 2020,199643,3000,1161,201482,2025-10-31
6114,510,June 2020,199643,0,1264,198379,2025-09-14
6115,510,July 2020,199643,1000,1603,199040,2025-09-03
6116,510,August 2020,199643,2000,686,200957,2024-01-30
6117,510,September 2020,199643,0,1536,198107,2024-02-13
6118,510,October 2020,199643,1000,265,200378,2023-02-19
6119,510,November 2020,199643,2000,1512,200131,2024-03-19
6120,510,December 2020,199643,2000,1806,199837,2023-07-09
6121,511,January 2020,89560,0,707,88853,2024-12-14
6122,511,February 2020,89560,0,1775,87785,2024-03-20
6123,511,March 2020,89560,0,1547,88013,2025-08-23
6124,511,April 2020,89560,2000,972,90588,2024-09-23
6125,511,May 2020,89560,2000,1111,90449,2022-12-02
6126,511,June 2020,89560,0,670,88890,2023-09-21
6127,511,July 2020,89560,3000,656,91904,2023-11-09
6128,511,August 2020,89560,0,1816,87744,2025-12-16
6129,511,September 2020,89560,3000,1303,91257,2022-05-03
6130,511,October 2020,89560,2000,1667,89893,2024-12-01
6131,511,November 2020,89560,0,630,88930,2023-08-01
6132,511,December 2020,89560,0,1674,87886,2025-10-19
6133,512,January 2020,167975,2000,766,169209,2023-08-21
6134,512,February 2020,167975,0,244,167731,2025-01-02
6135,512,March 2020,167975,1000,116,168859,2025-04-17
6136,512,April 2020,167975,0,1791,166184,2023-05-08
6137,512,May 2020,167975,2000,271,169704,2023-11-16
6138,512,June 2020,167975,3000,944,170031,2025-04-04
6139,512,July 2020,167975,1000,148,168827,2023-11-06
6140,512,August 2020,167975,2000,949,169026,2024-06-03
6141,512,September 2020,167975,3000,351,170624,2025-03-16
6142,512,October 2020,167975,0,1743,166232,2022-12-28
6143,512,November 2020,167975,0,767,167208,2024-12-14
6144,512,December 2020,167975,1000,507,168468,2022-04-15
6145,513,January 2020,185654,3000,1306,187348,2022-01-30
6146,513,February 2020,185654,1000,975,185679,2024-10-29
6147,513,March 2020,185654,2000,8,187646,2022-01-30
6148,513,April 2020,185654,1000,1189,185465,2025-10-31
6149,513,May 2020,185654,3000,1053,187601,2022-11-15
6150,513,June 2020,185654,2000,1495,186159,2024-10-06
6151,513,July 2020,185654,1000,1901,184753,2025-10-01
6152,513,August 2020,185654,2000,16,187638,2025-10-18
6153,513,September 2020,185654,0,349,185305,2024-12-15
6154,513,October 2020,185654,0,1961,183693,2025-11-19
6155,513,November 2020,185654,0,965,184689,2022-01-07
6156,513,December 2020,185654,1000,405,186249,2023-05-27
6157,514,January 2020,239881,1000,1162,239719,2024-05-07
6158,514,February 2020,239881,1000,1010,239871,2024-04-19
6159,514,March 2020,239881,1000,124,240757,2024-05-06
6160,514,April 2020,239881,0,300,239581,2025-08-26
6161,514,May 2020,239881,3000,1600,241281,2024-07-28
6162,514,June 2020,239881,0,1245,238636,2022-10-26
6163,514,July 2020,239881,0,1395,238486,2025-07-16
6164,514,August 2020,239881,1000,31,240850,2023-08-05
6165,514,September 2020,239881,2000,654,241227,2022-10-15
6166,514,October 2020,239881,1000,1005,239876,2023-05-29
6167,514,November 2020,239881,1000,594,240287,2025-09-12
6168,514,December 2020,239881,2000,485,241396,2024-07-06
6169,515,January 2020,221049,2000,1133,221916,2024-11-22
6170,515,February 2020,221049,3000,1249,222800,2023-09-20
6171,515,March 2020,221049,0,770,220279,2022-11-30
6172,515,April 2020,221049,1000,1724,220325,2022-03-03
6173,515,May 2020,221049,0,722,220327,2025-05-30
6174,515,June 2020,221049,1000,569,221480,2023-01-30
6175,515,July 2020,221049,1000,313,221736,2023-07-27
6176,515,August 2020,221049,1000,337,221712,2024-06-22
6177,515,September 2020,221049,1000,1960,220089,2023-11-11
6178,515,October 2020,221049,1000,1989,220060,2025-06-29
6179,515,November 2020,221049,3000,1750,222299,2023-01-31
6180,515,December 2020,221049,2000,1168,221881,2022-11-19
6181,516,January 2020,168696,2000,1139,169557,2023-04-13
6182,516,February 2020,168696,0,954,167742,2023-05-19
6183,516,March 2020,168696,3000,173,171523,2023-09-16
6184,516,April 2020,168696,2000,1328,169368,2024-08-26
6185,516,May 2020,168696,2000,750,169946,2025-09-10
6186,516,June 2020,168696,1000,972,168724,2023-03-21
6187,516,July 2020,168696,3000,1911,169785,2022-04-03
6188,516,August 2020,168696,1000,170,169526,2025-02-16
6189,516,September 2020,168696,0,924,167772,2024-04-26
6190,516,October 2020,168696,0,23,168673,2025-07-20
6191,516,November 2020,168696,3000,1530,170166,2022-12-24
6192,516,December 2020,168696,0,1632,167064,2024-02-10
6193,517,January 2020,227736,2000,1869,227867,2024-05-07
6194,517,February 2020,227736,2000,389,229347,2025-02-09
6195,517,March 2020,227736,2000,774,228962,2022-06-07
6196,517,April 2020,227736,0,467,227269,2024-10-22
6197,517,May 2020,227736,0,1601,226135,2022-11-07
6198,517,June 2020,227736,3000,306,230430,2022-06-30
6199,517,July 2020,227736,0,974,226762,2024-01-24
6200,517,August 2020,227736,1000,1448,227288,2024-12-07
6201,517,September 2020,227736,2000,308,229428,2023-06-14
6202,517,October 2020,227736,1000,534,228202,2024-12-30
6203,517,November 2020,227736,2000,816,228920,2022-02-01
6204,517,December 2020,227736,2000,817,228919,2022-12-31
6205,518,January 2020,253946,1000,287,254659,2022-05-08
6206,518,February 2020,253946,2000,779,255167,2023-11-24
6207,518,March 2020,253946,2000,368,255578,2022-06-06
6208,518,April 2020,253946,0,765,253181,2022-03-11
6209,518,May 2020,253946,0,569,253377,2024-09-12
6210,518,June 2020,253946,3000,159,256787,2024-09-22
6211,518,July 2020,253946,0,1298,252648,2023-06-06
6212,518,August 2020,253946,0,1554,252392,2024-07-09
6213,518,September 2020,253946,1000,393,254553,2022-09-29
6214,518,October 2020,253946,3000,1281,255665,2025-06-16
6215,518,November 2020,253946,2000,1148,254798,2024-12-19
6216,518,December 2020,253946,0,1328,252618,2023-09-29
6217,519,January 2020,126322,1000,1466,125856,2025-06-18
6218,519,February 2020,126322,1000,483,126839,2025-06-20
6219,519,March 2020,126322,2000,410,127912,2023-05-07
6220,519,April 2020,126322,3000,156,129166,2025-06-28
6221,519,May 2020,126322,2000,515,127807,2025-12-14
6222,519,June 2020,126322,2000,1469,126853,2022-12-16
6223,519,July 2020,126322,1000,1350,125972,2022-10-22
6224,519,August 2020,126322,1000,1767,125555,2023-01-24
6225,519,September 2020,126322,2000,943,127379,2022-03-06
6226,519,October 2020,126322,0,1721,124601,2025-07-15
6227,519,November 2020,126322,0,691,125631,2025-09-26
6228,519,December 2020,126322,0,845,125477,2023-07-12
6229,520,January 2020,215619,3000,1541,217078,2025-02-08
6230,520,February 2020,215619,1000,423,216196,2023-03-13
6231,520,March 2020,215619,2000,1732,215887,2022-01-18
6232,520,April 2020,215619,1000,824,215795,2023-11-02
6233,520,May 2020,215619,3000,1739,216880,2024-06-19
6234,520,June 2020,215619,1000,740,215879,2023-06-14
6235,520,July 2020,215619,3000,1531,217088,2024-05-17
6236,520,August 2020,215619,1000,818,215801,2023-03-08
6237,520,September 2020,215619,2000,1940,215679,2023-01-16
6238,520,October 2020,215619,3000,932,217687,2025-08-25
6239,520,November 2020,215619,0,1452,214167,2024-02-10
6240,520,December 2020,215619,2000,1982,215637,2025-03-20
6241,521,January 2020,141147,1000,467,141680,2025-06-10
6242,521,February 2020,141147,2000,307,142840,2023-02-04
6243,521,March 2020,141147,1000,1371,140776,2022-06-30
6244,521,April 2020,141147,1000,1002,141145,2023-03-28
6245,521,May 2020,141147,1000,574,141573,2022-08-22
6246,521,June 2020,141147,3000,1650,142497,2024-08-25
6247,521,July 2020,141147,2000,1144,142003,2025-04-29
6248,521,August 2020,141147,1000,394,141753,2025-06-05
6249,521,September 2020,141147,3000,438,143709,2022-04-12
6250,521,October 2020,141147,0,1555,139592,2025-05-14
6251,521,November 2020,141147,1000,110,142037,2024-12-29
6252,521,December 2020,141147,0,1194,139953,2025-06-29
6253,522,January 2020,86230,2000,816,87414,2025-12-30
6254,522,February 2020,86230,2000,1168,87062,2025-05-25
6255,522,March 2020,86230,3000,165,89065,2024-08-13
6256,522,April 2020,86230,0,1226,85004,2022-07-07
6257,522,May 2020,86230,1000,498,86732,2023-09-27
6258,522,June 2020,86230,1000,191,87039,2023-05-20
6259,522,July 2020,86230,2000,1831,86399,2023-03-15
6260,522,August 2020,86230,2000,253,87977,2024-04-06
6261,522,September 2020,86230,2000,1669,86561,2024-11-19
6262,522,October 2020,86230,0,1121,85109,2023-12-23
6263,522,November 2020,86230,1000,1612,85618,2023-01-07
6264,522,December 2020,86230,1000,1761,85469,2022-10-12
6265,523,January 2020,78236,2000,1620,78616,2023-07-31
6266,523,February 2020,78236,2000,629,79607,2022-05-18
6267,523,March 2020,78236,0,20,78216,2025-04-29
6268,523,April 2020,78236,1000,721,78515,2025-02-09
6269,523,May 2020,78236,0,1575,76661,2022-02-20
6270,523,June 2020,78236,3000,1524,79712,2022-02-11
6271,523,July 2020,78236,2000,501,79735,2025-03-16
6272,523,August 2020,78236,3000,1222,80014,2024-09-11
6273,523,September 2020,78236,2000,1013,79223,2023-01-01
6274,523,October 2020,78236,2000,1792,78444,2023-09-25
6275,523,November 2020,78236,0,693,77543,2024-12-11
6276,523,December 2020,78236,2000,1200,79036,2022-03-03
6277,524,January 2020,141668,2000,1562,142106,2022-10-11
6278,524,February 2020,141668,0,901,140767,2024-06-10
6279,524,March 2020,141668,3000,498,144170,2022-10-08
6280,524,April 2020,141668,2000,695,142973,2025-07-17
6281,524,May 2020,141668,2000,310,143358,2023-01-01
6282,524,June 2020,141668,0,1934,139734,2024-04-18
6283,524,July 2020,141668,0,170,141498,2022-12-02
6284,524,August 2020,141668,1000,1395,141273,2024-02-13
6285,524,September 2020,141668,2000,1027,142641,2024-12-19
6286,524,October 2020,141668,2000,1813,141855,2024-07-10
6287,524,November 2020,141668,1000,1405,141263,2022-05-06
6288,524,December 2020,141668,1000,1749,140919,2023-06-29
6289,525,January 2020,124158,0,360,123798,2022-12-04
6290,525,February 2020,124158,3000,977,126181,2022-08-04
6291,525,March 2020,124158,1000,708,124450,2024-02-10
6292,525,April 2020,124158,3000,1548,125610,2022-10-18
6293,525,May 2020,124158,0,1910,122248,2025-03-03
6294,525,June 2020,124158,3000,955,126203,2025-09-07
6295,525,July 2020,124158,2000,14,126144,2022-10-19
6296,525,August 2020,124158,0,956,123202,2025-05-20
6297,525,September 2020,124158,1000,1970,123188,2025-11-01
6298,525,October 2020,124158,1000,295,124863,2022-07-06
6299,525,November 2020,124158,2000,1604,124554,2025-07-16
6300,525,December 2020,124158,2000,463,125695,2025-10-01
6301,526,January 2020,86801,0,203,86598,2023-02-16
6302,526,February 2020,86801,0,447,86354,2022-12-17
6303,526,March 2020,86801,0,503,86298,2025-12-23
6304,526,April 2020,86801,1000,1010,86791,2023-02-12
6305,526,May 2020,86801,3000,1367,88434,2024-09-04
6306,526,June 2020,86801,2000,1596,87205,2025-02-15
6307,526,July 2020,86801,3000,1862,87939,2024-08-02
6308,526,August 2020,86801,1000,1100,86701,2022-08-26
6309,526,September 2020,86801,3000,1195,88606,2025-04-06
6310,526,October 2020,86801,2000,1606,87195,2025-07-09
6311,526,November 2020,86801,3000,1209,88592,2024-05-15
6312,526,December 2020,86801,0,691,86110,2023-12-24
6313,527,January 2020,96358,1000,580,96778,2025-05-10
6314,527,February 2020,96358,2000,687,97671,2024-09-27
6315,527,March 2020,96358,3000,780,98578,2025-02-23
6316,527,April 2020,96358,0,1560,94798,2022-12-18
6317,527,May 2020,96358,1000,1327,96031,2022-10-06
6318,527,June 2020,96358,0,1016,95342,2025-08-01
6319,527,July 2020,96358,1000,42,97316,2022-10-01
6320,527,August 2020,96358,0,691,95667,2023-10-13
6321,527,September 2020,96358,2000,1248,97110,2024-08-22
6322,527,October 2020,96358,0,1241,95117,2025-04-15
6323,527,November 2020,96358,0,370,95988,2022-04-22
6324,527,December 2020,96358,0,536,95822,2025-05-03
6325,528,January 2020,232479,3000,52,235427,2022-04-23
6326,528,February 2020,232479,3000,1812,233667,2024-06-08
6327,528,March 2020,232479,0,135,232344,2023-11-23
6328,528,April 2020,232479,1000,1579,231900,2025-12-24
6329,528,May 2020,232479,3000,1408,234071,2022-12-09
6330,528,June 2020,232479,3000,1166,234313,2023-09-29
6331,528,July 2020,232479,2000,1272,233207,2023-08-12
6332,528,August 2020,232479,2000,647,233832,2023-10-30
6333,528,September 2020,232479,2000,685,233794,2025-03-25
6334,528,October 2020,232479,1000,1835,231644,2024-05-20
6335,528,November 2020,232479,1000,15,233464,2022-02-17
6336,528,December 2020,232479,3000,353,235126,2023-06-24
6337,529,January 2020,228815,0,1115,227700,2025-05-28
6338,529,February 2020,228815,1000,1525,228290,2024-03-26
6339,529,March 2020,228815,0,837,227978,2024-07-29
6340,529,April 2020,228815,3000,872,230943,2025-03-06
6341,529,May 2020,228815,0,441,228374,2023-06-18
6342,529,June 2020,228815,1000,1229,228586,2024-06-13
6343,529,July 2020,228815,0,981,227834,2023-02-28
6344,529,August 2020,228815,1000,774,229041,2024-10-28
6345,529,September 2020,228815,1000,1936,227879,2025-11-20
6346,529,October 2020,228815,3000,1356,230459,2022-04-13
6347,529,November 2020,228815,1000,992,228823,2025-08-30
6348,529,December 2020,228815,3000,30,231785,2024-02-15
6349,530,January 2020,87735,2000,1950,87785,2023-09-22
6350,530,February 2020,87735,1000,573,88162,2023-10-21
6351,530,March 2020,87735,0,342,87393,2023-03-24
6352,530,April 2020,87735,2000,1565,88170,2024-02-10
6353,530,May 2020,87735,3000,1356,89379,2024-12-03
6354,530,June 2020,87735,1000,924,87811,2024-11-16
6355,530,July 2020,87735,2000,1934,87801,2024-11-05
6356,530,August 2020,87735,1000,373,88362,2023-07-22
6357,530,September 2020,87735,3000,352,90383,2024-03-08
6358,530,October 2020,87735,0,1247,86488,2024-04-20
6359,530,November 2020,87735,0,71,87664,2023-11-13
6360,530,December 2020,87735,3000,492,90243,2022-03-03
6361,531,January 2020,254621,2000,1547,255074,2025-04-18
6362,531,February 2020,254621,0,1287,253334,2024-11-07
6363,531,March 2020,254621,0,1764,252857,2023-08-25
6364,531,April 2020,254621,1000,1957,253664,2024-03-03
6365,531,May 2020,254621,0,1699,252922,2024-06-14
6366,531,June 2020,254621,1000,929,254692,2025-09-22
6367,531,July 2020,254621,0,1041,253580,2022-12-31
6368,531,August 2020,254621,3000,24,257597,2025-07-24
6369,531,September 2020,254621,1000,445,255176,2024-08-07
6370,531,October 2020,254621,3000,1244,256377,2024-12-01
6371,531,November 2020,254621,2000,946,255675,2025-08-03
6372,531,December 2020,254621,3000,346,257275,2022-12-03
6373,532,January 2020,248637,2000,1253,249384,2022-06-29
6374,532,February 2020,248637,3000,637,251000,2024-08-07
6375,532,March 2020,248637,3000,109,251528,2025-04-07
6376,532,April 2020,248637,3000,781,250856,2024-01-03
6377,532,May 2020,248637,2000,1033,249604,2025-10-02
6378,532,June 2020,248637,0,1348,247289,2022-10-01
6379,532,July 2020,248637,0,1513,247124,2025-09-08
6380,532,August 2020,248637,2000,1210,249427,2023-07-21
6381,532,September 2020,248637,2000,1948,248689,2025-04-07
6382,532,October 2020,248637,0,1817,246820,2024-09-30
6383,532,November 2020,248637,0,1855,246782,2025-06-13
6384,532,December 2020,248637,1000,1448,248189,2025-04-09
6385,533,January 2020,117020,3000,574,119446,2024-09-21
6386,533,February 2020,117020,3000,813,119207,2022-09-29
6387,533,March 2020,117020,1000,1748,116272,2023-10-23
6388,533,April 2020,117020,1000,499,117521,2022-05-24
6389,533,May 2020,117020,2000,1308,117712,2024-03-08
6390,533,June 2020,117020,0,55,116965,2022-08-29
6391,533,July 2020,117020,3000,1227,118793,2023-01-24
6392,533,August 2020,117020,1000,54,117966,2023-02-12
6393,533,September 2020,117020,1000,1231,116789,2024-08-27
6394,533,October 2020,117020,2000,292,118728,2023-04-20
6395,533,November 2020,117020,0,1418,115602,2023-07-21
6396,533,December 2020,117020,1000,119,117901,2023-12-05
6397,534,January 2020,258904,3000,162,261742,2023-03-31
6398,534,February 2020,258904,1000,266,259638,2025-05-12
6399,534,March 2020,258904,2000,264,260640,2024-12-05
6400,534,April 2020,258904,2000,1418,259486,2022-02-19
6401,534,May 2020,258904,2000,927,259977,2025-02-02
6402,534,June 2020,258904,2000,255,260649,2025-03-13
6403,534,July 2020,258904,3000,1242,260662,2024-10-22
6404,534,August 2020,258904,2000,669,260235,2025-06-03
6405,534,September 2020,258904,3000,949,260955,2025-02-16
6406,534,October 2020,258904,3000,1235,260669,2022-03-09
6407,534,November 2020,258904,0,258,258646,2024-10-26
6408,534,December 2020,258904,0,952,257952,2022-07-07
6409,535,January 2020,183668,2000,1402,184266,2024-04-12
6410,535,February 2020,183668,3000,1078,185590,2022-10-11
6411,535,March 2020,183668,1000,652,184016,2023-04-19
6412,535,April 2020,183668,3000,1235,185433,2025-01-06
6413,535,May 2020,183668,0,134,183534,2024-12-22
6414,535,June 2020,183668,1000,42,184626,2023-02-16
6415,535,July 2020,183668,0,1068,182600,2024-11-17
6416,535,August 2020,183668,1000,1097,183571,2024-03-09
6417,535,September 2020,183668,3000,413,186255,2023-03-17
6418,535,October 2020,183668,2000,626,185042,2022-12-27
6419,535,November 2020,183668,0,1167,182501,2025-04-30
6420,535,December 2020,183668,0,1522,182146,2022-12-20
6421,536,January 2020,203232,2000,1751,203481,2024-01-03
6422,536,February 2020,203232,0,1116,202116,2023-10-07
6423,536,March 2020,203232,3000,1184,205048,2025-05-04
6424,536,April 2020,203232,2000,1285,203947,2023-05-05
6425,536,May 2020,203232,3000,1121,205111,2023-02-17
6426,536,June 2020,203232,1000,153,204079,2023-05-12
6427,536,July 2020,203232,3000,1577,204655,2025-09-16
6428,536,August 2020,203232,2000,1837,203395,2023-01-10
6429,536,September 2020,203232,1000,1500,202732,2023-09-21
6430,536,October 2020,203232,0,1825,201407,2024-08-22
6431,536,November 2020,203232,0,282,202950,2023-09-24
6432,536,December 2020,203232,2000,18,205214,2024-08-30
6433,537,January 2020,106787,1000,1680,106107,2025-11-15
6434,537,February 2020,106787,2000,602,108185,2023-07-26
6435,537,March 2020,106787,1000,808,106979,2022-08-13
6436,537,April 2020,106787,3000,296,109491,2022-06-02
6437,537,May 2020,106787,0,611,106176,2025-12-20
6438,537,June 2020,106787,0,1067,105720,2023-01-30
6439,537,July 2020,106787,1000,430,107357,2022-12-05
6440,537,August 2020,106787,0,293,106494,2024-04-15
6441,537,September 2020,106787,2000,553,108234,2025-02-22
6442,537,October 2020,106787,1000,612,107175,2025-09-24
6443,537,November 2020,106787,1000,1190,106597,2022-09-01
6444,537,December 2020,106787,3000,382,109405,2025-05-18
6445,538,January 2020,269334,1000,721,269613,2022-01-02
6446,538,February 2020,269334,0,280,269054,2023-08-24
6447,538,March 2020,269334,0,1919,267415,2023-02-24
6448,538,April 2020,269334,2000,371,270963,2025-11-29
6449,538,May 2020,269334,2000,1316,270018,2023-06-11
6450,538,June 2020,269334,3000,784,271550,2023-03-05
6451,538,July 2020,269334,3000,295,272039,2023-03-07
6452,538,August 2020,269334,1000,1732,268602,2023-01-28
6453,538,September 2020,269334,0,875,268459,2024-11-23
6454,538,October 2020,269334,0,997,268337,2025-06-06
6455,538,November 2020,269334,3000,868,271466,2022-08-06
6456,538,December 2020,269334,2000,995,270339,2023-10-18
6457,539,January 2020,181063,0,1155,179908,2023-11-14
6458,539,February 2020,181063,0,1102,179961,2024-09-29
6459,539,March 2020,181063,2000,1320,181743,2022-08-04
6460,539,April 2020,181063,2000,5,183058,2025-10-06
6461,539,May 2020,181063,1000,780,181283,2022-03-22
6462,539,June 2020,181063,1000,396,181667,2024-05-30
6463,539,July 2020,181063,2000,1385,181678,2024-03-22
6464,539,August 2020,181063,3000,13,184050,2022-06-11
6465,539,September 2020,181063,3000,383,183680,2023-12-31
6466,539,October 2020,181063,0,1979,179084,2025-06-26
6467,539,November 2020,181063,3000,778,183285,2025-10-09
6468,539,December 2020,181063,2000,538,182525,2023-02-19
6469,540,January 2020,271573,0,1622,269951,2024-07-08
6470,540,February 2020,271573,1000,1193,271380,2025-03-23
6471,540,March 2020,271573,0,581,270992,2025-04-18
6472,540,April 2020,271573,2000,1992,271581,2024-01-21
6473,540,May 2020,271573,1000,513,272060,2023-05-30
6474,540,June 2020,271573,0,1044,270529,2023-08-26
6475,540,July 2020,271573,3000,1629,272944,2022-05-28
6476,540,August 2020,271573,1000,1116,271457,2022-02-08
6477,540,September 2020,271573,3000,845,273728,2025-09-17
6478,540,October 2020,271573,2000,1707,271866,2023-01-31
6479,540,November 2020,271573,0,1579,269994,2025-02-20
6480,540,December 2020,271573,0,1234,270339,2023-06-04
6481,541,January 2020,246543,0,1228,245315,2022-09-01
6482,541,February 2020,246543,1000,1182,246361,2025-11-23
6483,541,March 2020,246543,1000,887,246656,2025-07-07
6484,541,April 2020,246543,2000,131,248412,2022-04-11
6485,541,May 2020,246543,1000,1119,246424,2023-03-02
6486,541,June 2020,246543,1000,742,246801,2022-09-11
6487,541,July 2020,246543,3000,215,249328,2024-12-13
6488,541,August 2020,246543,0,1070,245473,2023-06-20
6489,541,September 2020,246543,1000,1926,245617,2024-07-31
6490,541,October 2020,246543,2000,821,247722,2022-03-21
6491,541,November 2020,246543,0,1145,245398,2025-06-03
6492,541,December 2020,246543,2000,902,247641,2022-01-29
6493,542,January 2020,71619,3000,1052,73567,2023-10-30
6494,542,February 2020,71619,0,125,71494,2022-11-16
6495,542,March 2020,71619,3000,1540,73079,2022-08-10
6496,542,April 2020,71619,3000,1440,73179,2024-07-18
6497,542,May 2020,71619,2000,572,73047,2025-02-25
6498,542,June 2020,71619,3000,1562,73057,2022-02-06
6499,542,July 2020,71619,1000,983,71636,2023-09-20
6500,542,August 2020,71619,3000,1518,73101,2024-11-16
6501,542,September 2020,71619,3000,1031,73588,2023-11-26
6502,542,October 2020,71619,2000,1174,72445,2024-06-29
6503,542,November 2020,71619,3000,1503,73116,2025-05-14
6504,542,December 2020,71619,0,1418,70201,2023-02-27
6505,543,January 2020,82570,1000,411,83159,2023-09-12
6506,543,February 2020,82570,0,1878,80692,2023-11-04
6507,543,March 2020,82570,2000,1663,82907,2022-10-11
6508,543,April 2020,82570,2000,1319,83251,2022-11-21
6509,543,May 2020,82570,0,295,82275,2025-07-27
6510,543,June 2020,82570,0,1763,80807,2023-09-18
6511,543,July 2020,82570,0,316,82254,2022-09-26
6512,543,August 2020,82570,2000,39,84531,2024-01-31
6513,543,September 2020,82570,3000,783,84787,2024-06-19
6514,543,October 2020,82570,1000,900,82670,2023-02-24
6515,543,November 2020,82570,3000,1205,84365,2024-02-05
6516,543,December 2020,82570,2000,960,83610,2025-01-30
6517,544,January 2020,182172,2000,261,183911,2022-02-12
6518,544,February 2020,182172,1000,1681,181491,2024-06-09
6519,544,March 2020,182172,0,216,181956,2025-07-22
6520,544,April 2020,182172,0,735,181437,2022-02-23
6521,544,May 2020,182172,1000,1354,181818,2024-05-03
6522,544,June 2020,182172,2000,606,183566,2024-03-22
6523,544,July 2020,182172,2000,593,183579,2025-01-10
6524,544,August 2020,182172,2000,1260,182912,2025-08-27
6525,544,September 2020,182172,2000,1485,182687,2022-01-09
6526,544,October 2020,182172,0,1747,180425,2023-11-11
6527,544,November 2020,182172,1000,1123,182049,2024-10-07
6528,544,December 2020,182172,2000,1696,182476,2025-09-22
6529,545,January 2020,171219,3000,1394,172825,2023-07-17
6530,545,February 2020,171219,3000,638,173581,2022-08-27
6531,545,March 2020,171219,0,494,170725,2023-04-02
6532,545,April 2020,171219,1000,1945,170274,2022-12-11
6533,545,May 2020,171219,2000,1736,171483,2022-09-04
6534,545,June 2020,171219,2000,594,172625,2023-03-10
6535,545,July 2020,171219,1000,302,171917,2023-09-03
6536,545,August 2020,171219,1000,379,171840,2022-01-19
6537,545,September 2020,171219,1000,481,171738,2025-01-21
6538,545,October 2020,171219,2000,289,172930,2025-12-10
6539,545,November 2020,171219,1000,275,171944,2023-05-01
6540,545,December 2020,171219,2000,360,172859,2023-10-20
6541,546,January 2020,196436,3000,1578,197858,2023-06-04
6542,546,February 2020,196436,0,1234,195202,2024-05-28
6543,546,March 2020,196436,3000,666,198770,2025-04-07
6544,546,April 2020,196436,3000,946,198490,2024-06-23
6545,546,May 2020,196436,2000,1902,196534,2024-07-27
6546,546,June 2020,196436,0,448,195988,2024-02-28
6547,546,July 2020,196436,1000,1654,195782,2022-05-20
6548,546,August 2020,196436,2000,268,198168,2023-06-10
6549,546,September 2020,196436,2000,1571,196865,2025-02-28
6550,546,October 2020,196436,3000,527,198909,2025-06-19
6551,546,November 2020,196436,0,1787,194649,2023-07-25
6552,546,December 2020,196436,1000,1996,195440,2024-09-25
6553,547,January 2020,140803,2000,1991,140812,2023-11-19
6554,547,February 2020,140803,0,1163,139640,2025-08-22
6555,547,March 2020,140803,2000,429,142374,2023-05-09
6556,547,April 2020,140803,1000,808,140995,2022-05-16
6557,547,May 2020,140803,0,103,140700,2023-02-11
6558,547,June 2020,140803,2000,1919,140884,2022-11-12
6559,547,July 2020,140803,1000,1607,140196,2022-03-11
6560,547,August 2020,140803,1000,1363,140440,2025-03-19
6561,547,September 2020,140803,3000,984,142819,2022-03-22
6562,547,October 2020,140803,0,1582,139221,2023-05-14
6563,547,November 2020,140803,0,329,140474,2025-05-14
6564,547,December 2020,140803,3000,1768,142035,2025-11-20
6565,548,January 2020,183811,1000,1936,182875,2025-09-05
6566,548,February 2020,183811,2000,693,185118,2025-12-18
6567,548,March 2020,183811,3000,1146,185665,2023-08-12
6568,548,April 2020,183811,3000,364,186447,2022-05-31
6569,548,May 2020,183811,2000,302,185509,2023-03-18
6570,548,June 2020,183811,2000,727,185084,2022-10-24
6571,548,July 2020,183811,3000,1152,185659,2023-03-02
6572,548,August 2020,183811,3000,395,186416,2025-01-09
6573,548,September 2020,183811,1000,1291,183520,2024-03-19
6574,548,October 2020,183811,3000,165,186646,2025-07-29
6575,548,November 2020,183811,1000,357,184454,2024-09-30
6576,548,December 2020,183811,1000,775,184036,2023-01-29
6577,549,January 2020,275042,1000,1480,274562,2023-01-02
6578,549,February 2020,275042,0,1307,273735,2023-11-24
6579,549,March 2020,275042,0,577,274465,2025-03-28
6580,549,April 2020,275042,1000,201,275841,2025-12-21
6581,549,May 2020,275042,0,400,274642,2023-12-11
6582,549,June 2020,275042,0,401,274641,2022-04-13
6583,549,July 2020,275042,0,161,274881,2022-11-19
6584,549,August 2020,275042,0,1720,273322,2024-04-06
6585,549,September 2020,275042,3000,234,277808,2022-03-15
6586,549,October 2020,275042,2000,1897,275145,2022-02-28
6587,549,November 2020,275042,3000,230,277812,2023-12-29
6588,549,December 2020,275042,2000,830,276212,2022-06-28
6589,550,January 2020,80218,0,1021,79197,2023-04-09
6590,550,February 2020,80218,0,1125,79093,2025-08-11
6591,550,March 2020,80218,2000,1992,80226,2023-05-22
6592,550,April 2020,80218,2000,1750,80468,2025-02-01
6593,550,May 2020,80218,3000,970,82248,2025-03-17
6594,550,June 2020,80218,0,1475,78743,2024-02-23
6595,550,July 2020,80218,1000,990,80228,2025-04-10
6596,550,August 2020,80218,3000,1988,81230,2022-01-08
6597,550,September 2020,80218,2000,1524,80694,2025-07-28
6598,550,October 2020,80218,2000,1917,80301,2024-11-20
6599,550,November 2020,80218,3000,864,82354,2025-03-23
6600,550,December 2020,80218,2000,286,81932,2022-09-04
6601,551,January 2020,186425,2000,1023,187402,2022-09-28
6602,551,February 2020,186425,2000,991,187434,2024-11-06
6603,551,March 2020,186425,0,707,185718,2023-11-10
6604,551,April 2020,186425,0,392,186033,2024-02-24
6605,551,May 2020,186425,2000,530,187895,2022-10-14
6606,551,June 2020,186425,2000,813,187612,2025-10-19
6607,551,July 2020,186425,3000,1044,188381,2023-10-09
6608,551,August 2020,186425,0,1061,185364,2025-03-19
6609,551,September 2020,186425,2000,479,187946,2025-10-18
6610,551,October 2020,186425,1000,178,187247,2023-07-13
6611,551,November 2020,186425,0,282,186143,2023-03-08
6612,551,December 2020,186425,3000,1108,188317,2023-09-06
6613,552,January 2020,285403,1000,1734,284669,2023-05-22
6614,552,February 2020,285403,1000,784,285619,2024-11-02
6615,552,March 2020,285403,0,1769,283634,2024-03-24
6616,552,April 2020,285403,3000,828,287575,2024-03-18
6617,552,May 2020,285403,1000,1086,285317,2025-08-29
6618,552,June 2020,285403,0,1897,283506,2025-09-08
6619,552,July 2020,285403,3000,783,287620,2023-05-17
6620,552,August 2020,285403,2000,1393,286010,2024-03-29
6621,552,September 2020,285403,2000,83,287320,2024-01-27
6622,552,October 2020,285403,1000,1473,284930,2023-04-27
6623,552,November 2020,285403,2000,1042,286361,2023-11-22
6624,552,December 2020,285403,2000,1645,285758,2023-02-09
6625,553,January 2020,162664,0,308,162356,2022-08-15
6626,553,February 2020,162664,2000,1508,163156,2024-04-25
6627,553,March 2020,162664,0,451,162213,2025-11-21
6628,553,April 2020,162664,2000,846,163818,2024-06-26
6629,553,May 2020,162664,0,989,161675,2024-08-09
6630,553,June 2020,162664,3000,702,164962,2022-12-16
6631,553,July 2020,162664,2000,505,164159,2023-07-24
6632,553,August 2020,162664,0,456,162208,2025-06-23
6633,553,September 2020,162664,2000,1446,163218,2024-10-12
6634,553,October 2020,162664,2000,1586,163078,2024-12-26
6635,553,November 2020,162664,0,1289,161375,2025-11-13
6636,553,December 2020,162664,3000,159,165505,2025-01-26
6637,554,January 2020,289127,0,1626,287501,2022-01-02
6638,554,February 2020,289127,2000,1607,289520,2024-11-09
6639,554,March 2020,289127,1000,1253,288874,2023-08-04
6640,554,April 2020,289127,3000,365,291762,2024-12-24
6641,554,May 2020,289127,3000,221,291906,2024-01-30
6642,554,June 2020,289127,0,1845,287282,2024-12-29
6643,554,July 2020,289127,0,1815,287312,2024-10-24
6644,554,August 2020,289127,0,1758,287369,2023-10-30
6645,554,September 2020,289127,3000,1518,290609,2024-05-01
6646,554,October 2020,289127,2000,412,290715,2024-05-10
6647,554,November 2020,289127,2000,1442,289685,2023-10-23
6648,554,December 2020,289127,3000,1337,290790,2025-07-20
6649,555,January 2020,127194,3000,155,130039,2024-02-11
6650,555,February 2020,127194,0,970,126224,2025-01-08
6651,555,March 2020,127194,3000,183,130011,2025-11-30
6652,555,April 2020,127194,0,1886,125308,2024-10-26
6653,555,May 2020,127194,1000,1911,126283,2023-04-12
6654,555,June 2020,127194,1000,39,128155,2023-09-01
6655,555,July 2020,127194,0,1863,125331,2024-09-30
6656,555,August 2020,127194,0,20,127174,2024-04-08
6657,555,September 2020,127194,0,17,127177,2025-12-20
6658,555,October 2020,127194,0,671,126523,2025-01-19
6659,555,November 2020,127194,2000,1654,127540,2024-10-17
6660,555,December 2020,127194,3000,1263,128931,2024-12-24
6661,556,January 2020,260336,0,672,259664,2024-12-17
6662,556,February 2020,260336,2000,805,261531,2023-02-23
6663,556,March 2020,260336,1000,1898,259438,2024-10-01
6664,556,April 2020,260336,2000,138,262198,2025-03-09
6665,556,May 2020,260336,3000,893,262443,2025-05-16
6666,556,June 2020,260336,1000,1818,259518,2024-02-21
6667,556,July 2020,260336,1000,592,260744,2023-06-05
6668,556,August 2020,260336,0,422,259914,2022-11-19
6669,556,September 2020,260336,3000,1697,261639,2022-12-28
6670,556,October 2020,260336,1000,1462,259874,2022-02-12
6671,556,November 2020,260336,1000,152,261184,2025-02-10
6672,556,December 2020,260336,0,1683,258653,2024-05-29
6673,557,January 2020,206168,1000,33,207135,2022-03-16
6674,557,February 2020,206168,2000,272,207896,2023-01-23
6675,557,March 2020,206168,1000,1137,206031,2023-11-16
6676,557,April 2020,206168,1000,1426,205742,2022-07-01
6677,557,May 2020,206168,2000,524,207644,2022-01-18
6678,557,June 2020,206168,3000,1347,207821,2024-03-16
6679,557,July 2020,206168,2000,1320,206848,2025-04-18
6680,557,August 2020,206168,2000,370,207798,2022-03-30
6681,557,September 2020,206168,3000,1370,207798,2025-03-01
6682,557,October 2020,206168,3000,920,208248,2022-02-20
6683,557,November 2020,206168,1000,1097,206071,2023-01-30
6684,557,December 2020,206168,0,852,205316,2023-11-21
6685,558,January 2020,155587,1000,473,156114,2023-08-20
6686,558,February 2020,155587,3000,1515,157072,2024-11-14
6687,558,March 2020,155587,1000,1256,155331,2025-12-14
6688,558,April 2020,155587,0,448,155139,2025-01-16
6689,558,May 2020,155587,0,64,155523,2023-09-04
6690,558,June 2020,155587,0,378,155209,2024-12-23
6691,558,July 2020,155587,3000,1852,156735,2023-10-15
6692,558,August 2020,155587,3000,1590,156997,2022-01-18
6693,558,September 2020,155587,2000,1981,155606,2025-06-16
6694,558,October 2020,155587,3000,217,158370,2022-11-14
6695,558,November 2020,155587,0,43,155544,2024-09-14
6696,558,December 2020,155587,3000,347,158240,2023-03-04
6697,559,January 2020,246889,3000,282,249607,2023-04-09
6698,559,February 2020,246889,0,495,246394,2022-10-15
6699,559,March 2020,246889,3000,1970,247919,2023-03-08
6700,559,April 2020,246889,0,650,246239,2025-05-10
6701,559,May 2020,246889,1000,1108,246781,2022-04-12
6702,559,June 2020,246889,3000,1026,248863,2023-05-27
6703,559,July 2020,246889,0,890,245999,2025-03-21
6704,559,August 2020,246889,2000,597,248292,2023-12-31
6705,559,September 2020,246889,2000,530,248359,2023-05-22
6706,559,October 2020,246889,0,678,246211,2022-04-09
6707,559,November 2020,246889,1000,1663,246226,2024-02-28
6708,559,December 2020,246889,3000,1213,248676,2025-01-28
6709,560,January 2020,148462,3000,487,150975,2025-06-09
6710,560,February 2020,148462,2000,1874,148588,2025-04-05
6711,560,March 2020,148462,0,1534,146928,2023-07-10
6712,560,April 2020,148462,0,1964,146498,2025-02-11
6713,560,May 2020,148462,3000,46,151416,2025-11-15
6714,560,June 2020,148462,3000,1354,150108,2024-07-22
6715,560,July 2020,148462,2000,1923,148539,2023-10-05
6716,560,August 2020,148462,1000,1665,147797,2023-01-16
6717,560,September 2020,148462,1000,1016,148446,2022-08-29
6718,560,October 2020,148462,2000,194,150268,2022-08-22
6719,560,November 2020,148462,0,1932,146530,2023-07-07
6720,560,December 2020,148462,1000,221,149241,2022-04-01
6721,561,January 2020,99895,2000,823,101072,2023-06-25
6722,561,February 2020,99895,2000,245,101650,2024-06-09
6723,561,March 2020,99895,2000,1236,100659,2025-04-02
6724,561,April 2020,99895,1000,487,100408,2025-07-31
6725,561,May 2020,99895,3000,237,102658,2023-04-30
6726,561,June 2020,99895,0,1522,98373,2022-02-09
6727,561,July 2020,99895,1000,950,99945,2022-04-11
6728,561,August 2020,99895,1000,92,100803,2022-09-29
6729,561,September 2020,99895,0,781,99114,2025-08-26
6730,561,October 2020,99895,3000,924,101971,2023-07-30
6731,561,November 2020,99895,2000,737,101158,2024-08-07
6732,561,December 2020,99895,1000,452,100443,2023-04-10
6733,562,January 2020,215934,2000,78,217856,2022-02-08
6734,562,February 2020,215934,1000,962,215972,2024-11-01
6735,562,March 2020,215934,2000,1643,216291,2022-07-12
6736,562,April 2020,215934,3000,282,218652,2025-03-27
6737,562,May 2020,215934,1000,1642,215292,2022-10-17
6738,562,June 2020,215934,2000,349,217585,2023-09-09
6739,562,July 2020,215934,0,1028,214906,2023-01-14
6740,562,August 2020,215934,1000,1710,215224,2025-08-24
6741,562,September 2020,215934,1000,648,216286,2024-09-17
6742,562,October 2020,215934,2000,759,217175,2024-11-24
6743,562,November 2020,215934,2000,273,217661,2024-12-31
6744,562,December 2020,215934,0,1970,213964,2024-03-15
6745,563,January 2020,287016,0,438,286578,2025-03-08
6746,563,February 2020,287016,1000,848,287168,2023-04-26
6747,563,March 2020,287016,3000,545,289471,2022-08-04
6748,563,April 2020,287016,0,1521,285495,2024-05-29
6749,563,May 2020,287016,3000,667,289349,2024-11-16
6750,563,June 2020,287016,2000,1261,287755,2024-10-27
6751,563,July 2020,287016,1000,477,287539,2024-02-07
6752,563,August 2020,287016,3000,1615,288401,2025-11-11
6753,563,September 2020,287016,1000,1053,286963,2022-05-22
6754,563,October 2020,287016,0,23,286993,2024-06-27
6755,563,November 2020,287016,1000,1573,286443,2025-11-30
6756,563,December 2020,287016,1000,1523,286493,2023-01-19
6757,564,January 2020,136881,1000,694,137187,2022-04-30
6758,564,February 2020,136881,1000,138,137743,2023-12-03
6759,564,March 2020,136881,0,1964,134917,2023-11-29
6760,564,April 2020,136881,1000,1701,136180,2024-07-10
6761,564,May 2020,136881,1000,1957,135924,2024-05-15
6762,564,June 2020,136881,1000,1110,136771,2022-01-01
6763,564,July 2020,136881,1000,602,137279,2022-03-25
6764,564,August 2020,136881,3000,261,139620,2024-10-05
6765,564,September 2020,136881,1000,1266,136615,2023-02-25
6766,564,October 2020,136881,0,543,136338,2022-05-14
6767,564,November 2020,136881,2000,632,138249,2025-07-29
6768,564,December 2020,136881,3000,1105,138776,2022-07-30
6769,565,January 2020,257367,1000,342,258025,2025-04-10
6770,565,February 2020,257367,0,1402,255965,2022-12-19
6771,565,March 2020,257367,2000,1555,257812,2024-04-10
6772,565,April 2020,257367,0,1405,255962,2025-02-06
6773,565,May 2020,257367,2000,1914,257453,2024-11-27
6774,565,June 2020,257367,0,1334,256033,2024-12-11
6775,565,July 2020,257367,3000,366,260001,2025-12-11
6776,565,August 2020,257367,1000,255,258112,2022-06-10
6777,565,September 2020,257367,2000,1639,257728,2022-11-19
6778,565,October 2020,257367,3000,352,260015,2022-09-15
6779,565,November 2020,257367,1000,501,257866,2022-05-24
6780,565,December 2020,257367,0,957,256410,2024-06-17
6781,566,January 2020,131007,0,1744,129263,2024-06-21
6782,566,February 2020,131007,1000,225,131782,2022-03-17
6783,566,March 2020,131007,3000,968,133039,2024-04-25
6784,566,April 2020,131007,0,134,130873,2025-12-22
6785,566,May 2020,131007,1000,68,131939,2023-11-27
6786,566,June 2020,131007,3000,950,133057,2025-05-21
6787,566,July 2020,131007,2000,330,132677,2023-01-10
6788,566,August 2020,131007,0,1915,129092,2023-12-24
6789,566,September 2020,131007,1000,647,131360,2023-10-11
6790,566,October 2020,131007,1000,1585,130422,2022-11-20
6791,566,November 2020,131007,1000,1387,130620,2023-03-31
6792,566,December 2020,131007,0,439,130568,2024-07-06
6793,567,January 2020,279040,3000,994,281046,2023-12-26
6794,567,February 2020,279040,0,78,278962,2024-03-02
6795,567,March 2020,279040,2000,1343,279697,2023-01-24
6796,567,April 2020,279040,0,1397,277643,2025-01-29
6797,567,May 2020,279040,1000,1940,278100,2023-05-20
6798,567,June 2020,279040,3000,55,281985,2024-10-30
6799,567,July 2020,279040,1000,1464,278576,2024-11-08
6800,567,August 2020,279040,1000,1601,278439,2022-05-09
6801,567,September 2020,279040,1000,601,279439,2022-02-05
6802,567,October 2020,279040,2000,620,280420,2023-11-24
6803,567,November 2020,279040,2000,1827,279213,2023-07-18
6804,567,December 2020,279040,1000,1984,278056,2024-09-28
6805,568,January 2020,208888,2000,260,210628,2023-03-20
6806,568,February 2020,208888,0,1361,207527,2025-11-26
6807,568,March 2020,208888,3000,1938,209950,2023-07-08
6808,568,April 2020,208888,1000,1027,208861,2025-05-11
6809,568,May 2020,208888,2000,420,210468,2024-04-14
6810,568,June 2020,208888,0,1199,207689,2024-05-07
6811,568,July 2020,208888,3000,94,211794,2022-04-26
6812,568,August 2020,208888,0,609,208279,2022-02-24
6813,568,September 2020,208888,1000,1277,208611,2024-05-08
6814,568,October 2020,208888,2000,1633,209255,2022-02-25
6815,568,November 2020,208888,2000,8,210880,2022-03-13
6816,568,December 2020,208888,1000,831,209057,2024-03-05
6817,569,January 2020,161820,0,560,161260,2025-09-10
6818,569,February 2020,161820,0,1046,160774,2025-03-14
6819,569,March 2020,161820,1000,1252,161568,2024-03-10
6820,569,April 2020,161820,0,92,161728,2022-06-06
6821,569,May 2020,161820,3000,1637,163183,2023-11-22
6822,569,June 2020,161820,1000,1793,161027,2025-07-12
6823,569,July 2020,161820,0,373,161447,2025-12-01
6824,569,August 2020,161820,1000,1700,161120,2023-09-16
6825,569,September 2020,161820,0,638,161182,2025-04-26
6826,569,October 2020,161820,3000,1069,163751,2022-12-20
6827,569,November 2020,161820,1000,1038,161782,2022-12-05
6828,569,December 2020,161820,0,1211,160609,2023-01-16
6829,570,January 2020,243458,2000,642,244816,2023-05-09
6830,570,February 2020,243458,1000,681,243777,2024-12-24
6831,570,March 2020,243458,2000,1068,244390,2022-12-10
6832,570,April 2020,243458,0,1832,241626,2024-12-25
6833,570,May 2020,243458,2000,1880,243578,2025-04-13
6834,570,June 2020,243458,2000,1933,243525,2025-09-02
6835,570,July 2020,243458,0,1525,241933,2022-11-09
6836,570,August 2020,243458,1000,1651,242807,2024-04-15
6837,570,September 2020,243458,1000,630,243828,2023-07-18
6838,570,October 2020,243458,1000,1816,242642,2022-03-18
6839,570,November 2020,243458,2000,198,245260,2024-07-27
6840,570,December 2020,243458,2000,40,245418,2025-12-20
6841,571,January 2020,276833,2000,225,278608,2023-10-17
6842,571,February 2020,276833,0,1637,275196,2024-06-15
6843,571,March 2020,276833,3000,1875,277958,2025-04-10
6844,571,April 2020,276833,0,835,275998,2025-09-26
6845,571,May 2020,276833,3000,1053,278780,2024-03-24
6846,571,June 2020,276833,3000,229,279604,2024-09-12
6847,571,July 2020,276833,2000,1165,277668,2025-06-22
6848,571,August 2020,276833,3000,1421,278412,2023-03-23
6849,571,September 2020,276833,0,1500,275333,2024-06-03
6850,571,October 2020,276833,2000,1697,277136,2025-10-20
6851,571,November 2020,276833,1000,552,277281,2023-01-02
6852,571,December 2020,276833,3000,1755,278078,2022-12-14
6853,572,January 2020,119534,0,1768,117766,2022-03-12
6854,572,February 2020,119534,3000,260,122274,2025-02-21
6855,572,March 2020,119534,3000,1223,121311,2024-05-02
6856,572,April 2020,119534,1000,1138,119396,2025-10-18
6857,572,May 2020,119534,0,717,118817,2022-07-31
6858,572,June 2020,119534,2000,1937,119597,2023-06-18
6859,572,July 2020,119534,1000,817,119717,2024-04-20
6860,572,August 2020,119534,1000,461,120073,2022-04-08
6861,572,September 2020,119534,2000,579,120955,2024-11-04
6862,572,October 2020,119534,0,470,119064,2025-06-30
6863,572,November 2020,119534,1000,1230,119304,2023-05-27
6864,572,December 2020,119534,3000,1513,121021,2023-12-28
6865,573,January 2020,109617,0,1193,108424,2025-09-22
6866,573,February 2020,109617,3000,448,112169,2025-03-24
6867,573,March 2020,109617,1000,720,109897,2022-02-18
6868,573,April 2020,109617,1000,543,110074,2025-07-17
6869,573,May 2020,109617,2000,896,110721,2025-01-05
6870,573,June 2020,109617,3000,1973,110644,2024-10-29
6871,573,July 2020,109617,1000,1098,109519,2023-11-23
6872,573,August 2020,109617,3000,922,111695,2024-03-09
6873,573,September 2020,109617,1000,1918,108699,2024-01-05
6874,573,October 2020,109617,1000,740,109877,2023-09-05
6875,573,November 2020,109617,2000,946,110671,2024-11-07
6876,573,December 2020,109617,0,1493,108124,2022-08-03
6877,574,January 2020,125483,2000,1029,126454,2023-06-08
6878,574,February 2020,125483,0,1300,124183,2025-03-24
6879,574,March 2020,125483,2000,112,127371,2022-11-29
6880,574,April 2020,125483,1000,1313,125170,2025-07-20
6881,574,May 2020,125483,0,174,125309,2023-08-15
6882,574,June 2020,125483,0,585,124898,2023-08-06
6883,574,July 2020,125483,3000,1954,126529,2024-04-19
6884,574,August 2020,125483,3000,1557,126926,2023-03-12
6885,574,September 2020,125483,3000,1458,127025,2025-06-16
6886,574,October 2020,125483,2000,1723,125760,2022-07-25
6887,574,November 2020,125483,3000,1770,126713,2025-09-07
6888,574,December 2020,125483,1000,358,126125,2022-03-08
6889,575,January 2020,168036,0,959,167077,2024-05-12
6890,575,February 2020,168036,2000,396,169640,2023-09-05
6891,575,March 2020,168036,2000,471,169565,2023-10-20
6892,575,April 2020,168036,3000,1152,169884,2023-10-29
6893,575,May 2020,168036,3000,468,170568,2025-01-17
6894,575,June 2020,168036,1000,476,168560,2022-03-07
6895,575,July 2020,168036,0,865,167171,2025-06-06
6896,575,August 2020,168036,0,1135,166901,2022-11-15
6897,575,September 2020,168036,1000,1597,167439,2023-08-11
6898,575,October 2020,168036,0,1402,166634,2024-02-25
6899,575,November 2020,168036,3000,385,170651,2022-12-12
6900,575,December 2020,168036,2000,1119,168917,2024-11-30
6901,576,January 2020,73869,2000,178,75691,2025-02-10
6902,576,February 2020,73869,3000,874,75995,2022-03-26
6903,576,March 2020,73869,3000,1453,75416,2025-12-18
6904,576,April 2020,73869,1000,306,74563,2023-10-10
6905,576,May 2020,73869,0,1128,72741,2023-02-18
6906,576,June 2020,73869,2000,1405,74464,2023-11-21
6907,576,July 2020,73869,2000,482,75387,2023-11-24
6908,576,August 2020,73869,1000,1445,73424,2022-11-01
6909,576,September 2020,73869,2000,1474,74395,2023-08-05
6910,576,October 2020,73869,1000,1941,72928,2023-06-27
6911,576,November 2020,73869,0,52,73817,2024-07-24
6912,576,December 2020,73869,1000,627,74242,2023-04-15
6913,577,January 2020,257982,0,1467,256515,2025-07-05
6914,577,February 2020,257982,3000,1985,258997,2022-11-02
6915,577,March 2020,257982,2000,838,259144,2022-10-22
6916,577,April 2020,257982,3000,296,260686,2022-04-20
6917,577,May 2020,257982,0,1286,256696,2025-11-27
6918,577,June 2020,257982,1000,227,258755,2025-05-08
6919,577,July 2020,257982,2000,118,259864,2023-03-13
6920,577,August 2020,257982,3000,1161,259821,2025-08-10
6921,577,September 2020,257982,3000,1664,259318,2022-10-23
6922,577,October 2020,257982,2000,1754,258228,2024-04-25
6923,577,November 2020,257982,1000,1638,257344,2022-05-22
6924,577,December 2020,257982,2000,1725,258257,2023-07-11
6925,578,January 2020,90500,3000,476,93024,2025-11-16
6926,578,February 2020,90500,1000,234,91266,2025-05-28
6927,578,March 2020,90500,2000,961,91539,2025-11-15
6928,578,April 2020,90500,2000,859,91641,2025-03-22
6929,578,May 2020,90500,1000,646,90854,2023-08-05
6930,578,June 2020,90500,2000,475,92025,2023-11-23
6931,578,July 2020,90500,3000,944,92556,2023-10-20
6932,578,August 2020,90500,1000,1275,90225,2025-10-24
6933,578,September 2020,90500,1000,1706,89794,2025-08-31
6934,578,October 2020,90500,0,1163,89337,2023-05-04
6935,578,November 2020,90500,1000,196,91304,2022-07-11
6936,578,December 2020,90500,1000,501,90999,2025-01-31
6937,579,January 2020,110121,0,948,109173,2022-09-19
6938,579,February 2020,110121,0,1239,108882,2022-02-14
6939,579,March 2020,110121,3000,1062,112059,2022-02-22
6940,579,April 2020,110121,0,1545,108576,2024-08-30
6941,579,May 2020,110121,2000,1104,111017,2022-07-21
6942,579,June 2020,110121,2000,1463,110658,2022-01-01
6943,579,July 2020,110121,2000,915,111206,2022-11-04
6944,579,August 2020,110121,2000,911,111210,2022-04-05
6945,579,September 2020,110121,1000,198,110923,2023-07-31
6946,579,October 2020,110121,1000,1718,109403,2025-08-24
6947,579,November 2020,110121,1000,1418,109703,2022-07-03
6948,579,December 2020,110121,2000,1181,110940,2023-08-04
6949,580,January 2020,282861,3000,1840,284021,2023-06-03
6950,580,February 2020,282861,0,220,282641,2022-05-25
6951,580,March 2020,282861,2000,197,284664,2025-11-27
6952,580,April 2020,282861,0,351,282510,2024-03-03
6953,580,May 2020,282861,1000,1524,282337,2022-04-03
6954,580,June 2020,282861,1000,1256,282605,2022-06-23
6955,580,July 2020,282861,2000,1751,283110,2025-01-10
6956,580,August 2020,282861,1000,231,283630,2022-08-19
6957,580,September 2020,282861,0,103,282758,2022-08-17
6958,580,October 2020,282861,0,1896,280965,2025-08-27
6959,580,November 2020,282861,0,1805,281056,2025-02-11
6960,580,December 2020,282861,3000,218,285643,2025-10-18
6961,581,January 2020,134202,1000,266,134936,2024-11-10
6962,581,February 2020,134202,0,604,133598,2023-01-11
6963,581,March 2020,134202,1000,1458,133744,2023-11-26
6964,581,April 2020,134202,1000,1964,133238,2022-04-07
6965,581,May 2020,134202,1000,774,134428,2023-12-19
6966,581,June 2020,134202,3000,82,137120,2022-07-25
6967,581,July 2020,134202,3000,465,136737,2022-12-18
6968,581,August 2020,134202,3000,579,136623,2024-08-29
6969,581,September 2020,134202,0,1143,133059,2023-10-11
6970,581,October 2020,134202,3000,564,136638,2023-03-15
6971,581,November 2020,134202,3000,56,137146,2023-09-16
6972,581,December 2020,134202,2000,1795,134407,2025-08-23
6973,582,January 2020,241050,2000,766,242284,2023-05-08
6974,582,February 2020,241050,3000,942,243108,2025-02-25
6975,582,March 2020,241050,0,1442,239608,2025-08-17
6976,582,April 2020,241050,1000,334,241716,2023-03-12
6977,582,May 2020,241050,0,1971,239079,2022-10-28
6978,582,June 2020,241050,1000,750,241300,2023-12-03
6979,582,July 2020,241050,3000,1526,242524,2023-02-18
6980,582,August 2020,241050,1000,729,241321,2023-04-07
6981,582,September 2020,241050,3000,929,243121,2025-10-11
6982,582,October 2020,241050,1000,1972,240078,2025-04-06
6983,582,November 2020,241050,3000,1336,242714,2025-02-21
6984,582,December 2020,241050,1000,1509,240541,2024-02-10
6985,583,January 2020,188126,1000,1204,187922,2024-09-30
6986,583,February 2020,188126,0,1242,186884,2022-03-21
6987,583,March 2020,188126,3000,1302,189824,2023-11-05
6988,583,April 2020,188126,1000,745,188381,2025-02-22
6989,583,May 2020,188126,1000,398,188728,2024-09-02
6990,583,June 2020,188126,1000,1646,187480,2025-01-31
6991,583,July 2020,188126,0,752,187374,2022-04-02
6992,583,August 2020,188126,1000,1102,188024,2023-07-20
6993,583,September 2020,188126,2000,1046,189080,2025-06-26
6994,583,October 2020,188126,0,27,188099,2024-12-15
6995,583,November 2020,188126,2000,1273,188853,2022-03-02
6996,583,December 2020,188126,2000,309,189817,2022-07-20
6997,584,January 2020,238136,2000,1292,238844,2022-05-12
6998,584,February 2020,238136,3000,507,240629,2023-05-27
6999,584,March 2020,238136,2000,1660,238476,2022-01-29
7000,584,April 2020,238136,3000,435,240701,2025-02-16
7001,584,May 2020,238136,0,927,237209,2022-07-22
7002,584,June 2020,238136,1000,594,238542,2023-03-13
7003,584,July 2020,238136,0,781,237355,2024-01-23
7004,584,August 2020,238136,2000,579,239557,2023-04-02
7005,584,September 2020,238136,1000,1317,237819,2022-09-03
7006,584,October 2020,238136,2000,970,239166,2024-12-20
7007,584,November 2020,238136,1000,909,238227,2025-06-02
7008,584,December 2020,238136,2000,126,240010,2023-06-08
7009,585,January 2020,126176,0,1487,124689,2023-09-16
7010,585,February 2020,126176,3000,862,128314,2024-09-22
7011,585,March 2020,126176,3000,1117,128059,2022-03-30
7012,585,April 2020,126176,1000,504,126672,2025-08-27
7013,585,May 2020,126176,2000,1010,127166,2022-08-10
7014,585,June 2020,126176,1000,1863,125313,2025-04-07
7015,585,July 2020,126176,0,1599,124577,2025-04-14
7016,585,August 2020,126176,1000,1243,125933,2025-08-23
7017,585,September 2020,126176,3000,972,128204,2022-02-18
7018,585,October 2020,126176,3000,309,128867,2022-02-28
7019,585,November 2020,126176,2000,416,127760,2023-09-12
7020,585,December 2020,126176,2000,1456,126720,2024-11-26
7021,586,January 2020,166499,3000,1454,168045,2022-10-16
7022,586,February 2020,166499,1000,1999,165500,2023-08-22
7023,586,March 2020,166499,1000,139,167360,2023-04-17
7024,586,April 2020,166499,3000,266,169233,2024-11-10
7025,586,May 2020,166499,1000,451,167048,2022-11-30
7026,586,June 2020,166499,2000,919,167580,2023-08-31
7027,586,July 2020,166499,1000,1794,165705,2025-05-02
7028,586,August 2020,166499,2000,1529,166970,2025-08-11
7029,586,September 2020,166499,1000,1830,165669,2022-12-20
7030,586,October 2020,166499,3000,446,169053,2024-01-08
7031,586,November 2020,166499,3000,1348,168151,2025-06-01
7032,586,December 2020,166499,1000,1468,166031,2023-10-13
7033,587,January 2020,189215,2000,840,190375,2025-08-17
7034,587,February 2020,189215,2000,895,190320,2022-01-28
7035,587,March 2020,189215,3000,963,191252,2023-12-07
7036,587,April 2020,189215,0,1374,187841,2022-07-24
7037,587,May 2020,189215,0,851,188364,2025-01-17
7038,587,June 2020,189215,2000,1279,189936,2023-12-17
7039,587,July 2020,189215,1000,1915,188300,2023-08-14
7040,587,August 2020,189215,2000,240,190975,2023-08-04
7041,587,September 2020,189215,1000,1760,188455,2025-10-24
7042,587,October 2020,189215,2000,1741,189474,2025-01-31
7043,587,November 2020,189215,1000,53,190162,2022-05-11
7044,587,December 2020,189215,2000,1854,189361,2023-11-20
7045,588,January 2020,88925,1000,1059,88866,2025-10-25
7046,588,February 2020,88925,1000,627,89298,2023-03-28
7047,588,March 2020,88925,2000,754,90171,2023-07-22
7048,588,April 2020,88925,1000,278,89647,2024-07-03
7049,588,May 2020,88925,3000,880,91045,2023-09-23
7050,588,June 2020,88925,2000,1899,89026,2022-01-26
7051,588,July 2020,88925,1000,1913,88012,2025-06-25
7052,588,August 2020,88925,3000,1608,90317,2023-12-13
7053,588,September 2020,88925,1000,1765,88160,2022-07-24
7054,588,October 2020,88925,2000,1685,89240,2024-12-21
7055,588,November 2020,88925,0,46,88879,2024-06-06
7056,588,December 2020,88925,1000,753,89172,2023-02-01
7057,589,January 2020,145369,3000,1324,147045,2023-12-17
7058,589,February 2020,145369,1000,678,145691,2022-04-29
7059,589,March 2020,145369,3000,1120,147249,2024-06-17
7060,589,April 2020,145369,0,309,145060,2023-07-07
7061,589,May 2020,145369,0,235,145134,2023-04-10
7062,589,June 2020,145369,0,648,144721,2022-03-17
7063,589,July 2020,145369,0,1590,143779,2024-10-05
7064,589,August 2020,145369,0,1632,143737,2024-09-13
7065,589,September 2020,145369,2000,817,146552,2025-06-08
7066,589,October 2020,145369,2000,734,146635,2023-03-17
7067,589,November 2020,145369,1000,1879,144490,2024-09-29
7068,589,December 2020,145369,1000,1118,145251,2025-01-24
7069,590,January 2020,95787,1000,1155,95632,2024-12-13
7070,590,February 2020,95787,2000,393,97394,2025-10-03
7071,590,March 2020,95787,3000,884,97903,2023-10-07
7072,590,April 2020,95787,3000,1757,97030,2023-12-18
7073,590,May 2020,95787,2000,844,96943,2022-06-02
7074,590,June 2020,95787,1000,1325,95462,2025-09-25
7075,590,July 2020,95787,3000,911,97876,2023-06-10
7076,590,August 2020,95787,1000,619,96168,2022-02-04
7077,590,September 2020,95787,2000,244,97543,2025-10-28
7078,590,October 2020,95787,2000,1488,96299,2022-12-21
7079,590,November 2020,95787,3000,252,98535,2025-06-18
7080,590,December 2020,95787,0,1783,94004,2024-02-17
7081,591,January 2020,109291,2000,954,110337,2023-07-21
7082,591,February 2020,109291,3000,1255,111036,2023-08-28
7083,591,March 2020,109291,2000,1531,109760,2024-08-18
7084,591,April 2020,109291,2000,603,110688,2023-05-04
7085,591,May 2020,109291,0,508,108783,2024-07-03
7086,591,June 2020,109291,3000,1321,110970,2023-08-01
7087,591,July 2020,109291,2000,337,110954,2024-09-16
7088,591,August 2020,109291,1000,307,109984,2022-04-19
7089,591,September 2020,109291,3000,1720,110571,2022-02-20
7090,591,October 2020,109291,0,796,108495,2025-08-14
7091,591,November 2020,109291,2000,495,110796,2024-08-27
7092,591,December 2020,109291,2000,1239,110052,2025-02-09
7093,592,January 2020,76814,0,287,76527,2025-06-02
7094,592,February 2020,76814,1000,1677,76137,2023-07-23
7095,592,March 2020,76814,1000,137,77677,2022-04-04
7096,592,April 2020,76814,3000,1039,78775,2023-02-16
7097,592,May 2020,76814,2000,578,78236,2022-08-10
7098,592,June 2020,76814,0,1593,75221,2024-02-09
7099,592,July 2020,76814,0,1931,74883,2022-01-19
7100,592,August 2020,76814,1000,738,77076,2022-01-09
7101,592,September 2020,76814,3000,622,79192,2024-01-11
7102,592,October 2020,76814,1000,541,77273,2022-04-30
7103,592,November 2020,76814,1000,513,77301,2023-08-10
7104,592,December 2020,76814,3000,1481,78333,2024-03-27
7105,593,January 2020,182995,2000,1997,182998,2022-02-12
7106,593,February 2020,182995,2000,1779,183216,2024-08-18
7107,593,March 2020,182995,3000,894,185101,2023-02-13
7108,593,April 2020,182995,3000,1176,184819,2022-01-27
7109,593,May 2020,182995,1000,535,183460,2025-01-24
7110,593,June 2020,182995,2000,1171,183824,2024-08-31
7111,593,July 2020,182995,1000,603,183392,2025-03-10
7112,593,August 2020,182995,0,1225,181770,2025-07-20
7113,593,September 2020,182995,3000,633,185362,2024-08-11
7114,593,October 2020,182995,1000,1419,182576,2025-07-24
7115,593,November 2020,182995,2000,339,184656,2022-12-07
7116,593,December 2020,182995,1000,1418,182577,2025-01-08
7117,594,January 2020,160640,3000,33,163607,2025-03-07
7118,594,February 2020,160640,2000,194,162446,2025-07-28
7119,594,March 2020,160640,3000,44,163596,2023-08-18
7120,594,April 2020,160640,3000,1698,161942,2022-09-09
7121,594,May 2020,160640,0,152,160488,2022-11-16
7122,594,June 2020,160640,2000,1026,161614,2025-07-07
7123,594,July 2020,160640,3000,768,162872,2024-10-05
7124,594,August 2020,160640,1000,429,161211,2024-12-08
7125,594,September 2020,160640,0,1595,159045,2023-09-11
7126,594,October 2020,160640,0,371,160269,2024-08-10
7127,594,November 2020,160640,0,1390,159250,2023-09-08
7128,594,December 2020,160640,0,708,159932,2025-03-06
7129,595,January 2020,174436,3000,1561,175875,2024-01-30
7130,595,February 2020,174436,0,358,174078,2025-01-11
7131,595,March 2020,174436,2000,1275,175161,2024-06-08
7132,595,April 2020,174436,0,1253,173183,2024-05-24
7133,595,May 2020,174436,1000,1581,173855,2025-07-05
7134,595,June 2020,174436,0,1396,173040,2023-04-12
7135,595,July 2020,174436,0,579,173857,2023-02-25
7136,595,August 2020,174436,3000,331,177105,2024-02-07
7137,595,September 2020,174436,2000,1336,175100,2023-04-19
7138,595,October 2020,174436,1000,1814,173622,2025-02-23
7139,595,November 2020,174436,3000,1105,176331,2025-05-19
7140,595,December 2020,174436,0,791,173645,2024-01-21
7141,596,January 2020,76874,0,460,76414,2023-04-22
7142,596,February 2020,76874,3000,353,79521,2023-03-21
7143,596,March 2020,76874,2000,53,78821,2022-03-28
7144,596,April 2020,76874,2000,440,78434,2024-05-05
7145,596,May 2020,76874,2000,1080,77794,2025-06-20
7146,596,June 2020,76874,0,633,76241,2025-03-09
7147,596,July 2020,76874,0,198,76676,2022-02-13
7148,596,August 2020,76874,1000,1148,76726,2024-07-08
7149,596,September 2020,76874,2000,1311,77563,2025-07-30
7150,596,October 2020,76874,0,48,76826,2024-11-02
7151,596,November 2020,76874,0,955,75919,2023-07-24
7152,596,December 2020,76874,2000,708,78166,2025-09-29
7153,597,January 2020,117660,0,1171,116489,2022-11-29
7154,597,February 2020,117660,1000,89,118571,2022-12-09
7155,597,March 2020,117660,0,184,117476,2025-07-15
7156,597,April 2020,117660,1000,1802,116858,2022-05-28
7157,597,May 2020,117660,3000,989,119671,2024-02-17
7158,597,June 2020,117660,3000,942,119718,2022-07-30
7159,597,July 2020,117660,2000,72,119588,2022-06-18
7160,597,August 2020,117660,1000,647,118013,2024-07-18
7161,597,September 2020,117660,2000,1594,118066,2024-10-12
7162,597,October 2020,117660,0,407,117253,2022-10-20
7163,597,November 2020,117660,1000,196,118464,2025-08-20
7164,597,December 2020,117660,1000,1369,117291,2024-12-12
7165,598,January 2020,169545,2000,1973,169572,2025-07-05
7166,598,February 2020,169545,1000,475,170070,2025-07-22
7167,598,March 2020,169545,3000,1750,170795,2022-04-11
7168,598,April 2020,169545,1000,877,169668,2024-07-09
7169,598,May 2020,169545,2000,443,171102,2024-01-27
7170,598,June 2020,169545,1000,887,169658,2023-11-06
7171,598,July 2020,169545,0,1874,167671,2023-06-18
7172,598,August 2020,169545,1000,663,169882,2023-09-26
7173,598,September 2020,169545,2000,1420,170125,2025-01-25
7174,598,October 2020,169545,1000,156,170389,2025-07-16
7175,598,November 2020,169545,2000,957,170588,2022-11-27
7176,598,December 2020,169545,3000,1724,170821,2024-10-16
7177,599,January 2020,281838,1000,825,282013,2024-04-03
7178,599,February 2020,281838,2000,1019,282819,2023-04-26
7179,599,March 2020,281838,3000,327,284511,2024-03-24
7180,599,April 2020,281838,3000,1423,283415,2024-06-10
7181,599,May 2020,281838,0,270,281568,2025-11-20
7182,599,June 2020,281838,2000,1176,282662,2022-06-22
7183,599,July 2020,281838,3000,37,284801,2022-05-05
7184,599,August 2020,281838,3000,282,284556,2023-06-03
7185,599,September 2020,281838,1000,264,282574,2024-09-09
7186,599,October 2020,281838,2000,1136,282702,2022-05-07
7187,599,November 2020,281838,0,522,281316,2022-12-14
7188,599,December 2020,281838,2000,626,283212,2023-10-27
7189,600,January 2020,120178,2000,1708,120470,2025-03-27
7190,600,February 2020,120178,0,65,120113,2024-05-07
7191,600,March 2020,120178,1000,1430,119748,2025-08-14
7192,600,April 2020,120178,0,1829,118349,2023-10-25
7193,600,May 2020,120178,0,1202,118976,2025-04-16
7194,600,June 2020,120178,3000,1533,121645,2025-04-11
7195,600,July 2020,120178,1000,1678,119500,2024-11-24
7196,600,August 2020,120178,3000,360,122818,2024-07-07
7197,600,September 2020,120178,1000,290,120888,2024-10-11
7198,600,October 2020,120178,1000,390,120788,2024-04-21
7199,600,November 2020,120178,3000,155,123023,2023-10-28
7200,600,December 2020,120178,3000,1297,121881,2024-09-29
7201,601,January 2020,226072,0,1439,224633,2022-12-10
7202,601,February 2020,226072,0,984,225088,2024-01-02
7203,601,March 2020,226072,3000,252,228820,2025-01-05
7204,601,April 2020,226072,0,491,225581,2023-05-11
7205,601,May 2020,226072,2000,1988,226084,2023-02-23
7206,601,June 2020,226072,0,1298,224774,2023-10-19
7207,601,July 2020,226072,0,1945,224127,2023-10-30
7208,601,August 2020,226072,1000,764,226308,2024-06-06
7209,601,September 2020,226072,0,1344,224728,2023-04-05
7210,601,October 2020,226072,0,1626,224446,2023-01-19
7211,601,November 2020,226072,1000,1857,225215,2023-09-26
7212,601,December 2020,226072,1000,1749,225323,2023-07-06
7213,602,January 2020,246575,1000,913,246662,2025-09-27
7214,602,February 2020,246575,0,497,246078,2024-08-14
7215,602,March 2020,246575,3000,1793,247782,2022-12-12
7216,602,April 2020,246575,2000,1111,247464,2022-02-07
7217,602,May 2020,246575,1000,1959,245616,2024-02-18
7218,602,June 2020,246575,1000,841,246734,2025-08-01
7219,602,July 2020,246575,1000,1034,246541,2023-10-29
7220,602,August 2020,246575,3000,1731,247844,2025-01-08
7221,602,September 2020,246575,0,774,245801,2025-07-18
7222,602,October 2020,246575,1000,645,246930,2022-09-20
7223,602,November 2020,246575,1000,561,247014,2022-03-23
7224,602,December 2020,246575,2000,1502,247073,2022-12-10
7225,603,January 2020,112800,3000,1315,114485,2022-09-06
7226,603,February 2020,112800,0,1157,111643,2024-03-08
7227,603,March 2020,112800,1000,1351,112449,2025-03-12
7228,603,April 2020,112800,0,1649,111151,2024-12-12
7229,603,May 2020,112800,0,1188,111612,2024-02-25
7230,603,June 2020,112800,3000,719,115081,2023-01-05
7231,603,July 2020,112800,2000,1808,112992,2025-11-10
7232,603,August 2020,112800,0,1448,111352,2025-12-15
7233,603,September 2020,112800,1000,1948,111852,2024-12-06
7234,603,October 2020,112800,1000,962,112838,2022-08-16
7235,603,November 2020,112800,2000,579,114221,2022-12-03
7236,603,December 2020,112800,1000,200,113600,2023-02-06
7237,604,January 2020,196829,0,151,196678,2023-01-17
7238,604,February 2020,196829,2000,1531,197298,2023-12-12
7239,604,March 2020,196829,1000,375,197454,2025-02-15
7240,604,April 2020,196829,0,697,196132,2023-06-23
7241,604,May 2020,196829,0,1205,195624,2024-11-08
7242,604,June 2020,196829,3000,1938,197891,2023-10-29
7243,604,July 2020,196829,0,1843,194986,2025-05-20
7244,604,August 2020,196829,0,411,196418,2025-08-18
7245,604,September 2020,196829,3000,1347,198482,2025-06-25
7246,604,October 2020,196829,3000,1314,198515,2022-02-21
7247,604,November 2020,196829,1000,1071,196758,2023-02-12
7248,604,December 2020,196829,1000,719,197110,2024-02-11
7249,605,January 2020,223902,0,1478,222424,2022-12-25
7250,605,February 2020,223902,1000,23,224879,2023-08-20
7251,605,March 2020,223902,1000,1046,223856,2024-12-19
7252,605,April 2020,223902,1000,381,224521,2024-05-23
7253,605,May 2020,223902,3000,1441,225461,2023-02-04
7254,605,June 2020,223902,1000,25,224877,2023-10-05
7255,605,July 2020,223902,3000,48,226854,2022-03-13
7256,605,August 2020,223902,0,458,223444,2023-02-22
7257,605,September 2020,223902,0,955,222947,2025-05-31
7258,605,October 2020,223902,2000,504,225398,2022-11-15
7259,605,November 2020,223902,0,1819,222083,2023-11-04
7260,605,December 2020,223902,1000,522,224380,2024-07-09
7261,606,January 2020,186381,1000,1286,186095,2024-03-15
7262,606,February 2020,186381,3000,1368,188013,2023-01-03
7263,606,March 2020,186381,0,1861,184520,2023-10-02
7264,606,April 2020,186381,1000,454,186927,2025-02-06
7265,606,May 2020,186381,3000,1739,187642,2024-12-09
7266,606,June 2020,186381,1000,383,186998,2024-10-16
7267,606,July 2020,186381,2000,165,188216,2024-07-17
7268,606,August 2020,186381,1000,77,187304,2023-09-07
7269,606,September 2020,186381,2000,1397,186984,2025-03-28
7270,606,October 2020,186381,0,146,186235,2025-11-01
7271,606,November 2020,186381,0,295,186086,2023-12-02
7272,606,December 2020,186381,3000,1620,187761,2024-10-15
7273,607,January 2020,116468,3000,1839,117629,2023-11-02
7274,607,February 2020,116468,2000,516,117952,2024-07-30
7275,607,March 2020,116468,3000,1211,118257,2024-03-27
7276,607,April 2020,116468,0,344,116124,2023-09-09
7277,607,May 2020,116468,2000,1506,116962,2025-12-29
7278,607,June 2020,116468,2000,1945,116523,2024-09-27
7279,607,July 2020,116468,0,1497,114971,2022-02-20
7280,607,August 2020,116468,0,535,115933,2022-08-06
7281,607,September 2020,116468,1000,1681,115787,2025-08-31
7282,607,October 2020,116468,2000,597,117871,2024-10-18
7283,607,November 2020,116468,0,1884,114584,2025-02-05
7284,607,December 2020,116468,2000,497,117971,2025-10-11
7285,608,January 2020,175145,2000,158,176987,2022-10-02
7286,608,February 2020,175145,3000,457,177688,2024-05-23
7287,608,March 2020,175145,1000,239,175906,2025-03-26
7288,608,April 2020,175145,0,1698,173447,2025-04-15
7289,608,May 2020,175145,0,1518,173627,2025-03-10
7290,608,June 2020,175145,1000,397,175748,2024-09-26
7291,608,July 2020,175145,0,395,174750,2022-05-27
7292,608,August 2020,175145,1000,262,175883,2022-01-13
7293,608,September 2020,175145,3000,1876,176269,2022-01-05
7294,608,October 2020,175145,1000,1498,174647,2023-06-11
7295,608,November 2020,175145,3000,1046,177099,2025-07-27
7296,608,December 2020,175145,0,600,174545,2023-12-03
7297,609,January 2020,286598,3000,1200,288398,2023-09-07
7298,609,February 2020,286598,0,1211,285387,2022-01-04
7299,609,March 2020,286598,0,1663,284935,2022-05-16
7300,609,April 2020,286598,1000,1298,286300,2023-06-25
7301,609,May 2020,286598,0,484,286114,2023-12-24
7302,609,June 2020,286598,0,1936,284662,2022-12-29
7303,609,July 2020,286598,2000,1070,287528,2025-11-20
7304,609,August 2020,286598,0,958,285640,2023-10-24
7305,609,September 2020,286598,2000,242,288356,2023-06-28
7306,609,October 2020,286598,3000,159,289439,2023-06-06
7307,609,November 2020,286598,0,622,285976,2025-07-23
7308,609,December 2020,286598,3000,874,288724,2022-10-21
7309,610,January 2020,223208,3000,1176,225032,2023-10-23
7310,610,February 2020,223208,1000,669,223539,2022-06-30
7311,610,March 2020,223208,1000,1316,222892,2022-05-09
7312,610,April 2020,223208,0,760,222448,2023-02-23
7313,610,May 2020,223208,0,632,222576,2022-07-19
7314,610,June 2020,223208,2000,1480,223728,2024-12-22
7315,610,July 2020,223208,0,772,222436,2023-07-02
7316,610,August 2020,223208,1000,1682,222526,2025-09-22
7317,610,September 2020,223208,1000,81,224127,2025-07-26
7318,610,October 2020,223208,3000,1660,224548,2022-06-05
7319,610,November 2020,223208,0,1967,221241,2025-09-10
7320,610,December 2020,223208,1000,281,223927,2022-04-02
7321,611,January 2020,227549,0,362,227187,2024-12-23
7322,611,February 2020,227549,2000,1443,228106,2025-11-09
7323,611,March 2020,227549,2000,1890,227659,2024-10-14
7324,611,April 2020,227549,1000,116,228433,2023-03-16
7325,611,May 2020,227549,1000,638,227911,2022-03-12
7326,611,June 2020,227549,1000,870,227679,2023-02-24
7327,611,July 2020,227549,0,114,227435,2024-02-01
7328,611,August 2020,227549,2000,1284,228265,2023-10-13
7329,611,September 2020,227549,2000,1675,227874,2024-01-23
7330,611,October 2020,227549,3000,1390,229159,2024-12-30
7331,611,November 2020,227549,0,301,227248,2025-05-14
7332,611,December 2020,227549,3000,1678,228871,2024-02-09
7333,612,January 2020,241233,2000,1400,241833,2022-10-20
7334,612,February 2020,241233,0,1507,239726,2025-03-01
7335,612,March 2020,241233,2000,1462,241771,2022-03-14
7336,612,April 2020,241233,3000,584,243649,2025-01-23
7337,612,May 2020,241233,0,211,241022,2024-12-19
7338,612,June 2020,241233,2000,629,242604,2023-10-07
7339,612,July 2020,241233,1000,1835,240398,2024-03-31
7340,612,August 2020,241233,2000,382,242851,2022-07-04
7341,612,September 2020,241233,1000,1626,240607,2025-07-20
7342,612,October 2020,241233,2000,594,242639,2024-07-19
7343,612,November 2020,241233,0,1503,239730,2025-09-27
7344,612,December 2020,241233,3000,1585,242648,2025-04-09
7345,613,January 2020,247976,0,544,247432,2023-09-05
7346,613,February 2020,247976,1000,1732,247244,2023-06-28
7347,613,March 2020,247976,0,1914,246062,2023-11-13
7348,613,April 2020,247976,2000,337,249639,2025-04-21
7349,613,May 2020,247976,3000,1968,249008,2024-10-13
7350,613,June 2020,247976,3000,798,250178,2023-04-24
7351,613,July 2020,247976,2000,1172,248804,2022-10-09
7352,613,August 2020,247976,3000,1810,249166,2023-02-28
7353,613,September 2020,247976,1000,1873,247103,2024-09-21
7354,613,October 2020,247976,1000,586,248390,2023-03-08
7355,613,November 2020,247976,2000,1482,248494,2022-10-06
7356,613,December 2020,247976,0,1879,246097,2022-05-05
7357,614,January 2020,139237,3000,1483,140754,2022-07-22
7358,614,February 2020,139237,1000,1368,138869,2024-08-17
7359,614,March 2020,139237,3000,1381,140856,2024-07-16
7360,614,April 2020,139237,1000,1977,138260,2024-10-22
7361,614,May 2020,139237,2000,1835,139402,2024-07-19
7362,614,June 2020,139237,0,1531,137706,2024-12-04
7363,614,July 2020,139237,0,906,138331,2023-03-16
7364,614,August 2020,139237,1000,1672,138565,2024-01-22
7365,614,September 2020,139237,1000,495,139742,2024-05-18
7366,614,October 2020,139237,2000,1958,139279,2024-09-14
7367,614,November 2020,139237,3000,1391,140846,2023-01-30
7368,614,December 2020,139237,1000,865,139372,2023-12-13
7369,615,January 2020,172439,2000,1802,172637,2022-03-30
7370,615,February 2020,172439,3000,1015,174424,2024-06-18
7371,615,March 2020,172439,1000,1447,171992,2025-12-20
7372,615,April 2020,172439,3000,362,175077,2023-01-12
7373,615,May 2020,172439,0,414,172025,2024-05-12
7374,615,June 2020,172439,1000,269,173170,2022-07-26
7375,615,July 2020,172439,2000,1673,172766,2024-11-10
7376,615,August 2020,172439,1000,1790,171649,2024-07-17
7377,615,September 2020,172439,1000,1782,171657,2025-12-13
7378,615,October 2020,172439,0,696,171743,2025-06-03
7379,615,November 2020,172439,1000,788,172651,2025-05-13
7380,615,December 2020,172439,2000,1697,172742,2022-01-03
7381,616,January 2020,215492,3000,1675,216817,2024-02-05
7382,616,February 2020,215492,0,951,214541,2022-12-10
7383,616,March 2020,215492,1000,679,215813,2023-06-12
7384,616,April 2020,215492,3000,244,218248,2023-05-24
7385,616,May 2020,215492,1000,959,215533,2025-04-29
7386,616,June 2020,215492,1000,71,216421,2022-11-20
7387,616,July 2020,215492,3000,141,218351,2023-09-23
7388,616,August 2020,215492,2000,775,216717,2023-01-06
7389,616,September 2020,215492,2000,563,216929,2025-08-04
7390,616,October 2020,215492,3000,112,218380,2025-06-12
7391,616,November 2020,215492,2000,1789,215703,2024-10-15
7392,616,December 2020,215492,3000,1577,216915,2022-10-15
7393,617,January 2020,130138,2000,1725,130413,2023-09-18
7394,617,February 2020,130138,1000,1857,129281,2025-07-17
7395,617,March 2020,130138,1000,1325,129813,2024-09-20
7396,617,April 2020,130138,3000,344,132794,2024-01-25
7397,617,May 2020,130138,2000,1332,130806,2024-06-07
7398,617,June 2020,130138,0,65,130073,2025-10-20
7399,617,July 2020,130138,3000,1577,131561,2023-02-24
7400,617,August 2020,130138,0,1450,128688,2024-10-14
7401,617,September 2020,130138,3000,655,132483,2025-03-02
7402,617,October 2020,130138,3000,778,132360,2025-11-10
7403,617,November 2020,130138,0,629,129509,2022-01-05
7404,617,December 2020,130138,0,1754,128384,2022-05-15
7405,618,January 2020,86028,3000,1488,87540,2025-01-17
7406,618,February 2020,86028,1000,319,86709,2023-07-18
7407,618,March 2020,86028,2000,726,87302,2025-07-13
7408,618,April 2020,86028,1000,1171,85857,2022-01-14
7409,618,May 2020,86028,0,728,85300,2022-12-02
7410,618,June 2020,86028,0,1433,84595,2024-05-29
7411,618,July 2020,86028,3000,989,88039,2024-11-23
7412,618,August 2020,86028,0,1483,84545,2024-12-13
7413,618,September 2020,86028,0,1791,84237,2025-05-06
7414,618,October 2020,86028,1000,1047,85981,2025-03-20
7415,618,November 2020,86028,0,215,85813,2022-12-29
7416,618,December 2020,86028,3000,1205,87823,2022-01-07
7417,619,January 2020,112898,3000,1181,114717,2022-04-21
7418,619,February 2020,112898,3000,1404,114494,2025-12-19
7419,619,March 2020,112898,0,1074,111824,2025-09-29
7420,619,April 2020,112898,0,309,112589,2024-02-22
7421,619,May 2020,112898,2000,323,114575,2024-05-14
7422,619,June 2020,112898,3000,7,115891,2025-04-21
7423,619,July 2020,112898,3000,1793,114105,2022-06-01
7424,619,August 2020,112898,0,1955,110943,2022-01-30
7425,619,September 2020,112898,3000,1582,114316,2024-01-09
7426,619,October 2020,112898,2000,1550,113348,2023-11-07
7427,619,November 2020,112898,1000,91,113807,2023-12-17
7428,619,December 2020,112898,1000,1289,112609,2024-01-11
7429,620,January 2020,268283,2000,1027,269256,2024-04-20
7430,620,February 2020,268283,0,803,267480,2025-03-15
7431,620,March 2020,268283,3000,1087,270196,2023-11-30
7432,620,April 2020,268283,3000,765,270518,2022-08-28
7433,620,May 2020,268283,1000,994,268289,2022-05-26
7434,620,June 2020,268283,2000,1794,268489,2022-12-06
7435,620,July 2020,268283,0,713,267570,2025-10-20
7436,620,August 2020,268283,2000,1172,269111,2024-01-06
7437,620,September 2020,268283,2000,236,270047,2023-05-26
7438,620,October 2020,268283,1000,355,268928,2022-05-03
7439,620,November 2020,268283,2000,1362,268921,2023-06-24
7440,620,December 2020,268283,0,1425,266858,2023-12-18
7441,621,January 2020,95602,0,1706,93896,2025-01-16
7442,621,February 2020,95602,2000,998,96604,2024-09-11
7443,621,March 2020,95602,2000,1144,96458,2025-10-16
7444,621,April 2020,95602,2000,332,97270,2023-06-08
7445,621,May 2020,95602,0,1457,94145,2024-12-20
7446,621,June 2020,95602,3000,45,98557,2022-06-07
7447,621,July 2020,95602,3000,1589,97013,2023-04-26
7448,621,August 2020,95602,1000,392,96210,2023-05-23
7449,621,September 2020,95602,3000,554,98048,2024-04-27
7450,621,October 2020,95602,1000,308,96294,2022-04-24
7451,621,November 2020,95602,0,1118,94484,2023-11-19
7452,621,December 2020,95602,0,1095,94507,2025-09-10
7453,622,January 2020,156485,3000,1492,157993,2025-10-01
7454,622,February 2020,156485,2000,212,158273,2022-07-21
7455,622,March 2020,156485,1000,723,156762,2025-04-27
7456,622,April 2020,156485,2000,976,157509,2025-01-17
7457,622,May 2020,156485,1000,1741,155744,2023-10-24
7458,622,June 2020,156485,2000,1030,157455,2023-03-13
7459,622,July 2020,156485,0,619,155866,2022-08-14
7460,622,August 2020,156485,0,1197,155288,2025-08-27
7461,622,September 2020,156485,0,778,155707,2023-12-18
7462,622,October 2020,156485,0,1031,155454,2025-08-10
7463,622,November 2020,156485,3000,1365,158120,2023-02-19
7464,622,December 2020,156485,1000,824,156661,2022-05-25
7465,623,January 2020,86426,3000,1763,87663,2025-07-24
7466,623,February 2020,86426,2000,706,87720,2024-10-06
7467,623,March 2020,86426,2000,716,87710,2025-07-06
7468,623,April 2020,86426,3000,1733,87693,2025-10-06
7469,623,May 2020,86426,3000,1922,87504,2023-02-01
7470,623,June 2020,86426,1000,617,86809,2025-03-22
7471,623,July 2020,86426,1000,793,86633,2022-10-19
7472,623,August 2020,86426,1000,326,87100,2025-04-19
7473,623,September 2020,86426,3000,480,88946,2024-08-18
7474,623,October 2020,86426,3000,1506,87920,2024-06-20
7475,623,November 2020,86426,1000,1015,86411,2024-09-25
7476,623,December 2020,86426,0,949,85477,2023-05-22
7477,624,January 2020,92311,1000,702,92609,2023-08-09
7478,624,February 2020,92311,2000,1830,92481,2024-08-01
7479,624,March 2020,92311,0,813,91498,2023-10-21
7480,624,April 2020,92311,3000,1960,93351,2022-03-12
7481,624,May 2020,92311,3000,1604,93707,2025-05-09
7482,624,June 2020,92311,1000,646,92665,2022-05-29
7483,624,July 2020,92311,1000,1854,91457,2024-03-21
7484,624,August 2020,92311,2000,1797,92514,2025-02-26
7485,624,September 2020,92311,1000,114,93197,2022-11-26
7486,624,October 2020,92311,2000,691,93620,2025-07-17
7487,624,November 2020,92311,1000,813,92498,2025-04-18
7488,624,December 2020,92311,3000,425,94886,2024-12-26
7489,625,January 2020,247955,0,789,247166,2024-07-31
7490,625,February 2020,247955,3000,1043,249912,2023-10-14
7491,625,March 2020,247955,3000,340,250615,2025-11-26
7492,625,April 2020,247955,1000,703,248252,2024-01-13
7493,625,May 2020,247955,1000,598,248357,2025-02-16
7494,625,June 2020,247955,3000,767,250188,2022-07-08
7495,625,July 2020,247955,1000,567,248388,2025-03-25
7496,625,August 2020,247955,3000,644,250311,2024-03-02
7497,625,September 2020,247955,2000,1919,248036,2024-06-28
7498,625,October 2020,247955,3000,29,250926,2022-06-21
7499,625,November 2020,247955,1000,451,248504,2023-07-10
7500,625,December 2020,247955,0,1676,246279,2025-07-15
7501,626,January 2020,154826,0,1682,153144,2024-04-07
7502,626,February 2020,154826,3000,1852,155974,2022-08-20
7503,626,March 2020,154826,3000,1506,156320,2024-12-03
7504,626,April 2020,154826,1000,290,155536,2023-07-10
7505,626,May 2020,154826,0,682,154144,2023-01-18
7506,626,June 2020,154826,3000,393,157433,2024-11-16
7507,626,July 2020,154826,1000,1371,154455,2022-12-22
7508,626,August 2020,154826,2000,1471,155355,2023-03-19
7509,626,September 2020,154826,2000,843,155983,2022-04-24
7510,626,October 2020,154826,2000,1163,155663,2023-01-10
7511,626,November 2020,154826,3000,1144,156682,2025-08-10
7512,626,December 2020,154826,0,1241,153585,2024-12-28
7513,627,January 2020,157463,0,1003,156460,2025-12-30
7514,627,February 2020,157463,3000,1299,159164,2022-09-26
7515,627,March 2020,157463,1000,631,157832,2023-02-12
7516,627,April 2020,157463,3000,1331,159132,2025-06-12
7517,627,May 2020,157463,2000,955,158508,2022-04-21
7518,627,June 2020,157463,2000,216,159247,2023-05-10
7519,627,July 2020,157463,2000,950,158513,2022-01-27
7520,627,August 2020,157463,2000,977,158486,2024-05-12
7521,627,September 2020,157463,0,148,157315,2024-02-18
7522,627,October 2020,157463,1000,1068,157395,2024-07-01
7523,627,November 2020,157463,1000,150,158313,2024-04-07
7524,627,December 2020,157463,0,962,156501,2025-01-27
7525,628,January 2020,73373,2000,281,75092,2024-07-17
7526,628,February 2020,73373,0,1155,72218,2025-11-19
7527,628,March 2020,73373,2000,42,75331,2025-06-12
7528,628,April 2020,73373,2000,1978,73395,2023-10-31
7529,628,May 2020,73373,1000,1012,73361,2023-02-11
7530,628,June 2020,73373,2000,1919,73454,2025-04-28
7531,628,July 2020,73373,3000,472,75901,2023-10-27
7532,628,August 2020,73373,0,1610,71763,2025-11-23
7533,628,September 2020,73373,0,96,73277,2025-06-16
7534,628,October 2020,73373,3000,258,76115,2023-05-02
7535,628,November 2020,73373,2000,700,74673,2025-07-01
7536,628,December 2020,73373,0,1951,71422,2022-08-20
7537,629,January 2020,124875,1000,938,124937,2022-05-28
7538,629,February 2020,124875,3000,622,127253,2024-05-10
7539,629,March 2020,124875,3000,676,127199,2024-08-16
7540,629,April 2020,124875,0,313,124562,2024-06-06
7541,629,May 2020,124875,0,1255,123620,2022-07-29
7542,629,June 2020,124875,1000,1902,123973,2023-05-23
7543,629,July 2020,124875,2000,1728,125147,2025-07-08
7544,629,August 2020,124875,3000,1604,126271,2022-09-29
7545,629,September 2020,124875,3000,1203,126672,2022-08-11
7546,629,October 2020,124875,0,1039,123836,2025-02-05
7547,629,November 2020,124875,0,1336,123539,2023-02-11
7548,629,December 2020,124875,1000,1576,124299,2023-07-26
7549,630,January 2020,269495,2000,1638,269857,2022-02-28
7550,630,February 2020,269495,3000,425,272070,2025-02-28
7551,630,March 2020,269495,0,1220,268275,2025-04-13
7552,630,April 2020,269495,1000,1245,269250,2024-08-11
7553,630,May 2020,269495,0,409,269086,2025-12-14
7554,630,June 2020,269495,3000,1511,270984,2022-02-26
7555,630,July 2020,269495,1000,548,269947,2022-12-01
7556,630,August 2020,269495,2000,946,270549,2022-04-22
7557,630,September 2020,269495,3000,360,272135,2023-05-22
7558,630,October 2020,269495,1000,1730,268765,2023-12-31
7559,630,November 2020,269495,0,13,269482,2025-12-27
7560,630,December 2020,269495,2000,476,271019,2024-09-16
7561,631,January 2020,168720,2000,399,170321,2024-08-11
7562,631,February 2020,168720,2000,1638,169082,2024-12-28
7563,631,March 2020,168720,1000,699,169021,2025-04-11
7564,631,April 2020,168720,2000,1484,169236,2025-09-17
7565,631,May 2020,168720,2000,830,169890,2023-02-28
7566,631,June 2020,168720,1000,1526,168194,2023-11-20
7567,631,July 2020,168720,3000,1587,170133,2023-03-04
7568,631,August 2020,168720,3000,837,170883,2023-09-28
7569,631,September 2020,168720,1000,1990,167730,2024-04-27
7570,631,October 2020,168720,1000,1180,168540,2022-12-14
7571,631,November 2020,168720,2000,604,170116,2025-10-19
7572,631,December 2020,168720,0,930,167790,2025-08-11
7573,632,January 2020,245990,0,1674,244316,2025-01-12
7574,632,February 2020,245990,3000,1304,247686,2024-04-21
7575,632,March 2020,245990,2000,1346,246644,2024-10-12
7576,632,April 2020,245990,3000,1346,247644,2023-07-18
7577,632,May 2020,245990,0,1409,244581,2024-01-04
7578,632,June 2020,245990,3000,1270,247720,2024-04-09
7579,632,July 2020,245990,1000,783,246207,2025-03-10
7580,632,August 2020,245990,0,115,245875,2022-03-26
7581,632,September 2020,245990,1000,1470,245520,2023-10-23
7582,632,October 2020,245990,1000,1362,245628,2022-09-07
7583,632,November 2020,245990,0,1261,244729,2023-10-29
7584,632,December 2020,245990,0,1227,244763,2025-06-28
7585,633,January 2020,218440,2000,356,220084,2024-05-26
7586,633,February 2020,218440,3000,737,220703,2022-03-28
7587,633,March 2020,218440,2000,1053,219387,2025-08-07
7588,633,April 2020,218440,2000,1337,219103,2023-05-20
7589,633,May 2020,218440,0,1748,216692,2025-12-24
7590,633,June 2020,218440,1000,935,218505,2024-06-02
7591,633,July 2020,218440,0,1234,217206,2025-05-31
7592,633,August 2020,218440,2000,1679,218761,2022-04-16
7593,633,September 2020,218440,2000,1604,218836,2023-03-07
7594,633,October 2020,218440,3000,1228,220212,2023-03-01
7595,633,November 2020,218440,1000,453,218987,2024-02-17
7596,633,December 2020,218440,0,219,218221,2022-10-22
7597,634,January 2020,126307,0,1142,125165,2025-07-26
7598,634,February 2020,126307,1000,164,127143,2023-10-23
7599,634,March 2020,126307,2000,1647,126660,2022-02-02
7600,634,April 2020,126307,2000,1150,127157,2025-02-17
7601,634,May 2020,126307,2000,1038,127269,2022-08-13
7602,634,June 2020,126307,2000,1911,126396,2024-09-04
7603,634,July 2020,126307,1000,363,126944,2024-05-06
7604,634,August 2020,126307,1000,759,126548,2022-11-21
7605,634,September 2020,126307,1000,1383,125924,2022-01-06
7606,634,October 2020,126307,3000,1560,127747,2023-02-12
7607,634,November 2020,126307,2000,734,127573,2022-08-08
7608,634,December 2020,126307,3000,1374,127933,2023-08-21
7609,635,January 2020,148780,0,879,147901,2022-02-01
7610,635,February 2020,148780,1000,1326,148454,2023-04-02
7611,635,March 2020,148780,1000,489,149291,2025-11-06
7612,635,April 2020,148780,2000,1163,149617,2025-01-29
7613,635,May 2020,148780,0,1904,146876,2023-09-07
7614,635,June 2020,148780,3000,1522,150258,2025-08-06
7615,635,July 2020,148780,0,72,148708,2023-12-15
7616,635,August 2020,148780,1000,1919,147861,2025-02-01
7617,635,September 2020,148780,1000,1307,148473,2022-10-08
7618,635,October 2020,148780,1000,1711,148069,2023-04-12
7619,635,November 2020,148780,3000,1539,150241,2022-11-07
7620,635,December 2020,148780,1000,1494,148286,2022-03-29
7621,636,January 2020,106938,1000,358,107580,2022-07-07
7622,636,February 2020,106938,1000,775,107163,2022-05-12
7623,636,March 2020,106938,3000,1343,108595,2024-12-14
7624,636,April 2020,106938,1000,421,107517,2022-06-29
7625,636,May 2020,106938,3000,1953,107985,2022-06-21
7626,636,June 2020,106938,0,558,106380,2025-05-30
7627,636,July 2020,106938,2000,1624,107314,2022-10-15
7628,636,August 2020,106938,3000,1766,108172,2023-11-26
7629,636,September 2020,106938,3000,326,109612,2022-04-12
7630,636,October 2020,106938,3000,117,109821,2025-10-25
7631,636,November 2020,106938,2000,717,108221,2024-05-15
7632,636,December 2020,106938,1000,982,106956,2024-02-03
7633,637,January 2020,246181,3000,1334,247847,2024-01-08
7634,637,February 2020,246181,3000,719,248462,2025-08-19
7635,637,March 2020,246181,3000,231,248950,2024-11-07
7636,637,April 2020,246181,2000,1467,246714,2022-01-25
7637,637,May 2020,246181,1000,684,246497,2023-01-29
7638,637,June 2020,246181,3000,1733,247448,2025-03-20
7639,637,July 2020,246181,3000,214,248967,2024-04-14
7640,637,August 2020,246181,3000,1654,247527,2024-07-05
7641,637,September 2020,246181,2000,1036,247145,2025-12-11
7642,637,October 2020,246181,0,1164,245017,2023-10-06
7643,637,November 2020,246181,2000,1920,246261,2024-06-03
7644,637,December 2020,246181,3000,611,248570,2024-06-22
7645,638,January 2020,191720,1000,863,191857,2022-08-27
7646,638,February 2020,191720,3000,1412,193308,2023-06-28
7647,638,March 2020,191720,3000,661,194059,2022-05-10
7648,638,April 2020,191720,0,1462,190258,2024-06-07
7649,638,May 2020,191720,0,1429,190291,2024-01-24
7650,638,June 2020,191720,0,1785,189935,2025-06-18
7651,638,July 2020,191720,2000,1927,191793,2025-07-06
7652,638,August 2020,191720,1000,417,192303,2022-09-03
7653,638,September 2020,191720,1000,1342,191378,2022-12-04
7654,638,October 2020,191720,3000,1300,193420,2023-03-14
7655,638,November 2020,191720,2000,789,192931,2025-07-03
7656,638,December 2020,191720,0,561,191159,2023-04-09
7657,639,January 2020,184903,2000,1314,185589,2024-05-25
7658,639,February 2020,184903,0,1985,182918,2023-04-20
7659,639,March 2020,184903,1000,310,185593,2023-02-01
7660,639,April 2020,184903,3000,1402,186501,2022-09-27
7661,639,May 2020,184903,2000,132,186771,2023-03-25
7662,639,June 2020,184903,3000,1902,186001,2023-03-20
7663,639,July 2020,184903,1000,1054,184849,2023-02-08
7664,639,August 2020,184903,2000,1234,185669,2022-03-14
7665,639,September 2020,184903,3000,1790,186113,2023-03-05
7666,639,October 2020,184903,0,1374,183529,2022-03-28
7667,639,November 2020,184903,3000,839,187064,2023-06-06
7668,639,December 2020,184903,3000,1626,186277,2022-05-30
7669,640,January 2020,162982,2000,1412,163570,2023-03-07
7670,640,February 2020,162982,1000,42,163940,2022-05-02
7671,640,March 2020,162982,1000,1,163981,2023-10-04
7672,640,April 2020,162982,2000,1680,163302,2022-05-27
7673,640,May 2020,162982,1000,715,163267,2023-09-04
7674,640,June 2020,162982,1000,328,163654,2025-03-10
7675,640,July 2020,162982,0,591,162391,2025-05-07
7676,640,August 2020,162982,2000,793,164189,2023-11-17
7677,640,September 2020,162982,0,982,162000,2025-04-07
7678,640,October 2020,162982,0,739,162243,2022-11-04
7679,640,November 2020,162982,1000,207,163775,2024-05-12
7680,640,December 2020,162982,2000,341,164641,2024-04-27
7681,641,January 2020,136753,1000,1953,135800,2023-08-17
7682,641,February 2020,136753,3000,1605,138148,2022-03-01
7683,641,March 2020,136753,2000,121,138632,2025-06-16
7684,641,April 2020,136753,2000,1799,136954,2024-07-08
7685,641,May 2020,136753,2000,1424,137329,2024-04-12
7686,641,June 2020,136753,0,83,136670,2022-05-18
7687,641,July 2020,136753,1000,1125,136628,2025-07-11
7688,641,August 2020,136753,3000,923,138830,2023-11-24
7689,641,September 2020,136753,3000,1102,138651,2024-10-01
7690,641,October 2020,136753,1000,1900,135853,2023-01-09
7691,641,November 2020,136753,2000,1252,137501,2023-04-18
7692,641,December 2020,136753,1000,1512,136241,2024-06-24
7693,642,January 2020,183290,3000,1536,184754,2023-05-24
7694,642,February 2020,183290,1000,961,183329,2022-09-08
7695,642,March 2020,183290,1000,1747,182543,2025-04-20
7696,642,April 2020,183290,2000,308,184982,2022-12-02
7697,642,May 2020,183290,2000,415,184875,2023-12-05
7698,642,June 2020,183290,1000,1996,182294,2024-08-08
7699,642,July 2020,183290,0,731,182559,2025-01-20
7700,642,August 2020,183290,3000,1817,184473,2024-09-17
7701,642,September 2020,183290,2000,1308,183982,2023-11-01
7702,642,October 2020,183290,2000,384,184906,2024-08-31
7703,642,November 2020,183290,1000,516,183774,2022-03-13
7704,642,December 2020,183290,3000,238,186052,2025-11-17
7705,643,January 2020,251318,3000,1437,252881,2023-07-16
7706,643,February 2020,251318,0,46,251272,2024-06-12
7707,643,March 2020,251318,3000,1609,252709,2025-04-02
7708,643,April 2020,251318,3000,1489,252829,2025-12-28
7709,643,May 2020,251318,3000,555,253763,2025-12-27
7710,643,June 2020,251318,1000,745,251573,2022-06-09
7711,643,July 2020,251318,0,659,250659,2025-05-27
7712,643,August 2020,251318,0,661,250657,2024-09-11
7713,643,September 2020,251318,1000,875,251443,2023-09-02
7714,643,October 2020,251318,3000,1765,252553,2022-12-21
7715,643,November 2020,251318,3000,1744,252574,2025-12-23
7716,643,December 2020,251318,0,1544,249774,2023-02-08
7717,644,January 2020,143738,0,311,143427,2023-09-04
7718,644,February 2020,143738,1000,1305,143433,2025-11-20
7719,644,March 2020,143738,1000,1083,143655,2025-09-03
7720,644,April 2020,143738,2000,131,145607,2022-02-26
7721,644,May 2020,143738,0,919,142819,2022-10-23
7722,644,June 2020,143738,2000,1966,143772,2022-01-17
7723,644,July 2020,143738,2000,1323,144415,2023-07-19
7724,644,August 2020,143738,0,944,142794,2024-05-28
7725,644,September 2020,143738,3000,753,145985,2022-09-25
7726,644,October 2020,143738,1000,1739,142999,2022-01-01
7727,644,November 2020,143738,3000,1427,145311,2022-02-14
7728,644,December 2020,143738,2000,67,145671,2022-03-28
7729,645,January 2020,272815,1000,1188,272627,2022-06-15
7730,645,February 2020,272815,0,1165,271650,2023-03-22
7731,645,March 2020,272815,1000,1119,272696,2025-06-05
7732,645,April 2020,272815,1000,622,273193,2024-10-14
7733,645,May 2020,272815,0,343,272472,2024-08-26
7734,645,June 2020,272815,0,384,272431,2025-09-06
7735,645,July 2020,272815,3000,987,274828,2022-03-20
7736,645,August 2020,272815,1000,877,272938,2022-05-11
7737,645,September 2020,272815,1000,881,272934,2022-07-12
7738,645,October 2020,272815,2000,468,274347,2022-03-13
7739,645,November 2020,272815,0,1087,271728,2022-10-06
7740,645,December 2020,272815,2000,854,273961,2023-02-11
7741,646,January 2020,128693,2000,1355,129338,2023-02-07
7742,646,February 2020,128693,3000,103,131590,2024-06-27
7743,646,March 2020,128693,1000,1241,128452,2022-12-02
7744,646,April 2020,128693,1000,563,129130,2022-03-23
7745,646,May 2020,128693,0,478,128215,2023-12-20
7746,646,June 2020,128693,3000,774,130919,2023-06-28
7747,646,July 2020,128693,3000,1946,129747,2022-11-17
7748,646,August 2020,128693,1000,1616,128077,2023-03-31
7749,646,September 2020,128693,0,1459,127234,2025-06-04
7750,646,October 2020,128693,1000,424,129269,2025-10-06
7751,646,November 2020,128693,3000,554,131139,2022-07-24
7752,646,December 2020,128693,0,1334,127359,2024-03-14
7753,647,January 2020,265585,1000,382,266203,2023-12-06
7754,647,February 2020,265585,0,1069,264516,2023-12-10
7755,647,March 2020,265585,0,449,265136,2023-10-24
7756,647,April 2020,265585,2000,138,267447,2025-02-28
7757,647,May 2020,265585,1000,1919,264666,2024-02-20
7758,647,June 2020,265585,0,1725,263860,2025-08-08
7759,647,July 2020,265585,3000,1069,267516,2023-03-07
7760,647,August 2020,265585,0,333,265252,2022-07-28
7761,647,September 2020,265585,3000,531,268054,2023-04-06
7762,647,October 2020,265585,2000,976,266609,2023-02-15
7763,647,November 2020,265585,2000,1844,265741,2024-09-05
7764,647,December 2020,265585,3000,726,267859,2024-10-07
7765,648,January 2020,96115,2000,71,98044,2022-05-12
7766,648,February 2020,96115,3000,617,98498,2022-09-17
7767,648,March 2020,96115,3000,109,99006,2025-10-15
7768,648,April 2020,96115,1000,338,96777,2022-04-06
7769,648,May 2020,96115,3000,1189,97926,2023-09-19
7770,648,June 2020,96115,0,1290,94825,2023-06-20
7771,648,July 2020,96115,0,1843,94272,2025-12-25
7772,648,August 2020,96115,0,26,96089,2025-03-04
7773,648,September 2020,96115,0,271,95844,2022-05-28
7774,648,October 2020,96115,0,1225,94890,2023-06-25
7775,648,November 2020,96115,0,876,95239,2025-11-13
7776,648,December 2020,96115,2000,1580,96535,2025-02-03
7777,649,January 2020,208611,3000,323,211288,2024-12-25
7778,649,February 2020,208611,2000,1388,209223,2022-02-23
7779,649,March 2020,208611,0,1844,206767,2025-10-29
7780,649,April 2020,208611,1000,1068,208543,2025-04-25
7781,649,May 2020,208611,0,1530,207081,2025-12-16
7782,649,June 2020,208611,3000,676,210935,2025-10-19
7783,649,July 2020,208611,0,242,208369,2024-11-06
7784,649,August 2020,208611,0,1961,206650,2022-11-05
7785,649,September 2020,208611,2000,165,210446,2023-03-26
7786,649,October 2020,208611,1000,141,209470,2025-10-31
7787,649,November 2020,208611,1000,494,209117,2024-07-12
7788,649,December 2020,208611,2000,421,210190,2023-04-24
7789,650,January 2020,234121,1000,1732,233389,2022-03-04
7790,650,February 2020,234121,0,207,233914,2022-03-17
7791,650,March 2020,234121,0,1718,232403,2025-03-29
7792,650,April 2020,234121,0,1428,232693,2022-02-17
7793,650,May 2020,234121,0,1516,232605,2024-07-04
7794,650,June 2020,234121,0,844,233277,2023-08-01
7795,650,July 2020,234121,3000,1021,236100,2025-05-15
7796,650,August 2020,234121,3000,342,236779,2023-10-26
7797,650,September 2020,234121,2000,1053,235068,2022-06-05
7798,650,October 2020,234121,1000,892,234229,2023-08-05
7799,650,November 2020,234121,1000,1482,233639,2022-04-13
7800,650,December 2020,234121,0,838,233283,2022-01-18
7801,651,January 2020,75256,2000,1936,75320,2025-09-08
7802,651,February 2020,75256,0,1620,73636,2024-02-06
7803,651,March 2020,75256,1000,665,75591,2023-04-02
7804,651,April 2020,75256,3000,351,77905,2025-07-22
7805,651,May 2020,75256,1000,1172,75084,2025-01-20
7806,651,June 2020,75256,0,1363,73893,2025-07-02
7807,651,July 2020,75256,2000,898,76358,2025-05-29
7808,651,August 2020,75256,3000,1372,76884,2024-01-06
7809,651,September 2020,75256,1000,171,76085,2024-08-27
7810,651,October 2020,75256,0,1575,73681,2023-10-20
7811,651,November 2020,75256,3000,340,77916,2022-12-18
7812,651,December 2020,75256,0,1866,73390,2025-03-12
7813,652,January 2020,161186,3000,64,164122,2024-12-23
7814,652,February 2020,161186,1000,323,161863,2024-04-14
7815,652,March 2020,161186,1000,1924,160262,2022-02-18
7816,652,April 2020,161186,1000,860,161326,2024-11-07
7817,652,May 2020,161186,3000,542,163644,2025-06-22
7818,652,June 2020,161186,1000,1477,160709,2022-11-27
7819,652,July 2020,161186,3000,1202,162984,2022-04-07
7820,652,August 2020,161186,0,840,160346,2023-04-04
7821,652,September 2020,161186,2000,987,162199,2023-02-22
7822,652,October 2020,161186,2000,1137,162049,2022-04-04
7823,652,November 2020,161186,2000,1560,161626,2023-07-04
7824,652,December 2020,161186,3000,1031,163155,2022-12-23
7825,653,January 2020,261695,1000,1945,260750,2024-05-30
7826,653,February 2020,261695,3000,608,264087,2022-12-17
7827,653,March 2020,261695,3000,881,263814,2024-05-17
7828,653,April 2020,261695,3000,1509,263186,2023-12-28
7829,653,May 2020,261695,3000,574,264121,2025-09-07
7830,653,June 2020,261695,1000,247,262448,2022-09-07
7831,653,July 2020,261695,0,1072,260623,2025-07-28
7832,653,August 2020,261695,2000,858,262837,2023-05-19
7833,653,September 2020,261695,0,1755,259940,2022-03-10
7834,653,October 2020,261695,1000,1548,261147,2022-11-24
7835,653,November 2020,261695,0,17,261678,2023-01-26
7836,653,December 2020,261695,1000,1941,260754,2025-03-08
7837,654,January 2020,153448,2000,1805,153643,2022-09-21
7838,654,February 2020,153448,2000,248,155200,2023-01-06
7839,654,March 2020,153448,3000,21,156427,2023-02-24
7840,654,April 2020,153448,1000,1944,152504,2024-09-01
7841,654,May 2020,153448,2000,954,154494,2024-08-24
7842,654,June 2020,153448,3000,1720,154728,2023-02-14
7843,654,July 2020,153448,1000,150,154298,2022-11-17
7844,654,August 2020,153448,1000,1782,152666,2023-02-19
7845,654,September 2020,153448,3000,483,155965,2022-12-08
7846,654,October 2020,153448,3000,1583,154865,2024-10-20
7847,654,November 2020,153448,0,1120,152328,2024-12-24
7848,654,December 2020,153448,1000,1385,153063,2025-06-21
7849,655,January 2020,79054,3000,961,81093,2023-05-14
7850,655,February 2020,79054,1000,1896,78158,2023-05-19
7851,655,March 2020,79054,0,610,78444,2025-09-25
7852,655,April 2020,79054,2000,645,80409,2023-03-03
7853,655,May 2020,79054,3000,1953,80101,2023-06-27
7854,655,June 2020,79054,1000,729,79325,2022-08-08
7855,655,July 2020,79054,0,175,78879,2022-02-06
7856,655,August 2020,79054,3000,1466,80588,2024-12-23
7857,655,September 2020,79054,3000,314,81740,2023-03-09
7858,655,October 2020,79054,1000,46,80008,2022-09-19
7859,655,November 2020,79054,0,229,78825,2024-09-22
7860,655,December 2020,79054,2000,1453,79601,2025-03-22
7861,656,January 2020,161713,1000,1008,161705,2025-07-19
7862,656,February 2020,161713,1000,1883,160830,2023-01-12
7863,656,March 2020,161713,1000,1710,161003,2025-01-31
7864,656,April 2020,161713,1000,975,161738,2024-12-30
7865,656,May 2020,161713,1000,1486,161227,2022-11-08
7866,656,June 2020,161713,3000,1499,163214,2023-10-05
7867,656,July 2020,161713,3000,341,164372,2023-05-23
7868,656,August 2020,161713,2000,1317,162396,2022-10-21
7869,656,September 2020,161713,1000,44,162669,2025-06-09
7870,656,October 2020,161713,2000,894,162819,2022-04-18
7871,656,November 2020,161713,1000,858,161855,2024-09-13
7872,656,December 2020,161713,0,1855,159858,2022-05-04
7873,657,January 2020,179616,1000,720,179896,2023-11-13
7874,657,February 2020,179616,1000,1506,179110,2022-07-03
7875,657,March 2020,179616,3000,1013,181603,2022-04-24
7876,657,April 2020,179616,1000,1245,179371,2022-08-26
7877,657,May 2020,179616,3000,1701,180915,2024-04-20
7878,657,June 2020,179616,1000,977,179639,2022-01-12
7879,657,July 2020,179616,0,787,178829,2024-08-28
7880,657,August 2020,179616,2000,1777,179839,2025-12-09
7881,657,September 2020,179616,0,1602,178014,2024-06-13
7882,657,October 2020,179616,1000,413,180203,2023-01-10
7883,657,November 2020,179616,0,565,179051,2025-03-07
7884,657,December 2020,179616,0,1968,177648,2024-12-15
7885,658,January 2020,272312,0,610,271702,2025-07-23
7886,658,February 2020,272312,3000,1790,273522,2025-08-14
7887,658,March 2020,272312,2000,815,273497,2022-12-13
7888,658,April 2020,272312,3000,50,275262,2022-01-11
7889,658,May 2020,272312,0,542,271770,2024-04-04
7890,658,June 2020,272312,1000,1629,271683,2022-09-07
7891,658,July 2020,272312,2000,341,273971,2023-10-06
7892,658,August 2020,272312,3000,579,274733,2023-02-24
7893,658,September 2020,272312,1000,1525,271787,2023-05-21
7894,658,October 2020,272312,2000,1585,272727,2024-02-29
7895,658,November 2020,272312,2000,1934,272378,2025-02-16
7896,658,December 2020,272312,2000,840,273472,2025-02-21
7897,659,January 2020,132508,3000,1154,134354,2022-11-05
7898,659,February 2020,132508,2000,1782,132726,2025-03-07
7899,659,March 2020,132508,0,1920,130588,2023-07-02
7900,659,April 2020,132508,3000,1578,133930,2022-11-05
7901,659,May 2020,132508,3000,987,134521,2022-07-19
7902,659,June 2020,132508,3000,196,135312,2023-01-10
7903,659,July 2020,132508,0,1546,130962,2022-01-20
7904,659,August 2020,132508,2000,1488,133020,2023-05-02
7905,659,September 2020,132508,3000,1687,133821,2022-07-06
7906,659,October 2020,132508,3000,548,134960,2022-06-09
7907,659,November 2020,132508,1000,1467,132041,2024-05-30
7908,659,December 2020,132508,2000,1172,133336,2025-01-19
7909,660,January 2020,203405,1000,1056,203349,2022-12-11
7910,660,February 2020,203405,2000,782,204623,2023-03-08
7911,660,March 2020,203405,0,756,202649,2023-09-13
7912,660,April 2020,203405,2000,832,204573,2025-06-10
7913,660,May 2020,203405,0,1707,201698,2025-09-22
7914,660,June 2020,203405,1000,770,203635,2025-09-23
7915,660,July 2020,203405,2000,516,204889,2023-06-12
7916,660,August 2020,203405,0,305,203100,2022-01-08
7917,660,September 2020,203405,1000,194,204211,2022-10-19
7918,660,October 2020,203405,2000,1749,203656,2024-04-30
7919,660,November 2020,203405,2000,610,204795,2022-12-28
7920,660,December 2020,203405,0,1451,201954,2024-04-05
7921,661,January 2020,250832,0,736,250096,2024-04-23
7922,661,February 2020,250832,0,1055,249777,2025-03-04
7923,661,March 2020,250832,3000,888,252944,2023-09-03
7924,661,April 2020,250832,0,1304,249528,2022-09-16
7925,661,May 2020,250832,0,1518,249314,2025-02-11
7926,661,June 2020,250832,2000,836,251996,2023-06-27
7927,661,July 2020,250832,0,1631,249201,2023-10-25
7928,661,August 2020,250832,1000,1819,250013,2023-08-22
7929,661,September 2020,250832,1000,894,250938,2022-10-30
7930,661,October 2020,250832,1000,1339,250493,2024-04-27
7931,661,November 2020,250832,1000,1431,250401,2025-06-04
7932,661,December 2020,250832,2000,1894,250938,2025-06-04
7933,662,January 2020,215049,3000,1083,216966,2023-11-24
7934,662,February 2020,215049,2000,315,216734,2024-11-08
7935,662,March 2020,215049,1000,604,215445,2025-04-25
7936,662,April 2020,215049,0,605,214444,2023-05-06
7937,662,May 2020,215049,2000,1824,215225,2023-04-29
7938,662,June 2020,215049,3000,180,217869,2024-09-23
7939,662,July 2020,215049,2000,1347,215702,2023-03-10
7940,662,August 2020,215049,2000,1493,215556,2022-09-06
7941,662,September 2020,215049,2000,1044,216005,2025-10-15
7942,662,October 2020,215049,1000,1784,214265,2022-06-22
7943,662,November 2020,215049,3000,1891,216158,2025-07-15
7944,662,December 2020,215049,2000,92,216957,2024-08-25
7945,663,January 2020,158564,2000,702,159862,2025-05-27
7946,663,February 2020,158564,3000,1074,160490,2022-03-02
7947,663,March 2020,158564,1000,883,158681,2025-11-27
7948,663,April 2020,158564,0,1855,156709,2025-08-15
7949,663,May 2020,158564,1000,1322,158242,2022-08-29
7950,663,June 2020,158564,1000,1879,157685,2023-09-29
7951,663,July 2020,158564,1000,1315,158249,2023-06-03
7952,663,August 2020,158564,2000,849,159715,2025-02-09
7953,663,September 2020,158564,3000,828,160736,2025-08-25
7954,663,October 2020,158564,2000,767,159797,2022-10-05
7955,663,November 2020,158564,2000,1559,159005,2023-07-18
7956,663,December 2020,158564,1000,1799,157765,2023-12-31
7957,664,January 2020,77430,2000,633,78797,2025-07-19
7958,664,February 2020,77430,0,126,77304,2022-09-25
7959,664,March 2020,77430,2000,87,79343,2023-04-21
7960,664,April 2020,77430,0,247,77183,2025-05-28
7961,664,May 2020,77430,3000,513,79917,2024-01-26
7962,664,June 2020,77430,0,340,77090,2023-01-14
7963,664,July 2020,77430,1000,1857,76573,2024-09-09
7964,664,August 2020,77430,0,925,76505,2023-12-07
7965,664,September 2020,77430,3000,1516,78914,2024-06-23
7966,664,October 2020,77430,3000,1120,79310,2022-05-01
7967,664,November 2020,77430,0,1956,75474,2022-05-12
7968,664,December 2020,77430,1000,1742,76688,2024-04-04
7969,665,January 2020,183558,3000,1341,185217,2024-06-30
7970,665,February 2020,183558,2000,1663,183895,2022-01-25
7971,665,March 2020,183558,0,1518,182040,2023-02-15
7972,665,April 2020,183558,0,1794,181764,2022-07-10
7973,665,May 2020,183558,3000,596,185962,2024-01-02
7974,665,June 2020,183558,1000,1746,182812,2025-08-30
7975,665,July 2020,183558,0,1168,182390,2023-11-20
7976,665,August 2020,183558,0,1758,181800,2022-10-31
7977,665,September 2020,183558,2000,2000,183558,2022-06-10
7978,665,October 2020,183558,1000,52,184506,2022-10-31
7979,665,November 2020,183558,1000,1043,183515,2025-06-05
7980,665,December 2020,183558,3000,505,186053,2023-06-06
7981,666,January 2020,150911,3000,1725,152186,2025-08-06
7982,666,February 2020,150911,3000,250,153661,2024-08-27
7983,666,March 2020,150911,2000,1977,150934,2025-12-15
7984,666,April 2020,150911,1000,664,151247,2025-01-20
7985,666,May 2020,150911,1000,461,151450,2025-03-28
7986,666,June 2020,150911,1000,426,151485,2024-05-20
7987,666,July 2020,150911,1000,1616,150295,2023-03-17
7988,666,August 2020,150911,1000,381,151530,2024-02-23
7989,666,September 2020,150911,2000,1937,150974,2023-02-22
7990,666,October 2020,150911,3000,684,153227,2024-07-25
7991,666,November 2020,150911,1000,1387,150524,2024-03-18
7992,666,December 2020,150911,1000,1860,150051,2022-06-29
7993,667,January 2020,124320,0,851,123469,2022-10-15
7994,667,February 2020,124320,1000,162,125158,2023-04-30
7995,667,March 2020,124320,0,1763,122557,2024-02-03
7996,667,April 2020,124320,2000,926,125394,2023-07-29
7997,667,May 2020,124320,2000,1698,124622,2025-12-08
7998,667,June 2020,124320,2000,1838,124482,2025-06-08
7999,667,July 2020,124320,1000,1627,123693,2022-02-05
8000,667,August 2020,124320,2000,1258,125062,2024-03-24
8001,667,September 2020,124320,3000,541,126779,2024-06-12
8002,667,October 2020,124320,0,881,123439,2023-04-01
8003,667,November 2020,124320,2000,373,125947,2025-04-02
8004,667,December 2020,124320,0,1849,122471,2022-04-11
8005,668,January 2020,232009,1000,491,232518,2022-06-24
8006,668,February 2020,232009,3000,1530,233479,2022-08-09
8007,668,March 2020,232009,0,1602,230407,2025-11-12
8008,668,April 2020,232009,0,1746,230263,2025-10-08
8009,668,May 2020,232009,0,1460,230549,2025-06-25
8010,668,June 2020,232009,0,1921,230088,2022-07-04
8011,668,July 2020,232009,3000,543,234466,2025-09-09
8012,668,August 2020,232009,1000,291,232718,2024-11-21
8013,668,September 2020,232009,3000,1163,233846,2025-03-22
8014,668,October 2020,232009,2000,1680,232329,2024-02-20
8015,668,November 2020,232009,3000,1530,233479,2023-05-09
8016,668,December 2020,232009,3000,1902,233107,2024-02-29
8017,669,January 2020,184151,2000,11,186140,2025-05-22
8018,669,February 2020,184151,0,758,183393,2025-10-27
8019,669,March 2020,184151,2000,1611,184540,2025-03-23
8020,669,April 2020,184151,2000,808,185343,2023-06-10
8021,669,May 2020,184151,1000,754,184397,2025-01-05
8022,669,June 2020,184151,3000,1218,185933,2023-07-21
8023,669,July 2020,184151,0,1002,183149,2025-01-18
8024,669,August 2020,184151,1000,1011,184140,2025-09-12
8025,669,September 2020,184151,3000,1639,185512,2023-05-08
8026,669,October 2020,184151,0,562,183589,2023-03-09
8027,669,November 2020,184151,3000,1328,185823,2025-11-02
8028,669,December 2020,184151,3000,1831,185320,2024-01-02
8029,670,January 2020,174649,3000,1389,176260,2024-04-22
8030,670,February 2020,174649,0,1970,172679,2024-07-10
8031,670,March 2020,174649,1000,1557,174092,2023-12-21
8032,670,April 2020,174649,0,304,174345,2025-07-03
8033,670,May 2020,174649,1000,1713,173936,2024-05-03
8034,670,June 2020,174649,1000,770,174879,2024-01-12
8035,670,July 2020,174649,2000,998,175651,2025-10-27
8036,670,August 2020,174649,0,227,174422,2025-07-03
8037,670,September 2020,174649,3000,723,176926,2023-10-06
8038,670,October 2020,174649,3000,1773,175876,2022-04-05
8039,670,November 2020,174649,3000,912,176737,2025-08-16
8040,670,December 2020,174649,3000,1690,175959,2025-04-01
8041,671,January 2020,135410,2000,1735,135675,2023-10-29
8042,671,February 2020,135410,1000,498,135912,2023-08-19
8043,671,March 2020,135410,1000,1058,135352,2024-01-18
8044,671,April 2020,135410,3000,1214,137196,2022-11-22
8045,671,May 2020,135410,1000,432,135978,2024-06-23
8046,671,June 2020,135410,0,1235,134175,2023-11-07
8047,671,July 2020,135410,0,379,135031,2025-07-08
8048,671,August 2020,135410,0,30,135380,2022-09-05
8049,671,September 2020,135410,3000,757,137653,2024-03-26
8050,671,October 2020,135410,3000,1787,136623,2023-01-19
8051,671,November 2020,135410,2000,1105,136305,2022-03-29
8052,671,December 2020,135410,0,1475,133935,2025-06-21
8053,672,January 2020,277488,3000,75,280413,2024-11-14
8054,672,February 2020,277488,0,1866,275622,2023-07-04
8055,672,March 2020,277488,1000,525,277963,2023-02-21
8056,672,April 2020,277488,1000,792,277696,2025-07-10
8057,672,May 2020,277488,1000,173,278315,2022-09-17
8058,672,June 2020,277488,1000,831,277657,2023-04-16
8059,672,July 2020,277488,3000,1953,278535,2024-02-10
8060,672,August 2020,277488,1000,1656,276832,2024-01-05
8061,672,September 2020,277488,0,165,277323,2024-10-17
8062,672,October 2020,277488,2000,723,278765,2025-10-23
8063,672,November 2020,277488,0,1064,276424,2024-05-08
8064,672,December 2020,277488,0,843,276645,2023-04-27
8065,673,January 2020,90991,1000,1374,90617,2022-11-05
8066,673,February 2020,90991,3000,641,93350,2025-10-19
8067,673,March 2020,90991,1000,1165,90826,2025-02-10
8068,673,April 2020,90991,2000,1662,91329,2022-06-01
8069,673,May 2020,90991,0,1683,89308,2024-11-05
8070,673,June 2020,90991,3000,1910,92081,2024-01-21
8071,673,July 2020,90991,1000,1969,90022,2023-07-23
8072,673,August 2020,90991,2000,314,92677,2023-09-07
8073,673,September 2020,90991,3000,1036,92955,2024-05-06
8074,673,October 2020,90991,3000,1965,92026,2022-07-06
8075,673,November 2020,90991,0,1670,89321,2023-07-26
8076,673,December 2020,90991,2000,906,92085,2024-11-27
8077,674,January 2020,217091,2000,1297,217794,2022-06-16
8078,674,February 2020,217091,1000,1256,216835,2025-11-05
8079,674,March 2020,217091,3000,918,219173,2023-07-23
8080,674,April 2020,217091,0,1612,215479,2023-03-21
8081,674,May 2020,217091,1000,790,217301,2024-08-28
8082,674,June 2020,217091,1000,68,218023,2022-02-08
8083,674,July 2020,217091,0,1247,215844,2025-02-08
8084,674,August 2020,217091,0,83,217008,2023-11-22
8085,674,September 2020,217091,2000,1521,217570,2022-12-04
8086,674,October 2020,217091,3000,1179,218912,2025-09-29
8087,674,November 2020,217091,0,1141,215950,2022-06-04
8088,674,December 2020,217091,3000,1531,218560,2024-03-26
8089,675,January 2020,127357,1000,129,128228,2022-09-21
8090,675,February 2020,127357,2000,1685,127672,2024-02-18
8091,675,March 2020,127357,0,743,126614,2023-10-02
8092,675,April 2020,127357,2000,1158,128199,2023-02-01
8093,675,May 2020,127357,0,1412,125945,2023-10-18
8094,675,June 2020,127357,0,1974,125383,2023-04-25
8095,675,July 2020,127357,1000,450,127907,2025-02-16
8096,675,August 2020,127357,0,938,126419,2024-06-02
8097,675,September 2020,127357,1000,194,128163,2024-07-23
8098,675,October 2020,127357,0,1133,126224,2025-11-17
8099,675,November 2020,127357,2000,688,128669,2023-04-02
8100,675,December 2020,127357,0,17,127340,2024-02-02
8101,676,January 2020,273638,1000,1609,273029,2025-05-09
8102,676,February 2020,273638,2000,840,274798,2022-12-13
8103,676,March 2020,273638,3000,974,275664,2024-01-06
8104,676,April 2020,273638,0,1662,271976,2022-10-13
8105,676,May 2020,273638,2000,1209,274429,2023-03-27
8106,676,June 2020,273638,0,1772,271866,2024-11-04
8107,676,July 2020,273638,0,86,273552,2022-04-30
8108,676,August 2020,273638,2000,253,275385,2025-03-06
8109,676,September 2020,273638,1000,620,274018,2025-10-20
8110,676,October 2020,273638,3000,803,275835,2025-05-24
8111,676,November 2020,273638,0,1698,271940,2022-12-07
8112,676,December 2020,273638,3000,303,276335,2025-09-15
8113,677,January 2020,196575,1000,1532,196043,2022-12-24
8114,677,February 2020,196575,0,1984,194591,2025-12-12
8115,677,March 2020,196575,0,1011,195564,2025-11-15
8116,677,April 2020,196575,1000,666,196909,2023-05-17
8117,677,May 2020,196575,3000,926,198649,2023-09-17
8118,677,June 2020,196575,1000,1817,195758,2025-01-06
8119,677,July 2020,196575,0,1907,194668,2025-01-20
8120,677,August 2020,196575,2000,599,197976,2025-05-10
8121,677,September 2020,196575,3000,1868,197707,2022-06-29
8122,677,October 2020,196575,3000,1807,197768,2022-12-04
8123,677,November 2020,196575,3000,469,199106,2024-12-13
8124,677,December 2020,196575,3000,571,199004,2024-07-25
8125,678,January 2020,215672,3000,288,218384,2025-10-26
8126,678,February 2020,215672,1000,363,216309,2023-09-17
8127,678,March 2020,215672,1000,1638,215034,2025-01-16
8128,678,April 2020,215672,0,359,215313,2023-08-28
8129,678,May 2020,215672,3000,693,217979,2024-09-16
8130,678,June 2020,215672,1000,0,216672,2023-06-20
8131,678,July 2020,215672,0,1395,214277,2024-10-21
8132,678,August 2020,215672,1000,724,215948,2025-10-17
8133,678,September 2020,215672,1000,480,216192,2025-02-02
8134,678,October 2020,215672,2000,1762,215910,2024-04-06
8135,678,November 2020,215672,2000,1521,216151,2022-12-11
8136,678,December 2020,215672,0,196,215476,2025-07-09
8137,679,January 2020,207291,2000,1878,207413,2025-09-10
8138,679,February 2020,207291,3000,490,209801,2025-09-28
8139,679,March 2020,207291,2000,995,208296,2022-05-11
8140,679,April 2020,207291,1000,554,207737,2025-01-12
8141,679,May 2020,207291,1000,1454,206837,2022-04-10
8142,679,June 2020,207291,2000,438,208853,2022-10-14
8143,679,July 2020,207291,0,348,206943,2024-04-12
8144,679,August 2020,207291,1000,34,208257,2023-01-17
8145,679,September 2020,207291,2000,745,208546,2023-05-01
8146,679,October 2020,207291,0,688,206603,2025-05-28
8147,679,November 2020,207291,3000,740,209551,2023-01-13
8148,679,December 2020,207291,2000,1045,208246,2025-10-08
8149,680,January 2020,281550,0,1066,280484,2024-02-19
8150,680,February 2020,281550,2000,667,282883,2024-06-04
8151,680,March 2020,281550,0,1897,279653,2023-02-19
8152,680,April 2020,281550,2000,1943,281607,2023-04-21
8153,680,May 2020,281550,2000,303,283247,2022-09-27
8154,680,June 2020,281550,1000,1927,280623,2022-11-08
8155,680,July 2020,281550,0,1674,279876,2024-12-10
8156,680,August 2020,281550,1000,1324,281226,2025-06-07
8157,680,September 2020,281550,2000,379,283171,2025-09-20
8158,680,October 2020,281550,1000,1085,281465,2025-04-20
8159,680,November 2020,281550,2000,1413,282137,2025-02-15
8160,680,December 2020,281550,1000,1182,281368,2025-02-10
8161,681,January 2020,210971,2000,675,212296,2025-01-19
8162,681,February 2020,210971,2000,619,212352,2025-10-11
8163,681,March 2020,210971,1000,491,211480,2023-10-17
8164,681,April 2020,210971,0,868,210103,2025-01-23
8165,681,May 2020,210971,0,553,210418,2022-11-13
8166,681,June 2020,210971,0,1343,209628,2023-06-29
8167,681,July 2020,210971,1000,1987,209984,2023-05-08
8168,681,August 2020,210971,3000,860,213111,2023-02-24
8169,681,September 2020,210971,3000,1643,212328,2023-12-01
8170,681,October 2020,210971,1000,1888,210083,2023-10-10
8171,681,November 2020,210971,0,1800,209171,2022-02-23
8172,681,December 2020,210971,2000,645,212326,2024-12-30
8173,682,January 2020,248830,0,556,248274,2023-07-06
8174,682,February 2020,248830,1000,542,249288,2023-06-19
8175,682,March 2020,248830,0,1206,247624,2023-02-25
8176,682,April 2020,248830,3000,1932,249898,2023-10-23
8177,682,May 2020,248830,3000,1074,250756,2023-09-03
8178,682,June 2020,248830,0,1297,247533,2023-06-04
8179,682,July 2020,248830,3000,1500,250330,2022-05-31
8180,682,August 2020,248830,3000,275,251555,2025-06-24
8181,682,September 2020,248830,3000,1828,250002,2022-03-22
8182,682,October 2020,248830,3000,516,251314,2022-04-05
8183,682,November 2020,248830,2000,1990,248840,2025-09-05
8184,682,December 2020,248830,2000,1504,249326,2024-02-27
8185,683,January 2020,203541,3000,1187,205354,2025-11-11
8186,683,February 2020,203541,2000,1068,204473,2022-02-11
8187,683,March 2020,203541,0,1070,202471,2025-07-13
8188,683,April 2020,203541,1000,1609,202932,2022-02-05
8189,683,May 2020,203541,1000,489,204052,2024-04-01
8190,683,June 2020,203541,1000,1351,203190,2024-08-21
8191,683,July 2020,203541,1000,310,204231,2022-01-23
8192,683,August 2020,203541,0,1774,201767,2023-05-10
8193,683,September 2020,203541,0,1167,202374,2023-11-12
8194,683,October 2020,203541,3000,1252,205289,2023-12-27
8195,683,November 2020,203541,0,1285,202256,2023-09-27
8196,683,December 2020,203541,1000,658,203883,2024-04-13
8197,684,January 2020,271325,2000,1078,272247,2024-02-03
8198,684,February 2020,271325,1000,1698,270627,2025-04-12
8199,684,March 2020,271325,1000,1870,270455,2024-06-26
8200,684,April 2020,271325,2000,1224,272101,2022-04-13
8201,684,May 2020,271325,0,1306,270019,2022-03-12
8202,684,June 2020,271325,1000,21,272304,2025-09-19
8203,684,July 2020,271325,2000,844,272481,2022-04-12
8204,684,August 2020,271325,3000,1508,272817,2025-07-05
8205,684,September 2020,271325,3000,1979,272346,2023-04-05
8206,684,October 2020,271325,1000,1314,271011,2024-09-30
8207,684,November 2020,271325,1000,704,271621,2024-02-10
8208,684,December 2020,271325,0,1627,269698,2023-07-24
8209,685,January 2020,180009,2000,1772,180237,2022-11-18
8210,685,February 2020,180009,2000,1602,180407,2022-03-04
8211,685,March 2020,180009,1000,435,180574,2022-09-12
8212,685,April 2020,180009,2000,1474,180535,2023-07-14
8213,685,May 2020,180009,2000,1391,180618,2022-09-22
8214,685,June 2020,180009,2000,193,181816,2022-09-05
8215,685,July 2020,180009,1000,1610,179399,2022-02-23
8216,685,August 2020,180009,2000,258,181751,2024-04-30
8217,685,September 2020,180009,3000,313,182696,2025-02-17
8218,685,October 2020,180009,1000,1019,179990,2022-09-25
8219,685,November 2020,180009,1000,1625,179384,2022-05-28
8220,685,December 2020,180009,0,1317,178692,2023-10-29
8221,686,January 2020,265853,1000,1677,265176,2024-07-05
8222,686,February 2020,265853,2000,630,267223,2024-02-04
8223,686,March 2020,265853,3000,41,268812,2022-03-02
8224,686,April 2020,265853,0,1354,264499,2025-06-16
8225,686,May 2020,265853,3000,20,268833,2023-02-06
8226,686,June 2020,265853,2000,730,267123,2024-09-04
8227,686,July 2020,265853,2000,1866,265987,2022-04-14
8228,686,August 2020,265853,2000,561,267292,2022-12-02
8229,686,September 2020,265853,3000,180,268673,2023-01-17
8230,686,October 2020,265853,3000,192,268661,2023-11-24
8231,686,November 2020,265853,0,1067,264786,2022-03-18
8232,686,December 2020,265853,3000,1379,267474,2025-11-23
8233,687,January 2020,257069,2000,1651,257418,2022-04-22
8234,687,February 2020,257069,3000,1236,258833,2022-06-08
8235,687,March 2020,257069,0,1553,255516,2024-09-04
8236,687,April 2020,257069,0,1025,256044,2025-02-25
8237,687,May 2020,257069,2000,502,258567,2024-05-12
8238,687,June 2020,257069,1000,953,257116,2023-06-18
8239,687,July 2020,257069,1000,1152,256917,2024-01-07
8240,687,August 2020,257069,3000,550,259519,2024-01-15
8241,687,September 2020,257069,1000,1374,256695,2023-07-11
8242,687,October 2020,257069,1000,1131,256938,2022-11-28
8243,687,November 2020,257069,0,1551,255518,2024-08-25
8244,687,December 2020,257069,3000,1037,259032,2025-07-29
8245,688,January 2020,258719,0,1402,257317,2023-10-07
8246,688,February 2020,258719,1000,878,258841,2024-08-26
8247,688,March 2020,258719,3000,162,261557,2025-09-02
8248,688,April 2020,258719,1000,54,259665,2024-05-05
8249,688,May 2020,258719,3000,833,260886,2024-09-17
8250,688,June 2020,258719,2000,1670,259049,2022-11-18
8251,688,July 2020,258719,2000,1530,259189,2024-10-17
8252,688,August 2020,258719,1000,1469,258250,2023-12-24
8253,688,September 2020,258719,3000,828,260891,2024-04-08
8254,688,October 2020,258719,3000,788,260931,2024-09-05
8255,688,November 2020,258719,0,344,258375,2024-11-03
8256,688,December 2020,258719,3000,1153,260566,2023-02-14
8257,689,January 2020,121639,2000,1051,122588,2022-07-02
8258,689,February 2020,121639,3000,1651,122988,2023-11-30
8259,689,March 2020,121639,1000,382,122257,2024-01-01
8260,689,April 2020,121639,3000,642,123997,2025-05-19
8261,689,May 2020,121639,3000,692,123947,2025-07-23
8262,689,June 2020,121639,1000,1592,121047,2022-07-29
8263,689,July 2020,121639,1000,702,121937,2024-03-18
8264,689,August 2020,121639,1000,408,122231,2022-08-03
8265,689,September 2020,121639,3000,730,123909,2022-11-30
8266,689,October 2020,121639,2000,538,123101,2022-08-23
8267,689,November 2020,121639,1000,1528,121111,2022-11-30
8268,689,December 2020,121639,2000,1300,122339,2022-11-23
8269,690,January 2020,275252,1000,1407,274845,2022-09-06
8270,690,February 2020,275252,1000,366,275886,2025-08-12
8271,690,March 2020,275252,2000,1695,275557,2024-03-20
8272,690,April 2020,275252,0,332,274920,2025-09-06
8273,690,May 2020,275252,3000,224,278028,2024-11-23
8274,690,June 2020,275252,0,1441,273811,2023-07-06
8275,690,July 2020,275252,1000,1001,275251,2022-09-28
8276,690,August 2020,275252,0,1095,274157,2025-06-11
8277,690,September 2020,275252,1000,105,276147,2023-05-28
8278,690,October 2020,275252,0,1630,273622,2024-07-08
8279,690,November 2020,275252,0,331,274921,2024-07-04
8280,690,December 2020,275252,3000,1383,276869,2024-09-12
8281,691,January 2020,144393,1000,1902,143491,2023-02-27
8282,691,February 2020,144393,1000,1457,143936,2025-01-03
8283,691,March 2020,144393,1000,1665,143728,2022-07-03
8284,691,April 2020,144393,1000,1185,144208,2023-02-14
8285,691,May 2020,144393,1000,1251,144142,2024-12-20
8286,691,June 2020,144393,0,1896,142497,2023-04-01
8287,691,July 2020,144393,0,1666,142727,2023-01-24
8288,691,August 2020,144393,0,1440,142953,2022-03-06
8289,691,September 2020,144393,2000,191,146202,2025-04-22
8290,691,October 2020,144393,3000,1966,145427,2023-05-20
8291,691,November 2020,144393,2000,434,145959,2023-02-13
8292,691,December 2020,144393,2000,265,146128,2025-09-06
8293,692,January 2020,113004,1000,1461,112543,2022-10-04
8294,692,February 2020,113004,1000,1383,112621,2025-12-23
8295,692,March 2020,113004,3000,1910,114094,2025-03-04
8296,692,April 2020,113004,0,521,112483,2023-06-12
8297,692,May 2020,113004,1000,1663,112341,2023-06-05
8298,692,June 2020,113004,1000,690,113314,2023-01-29
8299,692,July 2020,113004,3000,972,115032,2022-01-26
8300,692,August 2020,113004,3000,1574,114430,2024-02-28
8301,692,September 2020,113004,0,1766,111238,2023-09-02
8302,692,October 2020,113004,2000,1434,113570,2025-02-18
8303,692,November 2020,113004,1000,710,113294,2023-08-21
8304,692,December 2020,113004,0,1484,111520,2025-02-21
8305,693,January 2020,156913,2000,281,158632,2023-09-18
8306,693,February 2020,156913,2000,135,158778,2022-03-22
8307,693,March 2020,156913,1000,95,157818,2025-02-11
8308,693,April 2020,156913,2000,1918,156995,2025-04-06
8309,693,May 2020,156913,0,525,156388,2025-07-18
8310,693,June 2020,156913,3000,750,159163,2022-05-02
8311,693,July 2020,156913,3000,407,159506,2024-11-13
8312,693,August 2020,156913,0,218,156695,2022-12-25
8313,693,September 2020,156913,0,650,156263,2025-03-21
8314,693,October 2020,156913,1000,508,157405,2025-05-27
8315,693,November 2020,156913,1000,1550,156363,2025-04-03
8316,693,December 2020,156913,1000,74,157839,2024-06-17
8317,694,January 2020,147232,3000,841,149391,2022-12-28
8318,694,February 2020,147232,1000,142,148090,2022-08-14
8319,694,March 2020,147232,0,109,147123,2022-11-10
8320,694,April 2020,147232,3000,496,149736,2023-01-09
8321,694,May 2020,147232,0,1792,145440,2024-02-19
8322,694,June 2020,147232,3000,1802,148430,2024-05-02
8323,694,July 2020,147232,1000,1894,146338,2022-06-19
8324,694,August 2020,147232,2000,1823,147409,2025-09-27
8325,694,September 2020,147232,3000,1911,148321,2025-08-20
8326,694,October 2020,147232,2000,1929,147303,2023-03-31
8327,694,November 2020,147232,1000,707,147525,2022-09-01
8328,694,December 2020,147232,3000,1225,149007,2023-10-18
8329,695,January 2020,229568,0,1700,227868,2024-04-28
8330,695,February 2020,229568,2000,407,231161,2022-04-06
8331,695,March 2020,229568,3000,215,232353,2024-10-02
8332,695,April 2020,229568,0,1259,228309,2022-12-01
8333,695,May 2020,229568,0,1157,228411,2025-09-14
8334,695,June 2020,229568,3000,933,231635,2024-12-17
8335,695,July 2020,229568,3000,153,232415,2025-10-30
8336,695,August 2020,229568,0,1327,228241,2022-09-22
8337,695,September 2020,229568,3000,1645,230923,2025-01-11
8338,695,October 2020,229568,3000,1157,231411,2024-01-01
8339,695,November 2020,229568,0,1575,227993,2024-06-12
8340,695,December 2020,229568,1000,1567,229001,2025-06-30
8341,696,January 2020,273936,1000,1872,273064,2024-08-26
8342,696,February 2020,273936,1000,1730,273206,2022-10-15
8343,696,March 2020,273936,3000,667,276269,2025-10-16
8344,696,April 2020,273936,3000,701,276235,2022-04-11
8345,696,May 2020,273936,3000,392,276544,2025-05-19
8346,696,June 2020,273936,3000,837,276099,2022-06-13
8347,696,July 2020,273936,3000,1204,275732,2022-12-01
8348,696,August 2020,273936,2000,745,275191,2024-05-01
8349,696,September 2020,273936,2000,517,275419,2024-10-23
8350,696,October 2020,273936,3000,440,276496,2024-01-22
8351,696,November 2020,273936,0,1383,272553,2025-06-06
8352,696,December 2020,273936,1000,1720,273216,2022-11-05
8353,697,January 2020,183959,3000,1345,185614,2022-01-26
8354,697,February 2020,183959,0,102,183857,2022-05-23
8355,697,March 2020,183959,1000,379,184580,2024-11-20
8356,697,April 2020,183959,2000,527,185432,2024-10-03
8357,697,May 2020,183959,0,1704,182255,2024-04-13
8358,697,June 2020,183959,1000,1402,183557,2023-04-05
8359,697,July 2020,183959,0,1552,182407,2022-05-30
8360,697,August 2020,183959,1000,482,184477,2024-07-04
8361,697,September 2020,183959,3000,780,186179,2022-03-16
8362,697,October 2020,183959,2000,893,185066,2023-01-08
8363,697,November 2020,183959,2000,340,185619,2024-10-24
8364,697,December 2020,183959,0,1918,182041,2024-09-26
8365,698,January 2020,215897,2000,852,217045,2022-01-02
8366,698,February 2020,215897,2000,98,217799,2024-03-03
8367,698,March 2020,215897,1000,849,216048,2022-10-23
8368,698,April 2020,215897,2000,386,217511,2025-08-16
8369,698,May 2020,215897,3000,470,218427,2022-05-01
8370,698,June 2020,215897,0,668,215229,2025-01-24
8371,698,July 2020,215897,2000,1981,215916,2025-06-26
8372,698,August 2020,215897,1000,554,216343,2025-09-08
8373,698,September 2020,215897,1000,967,215930,2024-10-18
8374,698,October 2020,215897,3000,1999,216898,2025-06-02
8375,698,November 2020,215897,3000,1786,217111,2025-01-18
8376,698,December 2020,215897,3000,1971,216926,2023-04-29
8377,699,January 2020,119009,2000,1329,119680,2022-09-03
8378,699,February 2020,119009,0,1405,117604,2022-04-19
8379,699,March 2020,119009,0,905,118104,2025-04-22
8380,699,April 2020,119009,1000,1744,118265,2025-08-14
8381,699,May 2020,119009,1000,1833,118176,2022-10-24
8382,699,June 2020,119009,3000,170,121839,2024-10-04
8383,699,July 2020,119009,3000,1752,120257,2023-02-04
8384,699,August 2020,119009,2000,554,120455,2023-03-16
8385,699,September 2020,119009,0,503,118506,2023-02-03
8386,699,October 2020,119009,2000,1306,119703,2024-08-01
8387,699,November 2020,119009,3000,636,121373,2025-08-20
8388,699,December 2020,119009,2000,976,120033,2023-02-07
8389,700,January 2020,155618,0,1611,154007,2023-12-23
8390,700,February 2020,155618,1000,1610,155008,2023-05-25
8391,700,March 2020,155618,1000,497,156121,2024-04-01
8392,700,April 2020,155618,3000,1754,156864,2025-01-03
8393,700,May 2020,155618,1000,1458,155160,2025-09-13
8394,700,June 2020,155618,2000,161,157457,2025-02-08
8395,700,July 2020,155618,3000,51,158567,2025-05-20
8396,700,August 2020,155618,3000,938,157680,2022-06-03
8397,700,September 2020,155618,2000,645,156973,2022-02-02
8398,700,October 2020,155618,1000,1481,155137,2023-11-21
8399,700,November 2020,155618,1000,1295,155323,2022-07-28
8400,700,December 2020,155618,2000,1635,155983,2022-12-16
8401,701,January 2020,196222,3000,1698,197524,2024-04-04
8402,701,February 2020,196222,2000,1488,196734,2022-03-10
8403,701,March 2020,196222,3000,1471,197751,2024-01-07
8404,701,April 2020,196222,3000,1172,198050,2022-11-05
8405,701,May 2020,196222,3000,481,198741,2024-05-19
8406,701,June 2020,196222,0,348,195874,2022-02-03
8407,701,July 2020,196222,2000,1071,197151,2024-05-02
8408,701,August 2020,196222,0,1979,194243,2025-02-12
8409,701,September 2020,196222,1000,905,196317,2023-03-21
8410,701,October 2020,196222,1000,617,196605,2024-05-31
8411,701,November 2020,196222,3000,398,198824,2024-08-26
8412,701,December 2020,196222,3000,639,198583,2022-04-08
8413,702,January 2020,285537,2000,954,286583,2024-11-03
8414,702,February 2020,285537,1000,1366,285171,2022-11-03
8415,702,March 2020,285537,1000,1550,284987,2023-06-09
8416,702,April 2020,285537,2000,65,287472,2025-11-12
8417,702,May 2020,285537,2000,1259,286278,2024-12-16
8418,702,June 2020,285537,3000,1294,287243,2025-08-15
8419,702,July 2020,285537,3000,1687,286850,2025-04-15
8420,702,August 2020,285537,0,591,284946,2024-10-18
8421,702,September 2020,285537,0,1869,283668,2023-08-25
8422,702,October 2020,285537,2000,1027,286510,2023-09-09
8423,702,November 2020,285537,1000,1506,285031,2022-05-23
8424,702,December 2020,285537,0,67,285470,2022-09-24
8425,703,January 2020,216807,2000,962,217845,2024-01-31
8426,703,February 2020,216807,1000,1744,216063,2022-07-03
8427,703,March 2020,216807,3000,1557,218250,2022-06-05
8428,703,April 2020,216807,1000,1000,216807,2024-11-15
8429,703,May 2020,216807,2000,1285,217522,2024-10-29
8430,703,June 2020,216807,3000,9,219798,2024-02-22
8431,703,July 2020,216807,0,465,216342,2025-02-20
8432,703,August 2020,216807,0,552,216255,2022-09-09
8433,703,September 2020,216807,2000,1996,216811,2023-01-23
8434,703,October 2020,216807,0,1074,215733,2022-04-20
8435,703,November 2020,216807,2000,211,218596,2022-09-01
8436,703,December 2020,216807,2000,1276,217531,2025-02-22
8437,704,January 2020,262297,3000,627,264670,2024-10-05
8438,704,February 2020,262297,3000,1467,263830,2024-11-20
8439,704,March 2020,262297,2000,811,263486,2023-12-31
8440,704,April 2020,262297,3000,878,264419,2023-09-29
8441,704,May 2020,262297,3000,888,264409,2025-06-05
8442,704,June 2020,262297,3000,602,264695,2023-07-02
8443,704,July 2020,262297,0,1783,260514,2025-10-05
8444,704,August 2020,262297,1000,1191,262106,2023-01-20
8445,704,September 2020,262297,2000,1275,263022,2022-06-03
8446,704,October 2020,262297,3000,1322,263975,2024-01-15
8447,704,November 2020,262297,2000,1982,262315,2025-07-18
8448,704,December 2020,262297,0,1658,260639,2023-06-11
8449,705,January 2020,131690,3000,899,133791,2024-01-04
8450,705,February 2020,131690,1000,535,132155,2025-04-24
8451,705,March 2020,131690,3000,270,134420,2022-01-20
8452,705,April 2020,131690,1000,1988,130702,2024-04-16
8453,705,May 2020,131690,0,824,130866,2023-02-03
8454,705,June 2020,131690,1000,528,132162,2023-01-04
8455,705,July 2020,131690,2000,196,133494,2022-03-18
8456,705,August 2020,131690,2000,166,133524,2025-05-19
8457,705,September 2020,131690,3000,1183,133507,2022-02-24
8458,705,October 2020,131690,3000,1739,132951,2022-02-24
8459,705,November 2020,131690,2000,1531,132159,2023-07-20
8460,705,December 2020,131690,2000,1763,131927,2023-05-23
8461,706,January 2020,141777,0,757,141020,2023-01-26
8462,706,February 2020,141777,3000,969,143808,2023-09-12
8463,706,March 2020,141777,1000,1397,141380,2022-08-21
8464,706,April 2020,141777,0,130,141647,2024-09-05
8465,706,May 2020,141777,0,301,141476,2023-01-18
8466,706,June 2020,141777,1000,430,142347,2023-03-31
8467,706,July 2020,141777,3000,76,144701,2023-02-17
8468,706,August 2020,141777,1000,171,142606,2024-09-21
8469,706,September 2020,141777,1000,969,141808,2025-11-02
8470,706,October 2020,141777,1000,703,142074,2022-10-10
8471,706,November 2020,141777,0,1341,140436,2025-04-23
8472,706,December 2020,141777,2000,953,142824,2023-02-07
8473,707,January 2020,212103,0,1077,211026,2023-03-07
8474,707,February 2020,212103,3000,324,214779,2022-04-26
8475,707,March 2020,212103,1000,338,212765,2023-03-16
8476,707,April 2020,212103,2000,1847,212256,2025-07-23
8477,707,May 2020,212103,1000,1182,211921,2024-10-15
8478,707,June 2020,212103,0,1314,210789,2023-11-02
8479,707,July 2020,212103,2000,1011,213092,2024-01-05
8480,707,August 2020,212103,0,1298,210805,2023-04-30
8481,707,September 2020,212103,0,1634,210469,2024-10-27
8482,707,October 2020,212103,2000,1101,213002,2024-03-28
8483,707,November 2020,212103,2000,666,213437,2022-12-29
8484,707,December 2020,212103,0,1178,210925,2023-04-08
8485,708,January 2020,176376,0,1077,175299,2023-03-02
8486,708,February 2020,176376,1000,1875,175501,2025-04-01
8487,708,March 2020,176376,3000,23,179353,2023-06-01
8488,708,April 2020,176376,3000,1046,178330,2022-01-09
8489,708,May 2020,176376,1000,316,177060,2024-07-28
8490,708,June 2020,176376,0,772,175604,2024-08-15
8491,708,July 2020,176376,2000,54,178322,2022-07-29
8492,708,August 2020,176376,2000,227,178149,2024-08-08
8493,708,September 2020,176376,1000,887,176489,2024-04-19
8494,708,October 2020,176376,3000,296,179080,2023-01-12
8495,708,November 2020,176376,2000,1695,176681,2024-09-03
8496,708,December 2020,176376,2000,874,177502,2025-02-27
8497,709,January 2020,81512,1000,116,82396,2025-03-14
8498,709,February 2020,81512,1000,342,82170,2022-09-23
8499,709,March 2020,81512,1000,1772,80740,2024-02-27
8500,709,April 2020,81512,3000,947,83565,2022-02-13
8501,709,May 2020,81512,0,1308,80204,2025-02-10
8502,709,June 2020,81512,0,846,80666,2024-05-05
8503,709,July 2020,81512,3000,101,84411,2025-10-01
8504,709,August 2020,81512,1000,30,82482,2023-12-18
8505,709,September 2020,81512,0,1690,79822,2025-05-24
8506,709,October 2020,81512,1000,300,82212,2025-12-14
8507,709,November 2020,81512,0,516,80996,2023-09-28
8508,709,December 2020,81512,1000,225,82287,2024-08-06
8509,710,January 2020,235974,2000,1076,236898,2024-05-20
8510,710,February 2020,235974,2000,866,237108,2023-10-03
8511,710,March 2020,235974,2000,1028,236946,2024-11-19
8512,710,April 2020,235974,3000,1145,237829,2025-05-17
8513,710,May 2020,235974,3000,425,238549,2022-08-17
8514,710,June 2020,235974,2000,511,237463,2023-08-26
8515,710,July 2020,235974,1000,705,236269,2023-09-25
8516,710,August 2020,235974,0,1998,233976,2025-10-03
8517,710,September 2020,235974,1000,159,236815,2022-05-24
8518,710,October 2020,235974,0,40,235934,2025-01-26
8519,710,November 2020,235974,0,1804,234170,2022-05-25
8520,710,December 2020,235974,3000,735,238239,2022-09-28
8521,711,January 2020,289318,2000,1554,289764,2023-02-20
8522,711,February 2020,289318,3000,1232,291086,2025-07-30
8523,711,March 2020,289318,2000,612,290706,2023-04-26
8524,711,April 2020,289318,3000,470,291848,2023-08-23
8525,711,May 2020,289318,3000,1309,291009,2022-04-02
8526,711,June 2020,289318,0,1114,288204,2024-11-10
8527,711,July 2020,289318,3000,743,291575,2025-12-10
8528,711,August 2020,289318,0,1483,287835,2023-11-16
8529,711,September 2020,289318,3000,1519,290799,2024-02-19
8530,711,October 2020,289318,1000,0,290318,2023-11-23
8531,711,November 2020,289318,2000,1122,290196,2025-08-16
8532,711,December 2020,289318,2000,1624,289694,2025-05-20
8533,712,January 2020,205528,0,704,204824,2023-05-01
8534,712,February 2020,205528,2000,1738,205790,2022-12-14
8535,712,March 2020,205528,2000,1389,206139,2023-05-27
8536,712,April 2020,205528,1000,636,205892,2022-11-13
8537,712,May 2020,205528,0,1839,203689,2023-12-11
8538,712,June 2020,205528,1000,808,205720,2024-01-22
8539,712,July 2020,205528,1000,145,206383,2025-09-29
8540,712,August 2020,205528,0,1468,204060,2024-05-22
8541,712,September 2020,205528,0,646,204882,2022-06-12
8542,712,October 2020,205528,2000,1800,205728,2025-09-12
8543,712,November 2020,205528,1000,1350,205178,2024-06-12
8544,712,December 2020,205528,1000,1524,205004,2022-10-22
8545,713,January 2020,126037,1000,1096,125941,2023-12-02
8546,713,February 2020,126037,2000,270,127767,2024-01-11
8547,713,March 2020,126037,1000,1743,125294,2024-03-05
8548,713,April 2020,126037,2000,632,127405,2022-10-22
8549,713,May 2020,126037,0,27,126010,2022-06-13
8550,713,June 2020,126037,1000,1271,125766,2025-08-14
8551,713,July 2020,126037,0,1758,124279,2024-03-19
8552,713,August 2020,126037,3000,1085,127952,2022-12-26
8553,713,September 2020,126037,1000,1209,125828,2022-04-05
8554,713,October 2020,126037,2000,742,127295,2025-05-30
8555,713,November 2020,126037,0,240,125797,2023-04-12
8556,713,December 2020,126037,1000,1733,125304,2024-09-03
8557,714,January 2020,164072,2000,541,165531,2022-01-17
8558,714,February 2020,164072,2000,1827,164245,2023-09-02
8559,714,March 2020,164072,1000,1409,163663,2022-08-05
8560,714,April 2020,164072,1000,1028,164044,2025-09-02
8561,714,May 2020,164072,2000,292,165780,2023-07-05
8562,714,June 2020,164072,0,739,163333,2022-10-01
8563,714,July 2020,164072,3000,294,166778,2025-04-21
8564,714,August 2020,164072,1000,406,164666,2023-06-15
8565,714,September 2020,164072,1000,777,164295,2025-11-19
8566,714,October 2020,164072,0,321,163751,2025-11-04
8567,714,November 2020,164072,1000,1996,163076,2022-03-18
8568,714,December 2020,164072,3000,757,166315,2024-06-16
8569,715,January 2020,200921,3000,1660,202261,2022-08-15
8570,715,February 2020,200921,3000,553,203368,2023-12-05
8571,715,March 2020,200921,1000,1892,200029,2023-11-24
8572,715,April 2020,200921,3000,950,202971,2023-05-25
8573,715,May 2020,200921,1000,1993,199928,2024-01-14
8574,715,June 2020,200921,1000,779,201142,2023-06-04
8575,715,July 2020,200921,1000,754,201167,2022-04-23
8576,715,August 2020,200921,3000,1449,202472,2022-03-09
8577,715,September 2020,200921,0,1083,199838,2022-06-09
8578,715,October 2020,200921,3000,1477,202444,2022-06-08
8579,715,November 2020,200921,3000,1383,202538,2023-05-26
8580,715,December 2020,200921,1000,638,201283,2025-06-29
8581,716,January 2020,251098,1000,732,251366,2023-05-01
8582,716,February 2020,251098,2000,1335,251763,2025-04-09
8583,716,March 2020,251098,3000,352,253746,2023-05-05
8584,716,April 2020,251098,0,618,250480,2025-07-03
8585,716,May 2020,251098,2000,1981,251117,2025-11-02
8586,716,June 2020,251098,0,1942,249156,2025-10-19
8587,716,July 2020,251098,0,373,250725,2025-11-11
8588,716,August 2020,251098,2000,1566,251532,2023-11-13
8589,716,September 2020,251098,1000,536,251562,2023-02-12
8590,716,October 2020,251098,1000,561,251537,2024-04-04
8591,716,November 2020,251098,1000,971,251127,2025-01-12
8592,716,December 2020,251098,2000,1313,251785,2023-02-07
8593,717,January 2020,281149,2000,1166,281983,2022-02-11
8594,717,February 2020,281149,2000,1708,281441,2025-11-17
8595,717,March 2020,281149,0,488,280661,2022-11-06
8596,717,April 2020,281149,1000,1026,281123,2024-01-26
8597,717,May 2020,281149,2000,1672,281477,2022-01-10
8598,717,June 2020,281149,0,1391,279758,2023-02-25
8599,717,July 2020,281149,1000,105,282044,2023-08-28
8600,717,August 2020,281149,0,1540,279609,2023-03-30
8601,717,September 2020,281149,2000,492,282657,2024-09-02
8602,717,October 2020,281149,0,1715,279434,2022-04-01
8603,717,November 2020,281149,1000,1689,280460,2023-04-16
8604,717,December 2020,281149,3000,1957,282192,2022-05-03
8605,718,January 2020,234909,1000,183,235726,2022-07-06
8606,718,February 2020,234909,2000,564,236345,2025-05-04
8607,718,March 2020,234909,3000,1171,236738,2022-11-15
8608,718,April 2020,234909,3000,482,237427,2025-12-08
8609,718,May 2020,234909,1000,1452,234457,2022-01-18
8610,718,June 2020,234909,0,744,234165,2024-12-13
8611,718,July 2020,234909,0,228,234681,2023-08-05
8612,718,August 2020,234909,2000,142,236767,2025-07-22
8613,718,September 2020,234909,3000,1050,236859,2025-05-05
8614,718,October 2020,234909,3000,1247,236662,2024-01-28
8615,718,November 2020,234909,1000,502,235407,2022-08-26
8616,718,December 2020,234909,3000,901,237008,2024-11-12
8617,719,January 2020,81662,1000,1800,80862,2022-11-09
8618,719,February 2020,81662,2000,810,82852,2024-11-27
8619,719,March 2020,81662,2000,1129,82533,2023-03-07
8620,719,April 2020,81662,1000,198,82464,2023-06-29
8621,719,May 2020,81662,1000,1994,80668,2023-09-26
8622,719,June 2020,81662,0,1518,80144,2023-01-31
8623,719,July 2020,81662,1000,333,82329,2023-06-24
8624,719,August 2020,81662,3000,1701,82961,2024-09-19
8625,719,September 2020,81662,3000,318,84344,2023-06-19
8626,719,October 2020,81662,2000,1731,81931,2024-04-27
8627,719,November 2020,81662,1000,919,81743,2023-01-21
8628,719,December 2020,81662,3000,708,83954,2025-04-24
8629,720,January 2020,283623,1000,803,283820,2025-04-09
8630,720,February 2020,283623,0,300,283323,2025-01-19
8631,720,March 2020,283623,0,1243,282380,2024-07-02
8632,720,April 2020,283623,2000,226,285397,2024-07-06
8633,720,May 2020,283623,0,345,283278,2022-08-18
8634,720,June 2020,283623,1000,392,284231,2024-11-26
8635,720,July 2020,283623,3000,789,285834,2025-08-14
8636,720,August 2020,283623,3000,138,286485,2022-04-08
8637,720,September 2020,283623,2000,1916,283707,2022-02-06
8638,720,October 2020,283623,1000,250,284373,2024-08-03
8639,720,November 2020,283623,0,650,282973,2023-04-08
8640,720,December 2020,283623,3000,1005,285618,2025-07-08
8641,721,January 2020,282699,2000,1285,283414,2024-04-15
8642,721,February 2020,282699,1000,1610,282089,2024-03-24
8643,721,March 2020,282699,3000,1199,284500,2023-04-10
8644,721,April 2020,282699,3000,266,285433,2022-06-03
8645,721,May 2020,282699,0,1144,281555,2023-05-28
8646,721,June 2020,282699,1000,1549,282150,2022-05-09
8647,721,July 2020,282699,1000,439,283260,2023-05-15
8648,721,August 2020,282699,3000,1732,283967,2024-06-19
8649,721,September 2020,282699,2000,790,283909,2023-09-23
8650,721,October 2020,282699,3000,218,285481,2024-05-19
8651,721,November 2020,282699,0,74,282625,2022-08-08
8652,721,December 2020,282699,2000,1021,283678,2022-09-02
8653,722,January 2020,182370,1000,1989,181381,2022-06-21
8654,722,February 2020,182370,2000,1903,182467,2023-10-27
8655,722,March 2020,182370,1000,1006,182364,2024-01-22
8656,722,April 2020,182370,3000,530,184840,2023-11-03
8657,722,May 2020,182370,3000,756,184614,2024-03-18
8658,722,June 2020,182370,1000,57,183313,2023-03-28
8659,722,July 2020,182370,0,1345,181025,2023-10-23
8660,722,August 2020,182370,0,1065,181305,2022-04-05
8661,722,September 2020,182370,2000,826,183544,2025-02-20
8662,722,October 2020,182370,3000,1582,183788,2023-01-07
8663,722,November 2020,182370,0,173,182197,2023-06-25
8664,722,December 2020,182370,1000,1550,181820,2023-11-16
8665,723,January 2020,259751,0,1688,258063,2023-12-31
8666,723,February 2020,259751,0,1190,258561,2023-03-08
8667,723,March 2020,259751,2000,198,261553,2022-10-08
8668,723,April 2020,259751,0,266,259485,2023-04-11
8669,723,May 2020,259751,0,292,259459,2023-12-17
8670,723,June 2020,259751,1000,628,260123,2022-05-10
8671,723,July 2020,259751,3000,192,262559,2025-04-15
8672,723,August 2020,259751,2000,846,260905,2023-12-13
8673,723,September 2020,259751,1000,1060,259691,2025-11-30
8674,723,October 2020,259751,1000,748,260003,2025-06-20
8675,723,November 2020,259751,2000,578,261173,2022-02-01
8676,723,December 2020,259751,1000,1941,258810,2022-03-17
8677,724,January 2020,149219,3000,13,152206,2023-06-23
8678,724,February 2020,149219,0,271,148948,2024-12-22
8679,724,March 2020,149219,0,1239,147980,2025-11-25
8680,724,April 2020,149219,0,526,148693,2023-08-30
8681,724,May 2020,149219,2000,845,150374,2023-07-24
8682,724,June 2020,149219,2000,1929,149290,2023-11-27
8683,724,July 2020,149219,2000,1253,149966,2022-05-12
8684,724,August 2020,149219,0,438,148781,2024-08-11
8685,724,September 2020,149219,2000,1946,149273,2024-11-22
8686,724,October 2020,149219,3000,968,151251,2022-10-24
8687,724,November 2020,149219,1000,1,150218,2022-03-25
8688,724,December 2020,149219,1000,1098,149121,2024-01-12
8689,725,January 2020,89252,2000,331,90921,2022-11-15
8690,725,February 2020,89252,0,137,89115,2022-12-09
8691,725,March 2020,89252,3000,240,92012,2025-12-04
8692,725,April 2020,89252,0,1733,87519,2022-12-03
8693,725,May 2020,89252,2000,764,90488,2023-05-08
8694,725,June 2020,89252,3000,1762,90490,2024-08-30
8695,725,July 2020,89252,2000,1488,89764,2025-06-08
8696,725,August 2020,89252,1000,1289,88963,2023-01-23
8697,725,September 2020,89252,1000,921,89331,2023-02-03
8698,725,October 2020,89252,2000,1614,89638,2022-06-25
8699,725,November 2020,89252,1000,486,89766,2024-06-23
8700,725,December 2020,89252,1000,1124,89128,2022-02-28
8701,726,January 2020,102713,3000,843,104870,2022-08-02
8702,726,February 2020,102713,0,1944,100769,2024-05-04
8703,726,March 2020,102713,2000,515,104198,2024-12-11
8704,726,April 2020,102713,3000,1899,103814,2022-04-16
8705,726,May 2020,102713,0,568,102145,2023-07-23
8706,726,June 2020,102713,3000,1141,104572,2024-12-13
8707,726,July 2020,102713,0,1081,101632,2023-03-13
8708,726,August 2020,102713,3000,620,105093,2023-11-16
8709,726,September 2020,102713,0,1026,101687,2024-07-11
8710,726,October 2020,102713,2000,1482,103231,2022-10-12
8711,726,November 2020,102713,2000,970,103743,2024-12-24
8712,726,December 2020,102713,2000,181,104532,2024-03-28
8713,727,January 2020,256966,3000,1610,258356,2022-10-27
8714,727,February 2020,256966,0,187,256779,2025-01-22
8715,727,March 2020,256966,2000,1027,257939,2022-07-28
8716,727,April 2020,256966,2000,1670,257296,2023-04-19
8717,727,May 2020,256966,2000,315,258651,2024-03-06
8718,727,June 2020,256966,1000,511,257455,2022-07-10
8719,727,July 2020,256966,3000,1949,258017,2022-11-10
8720,727,August 2020,256966,1000,1301,256665,2024-05-21
8721,727,September 2020,256966,3000,1640,258326,2024-12-24
8722,727,October 2020,256966,3000,1533,258433,2023-10-06
8723,727,November 2020,256966,2000,1392,257574,2022-12-17
8724,727,December 2020,256966,3000,1443,258523,2024-04-29
8725,728,January 2020,289539,3000,604,291935,2022-08-19
8726,728,February 2020,289539,2000,514,291025,2022-01-07
8727,728,March 2020,289539,0,781,288758,2025-07-23
8728,728,April 2020,289539,0,810,288729,2022-04-08
8729,728,May 2020,289539,0,1939,287600,2023-07-11
8730,728,June 2020,289539,2000,969,290570,2023-08-01
8731,728,July 2020,289539,3000,28,292511,2024-12-27
8732,728,August 2020,289539,0,1168,288371,2022-02-18
8733,728,September 2020,289539,1000,942,289597,2022-03-16
8734,728,October 2020,289539,2000,1996,289543,2025-04-04
8735,728,November 2020,289539,3000,650,291889,2024-11-04
8736,728,December 2020,289539,2000,748,290791,2022-09-22
8737,729,January 2020,269734,3000,1732,271002,2025-08-25
8738,729,February 2020,269734,3000,1556,271178,2022-07-22
8739,729,March 2020,269734,2000,114,271620,2024-03-13
8740,729,April 2020,269734,0,1427,268307,2023-01-26
8741,729,May 2020,269734,0,505,269229,2023-04-30
8742,729,June 2020,269734,3000,120,272614,2023-07-24
8743,729,July 2020,269734,1000,118,270616,2024-08-24
8744,729,August 2020,269734,0,1412,268322,2022-08-27
8745,729,September 2020,269734,3000,556,272178,2025-03-19
8746,729,October 2020,269734,3000,577,272157,2024-06-05
8747,729,November 2020,269734,1000,1717,269017,2023-05-04
8748,729,December 2020,269734,3000,826,271908,2022-09-05
8749,730,January 2020,167481,2000,550,168931,2023-03-15
8750,730,February 2020,167481,1000,473,168008,2023-12-12
8751,730,March 2020,167481,3000,1272,169209,2023-10-20
8752,730,April 2020,167481,0,1549,165932,2022-04-17
8753,730,May 2020,167481,3000,1336,169145,2023-07-17
8754,730,June 2020,167481,1000,1899,166582,2025-10-15
8755,730,July 2020,167481,0,854,166627,2023-11-22
8756,730,August 2020,167481,1000,1561,166920,2024-04-22
8757,730,September 2020,167481,3000,484,169997,2025-09-16
8758,730,October 2020,167481,0,1061,166420,2025-06-06
8759,730,November 2020,167481,1000,1624,166857,2024-03-26
8760,730,December 2020,167481,3000,784,169697,2024-06-05
8761,731,January 2020,192035,3000,1950,193085,2025-10-04
8762,731,February 2020,192035,1000,1467,191568,2024-08-17
8763,731,March 2020,192035,1000,351,192684,2023-10-15
8764,731,April 2020,192035,1000,1601,191434,2025-04-12
8765,731,May 2020,192035,1000,1690,191345,2022-06-25
8766,731,June 2020,192035,0,1238,190797,2023-03-25
8767,731,July 2020,192035,0,241,191794,2022-06-24
8768,731,August 2020,192035,1000,1031,192004,2025-01-13
8769,731,September 2020,192035,1000,1235,191800,2022-10-06
8770,731,October 2020,192035,0,834,191201,2023-03-05
8771,731,November 2020,192035,0,525,191510,2024-01-21
8772,731,December 2020,192035,1000,591,192444,2022-11-25
8773,732,January 2020,77418,3000,1683,78735,2023-08-31
8774,732,February 2020,77418,2000,1400,78018,2023-08-06
8775,732,March 2020,77418,3000,480,79938,2022-04-20
8776,732,April 2020,77418,1000,1828,76590,2022-08-17
8777,732,May 2020,77418,1000,451,77967,2024-02-02
8778,732,June 2020,77418,3000,759,79659,2023-09-11
8779,732,July 2020,77418,0,1232,76186,2024-09-26
8780,732,August 2020,77418,0,1014,76404,2025-06-25
8781,732,September 2020,77418,2000,1539,77879,2024-04-29
8782,732,October 2020,77418,0,915,76503,2025-03-18
8783,732,November 2020,77418,1000,1123,77295,2025-01-29
8784,732,December 2020,77418,0,357,77061,2023-03-03
8785,733,January 2020,163019,0,1956,161063,2024-03-22
8786,733,February 2020,163019,2000,1867,163152,2023-12-15
8787,733,March 2020,163019,1000,1744,162275,2024-11-02
8788,733,April 2020,163019,0,1822,161197,2022-05-13
8789,733,May 2020,163019,3000,269,165750,2025-09-06
8790,733,June 2020,163019,1000,1266,162753,2023-01-20
8791,733,July 2020,163019,1000,327,163692,2024-06-09
8792,733,August 2020,163019,1000,559,163460,2025-01-12
8793,733,September 2020,163019,1000,1603,162416,2022-01-26
8794,733,October 2020,163019,0,1827,161192,2025-10-29
8795,733,November 2020,163019,0,1436,161583,2023-06-13
8796,733,December 2020,163019,1000,1014,163005,2024-04-27
8797,734,January 2020,107928,1000,1906,107022,2023-04-07
8798,734,February 2020,107928,0,841,107087,2023-01-21
8799,734,March 2020,107928,0,513,107415,2022-07-02
8800,734,April 2020,107928,1000,1656,107272,2025-11-05
8801,734,May 2020,107928,1000,53,108875,2022-07-29
8802,734,June 2020,107928,3000,1773,109155,2024-02-06
8803,734,July 2020,107928,2000,192,109736,2022-09-13
8804,734,August 2020,107928,1000,821,108107,2024-06-22
8805,734,September 2020,107928,2000,1855,108073,2023-12-25
8806,734,October 2020,107928,0,1380,106548,2022-08-20
8807,734,November 2020,107928,3000,305,110623,2025-01-05
8808,734,December 2020,107928,1000,1076,107852,2022-09-08
8809,735,January 2020,274576,2000,1022,275554,2022-07-05
8810,735,February 2020,274576,2000,234,276342,2023-02-07
8811,735,March 2020,274576,3000,1646,275930,2022-10-01
8812,735,April 2020,274576,1000,33,275543,2022-07-09
8813,735,May 2020,274576,1000,1622,273954,2022-03-28
8814,735,June 2020,274576,3000,1581,275995,2023-05-12
8815,735,July 2020,274576,1000,1480,274096,2022-08-18
8816,735,August 2020,274576,1000,819,274757,2025-06-24
8817,735,September 2020,274576,0,1577,272999,2025-03-20
8818,735,October 2020,274576,3000,1409,276167,2024-01-14
8819,735,November 2020,274576,3000,1824,275752,2022-04-27
8820,735,December 2020,274576,1000,1342,274234,2023-07-20
8821,736,January 2020,153569,3000,1830,154739,2024-04-14
8822,736,February 2020,153569,3000,1829,154740,2025-09-15
8823,736,March 2020,153569,2000,1253,154316,2022-02-23
8824,736,April 2020,153569,0,79,153490,2025-04-12
8825,736,May 2020,153569,3000,1369,155200,2024-09-16
8826,736,June 2020,153569,2000,436,155133,2025-10-15
8827,736,July 2020,153569,2000,995,154574,2022-03-06
8828,736,August 2020,153569,3000,1946,154623,2025-02-17
8829,736,September 2020,153569,2000,1893,153676,2022-01-30
8830,736,October 2020,153569,1000,1215,153354,2025-07-22
8831,736,November 2020,153569,2000,391,155178,2024-05-13
8832,736,December 2020,153569,3000,705,155864,2023-06-03
8833,737,January 2020,273296,3000,1746,274550,2022-10-31
8834,737,February 2020,273296,0,167,273129,2024-10-09
8835,737,March 2020,273296,2000,615,274681,2024-11-05
8836,737,April 2020,273296,2000,1838,273458,2024-10-02
8837,737,May 2020,273296,3000,1100,275196,2024-01-25
8838,737,June 2020,273296,1000,721,273575,2022-10-25
8839,737,July 2020,273296,3000,244,276052,2024-11-16
8840,737,August 2020,273296,1000,1407,272889,2023-10-12
8841,737,September 2020,273296,2000,1156,274140,2023-01-05
8842,737,October 2020,273296,3000,820,275476,2023-10-14
8843,737,November 2020,273296,2000,1393,273903,2025-12-26
8844,737,December 2020,273296,1000,1993,272303,2023-03-10
8845,738,January 2020,123642,1000,700,123942,2025-01-31
8846,738,February 2020,123642,3000,1899,124743,2023-01-20
8847,738,March 2020,123642,1000,746,123896,2025-09-18
8848,738,April 2020,123642,1000,1343,123299,2023-06-24
8849,738,May 2020,123642,1000,1234,123408,2023-06-22
8850,738,June 2020,123642,0,1231,122411,2025-01-20
8851,738,July 2020,123642,3000,831,125811,2022-02-02
8852,738,August 2020,123642,2000,1143,124499,2022-03-09
8853,738,September 2020,123642,3000,230,126412,2023-11-01
8854,738,October 2020,123642,1000,842,123800,2022-07-21
8855,738,November 2020,123642,1000,534,124108,2025-05-08
8856,738,December 2020,123642,2000,1852,123790,2024-07-29
8857,739,January 2020,270408,3000,977,272431,2025-10-16
8858,739,February 2020,270408,1000,1442,269966,2024-04-13
8859,739,March 2020,270408,3000,957,272451,2025-07-14
8860,739,April 2020,270408,1000,738,270670,2025-10-09
8861,739,May 2020,270408,3000,397,273011,2022-09-12
8862,739,June 2020,270408,3000,468,272940,2025-11-25
8863,739,July 2020,270408,3000,1059,272349,2023-01-25
8864,739,August 2020,270408,1000,10,271398,2022-08-05
8865,739,September 2020,270408,2000,364,272044,2024-04-30
8866,739,October 2020,270408,1000,1662,269746,2023-01-15
8867,739,November 2020,270408,0,994,269414,2025-11-30
8868,739,December 2020,270408,3000,1712,271696,2022-11-03
8869,740,January 2020,212320,0,1863,210457,2023-09-29
8870,740,February 2020,212320,1000,1761,211559,2023-08-25
8871,740,March 2020,212320,3000,649,214671,2022-07-08
8872,740,April 2020,212320,3000,652,214668,2025-06-15
8873,740,May 2020,212320,0,109,212211,2024-05-15
8874,740,June 2020,212320,3000,999,214321,2022-02-10
8875,740,July 2020,212320,3000,300,215020,2025-03-09
8876,740,August 2020,212320,2000,812,213508,2023-09-18
8877,740,September 2020,212320,1000,474,212846,2024-12-22
8878,740,October 2020,212320,2000,754,213566,2025-05-21
8879,740,November 2020,212320,1000,663,212657,2025-06-08
8880,740,December 2020,212320,1000,851,212469,2024-10-29
8881,741,January 2020,128037,3000,1987,129050,2022-12-18
8882,741,February 2020,128037,1000,841,128196,2023-10-15
8883,741,March 2020,128037,0,1273,126764,2023-10-03
8884,741,April 2020,128037,0,316,127721,2023-07-10
8885,741,May 2020,128037,3000,16,131021,2025-09-10
8886,741,June 2020,128037,2000,972,129065,2022-03-29
8887,741,July 2020,128037,3000,392,130645,2022-09-24
8888,741,August 2020,128037,3000,291,130746,2023-11-08
8889,741,September 2020,128037,1000,1747,127290,2025-01-21
8890,741,October 2020,128037,1000,148,128889,2025-03-22
8891,741,November 2020,128037,0,269,127768,2023-06-23
8892,741,December 2020,128037,2000,1563,128474,2025-01-21
8893,742,January 2020,225549,3000,238,228311,2025-06-10
8894,742,February 2020,225549,2000,510,227039,2023-09-09
8895,742,March 2020,225549,3000,579,227970,2023-12-24
8896,742,April 2020,225549,2000,169,227380,2025-01-07
8897,742,May 2020,225549,1000,1197,225352,2024-03-12
8898,742,June 2020,225549,2000,1954,225595,2024-07-04
8899,742,July 2020,225549,0,802,224747,2022-09-22
8900,742,August 2020,225549,0,1393,224156,2023-07-09
8901,742,September 2020,225549,3000,708,227841,2025-08-21
8902,742,October 2020,225549,0,1364,224185,2024-01-28
8903,742,November 2020,225549,1000,423,226126,2024-02-28
8904,742,December 2020,225549,0,492,225057,2022-04-03
8905,743,January 2020,245050,2000,166,246884,2025-05-24
8906,743,February 2020,245050,3000,1466,246584,2023-11-09
8907,743,March 2020,245050,2000,1699,245351,2024-02-29
8908,743,April 2020,245050,3000,224,247826,2025-01-12
8909,743,May 2020,245050,1000,1094,244956,2022-01-31
8910,743,June 2020,245050,3000,95,247955,2022-12-01
8911,743,July 2020,245050,1000,1589,244461,2023-03-26
8912,743,August 2020,245050,3000,28,248022,2022-03-04
8913,743,September 2020,245050,2000,1130,245920,2022-03-20
8914,743,October 2020,245050,1000,1727,244323,2025-10-23
8915,743,November 2020,245050,3000,160,247890,2022-08-21
8916,743,December 2020,245050,1000,1877,244173,2025-11-13
8917,744,January 2020,215962,1000,1821,215141,2023-01-18
8918,744,February 2020,215962,1000,1823,215139,2023-02-11
8919,744,March 2020,215962,2000,1309,216653,2024-07-01
8920,744,April 2020,215962,3000,1989,216973,2022-05-12
8921,744,May 2020,215962,1000,500,216462,2022-04-08
8922,744,June 2020,215962,0,1017,214945,2025-07-25
8923,744,July 2020,215962,2000,232,217730,2023-02-08
8924,744,August 2020,215962,3000,1416,217546,2023-05-01
8925,744,September 2020,215962,0,423,215539,2024-09-30
8926,744,October 2020,215962,3000,1589,217373,2025-06-15
8927,744,November 2020,215962,2000,1474,216488,2025-07-15
8928,744,December 2020,215962,0,1639,214323,2022-03-16
8929,745,January 2020,173492,1000,489,174003,2024-10-14
8930,745,February 2020,173492,0,385,173107,2022-08-05
8931,745,March 2020,173492,1000,1251,173241,2025-04-03
8932,745,April 2020,173492,1000,1586,172906,2022-04-30
8933,745,May 2020,173492,3000,420,176072,2023-08-28
8934,745,June 2020,173492,2000,1951,173541,2023-12-15
8935,745,July 2020,173492,1000,1753,172739,2023-08-13
8936,745,August 2020,173492,2000,1494,173998,2025-05-30
8937,745,September 2020,173492,3000,1651,174841,2022-03-14
8938,745,October 2020,173492,2000,679,174813,2024-12-27
8939,745,November 2020,173492,3000,482,176010,2025-01-02
8940,745,December 2020,173492,3000,1313,175179,2023-09-12
8941,746,January 2020,254325,3000,919,256406,2024-06-28
8942,746,February 2020,254325,2000,321,256004,2023-04-09
8943,746,March 2020,254325,3000,2000,255325,2022-06-25
8944,746,April 2020,254325,2000,361,255964,2024-10-17
8945,746,May 2020,254325,2000,1523,254802,2023-09-19
8946,746,June 2020,254325,0,1030,253295,2024-07-01
8947,746,July 2020,254325,0,174,254151,2022-11-16
8948,746,August 2020,254325,2000,104,256221,2023-12-12
8949,746,September 2020,254325,1000,139,255186,2023-08-22
8950,746,October 2020,254325,3000,640,256685,2024-07-17
8951,746,November 2020,254325,1000,596,254729,2024-07-29
8952,746,December 2020,254325,3000,367,256958,2023-04-05
8953,747,January 2020,227815,0,1009,226806,2022-01-21
8954,747,February 2020,227815,2000,1131,228684,2022-10-30
8955,747,March 2020,227815,1000,634,228181,2025-05-07
8956,747,April 2020,227815,0,1888,225927,2025-01-23
8957,747,May 2020,227815,3000,176,230639,2024-05-27
8958,747,June 2020,227815,3000,1428,229387,2025-02-21
8959,747,July 2020,227815,3000,1589,229226,2023-02-15
8960,747,August 2020,227815,3000,1510,229305,2022-07-25
8961,747,September 2020,227815,0,27,227788,2023-02-18
8962,747,October 2020,227815,3000,94,230721,2022-12-16
8963,747,November 2020,227815,3000,730,230085,2025-08-22
8964,747,December 2020,227815,2000,1691,228124,2024-09-20
8965,748,January 2020,110549,2000,877,111672,2023-01-27
8966,748,February 2020,110549,3000,692,112857,2022-07-24
8967,748,March 2020,110549,1000,1383,110166,2023-01-22
8968,748,April 2020,110549,0,559,109990,2025-09-24
8969,748,May 2020,110549,2000,620,111929,2025-08-21
8970,748,June 2020,110549,1000,1684,109865,2022-10-19
8971,748,July 2020,110549,0,112,110437,2025-06-13
8972,748,August 2020,110549,3000,1983,111566,2024-07-08
8973,748,September 2020,110549,1000,1107,110442,2025-12-06
8974,748,October 2020,110549,0,203,110346,2024-08-17
8975,748,November 2020,110549,3000,1727,111822,2025-04-22
8976,748,December 2020,110549,2000,1193,111356,2023-04-18
8977,749,January 2020,94740,0,1482,93258,2025-10-28
8978,749,February 2020,94740,3000,194,97546,2023-10-10
8979,749,March 2020,94740,2000,970,95770,2024-03-06
8980,749,April 2020,94740,2000,1984,94756,2024-08-22
8981,749,May 2020,94740,0,593,94147,2023-02-07
8982,749,June 2020,94740,1000,1900,93840,2025-08-05
8983,749,July 2020,94740,3000,1139,96601,2024-02-27
8984,749,August 2020,94740,3000,1295,96445,2024-06-03
8985,749,September 2020,94740,2000,483,96257,2022-11-23
8986,749,October 2020,94740,3000,1292,96448,2023-04-06
8987,749,November 2020,94740,2000,178,96562,2025-01-05
8988,749,December 2020,94740,0,627,94113,2023-01-17
8989,750,January 2020,163333,3000,1649,164684,2025-06-04
8990,750,February 2020,163333,1000,1311,163022,2023-10-31
8991,750,March 2020,163333,2000,1254,164079,2025-03-03
8992,750,April 2020,163333,2000,1085,164248,2025-04-20
8993,750,May 2020,163333,2000,769,164564,2025-11-02
8994,750,June 2020,163333,3000,126,166207,2024-10-07
8995,750,July 2020,163333,3000,1667,164666,2025-03-02
8996,750,August 2020,163333,3000,1322,165011,2025-04-14
8997,750,September 2020,163333,1000,213,164120,2024-04-08
8998,750,October 2020,163333,0,28,163305,2022-12-19
8999,750,November 2020,163333,2000,1826,163507,2025-06-29
9000,750,December 2020,163333,0,437,162896,2024-05-13
9001,751,January 2020,190256,1000,1144,190112,2024-09-22
9002,751,February 2020,190256,1000,1671,189585,2022-08-17
9003,751,March 2020,190256,0,101,190155,2023-08-09
9004,751,April 2020,190256,3000,1223,192033,2024-05-17
9005,751,May 2020,190256,1000,1074,190182,2022-08-10
9006,751,June 2020,190256,1000,1959,189297,2025-06-15
9007,751,July 2020,190256,2000,932,191324,2025-07-31
9008,751,August 2020,190256,3000,437,192819,2022-02-21
9009,751,September 2020,190256,1000,1671,189585,2024-09-27
9010,751,October 2020,190256,0,87,190169,2022-05-24
9011,751,November 2020,190256,2000,1498,190758,2022-05-21
9012,751,December 2020,190256,0,1306,188950,2023-04-18
9013,752,January 2020,72486,0,1958,70528,2024-05-18
9014,752,February 2020,72486,0,186,72300,2025-07-09
9015,752,March 2020,72486,2000,755,73731,2023-02-03
9016,752,April 2020,72486,0,1547,70939,2022-01-27
9017,752,May 2020,72486,3000,668,74818,2024-07-23
9018,752,June 2020,72486,0,67,72419,2023-07-03
9019,752,July 2020,72486,1000,1942,71544,2023-04-28
9020,752,August 2020,72486,3000,713,74773,2024-03-15
9021,752,September 2020,72486,1000,1335,72151,2025-06-04
9022,752,October 2020,72486,3000,1955,73531,2022-07-13
9023,752,November 2020,72486,3000,1818,73668,2024-01-20
9024,752,December 2020,72486,0,1456,71030,2023-11-27
9025,753,January 2020,237238,1000,1400,236838,2024-08-05
9026,753,February 2020,237238,3000,1710,238528,2022-02-23
9027,753,March 2020,237238,0,1440,235798,2025-03-07
9028,753,April 2020,237238,0,509,236729,2025-10-09
9029,753,May 2020,237238,3000,1220,239018,2025-08-11
9030,753,June 2020,237238,1000,110,238128,2025-08-08
9031,753,July 2020,237238,2000,1575,237663,2025-08-08
9032,753,August 2020,237238,2000,1730,237508,2022-12-12
9033,753,September 2020,237238,0,912,236326,2025-11-13
9034,753,October 2020,237238,3000,418,239820,2025-03-26
9035,753,November 2020,237238,0,812,236426,2023-06-13
9036,753,December 2020,237238,3000,1147,239091,2022-09-15
9037,754,January 2020,70581,3000,412,73169,2024-01-28
9038,754,February 2020,70581,0,332,70249,2025-09-08
9039,754,March 2020,70581,0,1045,69536,2023-11-29
9040,754,April 2020,70581,0,1999,68582,2024-04-13
9041,754,May 2020,70581,0,49,70532,2025-09-02
9042,754,June 2020,70581,1000,591,70990,2024-08-26
9043,754,July 2020,70581,3000,953,72628,2024-09-04
9044,754,August 2020,70581,1000,829,70752,2025-06-26
9045,754,September 2020,70581,3000,1406,72175,2025-06-17
9046,754,October 2020,70581,1000,650,70931,2025-09-10
9047,754,November 2020,70581,0,630,69951,2022-11-25
9048,754,December 2020,70581,2000,4,72577,2025-08-07
9049,755,January 2020,123818,2000,977,124841,2025-02-04
9050,755,February 2020,123818,1000,1899,122919,2022-09-06
9051,755,March 2020,123818,0,981,122837,2024-09-25
9052,755,April 2020,123818,0,1268,122550,2024-03-08
9053,755,May 2020,123818,0,446,123372,2025-01-03
9054,755,June 2020,123818,0,1946,121872,2025-02-22
9055,755,July 2020,123818,2000,1519,124299,2023-01-12
9056,755,August 2020,123818,3000,1967,124851,2022-07-14
9057,755,September 2020,123818,2000,803,125015,2025-08-20
9058,755,October 2020,123818,0,479,123339,2025-06-18
9059,755,November 2020,123818,2000,611,125207,2025-11-19
9060,755,December 2020,123818,2000,1845,123973,2025-07-17
9061,756,January 2020,190365,3000,331,193034,2023-01-02
9062,756,February 2020,190365,0,1052,189313,2025-10-02
9063,756,March 2020,190365,0,843,189522,2024-05-02
9064,756,April 2020,190365,2000,1709,190656,2023-06-01
9065,756,May 2020,190365,1000,351,191014,2022-06-01
9066,756,June 2020,190365,0,1870,188495,2022-05-29
9067,756,July 2020,190365,2000,1905,190460,2025-03-20
9068,756,August 2020,190365,1000,861,190504,2022-12-21
9069,756,September 2020,190365,0,876,189489,2025-09-30
9070,756,October 2020,190365,2000,1147,191218,2024-03-17
9071,756,November 2020,190365,1000,686,190679,2023-05-15
9072,756,December 2020,190365,3000,1810,191555,2025-04-18
9073,757,January 2020,77919,1000,766,78153,2023-05-29
9074,757,February 2020,77919,3000,1603,79316,2024-12-22
9075,757,March 2020,77919,2000,530,79389,2023-07-18
9076,757,April 2020,77919,2000,789,79130,2025-12-06
9077,757,May 2020,77919,1000,489,78430,2022-04-08
9078,757,June 2020,77919,3000,982,79937,2022-12-21
9079,757,July 2020,77919,1000,1018,77901,2022-04-01
9080,757,August 2020,77919,1000,1403,77516,2025-04-28
9081,757,September 2020,77919,0,693,77226,2024-09-28
9082,757,October 2020,77919,2000,1619,78300,2023-03-13
9083,757,November 2020,77919,3000,1725,79194,2022-11-15
9084,757,December 2020,77919,2000,707,79212,2025-03-22
9085,758,January 2020,226114,0,1644,224470,2024-01-05
9086,758,February 2020,226114,3000,1084,228030,2023-07-22
9087,758,March 2020,226114,0,1953,224161,2022-03-01
9088,758,April 2020,226114,0,1313,224801,2022-08-08
9089,758,May 2020,226114,0,1067,225047,2022-12-17
9090,758,June 2020,226114,0,169,225945,2022-04-26
9091,758,July 2020,226114,3000,277,228837,2022-07-12
9092,758,August 2020,226114,0,1407,224707,2022-03-03
9093,758,September 2020,226114,1000,1377,225737,2023-09-20
9094,758,October 2020,226114,1000,1569,225545,2023-11-22
9095,758,November 2020,226114,3000,1626,227488,2025-02-17
9096,758,December 2020,226114,0,1633,224481,2023-03-01
9097,759,January 2020,150511,1000,1010,150501,2025-09-28
9098,759,February 2020,150511,1000,1201,150310,2024-01-04
9099,759,March 2020,150511,1000,1091,150420,2024-05-12
9100,759,April 2020,150511,1000,266,151245,2024-01-09
9101,759,May 2020,150511,0,216,150295,2022-06-11
9102,759,June 2020,150511,2000,1392,151119,2024-06-13
9103,759,July 2020,150511,3000,1103,152408,2024-06-09
9104,759,August 2020,150511,1000,548,150963,2025-05-15
9105,759,September 2020,150511,2000,636,151875,2022-04-12
9106,759,October 2020,150511,0,1461,149050,2023-07-03
9107,759,November 2020,150511,2000,617,151894,2023-09-05
9108,759,December 2020,150511,0,101,150410,2022-12-08
9109,760,January 2020,275741,1000,1332,275409,2023-03-24
9110,760,February 2020,275741,2000,1645,276096,2024-05-27
9111,760,March 2020,275741,0,143,275598,2025-09-04
9112,760,April 2020,275741,2000,849,276892,2022-07-21
9113,760,May 2020,275741,1000,881,275860,2023-05-10
9114,760,June 2020,275741,2000,694,277047,2023-01-23
9115,760,July 2020,275741,2000,678,277063,2024-03-08
9116,760,August 2020,275741,2000,739,277002,2024-07-17
9117,760,September 2020,275741,2000,1188,276553,2024-11-08
9118,760,October 2020,275741,3000,576,278165,2023-09-13
9119,760,November 2020,275741,0,1963,273778,2022-05-23
9120,760,December 2020,275741,3000,1734,277007,2024-04-28
9121,761,January 2020,160310,1000,769,160541,2024-09-05
9122,761,February 2020,160310,1000,1391,159919,2024-06-08
9123,761,March 2020,160310,2000,1089,161221,2024-08-03
9124,761,April 2020,160310,2000,621,161689,2022-09-04
9125,761,May 2020,160310,2000,1520,160790,2025-11-12
9126,761,June 2020,160310,1000,790,160520,2024-04-02
9127,761,July 2020,160310,1000,715,160595,2025-05-15
9128,761,August 2020,160310,3000,1414,161896,2022-12-09
9129,761,September 2020,160310,2000,1814,160496,2022-04-01
9130,761,October 2020,160310,3000,85,163225,2022-03-13
9131,761,November 2020,160310,0,393,159917,2023-02-22
9132,761,December 2020,160310,1000,58,161252,2025-11-02
9133,762,January 2020,285559,2000,1881,285678,2024-06-01
9134,762,February 2020,285559,3000,871,287688,2023-04-01
9135,762,March 2020,285559,1000,1963,284596,2024-03-14
9136,762,April 2020,285559,0,1575,283984,2025-11-17
9137,762,May 2020,285559,1000,467,286092,2025-04-12
9138,762,June 2020,285559,1000,151,286408,2025-04-29
9139,762,July 2020,285559,0,466,285093,2024-05-20
9140,762,August 2020,285559,1000,174,286385,2024-04-05
9141,762,September 2020,285559,0,372,285187,2023-09-25
9142,762,October 2020,285559,3000,10,288549,2022-05-10
9143,762,November 2020,285559,1000,206,286353,2024-03-02
9144,762,December 2020,285559,2000,1055,286504,2022-07-13
9145,763,January 2020,74295,1000,860,74435,2022-06-10
9146,763,February 2020,74295,0,171,74124,2023-06-01
9147,763,March 2020,74295,3000,454,76841,2022-01-05
9148,763,April 2020,74295,1000,1658,73637,2025-04-24
9149,763,May 2020,74295,3000,1608,75687,2025-12-08
9150,763,June 2020,74295,1000,1961,73334,2023-10-05
9151,763,July 2020,74295,2000,1551,74744,2022-01-05
9152,763,August 2020,74295,2000,843,75452,2025-12-29
9153,763,September 2020,74295,3000,402,76893,2024-08-18
9154,763,October 2020,74295,0,389,73906,2022-04-24
9155,763,November 2020,74295,3000,132,77163,2023-04-15
9156,763,December 2020,74295,0,1245,73050,2024-03-02
9157,764,January 2020,202346,0,1507,200839,2022-02-12
9158,764,February 2020,202346,1000,736,202610,2025-11-24
9159,764,March 2020,202346,0,1592,200754,2024-03-16
9160,764,April 2020,202346,1000,592,202754,2023-10-11
9161,764,May 2020,202346,1000,988,202358,2023-05-29
9162,764,June 2020,202346,0,312,202034,2024-05-11
9163,764,July 2020,202346,1000,1722,201624,2022-09-21
9164,764,August 2020,202346,3000,1378,203968,2023-01-07
9165,764,September 2020,202346,0,1210,201136,2022-12-05
9166,764,October 2020,202346,1000,1586,201760,2023-01-18
9167,764,November 2020,202346,3000,881,204465,2024-09-08
9168,764,December 2020,202346,0,199,202147,2023-07-25
9169,765,January 2020,231223,2000,1258,231965,2024-04-18
9170,765,February 2020,231223,1000,1649,230574,2022-07-07
9171,765,March 2020,231223,3000,1107,233116,2025-07-21
9172,765,April 2020,231223,3000,789,233434,2023-12-22
9173,765,May 2020,231223,3000,1355,232868,2023-05-27
9174,765,June 2020,231223,1000,1657,230566,2022-12-03
9175,765,July 2020,231223,1000,1121,231102,2024-10-31
9176,765,August 2020,231223,2000,247,232976,2023-03-30
9177,765,September 2020,231223,3000,1823,232400,2023-01-25
9178,765,October 2020,231223,0,1570,229653,2023-09-07
9179,765,November 2020,231223,2000,1092,232131,2023-09-03
9180,765,December 2020,231223,3000,744,233479,2023-07-25
9181,766,January 2020,188662,0,1003,187659,2023-04-14
9182,766,February 2020,188662,0,585,188077,2025-04-07
9183,766,March 2020,188662,2000,1845,188817,2023-09-16
9184,766,April 2020,188662,3000,684,190978,2025-08-13
9185,766,May 2020,188662,1000,440,189222,2023-06-29
9186,766,June 2020,188662,0,582,188080,2024-05-24
9187,766,July 2020,188662,0,1578,187084,2023-05-13
9188,766,August 2020,188662,2000,1648,189014,2023-10-22
9189,766,September 2020,188662,1000,1880,187782,2022-10-01
9190,766,October 2020,188662,0,1585,187077,2022-10-15
9191,766,November 2020,188662,0,1017,187645,2022-09-16
9192,766,December 2020,188662,2000,514,190148,2023-01-13
9193,767,January 2020,253828,1000,1486,253342,2025-11-15
9194,767,February 2020,253828,3000,94,256734,2022-05-17
9195,767,March 2020,253828,2000,873,254955,2025-07-30
9196,767,April 2020,253828,1000,1803,253025,2024-01-23
9197,767,May 2020,253828,3000,331,256497,2023-12-03
9198,767,June 2020,253828,1000,1854,252974,2025-06-14
9199,767,July 2020,253828,3000,102,256726,2022-06-21
9200,767,August 2020,253828,2000,1124,254704,2024-02-14
9201,767,September 2020,253828,0,18,253810,2022-10-15
9202,767,October 2020,253828,1000,1981,252847,2023-05-21
9203,767,November 2020,253828,0,1515,252313,2023-04-04
9204,767,December 2020,253828,0,15,253813,2023-12-26
9205,768,January 2020,268487,2000,1122,269365,2023-03-13
9206,768,February 2020,268487,3000,1221,270266,2022-07-05
9207,768,March 2020,268487,0,1627,266860,2025-07-11
9208,768,April 2020,268487,2000,1910,268577,2024-08-25
9209,768,May 2020,268487,2000,470,270017,2022-10-03
9210,768,June 2020,268487,2000,552,269935,2025-07-30
9211,768,July 2020,268487,3000,69,271418,2024-04-13
9212,768,August 2020,268487,3000,972,270515,2022-03-02
9213,768,September 2020,268487,1000,1937,267550,2023-04-25
9214,768,October 2020,268487,3000,1816,269671,2023-10-13
9215,768,November 2020,268487,2000,1639,268848,2025-11-20
9216,768,December 2020,268487,1000,1102,268385,2024-08-14
9217,769,January 2020,244506,2000,500,246006,2025-11-01
9218,769,February 2020,244506,3000,1914,245592,2025-02-03
9219,769,March 2020,244506,0,1729,242777,2022-03-20
9220,769,April 2020,244506,2000,1206,245300,2024-02-02
9221,769,May 2020,244506,0,1715,242791,2023-12-08
9222,769,June 2020,244506,1000,1288,244218,2024-12-08
9223,769,July 2020,244506,2000,1856,244650,2024-09-10
9224,769,August 2020,244506,2000,198,246308,2023-01-25
9225,769,September 2020,244506,1000,442,245064,2023-06-10
9226,769,October 2020,244506,1000,402,245104,2022-01-03
9227,769,November 2020,244506,3000,935,246571,2022-07-05
9228,769,December 2020,244506,3000,1279,246227,2025-05-18
9229,770,January 2020,243140,1000,1342,242798,2023-09-28
9230,770,February 2020,243140,3000,304,245836,2023-09-01
9231,770,March 2020,243140,0,1539,241601,2025-12-24
9232,770,April 2020,243140,0,1401,241739,2025-12-28
9233,770,May 2020,243140,2000,1395,243745,2025-02-04
9234,770,June 2020,243140,2000,1339,243801,2025-05-03
9235,770,July 2020,243140,1000,505,243635,2023-06-01
9236,770,August 2020,243140,2000,1078,244062,2023-03-23
9237,770,September 2020,243140,3000,401,245739,2025-01-08
9238,770,October 2020,243140,2000,246,244894,2024-05-26
9239,770,November 2020,243140,1000,816,243324,2025-07-20
9240,770,December 2020,243140,3000,196,245944,2023-12-31
9241,771,January 2020,227564,0,666,226898,2024-10-21
9242,771,February 2020,227564,2000,1173,228391,2025-10-11
9243,771,March 2020,227564,0,1817,225747,2025-02-19
9244,771,April 2020,227564,3000,1089,229475,2022-05-19
9245,771,May 2020,227564,2000,1814,227750,2022-05-03
9246,771,June 2020,227564,2000,1009,228555,2023-08-15
9247,771,July 2020,227564,0,716,226848,2022-11-05
9248,771,August 2020,227564,3000,587,229977,2024-01-07
9249,771,September 2020,227564,2000,355,229209,2023-09-14
9250,771,October 2020,227564,1000,439,228125,2022-05-29
9251,771,November 2020,227564,2000,305,229259,2023-05-13
9252,771,December 2020,227564,3000,762,229802,2023-02-15
9253,772,January 2020,93712,3000,348,96364,2025-06-02
9254,772,February 2020,93712,2000,1720,93992,2023-10-19
9255,772,March 2020,93712,3000,620,96092,2024-03-12
9256,772,April 2020,93712,3000,820,95892,2024-04-12
9257,772,May 2020,93712,0,234,93478,2023-05-15
9258,772,June 2020,93712,1000,801,93911,2023-04-13
9259,772,July 2020,93712,2000,1549,94163,2025-09-30
9260,772,August 2020,93712,2000,1853,93859,2023-11-11
9261,772,September 2020,93712,1000,1515,93197,2022-02-27
9262,772,October 2020,93712,1000,1994,92718,2022-01-27
9263,772,November 2020,93712,1000,963,93749,2023-04-07
9264,772,December 2020,93712,3000,7,96705,2024-10-09
9265,773,January 2020,252824,0,1162,251662,2023-07-30
9266,773,February 2020,252824,3000,1240,254584,2025-09-27
9267,773,March 2020,252824,0,984,251840,2022-11-08
9268,773,April 2020,252824,3000,262,255562,2025-10-15
9269,773,May 2020,252824,2000,395,254429,2023-09-16
9270,773,June 2020,252824,1000,1855,251969,2022-12-30
9271,773,July 2020,252824,0,745,252079,2024-03-02
9272,773,August 2020,252824,3000,387,255437,2024-03-10
9273,773,September 2020,252824,3000,1167,254657,2023-03-10
9274,773,October 2020,252824,3000,518,255306,2025-12-15
9275,773,November 2020,252824,0,667,252157,2022-10-14
9276,773,December 2020,252824,1000,649,253175,2022-08-12
9277,774,January 2020,78716,2000,442,80274,2023-01-15
9278,774,February 2020,78716,1000,1932,77784,2025-01-29
9279,774,March 2020,78716,3000,1959,79757,2023-01-17
9280,774,April 2020,78716,0,1390,77326,2024-02-16
9281,774,May 2020,78716,1000,1770,77946,2025-08-09
9282,774,June 2020,78716,1000,1937,77779,2024-02-11
9283,774,July 2020,78716,0,1999,76717,2024-01-09
9284,774,August 2020,78716,0,1378,77338,2025-12-04
9285,774,September 2020,78716,0,898,77818,2023-04-03
9286,774,October 2020,78716,0,1461,77255,2025-03-29
9287,774,November 2020,78716,1000,769,78947,2024-06-26
9288,774,December 2020,78716,3000,848,80868,2024-04-14
9289,775,January 2020,112065,0,463,111602,2025-07-17
9290,775,February 2020,112065,3000,1454,113611,2023-12-22
9291,775,March 2020,112065,3000,1778,113287,2023-01-28
9292,775,April 2020,112065,3000,1009,114056,2023-05-02
9293,775,May 2020,112065,0,1950,110115,2022-06-02
9294,775,June 2020,112065,2000,1612,112453,2022-03-28
9295,775,July 2020,112065,0,865,111200,2023-12-04
9296,775,August 2020,112065,1000,338,112727,2025-12-07
9297,775,September 2020,112065,2000,1050,113015,2025-12-15
9298,775,October 2020,112065,0,1008,111057,2024-02-20
9299,775,November 2020,112065,0,1058,111007,2024-01-14
9300,775,December 2020,112065,0,1065,111000,2022-09-28
9301,776,January 2020,271319,2000,935,272384,2022-02-25
9302,776,February 2020,271319,1000,1449,270870,2024-07-24
9303,776,March 2020,271319,2000,665,272654,2022-07-09
9304,776,April 2020,271319,0,612,270707,2025-09-10
9305,776,May 2020,271319,3000,296,274023,2022-07-09
9306,776,June 2020,271319,2000,424,272895,2024-02-10
9307,776,July 2020,271319,0,790,270529,2024-12-02
9308,776,August 2020,271319,1000,1182,271137,2022-08-10
9309,776,September 2020,271319,2000,1619,271700,2024-06-19
9310,776,October 2020,271319,1000,1689,270630,2023-03-04
9311,776,November 2020,271319,0,482,270837,2024-02-15
9312,776,December 2020,271319,1000,990,271329,2022-03-20
9313,777,January 2020,211782,1000,1437,211345,2023-05-26
9314,777,February 2020,211782,3000,509,214273,2023-02-25
9315,777,March 2020,211782,3000,1423,213359,2025-09-24
9316,777,April 2020,211782,2000,718,213064,2025-05-01
9317,777,May 2020,211782,0,14,211768,2024-11-01
9318,777,June 2020,211782,3000,1406,213376,2023-12-07
9319,777,July 2020,211782,0,308,211474,2024-11-15
9320,777,August 2020,211782,1000,1935,210847,2024-11-03
9321,777,September 2020,211782,2000,1512,212270,2025-04-17
9322,777,October 2020,211782,1000,1622,211160,2025-01-13
9323,777,November 2020,211782,0,600,211182,2024-07-14
9324,777,December 2020,211782,2000,1194,212588,2023-06-28
9325,778,January 2020,237653,3000,470,240183,2024-06-08
9326,778,February 2020,237653,0,1738,235915,2023-01-20
9327,778,March 2020,237653,2000,1305,238348,2025-04-04
9328,778,April 2020,237653,2000,1122,238531,2024-12-16
9329,778,May 2020,237653,2000,1487,238166,2024-04-02
9330,778,June 2020,237653,2000,248,239405,2023-10-06
9331,778,July 2020,237653,2000,1345,238308,2022-11-27
9332,778,August 2020,237653,2000,584,239069,2025-05-28
9333,778,September 2020,237653,1000,483,238170,2024-07-25
9334,778,October 2020,237653,2000,32,239621,2024-03-06
9335,778,November 2020,237653,3000,1248,239405,2025-10-14
9336,778,December 2020,237653,0,890,236763,2022-05-27
9337,779,January 2020,244026,0,1739,242287,2025-11-17
9338,779,February 2020,244026,0,1678,242348,2024-04-28
9339,779,March 2020,244026,1000,1822,243204,2023-10-22
9340,779,April 2020,244026,1000,1447,243579,2023-08-02
9341,779,May 2020,244026,3000,721,246305,2022-08-23
9342,779,June 2020,244026,2000,860,245166,2024-08-22
9343,779,July 2020,244026,1000,89,244937,2024-07-21
9344,779,August 2020,244026,1000,1017,244009,2023-08-06
9345,779,September 2020,244026,2000,1071,244955,2024-01-24
9346,779,October 2020,244026,1000,584,244442,2024-04-15
9347,779,November 2020,244026,0,1192,242834,2023-09-03
9348,779,December 2020,244026,0,504,243522,2022-01-29
9349,780,January 2020,153601,2000,483,155118,2025-11-21
9350,780,February 2020,153601,0,1014,152587,2024-01-04
9351,780,March 2020,153601,0,1159,152442,2024-04-28
9352,780,April 2020,153601,2000,165,155436,2024-04-29
9353,780,May 2020,153601,3000,706,155895,2023-04-28
9354,780,June 2020,153601,1000,667,153934,2023-05-18
9355,780,July 2020,153601,1000,32,154569,2024-11-17
9356,780,August 2020,153601,0,595,153006,2023-09-10
9357,780,September 2020,153601,0,799,152802,2023-09-02
9358,780,October 2020,153601,2000,715,154886,2025-07-20
9359,780,November 2020,153601,3000,1214,155387,2024-02-21
9360,780,December 2020,153601,0,1673,151928,2022-03-22
9361,781,January 2020,76693,2000,1972,76721,2024-03-05
9362,781,February 2020,76693,1000,525,77168,2024-04-03
9363,781,March 2020,76693,1000,1950,75743,2022-11-02
9364,781,April 2020,76693,0,424,76269,2025-12-26
9365,781,May 2020,76693,0,708,75985,2025-02-22
9366,781,June 2020,76693,0,798,75895,2023-10-29
9367,781,July 2020,76693,2000,1609,77084,2024-01-27
9368,781,August 2020,76693,1000,1199,76494,2023-06-14
9369,781,September 2020,76693,3000,1540,78153,2023-08-17
9370,781,October 2020,76693,3000,1751,77942,2025-07-09
9371,781,November 2020,76693,2000,1787,76906,2022-07-27
9372,781,December 2020,76693,3000,1609,78084,2023-01-29
9373,782,January 2020,170561,1000,1904,169657,2025-06-11
9374,782,February 2020,170561,3000,1563,171998,2025-03-03
9375,782,March 2020,170561,3000,1401,172160,2025-07-20
9376,782,April 2020,170561,2000,585,171976,2024-07-10
9377,782,May 2020,170561,0,655,169906,2022-12-18
9378,782,June 2020,170561,3000,1791,171770,2024-02-06
9379,782,July 2020,170561,2000,67,172494,2025-11-05
9380,782,August 2020,170561,0,678,169883,2023-05-21
9381,782,September 2020,170561,3000,958,172603,2024-12-19
9382,782,October 2020,170561,3000,1441,172120,2024-03-27
9383,782,November 2020,170561,2000,1994,170567,2025-08-24
9384,782,December 2020,170561,2000,1793,170768,2022-12-30
9385,783,January 2020,285900,0,1045,284855,2022-11-07
9386,783,February 2020,285900,2000,1419,286481,2025-05-11
9387,783,March 2020,285900,0,1025,284875,2024-08-15
9388,783,April 2020,285900,0,980,284920,2023-10-20
9389,783,May 2020,285900,2000,1893,286007,2025-11-08
9390,783,June 2020,285900,2000,636,287264,2024-03-13
9391,783,July 2020,285900,3000,258,288642,2025-06-08
9392,783,August 2020,285900,1000,467,286433,2023-02-19
9393,783,September 2020,285900,2000,1133,286767,2025-12-06
9394,783,October 2020,285900,3000,933,287967,2025-09-08
9395,783,November 2020,285900,0,1581,284319,2025-01-11
9396,783,December 2020,285900,2000,384,287516,2022-02-13
9397,784,January 2020,212966,1000,1463,212503,2023-12-10
9398,784,February 2020,212966,2000,152,214814,2023-05-15
9399,784,March 2020,212966,3000,1931,214035,2025-06-10
9400,784,April 2020,212966,2000,274,214692,2025-02-07
9401,784,May 2020,212966,3000,1109,214857,2023-03-01
9402,784,June 2020,212966,2000,1508,213458,2024-07-04
9403,784,July 2020,212966,0,832,212134,2022-10-15
9404,784,August 2020,212966,2000,666,214300,2022-09-11
9405,784,September 2020,212966,3000,748,215218,2022-09-25
9406,784,October 2020,212966,2000,1112,213854,2024-12-30
9407,784,November 2020,212966,2000,1895,213071,2025-06-25
9408,784,December 2020,212966,0,1673,211293,2024-05-31
9409,785,January 2020,177319,1000,1694,176625,2025-05-07
9410,785,February 2020,177319,1000,1962,176357,2023-06-15
9411,785,March 2020,177319,1000,1797,176522,2022-04-10
9412,785,April 2020,177319,0,875,176444,2025-08-26
9413,785,May 2020,177319,0,95,177224,2023-03-28
9414,785,June 2020,177319,2000,654,178665,2022-09-25
9415,785,July 2020,177319,1000,77,178242,2025-07-15
9416,785,August 2020,177319,3000,507,179812,2024-08-28
9417,785,September 2020,177319,2000,1344,177975,2025-10-13
9418,785,October 2020,177319,0,1039,176280,2025-07-10
9419,785,November 2020,177319,1000,1492,176827,2022-11-25
9420,785,December 2020,177319,3000,731,179588,2025-04-15
9421,786,January 2020,136843,3000,1673,138170,2025-02-05
9422,786,February 2020,136843,3000,1811,138032,2024-03-05
9423,786,March 2020,136843,1000,1810,136033,2022-03-14
9424,786,April 2020,136843,1000,1895,135948,2022-05-11
9425,786,May 2020,136843,3000,1838,138005,2022-05-30
9426,786,June 2020,136843,0,1904,134939,2022-04-23
9427,786,July 2020,136843,2000,1236,137607,2022-11-12
9428,786,August 2020,136843,2000,28,138815,2022-12-15
9429,786,September 2020,136843,3000,1514,138329,2024-09-13
9430,786,October 2020,136843,3000,92,139751,2022-11-29
9431,786,November 2020,136843,3000,681,139162,2025-07-15
9432,786,December 2020,136843,2000,1537,137306,2024-03-23
9433,787,January 2020,238030,0,1909,236121,2023-06-14
9434,787,February 2020,238030,3000,706,240324,2022-09-11
9435,787,March 2020,238030,2000,964,239066,2024-06-06
9436,787,April 2020,238030,2000,1263,238767,2023-09-11
9437,787,May 2020,238030,2000,16,240014,2025-08-28
9438,787,June 2020,238030,0,898,237132,2022-12-19
9439,787,July 2020,238030,1000,1863,237167,2023-03-19
9440,787,August 2020,238030,3000,815,240215,2022-04-04
9441,787,September 2020,238030,0,1171,236859,2022-11-16
9442,787,October 2020,238030,0,1787,236243,2022-10-25
9443,787,November 2020,238030,3000,613,240417,2025-07-28
9444,787,December 2020,238030,0,1537,236493,2025-11-03
9445,788,January 2020,78102,1000,1072,78030,2024-02-01
9446,788,February 2020,78102,2000,530,79572,2022-03-18
9447,788,March 2020,78102,1000,1490,77612,2024-06-26
9448,788,April 2020,78102,2000,1646,78456,2022-11-18
9449,788,May 2020,78102,0,1939,76163,2023-05-24
9450,788,June 2020,78102,0,1913,76189,2023-05-20
9451,788,July 2020,78102,1000,1231,77871,2025-12-13
9452,788,August 2020,78102,1000,268,78834,2022-08-03
9453,788,September 2020,78102,3000,853,80249,2023-04-04
9454,788,October 2020,78102,3000,821,80281,2022-12-11
9455,788,November 2020,78102,1000,873,78229,2022-09-30
9456,788,December 2020,78102,2000,813,79289,2023-09-04
9457,789,January 2020,109552,1000,1194,109358,2023-06-08
9458,789,February 2020,109552,2000,1976,109576,2025-05-12
9459,789,March 2020,109552,0,1589,107963,2022-03-29
9460,789,April 2020,109552,1000,821,109731,2025-10-18
9461,789,May 2020,109552,2000,1398,110154,2022-03-10
9462,789,June 2020,109552,1000,1049,109503,2023-01-09
9463,789,July 2020,109552,1000,1874,108678,2025-01-30
9464,789,August 2020,109552,1000,1312,109240,2024-09-27
9465,789,September 2020,109552,2000,687,110865,2025-01-30
9466,789,October 2020,109552,3000,1934,110618,2024-04-28
9467,789,November 2020,109552,2000,572,110980,2025-06-09
9468,789,December 2020,109552,0,841,108711,2024-01-31
9469,790,January 2020,273619,3000,398,276221,2022-10-24
9470,790,February 2020,273619,1000,1089,273530,2024-06-11
9471,790,March 2020,273619,3000,1576,275043,2023-10-09
9472,790,April 2020,273619,3000,1929,274690,2023-03-30
9473,790,May 2020,273619,3000,615,276004,2022-11-14
9474,790,June 2020,273619,1000,287,274332,2023-08-17
9475,790,July 2020,273619,1000,718,273901,2025-03-14
9476,790,August 2020,273619,1000,878,273741,2024-01-27
9477,790,September 2020,273619,1000,976,273643,2023-12-24
9478,790,October 2020,273619,3000,456,276163,2025-12-26
9479,790,November 2020,273619,0,577,273042,2023-02-16
9480,790,December 2020,273619,1000,351,274268,2024-03-08
9481,791,January 2020,145879,1000,1923,144956,2025-01-12
9482,791,February 2020,145879,0,811,145068,2025-11-21
9483,791,March 2020,145879,3000,1254,147625,2022-03-24
9484,791,April 2020,145879,1000,466,146413,2025-06-01
9485,791,May 2020,145879,0,105,145774,2025-03-13
9486,791,June 2020,145879,0,1407,144472,2023-05-01
9487,791,July 2020,145879,1000,980,145899,2022-02-04
9488,791,August 2020,145879,2000,111,147768,2023-05-06
9489,791,September 2020,145879,3000,394,148485,2023-04-02
9490,791,October 2020,145879,0,521,145358,2023-06-29
9491,791,November 2020,145879,1000,1840,145039,2023-04-26
9492,791,December 2020,145879,2000,1285,146594,2023-09-14
9493,792,January 2020,161475,3000,1375,163100,2024-03-17
9494,792,February 2020,161475,3000,1715,162760,2022-01-09
9495,792,March 2020,161475,2000,1391,162084,2024-09-05
9496,792,April 2020,161475,1000,1404,161071,2025-03-13
9497,792,May 2020,161475,2000,36,163439,2024-07-25
9498,792,June 2020,161475,1000,1639,160836,2023-02-06
9499,792,July 2020,161475,0,1636,159839,2025-10-10
9500,792,August 2020,161475,3000,1432,163043,2022-09-20
9501,792,September 2020,161475,3000,1342,163133,2023-01-21
9502,792,October 2020,161475,3000,1529,162946,2022-08-14
9503,792,November 2020,161475,2000,464,163011,2022-03-14
9504,792,December 2020,161475,3000,1677,162798,2024-02-09
9505,793,January 2020,164553,3000,1854,165699,2023-05-25
9506,793,February 2020,164553,1000,681,164872,2025-11-24
9507,793,March 2020,164553,3000,1448,166105,2025-12-01
9508,793,April 2020,164553,1000,1449,164104,2025-04-01
9509,793,May 2020,164553,3000,1338,166215,2025-06-18
9510,793,June 2020,164553,2000,293,166260,2023-02-18
9511,793,July 2020,164553,1000,935,164618,2022-12-01
9512,793,August 2020,164553,1000,1451,164102,2025-01-24
9513,793,September 2020,164553,0,1790,162763,2022-04-08
9514,793,October 2020,164553,0,1188,163365,2024-06-19
9515,793,November 2020,164553,1000,1976,163577,2025-12-25
9516,793,December 2020,164553,3000,845,166708,2024-11-05
9517,794,January 2020,71981,2000,1704,72277,2023-01-15
9518,794,February 2020,71981,1000,4,72977,2022-05-08
9519,794,March 2020,71981,0,851,71130,2022-06-14
9520,794,April 2020,71981,1000,503,72478,2024-02-24
9521,794,May 2020,71981,2000,555,73426,2023-07-02
9522,794,June 2020,71981,3000,1615,73366,2022-10-17
9523,794,July 2020,71981,0,888,71093,2024-06-06
9524,794,August 2020,71981,3000,265,74716,2022-11-16
9525,794,September 2020,71981,2000,287,73694,2024-07-14
9526,794,October 2020,71981,1000,661,72320,2024-07-14
9527,794,November 2020,71981,1000,416,72565,2024-10-05
9528,794,December 2020,71981,2000,481,73500,2025-12-30
9529,795,January 2020,90677,2000,1074,91603,2023-12-14
9530,795,February 2020,90677,1000,456,91221,2025-12-13
9531,795,March 2020,90677,1000,1926,89751,2025-08-23
9532,795,April 2020,90677,3000,711,92966,2022-04-20
9533,795,May 2020,90677,2000,755,91922,2024-03-20
9534,795,June 2020,90677,0,1375,89302,2022-09-08
9535,795,July 2020,90677,0,1557,89120,2023-02-06
9536,795,August 2020,90677,3000,61,93616,2025-08-06
9537,795,September 2020,90677,1000,91,91586,2024-04-15
9538,795,October 2020,90677,2000,57,92620,2023-03-26
9539,795,November 2020,90677,2000,691,91986,2024-05-21
9540,795,December 2020,90677,3000,1741,91936,2025-08-07
9541,796,January 2020,212467,2000,1206,213261,2022-07-13
9542,796,February 2020,212467,3000,1405,214062,2024-05-04
9543,796,March 2020,212467,1000,339,213128,2023-02-01
9544,796,April 2020,212467,3000,1280,214187,2025-02-28
9545,796,May 2020,212467,1000,1730,211737,2024-04-14
9546,796,June 2020,212467,3000,1887,213580,2025-11-20
9547,796,July 2020,212467,1000,412,213055,2022-11-21
9548,796,August 2020,212467,2000,1349,213118,2024-12-19
9549,796,September 2020,212467,0,1060,211407,2022-05-20
9550,796,October 2020,212467,2000,126,214341,2024-08-05
9551,796,November 2020,212467,3000,1356,214111,2022-02-11
9552,796,December 2020,212467,1000,1085,212382,2023-01-11
9553,797,January 2020,183301,1000,782,183519,2024-04-30
9554,797,February 2020,183301,1000,700,183601,2024-06-18
9555,797,March 2020,183301,0,1486,181815,2023-12-25
9556,797,April 2020,183301,1000,1889,182412,2024-10-10
9557,797,May 2020,183301,1000,1765,182536,2024-11-08
9558,797,June 2020,183301,1000,1494,182807,2024-11-01
9559,797,July 2020,183301,1000,277,184024,2022-12-30
9560,797,August 2020,183301,0,596,182705,2024-10-26
9561,797,September 2020,183301,0,1947,181354,2025-12-15
9562,797,October 2020,183301,0,1684,181617,2025-02-22
9563,797,November 2020,183301,2000,988,184313,2024-11-01
9564,797,December 2020,183301,3000,100,186201,2024-11-23
9565,798,January 2020,148526,3000,1600,149926,2024-01-24
9566,798,February 2020,148526,2000,1454,149072,2024-05-12
9567,798,March 2020,148526,2000,1664,148862,2024-04-01
9568,798,April 2020,148526,1000,1050,148476,2024-04-02
9569,798,May 2020,148526,0,1812,146714,2024-08-02
9570,798,June 2020,148526,2000,1692,148834,2024-06-28
9571,798,July 2020,148526,0,831,147695,2024-01-16
9572,798,August 2020,148526,0,124,148402,2022-10-22
9573,798,September 2020,148526,1000,887,148639,2023-04-28
9574,798,October 2020,148526,0,341,148185,2023-06-20
9575,798,November 2020,148526,1000,649,148877,2022-02-13
9576,798,December 2020,148526,0,1447,147079,2024-09-18
9577,799,January 2020,94195,0,191,94004,2025-10-09
9578,799,February 2020,94195,0,1338,92857,2023-04-10
9579,799,March 2020,94195,1000,1914,93281,2023-10-21
9580,799,April 2020,94195,1000,721,94474,2024-04-12
9581,799,May 2020,94195,1000,1104,94091,2024-04-13
9582,799,June 2020,94195,1000,1693,93502,2022-02-05
9583,799,July 2020,94195,1000,524,94671,2025-02-04
9584,799,August 2020,94195,1000,277,94918,2022-09-09
9585,799,September 2020,94195,3000,1164,96031,2024-01-05
9586,799,October 2020,94195,1000,768,94427,2022-12-07
9587,799,November 2020,94195,0,1637,92558,2022-09-21
9588,799,December 2020,94195,1000,1440,93755,2023-06-20
9589,800,January 2020,209155,2000,1391,209764,2023-04-17
9590,800,February 2020,209155,3000,629,211526,2024-04-15
9591,800,March 2020,209155,1000,805,209350,2022-08-24
9592,800,April 2020,209155,0,1880,207275,2022-10-03
9593,800,May 2020,209155,1000,485,209670,2025-07-08
9594,800,June 2020,209155,1000,377,209778,2024-07-21
9595,800,July 2020,209155,1000,1422,208733,2023-08-08
9596,800,August 2020,209155,1000,1148,209007,2023-12-15
9597,800,September 2020,209155,3000,1285,210870,2023-05-16
9598,800,October 2020,209155,2000,1227,209928,2022-07-27
9599,800,November 2020,209155,3000,895,211260,2022-12-18
9600,800,December 2020,209155,3000,455,211700,2022-05-12
9601,801,January 2020,279682,0,1658,278024,2023-05-09
9602,801,February 2020,279682,3000,1591,281091,2022-09-27
9603,801,March 2020,279682,2000,1794,279888,2024-09-24
9604,801,April 2020,279682,0,1354,278328,2025-04-20
9605,801,May 2020,279682,3000,974,281708,2025-05-24
9606,801,June 2020,279682,0,585,279097,2024-09-02
9607,801,July 2020,279682,1000,566,280116,2023-04-08
9608,801,August 2020,279682,0,1850,277832,2023-06-12
9609,801,September 2020,279682,0,306,279376,2022-09-02
9610,801,October 2020,279682,1000,1368,279314,2023-05-28
9611,801,November 2020,279682,0,1189,278493,2022-06-19
9612,801,December 2020,279682,2000,1751,279931,2024-01-04
9613,802,January 2020,147369,2000,1890,147479,2023-03-11
9614,802,February 2020,147369,2000,1171,148198,2024-04-05
9615,802,March 2020,147369,1000,1605,146764,2022-06-07
9616,802,April 2020,147369,0,1357,146012,2023-12-24
9617,802,May 2020,147369,3000,514,149855,2022-05-04
9618,802,June 2020,147369,0,1280,146089,2022-12-19
9619,802,July 2020,147369,1000,433,147936,2025-07-15
9620,802,August 2020,147369,2000,1739,147630,2022-02-17
9621,802,September 2020,147369,0,1940,145429,2024-07-13
9622,802,October 2020,147369,3000,1222,149147,2023-06-20
9623,802,November 2020,147369,1000,460,147909,2025-04-09
9624,802,December 2020,147369,3000,660,149709,2022-02-11
9625,803,January 2020,213215,1000,769,213446,2022-04-25
9626,803,February 2020,213215,2000,1109,214106,2024-08-07
9627,803,March 2020,213215,2000,133,215082,2025-10-13
9628,803,April 2020,213215,2000,441,214774,2022-02-20
9629,803,May 2020,213215,1000,1152,213063,2025-09-13
9630,803,June 2020,213215,3000,1566,214649,2024-09-05
9631,803,July 2020,213215,3000,1317,214898,2025-09-21
9632,803,August 2020,213215,1000,1614,212601,2025-02-09
9633,803,September 2020,213215,2000,1498,213717,2025-12-02
9634,803,October 2020,213215,2000,1919,213296,2023-03-08
9635,803,November 2020,213215,1000,1640,212575,2023-10-27
9636,803,December 2020,213215,0,1447,211768,2025-12-06
9637,804,January 2020,107684,2000,1065,108619,2024-09-10
9638,804,February 2020,107684,0,1024,106660,2024-04-23
9639,804,March 2020,107684,1000,587,108097,2023-07-10
9640,804,April 2020,107684,2000,464,109220,2024-08-10
9641,804,May 2020,107684,3000,1832,108852,2023-11-22
9642,804,June 2020,107684,0,1456,106228,2023-04-29
9643,804,July 2020,107684,3000,1339,109345,2025-04-29
9644,804,August 2020,107684,1000,945,107739,2024-02-07
9645,804,September 2020,107684,0,145,107539,2025-06-19
9646,804,October 2020,107684,3000,1404,109280,2023-01-25
9647,804,November 2020,107684,0,193,107491,2023-05-09
9648,804,December 2020,107684,3000,768,109916,2022-10-20
9649,805,January 2020,203405,3000,1346,205059,2024-08-05
9650,805,February 2020,203405,0,1854,201551,2022-08-02
9651,805,March 2020,203405,1000,21,204384,2024-12-27
9652,805,April 2020,203405,1000,261,204144,2024-10-24
9653,805,May 2020,203405,1000,925,203480,2023-03-28
9654,805,June 2020,203405,3000,710,205695,2022-02-13
9655,805,July 2020,203405,1000,255,204150,2025-06-06
9656,805,August 2020,203405,0,1769,201636,2023-08-23
9657,805,September 2020,203405,0,456,202949,2022-11-30
9658,805,October 2020,203405,1000,190,204215,2023-05-30
9659,805,November 2020,203405,0,734,202671,2024-10-21
9660,805,December 2020,203405,0,503,202902,2022-06-25
9661,806,January 2020,260472,3000,855,262617,2023-11-21
9662,806,February 2020,260472,2000,557,261915,2024-07-18
9663,806,March 2020,260472,1000,292,261180,2023-06-26
9664,806,April 2020,260472,3000,536,262936,2023-02-21
9665,806,May 2020,260472,2000,248,262224,2023-03-07
9666,806,June 2020,260472,1000,1423,260049,2022-04-26
9667,806,July 2020,260472,3000,1842,261630,2025-10-04
9668,806,August 2020,260472,2000,1509,260963,2025-12-10
9669,806,September 2020,260472,0,245,260227,2022-12-28
9670,806,October 2020,260472,1000,700,260772,2025-07-05
9671,806,November 2020,260472,3000,458,263014,2025-03-16
9672,806,December 2020,260472,0,1585,258887,2024-06-17
9673,807,January 2020,285524,3000,888,287636,2024-04-28
9674,807,February 2020,285524,1000,389,286135,2025-06-26
9675,807,March 2020,285524,0,27,285497,2025-09-15
9676,807,April 2020,285524,1000,3,286521,2023-04-06
9677,807,May 2020,285524,2000,1770,285754,2023-01-06
9678,807,June 2020,285524,3000,496,288028,2025-05-01
9679,807,July 2020,285524,0,416,285108,2024-05-02
9680,807,August 2020,285524,1000,1420,285104,2025-05-14
9681,807,September 2020,285524,2000,562,286962,2022-04-12
9682,807,October 2020,285524,0,1503,284021,2022-08-18
9683,807,November 2020,285524,3000,183,288341,2024-10-10
9684,807,December 2020,285524,0,1851,283673,2025-04-20
9685,808,January 2020,229278,2000,1233,230045,2025-12-06
9686,808,February 2020,229278,1000,203,230075,2025-07-03
9687,808,March 2020,229278,3000,928,231350,2024-11-19
9688,808,April 2020,229278,2000,820,230458,2024-02-06
9689,808,May 2020,229278,0,852,228426,2024-12-08
9690,808,June 2020,229278,1000,1507,228771,2024-08-27
9691,808,July 2020,229278,1000,1614,228664,2023-03-16
9692,808,August 2020,229278,3000,1099,231179,2022-03-28
9693,808,September 2020,229278,1000,3,230275,2023-12-26
9694,808,October 2020,229278,0,154,229124,2024-10-29
9695,808,November 2020,229278,3000,1197,231081,2025-01-04
9696,808,December 2020,229278,2000,1638,229640,2023-08-02
9697,809,January 2020,208859,2000,1615,209244,2024-07-22
9698,809,February 2020,208859,0,1219,207640,2025-06-14
9699,809,March 2020,208859,0,1575,207284,2024-04-17
9700,809,April 2020,208859,3000,893,210966,2023-03-07
9701,809,May 2020,208859,1000,1690,208169,2025-06-10
9702,809,June 2020,208859,0,1810,207049,2022-08-10
9703,809,July 2020,208859,3000,1845,210014,2025-07-12
9704,809,August 2020,208859,2000,868,209991,2024-11-30
9705,809,September 2020,208859,2000,346,210513,2023-08-27
9706,809,October 2020,208859,2000,122,210737,2024-10-14
9707,809,November 2020,208859,0,796,208063,2024-12-05
9708,809,December 2020,208859,0,293,208566,2025-06-07
9709,810,January 2020,245675,0,278,245397,2023-09-14
9710,810,February 2020,245675,3000,51,248624,2023-06-28
9711,810,March 2020,245675,0,1720,243955,2022-08-04
9712,810,April 2020,245675,3000,1807,246868,2025-11-16
9713,810,May 2020,245675,0,1375,244300,2023-11-18
9714,810,June 2020,245675,3000,1819,246856,2023-10-31
9715,810,July 2020,245675,2000,1179,246496,2024-09-29
9716,810,August 2020,245675,0,1786,243889,2025-02-24
9717,810,September 2020,245675,1000,863,245812,2022-12-29
9718,810,October 2020,245675,3000,1519,247156,2024-01-04
9719,810,November 2020,245675,3000,1837,246838,2022-05-09
9720,810,December 2020,245675,1000,531,246144,2023-05-17
9721,811,January 2020,143229,3000,728,145501,2023-03-20
9722,811,February 2020,143229,2000,1344,143885,2024-09-12
9723,811,March 2020,143229,3000,1184,145045,2022-06-06
9724,811,April 2020,143229,0,1951,141278,2023-10-03
9725,811,May 2020,143229,1000,311,143918,2024-02-05
9726,811,June 2020,143229,0,216,143013,2022-01-16
9727,811,July 2020,143229,1000,1695,142534,2025-03-07
9728,811,August 2020,143229,3000,1810,144419,2025-08-29
9729,811,September 2020,143229,2000,1155,144074,2022-05-28
9730,811,October 2020,143229,1000,1944,142285,2025-01-30
9731,811,November 2020,143229,0,916,142313,2024-11-07
9732,811,December 2020,143229,1000,1017,143212,2025-06-12
9733,812,January 2020,93904,3000,781,96123,2025-01-25
9734,812,February 2020,93904,3000,70,96834,2023-06-27
9735,812,March 2020,93904,1000,1822,93082,2024-10-01
9736,812,April 2020,93904,3000,1758,95146,2022-09-17
9737,812,May 2020,93904,2000,456,95448,2025-07-20
9738,812,June 2020,93904,3000,398,96506,2025-07-06
9739,812,July 2020,93904,3000,1171,95733,2025-10-14
9740,812,August 2020,93904,1000,1498,93406,2025-01-01
9741,812,September 2020,93904,1000,1439,93465,2023-06-16
9742,812,October 2020,93904,1000,1178,93726,2024-11-01
9743,812,November 2020,93904,0,1424,92480,2023-01-03
9744,812,December 2020,93904,1000,1664,93240,2024-06-02
9745,813,January 2020,269512,2000,236,271276,2025-08-23
9746,813,February 2020,269512,2000,702,270810,2022-03-01
9747,813,March 2020,269512,0,65,269447,2025-04-26
9748,813,April 2020,269512,0,1889,267623,2022-12-06
9749,813,May 2020,269512,1000,451,270061,2022-10-18
9750,813,June 2020,269512,2000,644,270868,2023-10-06
9751,813,July 2020,269512,0,1566,267946,2025-03-26
9752,813,August 2020,269512,3000,1718,270794,2024-04-02
9753,813,September 2020,269512,0,890,268622,2025-01-02
9754,813,October 2020,269512,0,337,269175,2022-04-20
9755,813,November 2020,269512,1000,1082,269430,2023-11-10
9756,813,December 2020,269512,2000,1110,270402,2025-10-01
9757,814,January 2020,287957,2000,1551,288406,2022-06-28
9758,814,February 2020,287957,3000,1507,289450,2025-04-22
9759,814,March 2020,287957,1000,1412,287545,2024-10-06
9760,814,April 2020,287957,2000,232,289725,2025-03-26
9761,814,May 2020,287957,3000,145,290812,2024-10-20
9762,814,June 2020,287957,3000,144,290813,2022-03-31
9763,814,July 2020,287957,2000,832,289125,2023-05-27
9764,814,August 2020,287957,2000,1564,288393,2024-09-20
9765,814,September 2020,287957,2000,704,289253,2022-07-25
9766,814,October 2020,287957,2000,966,288991,2022-10-21
9767,814,November 2020,287957,2000,1042,288915,2025-02-04
9768,814,December 2020,287957,2000,1967,287990,2022-06-16
9769,815,January 2020,252587,1000,482,253105,2022-04-27
9770,815,February 2020,252587,0,1648,250939,2023-04-19
9771,815,March 2020,252587,2000,973,253614,2025-02-05
9772,815,April 2020,252587,3000,1282,254305,2022-10-19
9773,815,May 2020,252587,3000,1185,254402,2022-04-24
9774,815,June 2020,252587,1000,441,253146,2024-12-07
9775,815,July 2020,252587,3000,267,255320,2024-09-22
9776,815,August 2020,252587,2000,1019,253568,2024-08-22
9777,815,September 2020,252587,0,1791,250796,2022-12-16
9778,815,October 2020,252587,3000,1708,253879,2022-10-11
9779,815,November 2020,252587,0,629,251958,2022-09-20
9780,815,December 2020,252587,2000,1832,252755,2025-10-13
9781,816,January 2020,95025,1000,1793,94232,2023-02-18
9782,816,February 2020,95025,1000,189,95836,2024-08-31
9783,816,March 2020,95025,3000,383,97642,2025-09-09
9784,816,April 2020,95025,3000,1197,96828,2024-07-10
9785,816,May 2020,95025,2000,827,96198,2023-06-28
9786,816,June 2020,95025,2000,1194,95831,2024-08-17
9787,816,July 2020,95025,1000,1544,94481,2025-08-05
9788,816,August 2020,95025,2000,490,96535,2024-06-14
9789,816,September 2020,95025,0,277,94748,2024-08-14
9790,816,October 2020,95025,1000,1025,95000,2025-07-09
9791,816,November 2020,95025,1000,620,95405,2023-02-03
9792,816,December 2020,95025,2000,795,96230,2023-05-22
9793,817,January 2020,271297,2000,1800,271497,2024-12-14
9794,817,February 2020,271297,1000,411,271886,2023-06-17
9795,817,March 2020,271297,3000,50,274247,2023-01-01
9796,817,April 2020,271297,2000,1786,271511,2024-11-28
9797,817,May 2020,271297,0,153,271144,2023-12-19
9798,817,June 2020,271297,1000,703,271594,2022-11-01
9799,817,July 2020,271297,1000,1597,270700,2025-08-05
9800,817,August 2020,271297,1000,161,272136,2023-08-04
9801,817,September 2020,271297,2000,1015,272282,2023-01-10
9802,817,October 2020,271297,3000,1449,272848,2024-09-12
9803,817,November 2020,271297,1000,696,271601,2022-05-09
9804,817,December 2020,271297,1000,430,271867,2023-04-12
9805,818,January 2020,120878,1000,1399,120479,2022-09-23
9806,818,February 2020,120878,1000,391,121487,2023-06-22
9807,818,March 2020,120878,1000,167,121711,2024-09-16
9808,818,April 2020,120878,3000,1152,122726,2022-06-21
9809,818,May 2020,120878,2000,181,122697,2022-07-09
9810,818,June 2020,120878,0,1136,119742,2023-02-13
9811,818,July 2020,120878,3000,1851,122027,2022-05-12
9812,818,August 2020,120878,3000,106,123772,2024-03-12
9813,818,September 2020,120878,0,1102,119776,2022-02-10
9814,818,October 2020,120878,3000,1231,122647,2024-07-21
9815,818,November 2020,120878,3000,829,123049,2022-08-12
9816,818,December 2020,120878,2000,980,121898,2023-02-16
9817,819,January 2020,124988,0,350,124638,2022-10-05
9818,819,February 2020,124988,3000,1508,126480,2022-06-30
9819,819,March 2020,124988,0,1119,123869,2025-02-26
9820,819,April 2020,124988,3000,1074,126914,2024-05-23
9821,819,May 2020,124988,1000,467,125521,2024-05-06
9822,819,June 2020,124988,3000,629,127359,2023-06-30
9823,819,July 2020,124988,0,1938,123050,2022-08-22
9824,819,August 2020,124988,3000,1636,126352,2024-07-06
9825,819,September 2020,124988,2000,279,126709,2025-09-26
9826,819,October 2020,124988,0,896,124092,2024-07-07
9827,819,November 2020,124988,3000,932,127056,2023-03-22
9828,819,December 2020,124988,2000,28,126960,2023-10-26
9829,820,January 2020,116256,0,962,115294,2024-06-01
9830,820,February 2020,116256,3000,544,118712,2025-12-24
9831,820,March 2020,116256,3000,479,118777,2023-04-10
9832,820,April 2020,116256,3000,1163,118093,2024-10-09
9833,820,May 2020,116256,0,1533,114723,2024-12-24
9834,820,June 2020,116256,3000,1891,117365,2025-11-18
9835,820,July 2020,116256,1000,1052,116204,2022-03-19
9836,820,August 2020,116256,3000,1572,117684,2022-10-05
9837,820,September 2020,116256,1000,1937,115319,2025-03-23
9838,820,October 2020,116256,2000,1690,116566,2025-10-30
9839,820,November 2020,116256,1000,1920,115336,2023-06-13
9840,820,December 2020,116256,2000,429,117827,2024-05-26
9841,821,January 2020,230324,3000,517,232807,2024-10-26
9842,821,February 2020,230324,2000,1383,230941,2022-02-16
9843,821,March 2020,230324,3000,1937,231387,2023-05-10
9844,821,April 2020,230324,3000,27,233297,2022-06-02
9845,821,May 2020,230324,2000,1661,230663,2025-10-25
9846,821,June 2020,230324,3000,696,232628,2022-03-30
9847,821,July 2020,230324,3000,1905,231419,2023-04-26
9848,821,August 2020,230324,2000,1160,231164,2025-05-28
9849,821,September 2020,230324,2000,202,232122,2025-12-24
9850,821,October 2020,230324,0,961,229363,2023-11-20
9851,821,November 2020,230324,1000,1764,229560,2023-01-29
9852,821,December 2020,230324,2000,1465,230859,2025-05-10
9853,822,January 2020,187643,2000,1732,187911,2023-07-27
9854,822,February 2020,187643,2000,618,189025,2023-09-13
9855,822,March 2020,187643,2000,1432,188211,2025-09-23
9856,822,April 2020,187643,3000,1616,189027,2023-07-06
9857,822,May 2020,187643,3000,1157,189486,2022-04-21
9858,822,June 2020,187643,0,1258,186385,2022-08-10
9859,822,July 2020,187643,2000,1654,187989,2024-05-31
9860,822,August 2020,187643,2000,1052,188591,2025-07-31
9861,822,September 2020,187643,0,533,187110,2022-01-31
9862,822,October 2020,187643,2000,1170,188473,2024-01-25
9863,822,November 2020,187643,2000,124,189519,2023-04-22
9864,822,December 2020,187643,2000,1557,188086,2022-04-16
9865,823,January 2020,136328,1000,22,137306,2023-11-09
9866,823,February 2020,136328,0,435,135893,2022-10-18
9867,823,March 2020,136328,2000,1792,136536,2025-06-28
9868,823,April 2020,136328,0,1385,134943,2024-12-14
9869,823,May 2020,136328,0,687,135641,2024-03-09
9870,823,June 2020,136328,3000,1250,138078,2024-04-14
9871,823,July 2020,136328,2000,495,137833,2024-01-18
9872,823,August 2020,136328,1000,263,137065,2025-06-05
9873,823,September 2020,136328,0,1404,134924,2025-12-15
9874,823,October 2020,136328,1000,546,136782,2022-04-04
9875,823,November 2020,136328,0,568,135760,2023-02-11
9876,823,December 2020,136328,3000,1764,137564,2025-10-06
9877,824,January 2020,167892,2000,198,169694,2024-07-12
9878,824,February 2020,167892,1000,212,168680,2023-10-15
9879,824,March 2020,167892,2000,744,169148,2022-04-12
9880,824,April 2020,167892,2000,12,169880,2025-01-10
9881,824,May 2020,167892,1000,1703,167189,2022-09-10
9882,824,June 2020,167892,1000,986,167906,2024-09-25
9883,824,July 2020,167892,1000,749,168143,2022-04-24
9884,824,August 2020,167892,1000,582,168310,2022-08-12
9885,824,September 2020,167892,3000,1623,169269,2025-08-30
9886,824,October 2020,167892,3000,740,170152,2025-05-27
9887,824,November 2020,167892,2000,887,169005,2023-10-08
9888,824,December 2020,167892,3000,701,170191,2022-05-25
9889,825,January 2020,187829,1000,1198,187631,2025-01-23
9890,825,February 2020,187829,1000,410,188419,2023-08-07
9891,825,March 2020,187829,0,1178,186651,2022-01-01
9892,825,April 2020,187829,3000,1240,189589,2024-02-28
9893,825,May 2020,187829,2000,1155,188674,2023-11-08
9894,825,June 2020,187829,0,1291,186538,2023-02-17
9895,825,July 2020,187829,2000,303,189526,2023-03-05
9896,825,August 2020,187829,1000,482,188347,2024-03-23
9897,825,September 2020,187829,0,128,187701,2025-06-13
9898,825,October 2020,187829,2000,1966,187863,2023-05-03
9899,825,November 2020,187829,0,1220,186609,2023-04-24
9900,825,December 2020,187829,0,1385,186444,2025-11-28
9901,826,January 2020,262439,0,653,261786,2025-06-25
9902,826,February 2020,262439,0,570,261869,2025-06-15
9903,826,March 2020,262439,1000,1804,261635,2022-01-05
9904,826,April 2020,262439,0,306,262133,2022-07-22
9905,826,May 2020,262439,3000,1093,264346,2023-11-07
9906,826,June 2020,262439,3000,911,264528,2025-11-24
9907,826,July 2020,262439,0,1052,261387,2025-09-21
9908,826,August 2020,262439,3000,1718,263721,2023-12-26
9909,826,September 2020,262439,3000,9,265430,2024-12-29
9910,826,October 2020,262439,0,882,261557,2025-01-01
9911,826,November 2020,262439,0,519,261920,2025-12-06
9912,826,December 2020,262439,0,1378,261061,2022-10-02
9913,827,January 2020,166000,1000,879,166121,2025-12-19
9914,827,February 2020,166000,2000,63,167937,2023-05-18
9915,827,March 2020,166000,2000,133,167867,2023-05-20
9916,827,April 2020,166000,2000,1622,166378,2025-06-20
9917,827,May 2020,166000,2000,1489,166511,2025-11-24
9918,827,June 2020,166000,3000,230,168770,2022-07-13
9919,827,July 2020,166000,1000,1899,165101,2024-11-01
9920,827,August 2020,166000,1000,1122,165878,2024-06-13
9921,827,September 2020,166000,3000,632,168368,2022-12-19
9922,827,October 2020,166000,3000,140,168860,2024-02-06
9923,827,November 2020,166000,2000,1280,166720,2022-11-29
9924,827,December 2020,166000,2000,1894,166106,2025-04-12
9925,828,January 2020,169169,2000,1938,169231,2025-04-16
9926,828,February 2020,169169,2000,916,170253,2024-12-11
9927,828,March 2020,169169,0,96,169073,2025-06-18
9928,828,April 2020,169169,0,1966,167203,2024-09-13
9929,828,May 2020,169169,1000,1102,169067,2024-08-15
9930,828,June 2020,169169,0,1294,167875,2023-04-22
9931,828,July 2020,169169,2000,821,170348,2022-02-01
9932,828,August 2020,169169,1000,927,169242,2024-05-08
9933,828,September 2020,169169,3000,1577,170592,2022-07-17
9934,828,October 2020,169169,3000,181,171988,2023-11-11
9935,828,November 2020,169169,2000,1040,170129,2022-06-25
9936,828,December 2020,169169,2000,197,170972,2022-12-05
9937,829,January 2020,221519,0,1804,219715,2023-08-26
9938,829,February 2020,221519,2000,1232,222287,2022-02-02
9939,829,March 2020,221519,0,255,221264,2022-01-10
9940,829,April 2020,221519,0,1251,220268,2025-01-14
9941,829,May 2020,221519,1000,46,222473,2022-05-06
9942,829,June 2020,221519,3000,298,224221,2023-01-27
9943,829,July 2020,221519,3000,2,224517,2022-09-23
9944,829,August 2020,221519,3000,880,223639,2022-10-14
9945,829,September 2020,221519,2000,1863,221656,2025-03-24
9946,829,October 2020,221519,3000,643,223876,2025-02-23
9947,829,November 2020,221519,2000,566,222953,2023-12-08
9948,829,December 2020,221519,1000,1322,221197,2025-01-22
9949,830,January 2020,117160,2000,1932,117228,2022-01-27
9950,830,February 2020,117160,1000,985,117175,2023-08-02
9951,830,March 2020,117160,0,66,117094,2022-12-17
9952,830,April 2020,117160,2000,38,119122,2024-03-13
9953,830,May 2020,117160,2000,145,119015,2023-04-11
9954,830,June 2020,117160,1000,1995,116165,2024-08-22
9955,830,July 2020,117160,1000,640,117520,2022-01-10
9956,830,August 2020,117160,1000,1380,116780,2025-04-16
9957,830,September 2020,117160,2000,1905,117255,2024-08-05
9958,830,October 2020,117160,0,1139,116021,2024-10-19
9959,830,November 2020,117160,0,1112,116048,2025-12-26
9960,830,December 2020,117160,3000,1587,118573,2022-01-05
9961,831,January 2020,256433,1000,1648,255785,2024-10-07
9962,831,February 2020,256433,3000,1790,257643,2022-12-09
9963,831,March 2020,256433,0,1744,254689,2023-09-06
9964,831,April 2020,256433,0,696,255737,2024-06-21
9965,831,May 2020,256433,2000,653,257780,2023-01-25
9966,831,June 2020,256433,3000,760,258673,2024-03-03
9967,831,July 2020,256433,1000,1483,255950,2023-07-15
9968,831,August 2020,256433,1000,1694,255739,2022-05-05
9969,831,September 2020,256433,2000,218,258215,2025-05-29
9970,831,October 2020,256433,1000,239,257194,2022-04-12
9971,831,November 2020,256433,1000,1513,255920,2025-08-11
9972,831,December 2020,256433,3000,314,259119,2023-06-11
9973,832,January 2020,165785,3000,436,168349,2023-07-31
9974,832,February 2020,165785,0,130,165655,2022-11-18
9975,832,March 2020,165785,0,838,164947,2023-11-21
9976,832,April 2020,165785,1000,1892,164893,2024-03-05
9977,832,May 2020,165785,3000,235,168550,2025-03-14
9978,832,June 2020,165785,3000,1339,167446,2023-03-03
9979,832,July 2020,165785,3000,763,168022,2025-03-10
9980,832,August 2020,165785,0,1675,164110,2025-05-27
9981,832,September 2020,165785,3000,602,168183,2022-06-19
9982,832,October 2020,165785,2000,1608,166177,2022-09-29
9983,832,November 2020,165785,0,1291,164494,2025-08-07
9984,832,December 2020,165785,3000,29,168756,2024-07-13
9985,833,January 2020,209045,0,1021,208024,2025-05-16
9986,833,February 2020,209045,2000,1069,209976,2023-04-11
9987,833,March 2020,209045,0,1639,207406,2025-01-25
9988,833,April 2020,209045,0,909,208136,2025-08-22
9989,833,May 2020,209045,2000,1692,209353,2025-03-16
9990,833,June 2020,209045,2000,1031,210014,2025-12-24
9991,833,July 2020,209045,2000,820,210225,2022-06-05
9992,833,August 2020,209045,0,1250,207795,2023-09-24
9993,833,September 2020,209045,3000,114,211931,2023-12-24
9994,833,October 2020,209045,2000,1424,209621,2024-06-02
9995,833,November 2020,209045,0,1941,207104,2023-11-11
9996,833,December 2020,209045,1000,720,209325,2022-01-15
9997,834,January 2020,242504,3000,1088,244416,2025-06-16
9998,834,February 2020,242504,0,1422,241082,2025-01-05
9999,834,March 2020,242504,3000,788,244716,2023-04-19
10000,834,April 2020,242504,3000,13,245491,2023-09-08
10001,834,May 2020,242504,0,1540,240964,2022-12-13
10002,834,June 2020,242504,1000,1408,242096,2022-04-11
10003,834,July 2020,242504,1000,1230,242274,2022-06-08
10004,834,August 2020,242504,1000,1728,241776,2024-11-04
10005,834,September 2020,242504,0,1370,241134,2024-05-25
10006,834,October 2020,242504,1000,828,242676,2022-02-26
10007,834,November 2020,242504,0,240,242264,2025-06-12
10008,834,December 2020,242504,3000,1978,243526,2022-08-02
10009,835,January 2020,98107,3000,1,101106,2025-08-09
10010,835,February 2020,98107,3000,1295,99812,2022-05-03
10011,835,March 2020,98107,0,558,97549,2023-12-06
10012,835,April 2020,98107,3000,92,101015,2022-11-13
10013,835,May 2020,98107,2000,326,99781,2022-10-30
10014,835,June 2020,98107,3000,1992,99115,2024-01-30
10015,835,July 2020,98107,3000,1851,99256,2022-05-06
10016,835,August 2020,98107,0,458,97649,2023-09-04
10017,835,September 2020,98107,3000,1077,100030,2022-05-09
10018,835,October 2020,98107,1000,1193,97914,2024-01-19
10019,835,November 2020,98107,3000,739,100368,2023-04-15
10020,835,December 2020,98107,3000,700,100407,2024-05-05
10021,836,January 2020,270016,3000,887,272129,2022-09-01
10022,836,February 2020,270016,3000,969,272047,2024-01-25
10023,836,March 2020,270016,1000,43,270973,2023-12-27
10024,836,April 2020,270016,0,1638,268378,2025-08-30
10025,836,May 2020,270016,2000,1543,270473,2023-10-23
10026,836,June 2020,270016,0,1251,268765,2022-08-19
10027,836,July 2020,270016,0,820,269196,2022-09-02
10028,836,August 2020,270016,2000,1147,270869,2022-06-24
10029,836,September 2020,270016,3000,371,272645,2022-02-17
10030,836,October 2020,270016,3000,805,272211,2025-02-25
10031,836,November 2020,270016,1000,733,270283,2024-02-26
10032,836,December 2020,270016,2000,363,271653,2025-09-21
10033,837,January 2020,125025,0,1368,123657,2022-09-01
10034,837,February 2020,125025,0,848,124177,2024-11-30
10035,837,March 2020,125025,3000,1892,126133,2025-06-08
10036,837,April 2020,125025,2000,1577,125448,2024-01-12
10037,837,May 2020,125025,3000,1915,126110,2024-01-06
10038,837,June 2020,125025,2000,1715,125310,2025-12-28
10039,837,July 2020,125025,2000,1245,125780,2023-07-01
10040,837,August 2020,125025,2000,472,126553,2022-04-11
10041,837,September 2020,125025,1000,263,125762,2022-03-29
10042,837,October 2020,125025,1000,416,125609,2022-02-07
10043,837,November 2020,125025,3000,733,127292,2024-03-10
10044,837,December 2020,125025,3000,925,127100,2023-11-22
10045,838,January 2020,110002,1000,603,110399,2024-09-20
10046,838,February 2020,110002,1000,612,110390,2025-11-26
10047,838,March 2020,110002,3000,308,112694,2024-10-18
10048,838,April 2020,110002,0,1042,108960,2024-12-16
10049,838,May 2020,110002,3000,950,112052,2025-06-03
10050,838,June 2020,110002,1000,1078,109924,2024-08-02
10051,838,July 2020,110002,1000,1653,109349,2024-04-03
10052,838,August 2020,110002,1000,1710,109292,2022-01-15
10053,838,September 2020,110002,0,1709,108293,2022-05-08
10054,838,October 2020,110002,1000,248,110754,2025-11-02
10055,838,November 2020,110002,0,1340,108662,2023-11-26
10056,838,December 2020,110002,2000,324,111678,2025-10-29
10057,839,January 2020,70385,2000,224,72161,2022-01-20
10058,839,February 2020,70385,3000,1296,72089,2024-10-21
10059,839,March 2020,70385,2000,1415,70970,2025-01-02
10060,839,April 2020,70385,2000,364,72021,2022-02-02
10061,839,May 2020,70385,1000,1336,70049,2022-04-01
10062,839,June 2020,70385,0,1302,69083,2022-04-05
10063,839,July 2020,70385,1000,1777,69608,2025-10-24
10064,839,August 2020,70385,2000,1048,71337,2023-03-25
10065,839,September 2020,70385,1000,1396,69989,2022-07-08
10066,839,October 2020,70385,0,1273,69112,2023-08-10
10067,839,November 2020,70385,1000,1712,69673,2022-12-07
10068,839,December 2020,70385,3000,599,72786,2022-08-07
10069,840,January 2020,118120,2000,829,119291,2025-09-16
10070,840,February 2020,118120,3000,1008,120112,2025-06-14
10071,840,March 2020,118120,0,432,117688,2022-03-05
10072,840,April 2020,118120,1000,1147,117973,2022-12-12
10073,840,May 2020,118120,0,606,117514,2025-08-24
10074,840,June 2020,118120,0,1391,116729,2022-01-30
10075,840,July 2020,118120,3000,1468,119652,2023-04-06
10076,840,August 2020,118120,3000,656,120464,2022-03-02
10077,840,September 2020,118120,3000,932,120188,2022-04-30
10078,840,October 2020,118120,3000,480,120640,2023-02-22
10079,840,November 2020,118120,2000,1981,118139,2024-12-11
10080,840,December 2020,118120,3000,1047,120073,2022-08-21
10081,841,January 2020,250835,2000,254,252581,2022-07-24
10082,841,February 2020,250835,3000,986,252849,2025-04-19
10083,841,March 2020,250835,0,1926,248909,2025-09-28
10084,841,April 2020,250835,1000,514,251321,2024-09-21
10085,841,May 2020,250835,3000,186,253649,2025-01-22
10086,841,June 2020,250835,1000,1324,250511,2024-08-30
10087,841,July 2020,250835,1000,662,251173,2023-09-21
10088,841,August 2020,250835,2000,1135,251700,2023-03-04
10089,841,September 2020,250835,0,496,250339,2023-11-11
10090,841,October 2020,250835,3000,754,253081,2022-05-15
10091,841,November 2020,250835,2000,1663,251172,2024-08-02
10092,841,December 2020,250835,1000,139,251696,2023-09-07
10093,842,January 2020,204445,0,12,204433,2023-04-13
10094,842,February 2020,204445,2000,83,206362,2022-01-01
10095,842,March 2020,204445,3000,652,206793,2023-06-20
10096,842,April 2020,204445,1000,173,205272,2024-12-27
10097,842,May 2020,204445,1000,127,205318,2023-12-28
10098,842,June 2020,204445,3000,452,206993,2022-12-13
10099,842,July 2020,204445,3000,712,206733,2024-09-20
10100,842,August 2020,204445,1000,531,204914,2022-12-12
10101,842,September 2020,204445,2000,471,205974,2023-06-04
10102,842,October 2020,204445,2000,419,206026,2025-04-25
10103,842,November 2020,204445,0,1055,203390,2025-05-17
10104,842,December 2020,204445,3000,634,206811,2023-11-25
10105,843,January 2020,202234,0,513,201721,2023-05-18
10106,843,February 2020,202234,1000,1725,201509,2022-11-25
10107,843,March 2020,202234,0,84,202150,2024-03-01
10108,843,April 2020,202234,3000,27,205207,2024-01-05
10109,843,May 2020,202234,0,1546,200688,2024-08-19
10110,843,June 2020,202234,3000,638,204596,2024-08-18
10111,843,July 2020,202234,2000,502,203732,2023-12-08
10112,843,August 2020,202234,2000,79,204155,2022-06-02
10113,843,September 2020,202234,0,1202,201032,2024-03-26
10114,843,October 2020,202234,3000,1554,203680,2025-05-05
10115,843,November 2020,202234,0,1567,200667,2025-08-11
10116,843,December 2020,202234,1000,1213,202021,2024-04-12
10117,844,January 2020,119917,2000,1072,120845,2022-08-13
10118,844,February 2020,119917,1000,38,120879,2024-03-15
10119,844,March 2020,119917,2000,1672,120245,2025-02-08
10120,844,April 2020,119917,3000,436,122481,2024-05-12
10121,844,May 2020,119917,0,1861,118056,2024-06-29
10122,844,June 2020,119917,3000,912,122005,2024-09-09
10123,844,July 2020,119917,2000,596,121321,2025-04-27
10124,844,August 2020,119917,2000,1851,120066,2024-05-20
10125,844,September 2020,119917,2000,1315,120602,2024-08-23
10126,844,October 2020,119917,0,1813,118104,2025-06-12
10127,844,November 2020,119917,0,58,119859,2025-06-29
10128,844,December 2020,119917,0,861,119056,2025-02-25
10129,845,January 2020,258322,2000,1041,259281,2024-10-17
10130,845,February 2020,258322,2000,763,259559,2024-08-04
10131,845,March 2020,258322,3000,1208,260114,2022-06-04
10132,845,April 2020,258322,1000,845,258477,2022-05-15
10133,845,May 2020,258322,0,1809,256513,2023-02-25
10134,845,June 2020,258322,1000,930,258392,2025-07-18
10135,845,July 2020,258322,3000,1892,259430,2024-08-20
10136,845,August 2020,258322,1000,1963,257359,2023-07-23
10137,845,September 2020,258322,0,1856,256466,2022-03-11
10138,845,October 2020,258322,3000,1313,260009,2023-11-15
10139,845,November 2020,258322,3000,839,260483,2025-12-23
10140,845,December 2020,258322,0,344,257978,2024-05-31
10141,846,January 2020,93605,1000,1856,92749,2023-04-13
10142,846,February 2020,93605,3000,1596,95009,2022-03-16
10143,846,March 2020,93605,0,78,93527,2023-09-04
10144,846,April 2020,93605,2000,1404,94201,2023-12-08
10145,846,May 2020,93605,2000,1847,93758,2025-12-01
10146,846,June 2020,93605,3000,1803,94802,2024-06-02
10147,846,July 2020,93605,1000,633,93972,2025-01-31
10148,846,August 2020,93605,3000,571,96034,2023-07-06
10149,846,September 2020,93605,0,417,93188,2023-01-19
10150,846,October 2020,93605,1000,1819,92786,2024-06-01
10151,846,November 2020,93605,0,1655,91950,2024-12-14
10152,846,December 2020,93605,3000,1595,95010,2023-11-11
10153,847,January 2020,93308,3000,909,95399,2025-05-13
10154,847,February 2020,93308,3000,841,95467,2023-09-27
10155,847,March 2020,93308,1000,1330,92978,2025-09-25
10156,847,April 2020,93308,1000,329,93979,2022-12-04
10157,847,May 2020,93308,1000,1244,93064,2025-04-05
10158,847,June 2020,93308,1000,781,93527,2022-08-03
10159,847,July 2020,93308,0,72,93236,2022-09-01
10160,847,August 2020,93308,0,1116,92192,2022-08-07
10161,847,September 2020,93308,2000,1150,94158,2022-01-02
10162,847,October 2020,93308,1000,568,93740,2025-08-16
10163,847,November 2020,93308,0,687,92621,2025-11-22
10164,847,December 2020,93308,3000,812,95496,2022-01-29
10165,848,January 2020,86249,2000,276,87973,2023-01-26
10166,848,February 2020,86249,1000,955,86294,2022-02-26
10167,848,March 2020,86249,0,765,85484,2024-10-04
10168,848,April 2020,86249,1000,1388,85861,2024-06-27
10169,848,May 2020,86249,3000,1330,87919,2022-10-18
10170,848,June 2020,86249,0,1026,85223,2024-07-19
10171,848,July 2020,86249,3000,557,88692,2023-12-13
10172,848,August 2020,86249,1000,861,86388,2022-09-05
10173,848,September 2020,86249,3000,1602,87647,2025-05-31
10174,848,October 2020,86249,1000,1656,85593,2022-06-25
10175,848,November 2020,86249,0,984,85265,2023-07-06
10176,848,December 2020,86249,0,898,85351,2025-10-03
10177,849,January 2020,99045,3000,670,101375,2022-10-02
10178,849,February 2020,99045,1000,719,99326,2024-09-05
10179,849,March 2020,99045,1000,924,99121,2024-02-20
10180,849,April 2020,99045,1000,740,99305,2025-07-05
10181,849,May 2020,99045,3000,1514,100531,2025-07-11
10182,849,June 2020,99045,0,641,98404,2022-04-08
10183,849,July 2020,99045,1000,471,99574,2022-05-20
10184,849,August 2020,99045,1000,1479,98566,2023-02-06
10185,849,September 2020,99045,0,1973,97072,2023-02-17
10186,849,October 2020,99045,3000,1354,100691,2023-04-03
10187,849,November 2020,99045,2000,1602,99443,2023-01-13
10188,849,December 2020,99045,3000,1278,100767,2025-08-03
10189,850,January 2020,178216,1000,1546,177670,2025-04-13
10190,850,February 2020,178216,0,1916,176300,2024-01-18
10191,850,March 2020,178216,2000,930,179286,2025-04-06
10192,850,April 2020,178216,1000,98,179118,2022-10-22
10193,850,May 2020,178216,3000,1606,179610,2025-04-22
10194,850,June 2020,178216,2000,547,179669,2025-09-15
10195,850,July 2020,178216,1000,1876,177340,2025-11-13
10196,850,August 2020,178216,2000,1841,178375,2022-11-02
10197,850,September 2020,178216,3000,534,180682,2025-05-20
10198,850,October 2020,178216,1000,1613,177603,2024-03-17
10199,850,November 2020,178216,2000,159,180057,2023-01-22
10200,850,December 2020,178216,3000,466,180750,2023-03-17
10201,851,January 2020,129935,1000,1493,129442,2023-03-26
10202,851,February 2020,129935,0,1321,128614,2025-05-09
10203,851,March 2020,129935,3000,1203,131732,2022-03-22
10204,851,April 2020,129935,0,1921,128014,2025-09-21
10205,851,May 2020,129935,3000,1491,131444,2023-03-24
10206,851,June 2020,129935,0,442,129493,2023-12-31
10207,851,July 2020,129935,3000,1684,131251,2023-09-29
10208,851,August 2020,129935,1000,667,130268,2025-11-10
10209,851,September 2020,129935,3000,523,132412,2025-03-16
10210,851,October 2020,129935,0,633,129302,2023-06-30
10211,851,November 2020,129935,1000,890,130045,2025-02-25
10212,851,December 2020,129935,1000,1050,129885,2023-09-14
10213,852,January 2020,223584,0,1877,221707,2022-06-11
10214,852,February 2020,223584,3000,1453,225131,2023-02-28
10215,852,March 2020,223584,3000,1355,225229,2025-04-29
10216,852,April 2020,223584,0,1500,222084,2023-07-06
10217,852,May 2020,223584,1000,1465,223119,2024-03-20
10218,852,June 2020,223584,3000,279,226305,2024-04-27
10219,852,July 2020,223584,0,1144,222440,2024-12-19
10220,852,August 2020,223584,3000,918,225666,2024-08-10
10221,852,September 2020,223584,1000,1517,223067,2025-08-19
10222,852,October 2020,223584,0,337,223247,2023-10-21
10223,852,November 2020,223584,0,59,223525,2024-07-05
10224,852,December 2020,223584,0,1372,222212,2025-03-24
10225,853,January 2020,146102,2000,774,147328,2024-06-03
10226,853,February 2020,146102,2000,1101,147001,2022-01-27
10227,853,March 2020,146102,3000,742,148360,2023-10-19
10228,853,April 2020,146102,3000,1466,147636,2025-08-08
10229,853,May 2020,146102,1000,1840,145262,2025-02-16
10230,853,June 2020,146102,0,906,145196,2023-10-21
10231,853,July 2020,146102,0,1748,144354,2022-05-18
10232,853,August 2020,146102,2000,1610,146492,2024-10-17
10233,853,September 2020,146102,0,1210,144892,2023-07-07
10234,853,October 2020,146102,1000,563,146539,2022-02-19
10235,853,November 2020,146102,0,826,145276,2024-03-11
10236,853,December 2020,146102,1000,101,147001,2023-11-10
10237,854,January 2020,145409,1000,1772,144637,2024-08-21
10238,854,February 2020,145409,1000,451,145958,2025-07-04
10239,854,March 2020,145409,0,1935,143474,2023-11-27
10240,854,April 2020,145409,1000,337,146072,2025-03-24
10241,854,May 2020,145409,2000,1055,146354,2023-12-03
10242,854,June 2020,145409,3000,1317,147092,2023-01-03
10243,854,July 2020,145409,3000,1011,147398,2023-04-25
10244,854,August 2020,145409,1000,1404,145005,2023-10-21
10245,854,September 2020,145409,0,259,145150,2023-10-30
10246,854,October 2020,145409,2000,1793,145616,2025-07-27
10247,854,November 2020,145409,3000,1410,146999,2025-06-09
10248,854,December 2020,145409,0,1264,144145,2022-06-04
10249,855,January 2020,285747,1000,61,286686,2025-05-13
10250,855,February 2020,285747,0,783,284964,2023-04-12
10251,855,March 2020,285747,1000,1405,285342,2023-02-12
10252,855,April 2020,285747,0,1197,284550,2023-03-18
10253,855,May 2020,285747,3000,922,287825,2022-06-20
10254,855,June 2020,285747,3000,1405,287342,2022-08-19
10255,855,July 2020,285747,1000,639,286108,2025-07-10
10256,855,August 2020,285747,2000,1041,286706,2022-06-12
10257,855,September 2020,285747,1000,1940,284807,2022-12-18
10258,855,October 2020,285747,3000,1813,286934,2024-01-05
10259,855,November 2020,285747,1000,1629,285118,2022-11-25
10260,855,December 2020,285747,0,1606,284141,2022-10-24
10261,856,January 2020,227178,1000,1675,226503,2024-09-26
10262,856,February 2020,227178,1000,1347,226831,2023-01-15
10263,856,March 2020,227178,0,844,226334,2024-05-16
10264,856,April 2020,227178,2000,1493,227685,2024-07-11
10265,856,May 2020,227178,2000,40,229138,2024-07-10
10266,856,June 2020,227178,1000,1621,226557,2025-06-23
10267,856,July 2020,227178,1000,1216,226962,2024-09-18
10268,856,August 2020,227178,2000,1714,227464,2023-07-19
10269,856,September 2020,227178,0,673,226505,2025-12-27
10270,856,October 2020,227178,3000,1405,228773,2023-12-22
10271,856,November 2020,227178,3000,396,229782,2023-03-28
10272,856,December 2020,227178,3000,906,229272,2024-01-21
10273,857,January 2020,197138,3000,1384,198754,2025-01-31
10274,857,February 2020,197138,3000,638,199500,2022-02-09
10275,857,March 2020,197138,3000,681,199457,2025-06-26
10276,857,April 2020,197138,3000,1227,198911,2025-09-28
10277,857,May 2020,197138,0,1468,195670,2023-11-20
10278,857,June 2020,197138,1000,1857,196281,2024-12-28
10279,857,July 2020,197138,0,1519,195619,2023-10-10
10280,857,August 2020,197138,0,1725,195413,2024-02-02
10281,857,September 2020,197138,0,983,196155,2025-09-17
10282,857,October 2020,197138,2000,411,198727,2022-02-15
10283,857,November 2020,197138,2000,1418,197720,2023-08-26
10284,857,December 2020,197138,1000,983,197155,2025-04-25
10285,858,January 2020,149663,1000,514,150149,2022-02-26
10286,858,February 2020,149663,0,1868,147795,2025-11-27
10287,858,March 2020,149663,3000,1018,151645,2024-08-02
10288,858,April 2020,149663,3000,15,152648,2023-11-13
10289,858,May 2020,149663,3000,277,152386,2022-09-13
10290,858,June 2020,149663,3000,991,151672,2022-12-25
10291,858,July 2020,149663,0,1830,147833,2025-07-29
10292,858,August 2020,149663,3000,1954,150709,2022-10-10
10293,858,September 2020,149663,3000,1854,150809,2025-05-07
10294,858,October 2020,149663,2000,1268,150395,2024-08-04
10295,858,November 2020,149663,1000,1172,149491,2022-04-01
10296,858,December 2020,149663,3000,1073,151590,2022-06-14
10297,859,January 2020,263188,0,177,263011,2023-01-19
10298,859,February 2020,263188,0,859,262329,2025-07-10
10299,859,March 2020,263188,3000,1482,264706,2024-01-06
10300,859,April 2020,263188,2000,939,264249,2023-04-16
10301,859,May 2020,263188,1000,1372,262816,2022-04-05
10302,859,June 2020,263188,3000,962,265226,2024-07-28
10303,859,July 2020,263188,0,1222,261966,2022-06-28
10304,859,August 2020,263188,3000,426,265762,2025-06-26
10305,859,September 2020,263188,0,1705,261483,2022-09-09
10306,859,October 2020,263188,3000,782,265406,2023-06-01
10307,859,November 2020,263188,2000,82,265106,2022-04-10
10308,859,December 2020,263188,1000,1567,262621,2022-03-14
10309,860,January 2020,133681,2000,1496,134185,2025-01-14
10310,860,February 2020,133681,2000,1553,134128,2025-03-12
10311,860,March 2020,133681,3000,955,135726,2022-12-19
10312,860,April 2020,133681,1000,1001,133680,2024-12-13
10313,860,May 2020,133681,0,1760,131921,2023-01-14
10314,860,June 2020,133681,0,869,132812,2023-07-18
10315,860,July 2020,133681,2000,1193,134488,2022-06-07
10316,860,August 2020,133681,1000,146,134535,2025-06-27
10317,860,September 2020,133681,1000,514,134167,2022-02-20
10318,860,October 2020,133681,1000,1063,133618,2022-01-22
10319,860,November 2020,133681,3000,1430,135251,2024-11-07
10320,860,December 2020,133681,1000,764,133917,2025-05-08
10321,861,January 2020,142489,2000,929,143560,2022-06-01
10322,861,February 2020,142489,3000,1539,143950,2025-07-21
10323,861,March 2020,142489,1000,273,143216,2024-04-19
10324,861,April 2020,142489,0,1759,140730,2022-06-04
10325,861,May 2020,142489,2000,1492,142997,2022-04-22
10326,861,June 2020,142489,0,49,142440,2024-03-13
10327,861,July 2020,142489,2000,784,143705,2023-04-14
10328,861,August 2020,142489,3000,659,144830,2022-07-21
10329,861,September 2020,142489,1000,34,143455,2025-03-18
10330,861,October 2020,142489,0,1819,140670,2025-10-04
10331,861,November 2020,142489,0,667,141822,2025-10-29
10332,861,December 2020,142489,2000,639,143850,2023-07-07
10333,862,January 2020,220258,3000,1967,221291,2024-10-03
10334,862,February 2020,220258,0,637,219621,2024-01-11
10335,862,March 2020,220258,1000,950,220308,2023-09-02
10336,862,April 2020,220258,0,1527,218731,2023-12-29
10337,862,May 2020,220258,2000,1895,220363,2024-04-22
10338,862,June 2020,220258,2000,1708,220550,2022-10-28
10339,862,July 2020,220258,1000,831,220427,2024-10-03
10340,862,August 2020,220258,3000,725,222533,2025-07-06
10341,862,September 2020,220258,3000,1563,221695,2025-08-11
10342,862,October 2020,220258,2000,173,222085,2023-03-18
10343,862,November 2020,220258,1000,62,221196,2022-10-20
10344,862,December 2020,220258,2000,1752,220506,2024-07-19
10345,863,January 2020,166801,2000,1586,167215,2023-09-07
10346,863,February 2020,166801,3000,1637,168164,2022-07-31
10347,863,March 2020,166801,2000,853,167948,2024-01-25
10348,863,April 2020,166801,0,1863,164938,2023-05-07
10349,863,May 2020,166801,2000,1099,167702,2024-07-21
10350,863,June 2020,166801,2000,1679,167122,2025-11-17
10351,863,July 2020,166801,2000,1373,167428,2024-01-15
10352,863,August 2020,166801,1000,1474,166327,2023-05-30
10353,863,September 2020,166801,1000,539,167262,2025-08-04
10354,863,October 2020,166801,1000,1649,166152,2024-05-06
10355,863,November 2020,166801,0,1486,165315,2023-02-01
10356,863,December 2020,166801,0,1472,165329,2024-02-19
10357,864,January 2020,176287,2000,528,177759,2023-03-03
10358,864,February 2020,176287,2000,1241,177046,2025-12-04
10359,864,March 2020,176287,2000,1112,177175,2025-08-10
10360,864,April 2020,176287,2000,1002,177285,2023-12-06
10361,864,May 2020,176287,0,1669,174618,2022-04-19
10362,864,June 2020,176287,2000,1633,176654,2025-01-05
10363,864,July 2020,176287,2000,450,177837,2024-12-07
10364,864,August 2020,176287,3000,1269,178018,2022-01-01
10365,864,September 2020,176287,2000,972,177315,2024-09-02
10366,864,October 2020,176287,1000,1623,175664,2022-06-10
10367,864,November 2020,176287,2000,1916,176371,2023-11-13
10368,864,December 2020,176287,2000,1289,176998,2024-01-15
10369,865,January 2020,226254,0,310,225944,2024-02-02
10370,865,February 2020,226254,0,1584,224670,2022-07-22
10371,865,March 2020,226254,1000,1710,225544,2023-04-27
10372,865,April 2020,226254,0,344,225910,2024-09-08
10373,865,May 2020,226254,0,272,225982,2025-08-22
10374,865,June 2020,226254,0,128,226126,2024-03-15
10375,865,July 2020,226254,1000,681,226573,2023-12-16
10376,865,August 2020,226254,0,1629,224625,2022-03-14
10377,865,September 2020,226254,1000,1039,226215,2023-02-07
10378,865,October 2020,226254,2000,198,228056,2025-11-26
10379,865,November 2020,226254,2000,1438,226816,2023-03-24
10380,865,December 2020,226254,0,1326,224928,2022-08-24
10381,866,January 2020,166418,2000,625,167793,2023-07-18
10382,866,February 2020,166418,1000,1038,166380,2024-07-09
10383,866,March 2020,166418,0,87,166331,2024-12-30
10384,866,April 2020,166418,3000,1979,167439,2022-12-07
10385,866,May 2020,166418,1000,1273,166145,2025-09-11
10386,866,June 2020,166418,2000,567,167851,2022-02-20
10387,866,July 2020,166418,2000,1724,166694,2022-07-05
10388,866,August 2020,166418,1000,651,166767,2025-11-26
10389,866,September 2020,166418,2000,1395,167023,2023-11-23
10390,866,October 2020,166418,1000,54,167364,2024-12-04
10391,866,November 2020,166418,2000,56,168362,2022-02-05
10392,866,December 2020,166418,0,647,165771,2024-07-07
10393,867,January 2020,242699,0,1586,241113,2025-11-22
10394,867,February 2020,242699,1000,135,243564,2025-11-10
10395,867,March 2020,242699,0,608,242091,2025-01-08
10396,867,April 2020,242699,1000,958,242741,2023-07-11
10397,867,May 2020,242699,0,239,242460,2022-06-06
10398,867,June 2020,242699,3000,917,244782,2022-01-11
10399,867,July 2020,242699,1000,606,243093,2023-02-03
10400,867,August 2020,242699,0,1884,240815,2023-08-26
10401,867,September 2020,242699,1000,1753,241946,2023-02-27
10402,867,October 2020,242699,3000,1483,244216,2024-03-11
10403,867,November 2020,242699,0,901,241798,2025-01-06
10404,867,December 2020,242699,1000,807,242892,2025-04-02
10405,868,January 2020,179174,1000,1912,178262,2024-12-14
10406,868,February 2020,179174,0,552,178622,2024-09-11
10407,868,March 2020,179174,2000,358,180816,2025-07-14
10408,868,April 2020,179174,0,1032,178142,2023-03-31
10409,868,May 2020,179174,0,25,179149,2024-07-28
10410,868,June 2020,179174,0,154,179020,2025-12-29
10411,868,July 2020,179174,2000,769,180405,2024-03-06
10412,868,August 2020,179174,2000,1578,179596,2024-04-02
10413,868,September 2020,179174,1000,1860,178314,2025-02-19
10414,868,October 2020,179174,1000,1536,178638,2023-11-27
10415,868,November 2020,179174,1000,427,179747,2025-01-16
10416,868,December 2020,179174,2000,1188,179986,2024-12-16
10417,869,January 2020,273905,2000,426,275479,2023-04-20
10418,869,February 2020,273905,0,546,273359,2023-11-07
10419,869,March 2020,273905,3000,1195,275710,2025-05-12
10420,869,April 2020,273905,2000,1084,274821,2022-09-30
10421,869,May 2020,273905,1000,1334,273571,2022-09-26
10422,869,June 2020,273905,1000,1574,273331,2024-04-10
10423,869,July 2020,273905,1000,336,274569,2024-08-07
10424,869,August 2020,273905,0,246,273659,2025-06-13
10425,869,September 2020,273905,3000,498,276407,2025-07-13
10426,869,October 2020,273905,1000,1741,273164,2025-12-16
10427,869,November 2020,273905,1000,1874,273031,2022-02-01
10428,869,December 2020,273905,0,1110,272795,2022-04-20
10429,870,January 2020,283496,1000,855,283641,2024-10-26
10430,870,February 2020,283496,1000,325,284171,2023-05-03
10431,870,March 2020,283496,3000,630,285866,2024-11-04
10432,870,April 2020,283496,3000,1046,285450,2024-11-16
10433,870,May 2020,283496,2000,1524,283972,2025-11-09
10434,870,June 2020,283496,2000,264,285232,2022-02-14
10435,870,July 2020,283496,2000,1544,283952,2024-08-14
10436,870,August 2020,283496,3000,744,285752,2025-05-04
10437,870,September 2020,283496,0,583,282913,2024-01-02
10438,870,October 2020,283496,1000,440,284056,2023-12-20
10439,870,November 2020,283496,0,589,282907,2022-11-18
10440,870,December 2020,283496,0,850,282646,2023-07-11
10441,871,January 2020,98473,3000,788,100685,2022-07-07
10442,871,February 2020,98473,1000,828,98645,2022-02-28
10443,871,March 2020,98473,3000,1102,100371,2023-09-16
10444,871,April 2020,98473,1000,1613,97860,2023-07-01
10445,871,May 2020,98473,2000,1826,98647,2024-09-02
10446,871,June 2020,98473,1000,1508,97965,2023-08-19
10447,871,July 2020,98473,3000,1897,99576,2024-04-22
10448,871,August 2020,98473,0,1914,96559,2022-01-20
10449,871,September 2020,98473,3000,1348,100125,2022-09-24
10450,871,October 2020,98473,0,1142,97331,2024-01-20
10451,871,November 2020,98473,1000,145,99328,2024-10-05
10452,871,December 2020,98473,2000,1326,99147,2023-09-20
10453,872,January 2020,287790,0,1168,286622,2025-09-12
10454,872,February 2020,287790,0,1235,286555,2024-12-13
10455,872,March 2020,287790,3000,1722,289068,2023-05-20
10456,872,April 2020,287790,0,932,286858,2023-04-30
10457,872,May 2020,287790,0,1583,286207,2024-06-12
10458,872,June 2020,287790,1000,728,288062,2024-08-04
10459,872,July 2020,287790,2000,1540,288250,2024-04-03
10460,872,August 2020,287790,3000,115,290675,2022-06-10
10461,872,September 2020,287790,3000,1088,289702,2023-01-21
10462,872,October 2020,287790,3000,1931,288859,2024-12-29
10463,872,November 2020,287790,3000,1790,289000,2025-01-19
10464,872,December 2020,287790,1000,1490,287300,2025-09-26
10465,873,January 2020,225195,0,1906,223289,2025-04-01
10466,873,February 2020,225195,2000,101,227094,2022-09-07
10467,873,March 2020,225195,3000,1850,226345,2022-04-23
10468,873,April 2020,225195,1000,749,225446,2024-04-21
10469,873,May 2020,225195,0,1512,223683,2025-08-05
10470,873,June 2020,225195,3000,1014,227181,2024-01-14
10471,873,July 2020,225195,2000,270,226925,2022-06-15
10472,873,August 2020,225195,0,413,224782,2024-05-01
10473,873,September 2020,225195,3000,1969,226226,2023-11-18
10474,873,October 2020,225195,3000,179,228016,2025-01-07
10475,873,November 2020,225195,0,1497,223698,2023-05-20
10476,873,December 2020,225195,3000,1696,226499,2025-09-13
10477,874,January 2020,113936,1000,383,114553,2024-09-08
10478,874,February 2020,113936,0,213,113723,2023-12-03
10479,874,March 2020,113936,3000,216,116720,2025-05-06
10480,874,April 2020,113936,2000,948,114988,2023-07-22
10481,874,May 2020,113936,1000,1359,113577,2024-09-28
10482,874,June 2020,113936,1000,1956,112980,2023-09-16
10483,874,July 2020,113936,1000,1649,113287,2025-10-09
10484,874,August 2020,113936,2000,996,114940,2024-11-06
10485,874,September 2020,113936,3000,1336,115600,2025-06-26
10486,874,October 2020,113936,1000,751,114185,2022-09-16
10487,874,November 2020,113936,2000,962,114974,2024-11-13
10488,874,December 2020,113936,2000,1167,114769,2023-12-31
10489,875,January 2020,161967,3000,941,164026,2025-01-25
10490,875,February 2020,161967,1000,274,162693,2025-02-02
10491,875,March 2020,161967,3000,732,164235,2024-02-11
10492,875,April 2020,161967,0,243,161724,2023-08-04
10493,875,May 2020,161967,3000,979,163988,2022-08-09
10494,875,June 2020,161967,1000,765,162202,2025-05-19
10495,875,July 2020,161967,3000,1657,163310,2025-01-06
10496,875,August 2020,161967,3000,931,164036,2022-07-26
10497,875,September 2020,161967,2000,214,163753,2024-05-18
10498,875,October 2020,161967,0,965,161002,2024-04-07
10499,875,November 2020,161967,2000,1098,162869,2024-03-10
10500,875,December 2020,161967,2000,1360,162607,2024-03-06
10501,876,January 2020,249196,1000,4,250192,2022-06-19
10502,876,February 2020,249196,3000,924,251272,2022-10-02
10503,876,March 2020,249196,1000,580,249616,2023-03-04
10504,876,April 2020,249196,0,1464,247732,2025-05-22
10505,876,May 2020,249196,3000,604,251592,2025-07-27
10506,876,June 2020,249196,1000,353,249843,2022-06-13
10507,876,July 2020,249196,3000,1902,250294,2024-03-31
10508,876,August 2020,249196,1000,161,250035,2023-10-16
10509,876,September 2020,249196,3000,6,252190,2024-05-31
10510,876,October 2020,249196,3000,1391,250805,2024-07-30
10511,876,November 2020,249196,3000,1103,251093,2023-02-15
10512,876,December 2020,249196,0,378,248818,2024-02-08
10513,877,January 2020,214179,3000,103,217076,2022-01-09
10514,877,February 2020,214179,0,1190,212989,2024-02-08
10515,877,March 2020,214179,2000,408,215771,2022-01-19
10516,877,April 2020,214179,3000,95,217084,2024-02-22
10517,877,May 2020,214179,0,1426,212753,2024-06-14
10518,877,June 2020,214179,3000,1413,215766,2022-07-14
10519,877,July 2020,214179,2000,893,215286,2023-03-13
10520,877,August 2020,214179,0,416,213763,2025-03-22
10521,877,September 2020,214179,1000,1847,213332,2024-03-31
10522,877,October 2020,214179,1000,1228,213951,2024-02-24
10523,877,November 2020,214179,2000,382,215797,2024-11-28
10524,877,December 2020,214179,3000,1370,215809,2022-10-06
10525,878,January 2020,222767,1000,874,222893,2022-03-18
10526,878,February 2020,222767,3000,915,224852,2023-12-29
10527,878,March 2020,222767,3000,1321,224446,2022-05-17
10528,878,April 2020,222767,2000,1955,222812,2022-01-19
10529,878,May 2020,222767,0,1501,221266,2022-05-27
10530,878,June 2020,222767,1000,820,222947,2023-10-07
10531,878,July 2020,222767,0,342,222425,2025-02-27
10532,878,August 2020,222767,3000,1735,224032,2022-03-24
10533,878,September 2020,222767,3000,575,225192,2024-02-21
10534,878,October 2020,222767,3000,1511,224256,2024-01-26
10535,878,November 2020,222767,1000,1259,222508,2022-09-24
10536,878,December 2020,222767,2000,1165,223602,2025-11-29
10537,879,January 2020,101213,0,113,101100,2023-03-28
10538,879,February 2020,101213,2000,1257,101956,2023-01-30
10539,879,March 2020,101213,0,1563,99650,2023-02-06
10540,879,April 2020,101213,3000,1719,102494,2024-02-13
10541,879,May 2020,101213,0,1272,99941,2022-11-16
10542,879,June 2020,101213,1000,16,102197,2025-01-03
10543,879,July 2020,101213,3000,1541,102672,2022-01-04
10544,879,August 2020,101213,2000,1763,101450,2023-09-03
10545,879,September 2020,101213,2000,912,102301,2022-12-29
10546,879,October 2020,101213,2000,132,103081,2025-07-16
10547,879,November 2020,101213,2000,1483,101730,2024-04-18
10548,879,December 2020,101213,3000,346,103867,2022-05-25
10549,880,January 2020,103986,1000,1654,103332,2022-05-15
10550,880,February 2020,103986,2000,1275,104711,2024-09-13
10551,880,March 2020,103986,3000,864,106122,2025-03-05
10552,880,April 2020,103986,1000,239,104747,2022-10-17
10553,880,May 2020,103986,1000,798,104188,2025-10-16
10554,880,June 2020,103986,3000,1774,105212,2023-02-18
10555,880,July 2020,103986,1000,707,104279,2022-03-13
10556,880,August 2020,103986,3000,1423,105563,2024-01-27
10557,880,September 2020,103986,2000,1536,104450,2025-05-02
10558,880,October 2020,103986,2000,1238,104748,2024-08-25
10559,880,November 2020,103986,2000,825,105161,2024-08-29
10560,880,December 2020,103986,1000,1690,103296,2025-04-11
10561,881,January 2020,218375,0,448,217927,2022-07-31
10562,881,February 2020,218375,3000,559,220816,2023-08-31
10563,881,March 2020,218375,2000,376,219999,2024-11-27
10564,881,April 2020,218375,3000,88,221287,2022-08-25
10565,881,May 2020,218375,0,1787,216588,2024-03-24
10566,881,June 2020,218375,0,97,218278,2022-09-18
10567,881,July 2020,218375,3000,1414,219961,2024-08-05
10568,881,August 2020,218375,1000,709,218666,2022-10-23
10569,881,September 2020,218375,0,801,217574,2023-06-07
10570,881,October 2020,218375,1000,898,218477,2022-03-05
10571,881,November 2020,218375,0,23,218352,2023-10-31
10572,881,December 2020,218375,0,69,218306,2024-12-26
10573,882,January 2020,203183,1000,496,203687,2022-09-16
10574,882,February 2020,203183,2000,120,205063,2023-10-31
10575,882,March 2020,203183,3000,1325,204858,2025-11-11
10576,882,April 2020,203183,2000,1280,203903,2024-10-14
10577,882,May 2020,203183,0,396,202787,2023-07-19
10578,882,June 2020,203183,1000,183,204000,2024-04-08
10579,882,July 2020,203183,3000,93,206090,2025-02-15
10580,882,August 2020,203183,1000,737,203446,2022-09-03
10581,882,September 2020,203183,0,1474,201709,2024-11-19
10582,882,October 2020,203183,2000,1727,203456,2022-07-03
10583,882,November 2020,203183,3000,686,205497,2022-03-17
10584,882,December 2020,203183,3000,226,205957,2022-09-12
10585,883,January 2020,179040,1000,1210,178830,2025-01-01
10586,883,February 2020,179040,3000,1692,180348,2024-03-27
10587,883,March 2020,179040,1000,1171,178869,2024-11-28
10588,883,April 2020,179040,1000,1077,178963,2022-06-28
10589,883,May 2020,179040,1000,610,179430,2024-07-19
10590,883,June 2020,179040,1000,261,179779,2023-08-19
10591,883,July 2020,179040,0,874,178166,2022-09-06
10592,883,August 2020,179040,2000,967,180073,2022-04-16
10593,883,September 2020,179040,2000,1361,179679,2022-01-18
10594,883,October 2020,179040,1000,1173,178867,2024-12-28
10595,883,November 2020,179040,3000,1477,180563,2024-05-23
10596,883,December 2020,179040,1000,329,179711,2024-06-01
10597,884,January 2020,84981,3000,1852,86129,2024-11-04
10598,884,February 2020,84981,3000,500,87481,2023-12-19
10599,884,March 2020,84981,1000,1756,84225,2024-02-28
10600,884,April 2020,84981,3000,116,87865,2024-07-22
10601,884,May 2020,84981,1000,1659,84322,2022-07-01
10602,884,June 2020,84981,0,1814,83167,2023-07-10
10603,884,July 2020,84981,0,788,84193,2024-01-13
10604,884,August 2020,84981,1000,256,85725,2024-10-10
10605,884,September 2020,84981,2000,1270,85711,2023-03-22
10606,884,October 2020,84981,1000,1287,84694,2022-08-23
10607,884,November 2020,84981,2000,1848,85133,2025-02-10
10608,884,December 2020,84981,3000,1861,86120,2022-10-17
10609,885,January 2020,155781,1000,277,156504,2025-12-01
10610,885,February 2020,155781,2000,1313,156468,2022-12-21
10611,885,March 2020,155781,2000,1543,156238,2025-09-12
10612,885,April 2020,155781,0,381,155400,2023-07-19
10613,885,May 2020,155781,3000,840,157941,2025-02-16
10614,885,June 2020,155781,3000,1607,157174,2024-03-05
10615,885,July 2020,155781,0,612,155169,2025-03-07
10616,885,August 2020,155781,1000,1994,154787,2023-03-18
10617,885,September 2020,155781,0,223,155558,2024-08-05
10618,885,October 2020,155781,1000,890,155891,2025-12-19
10619,885,November 2020,155781,3000,1294,157487,2022-05-02
10620,885,December 2020,155781,0,411,155370,2025-06-29
10621,886,January 2020,270953,2000,1490,271463,2025-09-06
10622,886,February 2020,270953,3000,1244,272709,2023-07-06
10623,886,March 2020,270953,2000,755,272198,2024-08-03
10624,886,April 2020,270953,2000,1111,271842,2022-12-26
10625,886,May 2020,270953,3000,1485,272468,2025-08-21
10626,886,June 2020,270953,1000,1069,270884,2025-04-16
10627,886,July 2020,270953,2000,1256,271697,2023-02-26
10628,886,August 2020,270953,2000,561,272392,2025-07-01
10629,886,September 2020,270953,0,44,270909,2025-12-26
10630,886,October 2020,270953,2000,170,272783,2024-09-04
10631,886,November 2020,270953,1000,1133,270820,2024-09-23
10632,886,December 2020,270953,1000,1770,270183,2025-08-21
10633,887,January 2020,146752,3000,702,149050,2023-01-03
10634,887,February 2020,146752,1000,243,147509,2023-02-14
10635,887,March 2020,146752,1000,1871,145881,2024-10-18
10636,887,April 2020,146752,3000,649,149103,2023-08-18
10637,887,May 2020,146752,0,1264,145488,2024-08-21
10638,887,June 2020,146752,1000,855,146897,2025-04-19
10639,887,July 2020,146752,1000,1069,146683,2025-12-30
10640,887,August 2020,146752,0,232,146520,2022-04-01
10641,887,September 2020,146752,0,821,145931,2024-10-26
10642,887,October 2020,146752,3000,1575,148177,2022-01-13
10643,887,November 2020,146752,0,1913,144839,2022-09-19
10644,887,December 2020,146752,2000,1297,147455,2025-09-06
10645,888,January 2020,167028,2000,1627,167401,2022-01-16
10646,888,February 2020,167028,2000,1152,167876,2022-12-27
10647,888,March 2020,167028,1000,375,167653,2023-02-25
10648,888,April 2020,167028,2000,1943,167085,2023-04-03
10649,888,May 2020,167028,0,142,166886,2024-12-05
10650,888,June 2020,167028,3000,1139,168889,2022-06-08
10651,888,July 2020,167028,2000,75,168953,2024-10-21
10652,888,August 2020,167028,1000,1286,166742,2025-03-05
10653,888,September 2020,167028,2000,369,168659,2023-07-31
10654,888,October 2020,167028,0,146,166882,2024-12-30
10655,888,November 2020,167028,2000,1946,167082,2022-09-24
10656,888,December 2020,167028,3000,1586,168442,2023-09-08
10657,889,January 2020,115289,1000,748,115541,2022-10-14
10658,889,February 2020,115289,3000,333,117956,2025-07-30
10659,889,March 2020,115289,2000,656,116633,2025-03-17
10660,889,April 2020,115289,2000,1752,115537,2025-01-30
10661,889,May 2020,115289,1000,47,116242,2023-09-13
10662,889,June 2020,115289,2000,1892,115397,2024-01-09
10663,889,July 2020,115289,1000,694,115595,2025-05-16
10664,889,August 2020,115289,0,236,115053,2024-12-22
10665,889,September 2020,115289,2000,1966,115323,2025-05-19
10666,889,October 2020,115289,0,1057,114232,2024-09-02
10667,889,November 2020,115289,0,683,114606,2024-11-28
10668,889,December 2020,115289,1000,713,115576,2025-11-02
10669,890,January 2020,237367,0,1780,235587,2025-11-14
10670,890,February 2020,237367,1000,385,237982,2022-10-18
10671,890,March 2020,237367,3000,1934,238433,2024-03-10
10672,890,April 2020,237367,2000,1563,237804,2022-09-23
10673,890,May 2020,237367,1000,1933,236434,2023-05-09
10674,890,June 2020,237367,1000,1557,236810,2022-10-01
10675,890,July 2020,237367,0,736,236631,2025-01-13
10676,890,August 2020,237367,3000,1010,239357,2022-05-26
10677,890,September 2020,237367,1000,1055,237312,2025-06-27
10678,890,October 2020,237367,0,586,236781,2023-02-20
10679,890,November 2020,237367,1000,315,238052,2025-01-30
10680,890,December 2020,237367,0,685,236682,2025-02-12
10681,891,January 2020,223346,3000,1886,224460,2025-07-05
10682,891,February 2020,223346,2000,215,225131,2025-02-01
10683,891,March 2020,223346,1000,582,223764,2025-09-10
10684,891,April 2020,223346,0,1430,221916,2023-11-16
10685,891,May 2020,223346,1000,1918,222428,2025-06-15
10686,891,June 2020,223346,3000,1826,224520,2025-08-01
10687,891,July 2020,223346,2000,1256,224090,2022-11-06
10688,891,August 2020,223346,2000,1182,224164,2025-05-11
10689,891,September 2020,223346,2000,1616,223730,2024-06-01
10690,891,October 2020,223346,2000,1269,224077,2024-09-21
10691,891,November 2020,223346,1000,1021,223325,2025-06-13
10692,891,December 2020,223346,1000,1760,222586,2025-08-13
10693,892,January 2020,284976,0,1855,283121,2023-09-08
10694,892,February 2020,284976,1000,1876,284100,2022-10-10
10695,892,March 2020,284976,2000,1420,285556,2025-05-16
10696,892,April 2020,284976,2000,118,286858,2022-01-18
10697,892,May 2020,284976,3000,484,287492,2025-03-13
10698,892,June 2020,284976,2000,1710,285266,2025-03-05
10699,892,July 2020,284976,0,143,284833,2022-06-09
10700,892,August 2020,284976,1000,552,285424,2025-12-03
10701,892,September 2020,284976,2000,1965,285011,2023-04-17
10702,892,October 2020,284976,3000,1627,286349,2024-07-30
10703,892,November 2020,284976,0,1149,283827,2025-07-13
10704,892,December 2020,284976,0,243,284733,2024-11-02
10705,893,January 2020,206813,2000,1717,207096,2024-04-15
10706,893,February 2020,206813,2000,1053,207760,2023-05-10
10707,893,March 2020,206813,3000,1484,208329,2025-11-24
10708,893,April 2020,206813,2000,1154,207659,2025-11-26
10709,893,May 2020,206813,3000,216,209597,2025-05-16
10710,893,June 2020,206813,0,964,205849,2022-09-16
10711,893,July 2020,206813,1000,1743,206070,2025-10-24
10712,893,August 2020,206813,1000,231,207582,2025-01-02
10713,893,September 2020,206813,0,1897,204916,2022-05-14
10714,893,October 2020,206813,3000,768,209045,2024-01-10
10715,893,November 2020,206813,1000,1126,206687,2025-04-21
10716,893,December 2020,206813,1000,1053,206760,2022-03-15
10717,894,January 2020,99996,2000,967,101029,2022-06-15
10718,894,February 2020,99996,3000,742,102254,2023-02-28
10719,894,March 2020,99996,2000,1538,100458,2025-11-24
10720,894,April 2020,99996,1000,1675,99321,2022-04-27
10721,894,May 2020,99996,2000,8,101988,2025-10-27
10722,894,June 2020,99996,2000,369,101627,2023-08-27
10723,894,July 2020,99996,0,1795,98201,2023-10-11
10724,894,August 2020,99996,3000,1900,101096,2025-01-26
10725,894,September 2020,99996,1000,448,100548,2024-05-10
10726,894,October 2020,99996,0,1238,98758,2023-08-02
10727,894,November 2020,99996,3000,1270,101726,2024-07-09
10728,894,December 2020,99996,1000,1001,99995,2023-04-05
10729,895,January 2020,134060,3000,955,136105,2022-09-23
10730,895,February 2020,134060,3000,219,136841,2023-03-26
10731,895,March 2020,134060,3000,503,136557,2025-05-28
10732,895,April 2020,134060,3000,568,136492,2025-02-04
10733,895,May 2020,134060,0,1493,132567,2022-06-07
10734,895,June 2020,134060,0,623,133437,2023-03-24
10735,895,July 2020,134060,0,1909,132151,2024-02-08
10736,895,August 2020,134060,3000,1052,136008,2023-08-30
10737,895,September 2020,134060,1000,1185,133875,2024-12-11
10738,895,October 2020,134060,2000,1290,134770,2024-07-24
10739,895,November 2020,134060,2000,1415,134645,2023-07-23
10740,895,December 2020,134060,3000,1828,135232,2023-08-23
10741,896,January 2020,196723,1000,1225,196498,2024-04-14
10742,896,February 2020,196723,0,81,196642,2024-06-16
10743,896,March 2020,196723,1000,1413,196310,2024-04-26
10744,896,April 2020,196723,0,1546,195177,2025-07-02
10745,896,May 2020,196723,2000,668,198055,2023-08-30
10746,896,June 2020,196723,3000,1576,198147,2022-03-17
10747,896,July 2020,196723,0,1099,195624,2023-06-17
10748,896,August 2020,196723,2000,1447,197276,2024-12-28
10749,896,September 2020,196723,2000,476,198247,2022-01-27
10750,896,October 2020,196723,1000,1925,195798,2023-01-18
10751,896,November 2020,196723,0,277,196446,2024-06-11
10752,896,December 2020,196723,2000,989,197734,2024-07-21
10753,897,January 2020,235070,3000,1903,236167,2024-03-07
10754,897,February 2020,235070,3000,1544,236526,2022-10-16
10755,897,March 2020,235070,2000,1760,235310,2024-03-26
10756,897,April 2020,235070,0,1446,233624,2022-07-02
10757,897,May 2020,235070,3000,1552,236518,2023-07-31
10758,897,June 2020,235070,3000,312,237758,2023-07-07
10759,897,July 2020,235070,0,602,234468,2023-04-11
10760,897,August 2020,235070,1000,1440,234630,2025-10-31
10761,897,September 2020,235070,0,1146,233924,2025-12-26
10762,897,October 2020,235070,1000,1868,234202,2023-07-13
10763,897,November 2020,235070,1000,1588,234482,2025-07-25
10764,897,December 2020,235070,3000,648,237422,2025-08-16
10765,898,January 2020,119270,1000,503,119767,2023-01-08
10766,898,February 2020,119270,2000,1083,120187,2023-02-17
10767,898,March 2020,119270,3000,1685,120585,2022-11-12
10768,898,April 2020,119270,3000,232,122038,2024-04-13
10769,898,May 2020,119270,1000,1466,118804,2022-07-22
10770,898,June 2020,119270,1000,695,119575,2024-03-19
10771,898,July 2020,119270,2000,303,120967,2024-11-27
10772,898,August 2020,119270,3000,1110,121160,2023-07-07
10773,898,September 2020,119270,0,165,119105,2024-03-06
10774,898,October 2020,119270,1000,678,119592,2023-09-08
10775,898,November 2020,119270,3000,1408,120862,2025-03-27
10776,898,December 2020,119270,0,1881,117389,2025-02-10
10777,899,January 2020,255477,1000,72,256405,2022-07-25
10778,899,February 2020,255477,1000,394,256083,2023-01-27
10779,899,March 2020,255477,3000,1095,257382,2025-11-24
10780,899,April 2020,255477,3000,824,257653,2024-01-31
10781,899,May 2020,255477,1000,1454,255023,2025-10-29
10782,899,June 2020,255477,0,1909,253568,2023-06-18
10783,899,July 2020,255477,1000,1866,254611,2023-04-30
10784,899,August 2020,255477,0,108,255369,2024-12-16
10785,899,September 2020,255477,2000,806,256671,2025-02-20
10786,899,October 2020,255477,3000,612,257865,2024-08-07
10787,899,November 2020,255477,0,573,254904,2023-12-11
10788,899,December 2020,255477,2000,1622,255855,2024-12-21
10789,900,January 2020,75034,1000,1230,74804,2024-10-14
10790,900,February 2020,75034,3000,412,77622,2025-01-06
10791,900,March 2020,75034,1000,1124,74910,2025-12-08
10792,900,April 2020,75034,0,1065,73969,2022-12-12
10793,900,May 2020,75034,2000,1153,75881,2025-12-10
10794,900,June 2020,75034,0,29,75005,2024-02-18
10795,900,July 2020,75034,1000,1130,74904,2024-07-26
10796,900,August 2020,75034,2000,1671,75363,2023-02-14
10797,900,September 2020,75034,3000,154,77880,2025-04-22
10798,900,October 2020,75034,0,895,74139,2025-11-14
10799,900,November 2020,75034,1000,1794,74240,2025-07-27
10800,900,December 2020,75034,2000,333,76701,2024-03-12
10801,901,January 2020,127799,3000,1415,129384,2023-08-30
10802,901,February 2020,127799,0,1766,126033,2024-08-21
10803,901,March 2020,127799,0,458,127341,2022-03-03
10804,901,April 2020,127799,1000,1430,127369,2025-06-15
10805,901,May 2020,127799,1000,1232,127567,2025-02-05
10806,901,June 2020,127799,3000,1674,129125,2025-09-30
10807,901,July 2020,127799,1000,374,128425,2022-01-26
10808,901,August 2020,127799,2000,1156,128643,2024-11-25
10809,901,September 2020,127799,1000,1929,126870,2025-10-25
10810,901,October 2020,127799,1000,977,127822,2025-03-06
10811,901,November 2020,127799,1000,208,128591,2025-07-07
10812,901,December 2020,127799,1000,1425,127374,2022-06-02
10813,902,January 2020,203560,2000,99,205461,2022-03-05
10814,902,February 2020,203560,1000,1842,202718,2023-05-21
10815,902,March 2020,203560,2000,889,204671,2023-09-29
10816,902,April 2020,203560,0,132,203428,2024-10-26
10817,902,May 2020,203560,3000,535,206025,2023-01-16
10818,902,June 2020,203560,0,348,203212,2022-08-09
10819,902,July 2020,203560,0,238,203322,2025-09-07
10820,902,August 2020,203560,1000,446,204114,2023-03-10
10821,902,September 2020,203560,1000,1821,202739,2024-07-08
10822,902,October 2020,203560,3000,1780,204780,2023-04-03
10823,902,November 2020,203560,3000,1986,204574,2025-11-09
10824,902,December 2020,203560,0,632,202928,2022-04-19
10825,903,January 2020,281150,0,471,280679,2023-05-26
10826,903,February 2020,281150,3000,979,283171,2024-02-19
10827,903,March 2020,281150,3000,1946,282204,2025-08-30
10828,903,April 2020,281150,0,1867,279283,2022-01-24
10829,903,May 2020,281150,3000,554,283596,2025-10-08
10830,903,June 2020,281150,1000,525,281625,2025-03-15
10831,903,July 2020,281150,3000,82,284068,2022-02-25
10832,903,August 2020,281150,2000,1358,281792,2024-10-20
10833,903,September 2020,281150,2000,1170,281980,2023-01-05
10834,903,October 2020,281150,2000,710,282440,2022-05-16
10835,903,November 2020,281150,0,1537,279613,2025-07-13
10836,903,December 2020,281150,3000,1206,282944,2024-04-22
10837,904,January 2020,116146,0,1712,114434,2022-07-30
10838,904,February 2020,116146,1000,560,116586,2023-08-06
10839,904,March 2020,116146,2000,536,117610,2024-08-24
10840,904,April 2020,116146,1000,231,116915,2024-11-06
10841,904,May 2020,116146,1000,457,116689,2023-12-08
10842,904,June 2020,116146,0,1031,115115,2023-01-22
10843,904,July 2020,116146,1000,121,117025,2022-10-25
10844,904,August 2020,116146,1000,1959,115187,2024-03-15
10845,904,September 2020,116146,2000,621,117525,2025-09-08
10846,904,October 2020,116146,3000,73,119073,2023-07-20
10847,904,November 2020,116146,1000,318,116828,2025-05-16
10848,904,December 2020,116146,0,60,116086,2023-09-03
10849,905,January 2020,258092,3000,876,260216,2022-04-18
10850,905,February 2020,258092,1000,198,258894,2023-09-01
10851,905,March 2020,258092,3000,827,260265,2025-08-20
10852,905,April 2020,258092,2000,34,260058,2025-05-13
10853,905,May 2020,258092,3000,550,260542,2022-06-02
10854,905,June 2020,258092,3000,728,260364,2022-09-09
10855,905,July 2020,258092,0,711,257381,2022-05-11
10856,905,August 2020,258092,0,1432,256660,2025-11-17
10857,905,September 2020,258092,2000,1598,258494,2023-09-08
10858,905,October 2020,258092,1000,1401,257691,2024-10-18
10859,905,November 2020,258092,0,508,257584,2022-05-11
10860,905,December 2020,258092,0,490,257602,2023-11-06
10861,906,January 2020,136561,3000,1285,138276,2022-08-07
10862,906,February 2020,136561,1000,1512,136049,2022-09-24
10863,906,March 2020,136561,3000,335,139226,2023-10-20
10864,906,April 2020,136561,0,946,135615,2023-12-21
10865,906,May 2020,136561,0,1796,134765,2025-02-24
10866,906,June 2020,136561,2000,50,138511,2025-10-28
10867,906,July 2020,136561,0,510,136051,2025-01-08
10868,906,August 2020,136561,3000,1395,138166,2025-11-29
10869,906,September 2020,136561,3000,1094,138467,2023-10-26
10870,906,October 2020,136561,1000,922,136639,2022-06-10
10871,906,November 2020,136561,0,160,136401,2025-03-30
10872,906,December 2020,136561,0,1336,135225,2023-11-14
10873,907,January 2020,264926,2000,246,266680,2024-01-31
10874,907,February 2020,264926,0,1146,263780,2025-04-02
10875,907,March 2020,264926,2000,1214,265712,2023-01-15
10876,907,April 2020,264926,1000,1572,264354,2023-09-07
10877,907,May 2020,264926,2000,656,266270,2024-10-28
10878,907,June 2020,264926,2000,285,266641,2023-04-04
10879,907,July 2020,264926,0,359,264567,2023-01-26
10880,907,August 2020,264926,3000,1584,266342,2022-12-14
10881,907,September 2020,264926,1000,1966,263960,2023-07-22
10882,907,October 2020,264926,3000,1072,266854,2023-05-27
10883,907,November 2020,264926,2000,71,266855,2024-10-07
10884,907,December 2020,264926,0,662,264264,2022-02-20
10885,908,January 2020,156322,0,1739,154583,2024-01-21
10886,908,February 2020,156322,0,196,156126,2022-11-29
10887,908,March 2020,156322,2000,30,158292,2022-09-29
10888,908,April 2020,156322,1000,1282,156040,2023-11-13
10889,908,May 2020,156322,0,1125,155197,2022-06-22
10890,908,June 2020,156322,2000,1199,157123,2022-02-19
10891,908,July 2020,156322,2000,452,157870,2022-07-10
10892,908,August 2020,156322,1000,1829,155493,2022-12-21
10893,908,September 2020,156322,3000,1135,158187,2024-12-15
10894,908,October 2020,156322,0,291,156031,2022-06-26
10895,908,November 2020,156322,1000,351,156971,2025-06-22
10896,908,December 2020,156322,1000,1600,155722,2024-09-26
10897,909,January 2020,133439,3000,1167,135272,2025-12-21
10898,909,February 2020,133439,2000,1251,134188,2025-06-29
10899,909,March 2020,133439,2000,1695,133744,2023-02-26
10900,909,April 2020,133439,0,1652,131787,2025-04-02
10901,909,May 2020,133439,2000,1484,133955,2023-03-19
10902,909,June 2020,133439,0,1018,132421,2022-01-24
10903,909,July 2020,133439,2000,1640,133799,2024-10-18
10904,909,August 2020,133439,1000,720,133719,2025-03-26
10905,909,September 2020,133439,0,611,132828,2022-08-01
10906,909,October 2020,133439,2000,513,134926,2022-10-24
10907,909,November 2020,133439,0,1533,131906,2025-12-08
10908,909,December 2020,133439,3000,67,136372,2022-10-18
10909,910,January 2020,275072,1000,47,276025,2025-10-28
10910,910,February 2020,275072,0,1568,273504,2023-08-12
10911,910,March 2020,275072,2000,506,276566,2023-08-02
10912,910,April 2020,275072,3000,1443,276629,2024-03-31
10913,910,May 2020,275072,0,445,274627,2023-02-13
10914,910,June 2020,275072,3000,1909,276163,2022-05-13
10915,910,July 2020,275072,2000,534,276538,2023-10-14
10916,910,August 2020,275072,0,896,274176,2023-12-28
10917,910,September 2020,275072,0,200,274872,2025-05-16
10918,910,October 2020,275072,2000,749,276323,2022-07-23
10919,910,November 2020,275072,1000,1534,274538,2025-07-19
10920,910,December 2020,275072,2000,1578,275494,2024-08-15
10921,911,January 2020,182675,3000,674,185001,2024-12-12
10922,911,February 2020,182675,0,256,182419,2024-04-17
10923,911,March 2020,182675,0,1151,181524,2023-08-26
10924,911,April 2020,182675,2000,283,184392,2025-04-13
10925,911,May 2020,182675,2000,810,183865,2025-09-29
10926,911,June 2020,182675,2000,1376,183299,2022-11-03
10927,911,July 2020,182675,1000,251,183424,2022-12-29
10928,911,August 2020,182675,0,1217,181458,2025-02-18
10929,911,September 2020,182675,0,1706,180969,2023-10-28
10930,911,October 2020,182675,3000,1894,183781,2024-02-06
10931,911,November 2020,182675,3000,461,185214,2023-12-05
10932,911,December 2020,182675,3000,1929,183746,2024-07-27
10933,912,January 2020,172375,1000,137,173238,2024-12-30
10934,912,February 2020,172375,2000,1151,173224,2024-06-03
10935,912,March 2020,172375,0,168,172207,2022-05-25
10936,912,April 2020,172375,1000,227,173148,2025-03-11
10937,912,May 2020,172375,0,1872,170503,2022-02-05
10938,912,June 2020,172375,0,1276,171099,2024-01-02
10939,912,July 2020,172375,2000,1999,172376,2022-06-11
10940,912,August 2020,172375,1000,1520,171855,2022-04-24
10941,912,September 2020,172375,3000,1302,174073,2022-02-04
10942,912,October 2020,172375,2000,586,173789,2024-11-21
10943,912,November 2020,172375,2000,1806,172569,2024-07-16
10944,912,December 2020,172375,0,1740,170635,2025-07-19
10945,913,January 2020,257896,2000,831,259065,2023-01-15
10946,913,February 2020,257896,2000,1378,258518,2023-06-30
10947,913,March 2020,257896,1000,344,258552,2024-10-31
10948,913,April 2020,257896,2000,1814,258082,2024-10-03
10949,913,May 2020,257896,1000,461,258435,2023-09-12
10950,913,June 2020,257896,2000,832,259064,2024-03-19
10951,913,July 2020,257896,2000,326,259570,2023-07-13
10952,913,August 2020,257896,3000,800,260096,2025-01-22
10953,913,September 2020,257896,1000,1022,257874,2023-05-10
10954,913,October 2020,257896,2000,1412,258484,2024-07-28
10955,913,November 2020,257896,2000,327,259569,2025-11-29
10956,913,December 2020,257896,0,1801,256095,2025-10-09
10957,914,January 2020,125233,0,448,124785,2024-11-23
10958,914,February 2020,125233,1000,1412,124821,2024-09-12
10959,914,March 2020,125233,1000,22,126211,2023-05-30
10960,914,April 2020,125233,1000,667,125566,2024-02-09
10961,914,May 2020,125233,2000,514,126719,2022-07-18
10962,914,June 2020,125233,3000,779,127454,2022-10-10
10963,914,July 2020,125233,2000,1269,125964,2022-06-08
10964,914,August 2020,125233,2000,1915,125318,2023-04-12
10965,914,September 2020,125233,2000,1460,125773,2023-03-15
10966,914,October 2020,125233,0,290,124943,2024-02-09
10967,914,November 2020,125233,2000,1041,126192,2025-02-12
10968,914,December 2020,125233,1000,1628,124605,2022-12-25
10969,915,January 2020,85833,1000,1770,85063,2022-07-22
10970,915,February 2020,85833,2000,30,87803,2025-01-20
10971,915,March 2020,85833,2000,1994,85839,2022-10-26
10972,915,April 2020,85833,2000,780,87053,2022-12-01
10973,915,May 2020,85833,2000,1282,86551,2024-07-20
10974,915,June 2020,85833,3000,1405,87428,2022-10-06
10975,915,July 2020,85833,2000,1373,86460,2024-12-02
10976,915,August 2020,85833,2000,189,87644,2022-02-13
10977,915,September 2020,85833,3000,1317,87516,2022-05-07
10978,915,October 2020,85833,0,453,85380,2022-09-18
10979,915,November 2020,85833,1000,1331,85502,2025-02-27
10980,915,December 2020,85833,1000,1048,85785,2025-10-23
10981,916,January 2020,108451,1000,15,109436,2022-02-20
10982,916,February 2020,108451,0,1064,107387,2022-07-04
10983,916,March 2020,108451,0,1509,106942,2022-04-17
10984,916,April 2020,108451,0,905,107546,2024-10-25
10985,916,May 2020,108451,3000,514,110937,2023-09-12
10986,916,June 2020,108451,1000,265,109186,2023-05-04
10987,916,July 2020,108451,0,1216,107235,2025-01-04
10988,916,August 2020,108451,1000,842,108609,2022-04-13
10989,916,September 2020,108451,0,537,107914,2022-11-14
10990,916,October 2020,108451,1000,1387,108064,2022-12-15
10991,916,November 2020,108451,0,832,107619,2023-06-27
10992,916,December 2020,108451,1000,17,109434,2023-07-14
10993,917,January 2020,245895,1000,1470,245425,2023-10-16
10994,917,February 2020,245895,3000,172,248723,2022-07-14
10995,917,March 2020,245895,0,164,245731,2023-01-14
10996,917,April 2020,245895,0,1569,244326,2022-08-07
10997,917,May 2020,245895,1000,939,245956,2023-07-14
10998,917,June 2020,245895,3000,11,248884,2025-07-27
10999,917,July 2020,245895,3000,271,248624,2022-08-04
11000,917,August 2020,245895,3000,384,248511,2022-07-07
11001,917,September 2020,245895,1000,970,245925,2022-09-27
11002,917,October 2020,245895,1000,74,246821,2025-03-19
11003,917,November 2020,245895,0,77,245818,2022-12-03
11004,917,December 2020,245895,2000,1240,246655,2025-01-27
11005,918,January 2020,235314,3000,253,238061,2024-02-06
11006,918,February 2020,235314,3000,1257,237057,2024-06-05
11007,918,March 2020,235314,3000,1953,236361,2023-03-13
11008,918,April 2020,235314,3000,493,237821,2025-05-04
11009,918,May 2020,235314,2000,1722,235592,2025-08-07
11010,918,June 2020,235314,3000,771,237543,2022-07-23
11011,918,July 2020,235314,1000,751,235563,2025-08-11
11012,918,August 2020,235314,2000,1983,235331,2025-08-10
11013,918,September 2020,235314,2000,1162,236152,2023-05-12
11014,918,October 2020,235314,2000,1969,235345,2023-11-11
11015,918,November 2020,235314,3000,1146,237168,2025-08-31
11016,918,December 2020,235314,0,172,235142,2022-02-12
11017,919,January 2020,76984,2000,1345,77639,2023-03-01
11018,919,February 2020,76984,0,1242,75742,2022-10-06
11019,919,March 2020,76984,1000,639,77345,2023-08-16
11020,919,April 2020,76984,1000,1834,76150,2024-06-21
11021,919,May 2020,76984,3000,935,79049,2024-09-02
11022,919,June 2020,76984,1000,1389,76595,2022-05-21
11023,919,July 2020,76984,3000,1978,78006,2023-07-30
11024,919,August 2020,76984,3000,705,79279,2022-05-26
11025,919,September 2020,76984,1000,598,77386,2024-05-19
11026,919,October 2020,76984,0,1283,75701,2023-08-01
11027,919,November 2020,76984,0,1374,75610,2025-01-09
11028,919,December 2020,76984,2000,1804,77180,2022-01-31
11029,920,January 2020,178457,1000,1737,177720,2024-11-29
11030,920,February 2020,178457,1000,1800,177657,2022-03-07
11031,920,March 2020,178457,0,628,177829,2024-06-23
11032,920,April 2020,178457,1000,952,178505,2024-01-04
11033,920,May 2020,178457,2000,557,179900,2024-09-19
11034,920,June 2020,178457,3000,714,180743,2023-02-07
11035,920,July 2020,178457,0,935,177522,2024-05-25
11036,920,August 2020,178457,3000,756,180701,2023-05-25
11037,920,September 2020,178457,3000,1022,180435,2023-03-15
11038,920,October 2020,178457,0,870,177587,2024-12-14
11039,920,November 2020,178457,1000,1145,178312,2022-07-13
11040,920,December 2020,178457,2000,864,179593,2022-06-22
11041,921,January 2020,205587,2000,1111,206476,2024-10-16
11042,921,February 2020,205587,2000,746,206841,2022-07-07
11043,921,March 2020,205587,0,1650,203937,2022-07-25
11044,921,April 2020,205587,2000,1428,206159,2025-02-09
11045,921,May 2020,205587,3000,1474,207113,2022-06-13
11046,921,June 2020,205587,3000,665,207922,2022-09-22
11047,921,July 2020,205587,0,1737,203850,2023-02-25
11048,921,August 2020,205587,3000,844,207743,2024-10-03
11049,921,September 2020,205587,0,1165,204422,2023-03-14
11050,921,October 2020,205587,2000,565,207022,2023-08-10
11051,921,November 2020,205587,2000,1386,206201,2022-07-05
11052,921,December 2020,205587,3000,1295,207292,2025-10-22
11053,922,January 2020,248460,1000,423,249037,2022-03-13
11054,922,February 2020,248460,1000,1504,247956,2023-03-29
11055,922,March 2020,248460,1000,933,248527,2022-11-12
11056,922,April 2020,248460,1000,402,249058,2025-03-19
11057,922,May 2020,248460,0,280,248180,2022-11-14
11058,922,June 2020,248460,0,1326,247134,2023-03-18
11059,922,July 2020,248460,3000,805,250655,2023-10-29
11060,922,August 2020,248460,0,1859,246601,2022-10-29
11061,922,September 2020,248460,0,1412,247048,2024-03-07
11062,922,October 2020,248460,2000,1849,248611,2024-09-21
11063,922,November 2020,248460,2000,1339,249121,2025-02-24
11064,922,December 2020,248460,2000,1445,249015,2022-03-03
11065,923,January 2020,143527,1000,957,143570,2023-03-13
11066,923,February 2020,143527,1000,883,143644,2022-02-14
11067,923,March 2020,143527,2000,307,145220,2024-12-21
11068,923,April 2020,143527,0,597,142930,2025-05-25
11069,923,May 2020,143527,1000,1431,143096,2023-09-29
11070,923,June 2020,143527,3000,844,145683,2025-10-22
11071,923,July 2020,143527,2000,1758,143769,2023-05-20
11072,923,August 2020,143527,2000,716,144811,2022-05-06
11073,923,September 2020,143527,2000,139,145388,2023-11-22
11074,923,October 2020,143527,2000,1417,144110,2025-08-20
11075,923,November 2020,143527,1000,1510,143017,2023-04-26
11076,923,December 2020,143527,2000,926,144601,2024-05-19
11077,924,January 2020,151657,2000,1878,151779,2023-02-11
11078,924,February 2020,151657,3000,10,154647,2024-04-16
11079,924,March 2020,151657,2000,838,152819,2025-01-10
11080,924,April 2020,151657,0,1907,149750,2022-03-25
11081,924,May 2020,151657,0,1033,150624,2024-06-20
11082,924,June 2020,151657,1000,1052,151605,2022-10-26
11083,924,July 2020,151657,3000,1303,153354,2023-08-27
11084,924,August 2020,151657,2000,506,153151,2024-11-27
11085,924,September 2020,151657,0,1953,149704,2022-11-25
11086,924,October 2020,151657,3000,1958,152699,2022-04-22
11087,924,November 2020,151657,2000,1211,152446,2023-07-05
11088,924,December 2020,151657,1000,881,151776,2022-09-18
11089,925,January 2020,122954,3000,1327,124627,2025-01-21
11090,925,February 2020,122954,3000,602,125352,2022-05-30
11091,925,March 2020,122954,3000,1380,124574,2025-04-03
11092,925,April 2020,122954,2000,1426,123528,2023-02-14
11093,925,May 2020,122954,0,1503,121451,2023-09-18
11094,925,June 2020,122954,2000,1513,123441,2025-10-05
11095,925,July 2020,122954,1000,916,123038,2023-01-17
11096,925,August 2020,122954,1000,517,123437,2022-07-22
11097,925,September 2020,122954,3000,1313,124641,2025-01-20
11098,925,October 2020,122954,0,776,122178,2022-01-07
11099,925,November 2020,122954,2000,1414,123540,2023-04-16
11100,925,December 2020,122954,0,961,121993,2023-01-01
11101,926,January 2020,138339,3000,1219,140120,2025-01-21
11102,926,February 2020,138339,1000,1617,137722,2023-01-28
11103,926,March 2020,138339,3000,1758,139581,2023-03-12
11104,926,April 2020,138339,3000,1955,139384,2022-08-13
11105,926,May 2020,138339,2000,177,140162,2022-10-30
11106,926,June 2020,138339,0,1149,137190,2024-11-18
11107,926,July 2020,138339,2000,1473,138866,2023-06-12
11108,926,August 2020,138339,3000,885,140454,2023-06-19
11109,926,September 2020,138339,3000,393,140946,2022-01-21
11110,926,October 2020,138339,3000,582,140757,2024-12-27
11111,926,November 2020,138339,2000,463,139876,2025-12-07
11112,926,December 2020,138339,3000,251,141088,2022-12-03
11113,927,January 2020,198659,1000,745,198914,2022-09-07
11114,927,February 2020,198659,3000,595,201064,2024-07-11
11115,927,March 2020,198659,2000,288,200371,2022-06-23
11116,927,April 2020,198659,0,1112,197547,2022-08-07
11117,927,May 2020,198659,2000,711,199948,2025-08-06
11118,927,June 2020,198659,1000,513,199146,2023-12-13
11119,927,July 2020,198659,2000,1257,199402,2023-07-05
11120,927,August 2020,198659,1000,526,199133,2024-06-08
11121,927,September 2020,198659,1000,1556,198103,2024-08-22
11122,927,October 2020,198659,2000,0,200659,2024-03-22
11123,927,November 2020,198659,1000,638,199021,2023-04-01
11124,927,December 2020,198659,1000,1782,197877,2025-05-01
11125,928,January 2020,269269,1000,317,269952,2024-04-09
11126,928,February 2020,269269,3000,1595,270674,2024-12-12
11127,928,March 2020,269269,2000,1423,269846,2022-11-18
11128,928,April 2020,269269,1000,327,269942,2022-04-21
11129,928,May 2020,269269,2000,826,270443,2022-02-21
11130,928,June 2020,269269,3000,221,272048,2025-09-16
11131,928,July 2020,269269,0,506,268763,2023-08-24
11132,928,August 2020,269269,1000,725,269544,2024-04-18
11133,928,September 2020,269269,2000,1978,269291,2025-05-17
11134,928,October 2020,269269,3000,895,271374,2022-10-08
11135,928,November 2020,269269,2000,421,270848,2023-05-19
11136,928,December 2020,269269,3000,1163,271106,2023-07-31
11137,929,January 2020,98725,0,293,98432,2023-11-30
11138,929,February 2020,98725,0,1310,97415,2023-05-04
11139,929,March 2020,98725,3000,139,101586,2024-08-21
11140,929,April 2020,98725,0,944,97781,2023-08-25
11141,929,May 2020,98725,3000,1103,100622,2025-06-04
11142,929,June 2020,98725,2000,463,100262,2025-10-22
11143,929,July 2020,98725,2000,930,99795,2023-08-16
11144,929,August 2020,98725,2000,1051,99674,2025-05-31
11145,929,September 2020,98725,3000,1240,100485,2022-11-24
11146,929,October 2020,98725,1000,780,98945,2023-01-08
11147,929,November 2020,98725,1000,49,99676,2023-01-03
11148,929,December 2020,98725,0,712,98013,2025-09-01
11149,930,January 2020,175053,2000,619,176434,2023-07-22
11150,930,February 2020,175053,1000,664,175389,2024-02-25
11151,930,March 2020,175053,3000,417,177636,2024-03-11
11152,930,April 2020,175053,3000,907,177146,2024-06-05
11153,930,May 2020,175053,3000,1501,176552,2024-05-12
11154,930,June 2020,175053,3000,1037,177016,2024-09-15
11155,930,July 2020,175053,0,757,174296,2022-10-18
11156,930,August 2020,175053,2000,987,176066,2022-05-05
11157,930,September 2020,175053,1000,1558,174495,2025-10-03
11158,930,October 2020,175053,1000,1224,174829,2024-07-19
11159,930,November 2020,175053,2000,109,176944,2024-10-10
11160,930,December 2020,175053,2000,1491,175562,2024-10-05
11161,931,January 2020,243515,3000,889,245626,2025-05-24
11162,931,February 2020,243515,0,1491,242024,2023-10-16
11163,931,March 2020,243515,1000,1469,243046,2025-05-03
11164,931,April 2020,243515,0,1067,242448,2023-02-09
11165,931,May 2020,243515,2000,1262,244253,2022-08-01
11166,931,June 2020,243515,2000,1754,243761,2023-08-31
11167,931,July 2020,243515,0,946,242569,2022-11-05
11168,931,August 2020,243515,0,492,243023,2024-06-17
11169,931,September 2020,243515,3000,1546,244969,2025-03-01
11170,931,October 2020,243515,2000,66,245449,2025-10-19
11171,931,November 2020,243515,3000,537,245978,2024-11-24
11172,931,December 2020,243515,2000,1805,243710,2024-11-11
11173,932,January 2020,138539,0,1749,136790,2025-03-23
11174,932,February 2020,138539,2000,1815,138724,2022-11-13
11175,932,March 2020,138539,3000,912,140627,2025-12-14
11176,932,April 2020,138539,0,239,138300,2022-11-20
11177,932,May 2020,138539,0,506,138033,2024-03-05
11178,932,June 2020,138539,1000,281,139258,2024-01-05
11179,932,July 2020,138539,0,1251,137288,2023-01-05
11180,932,August 2020,138539,3000,138,141401,2022-02-03
11181,932,September 2020,138539,0,277,138262,2024-07-26
11182,932,October 2020,138539,2000,1778,138761,2023-03-06
11183,932,November 2020,138539,3000,1399,140140,2024-02-04
11184,932,December 2020,138539,0,424,138115,2024-02-22
11185,933,January 2020,256764,1000,372,257392,2025-02-27
11186,933,February 2020,256764,0,803,255961,2024-01-14
11187,933,March 2020,256764,3000,1896,257868,2023-06-13
11188,933,April 2020,256764,1000,1863,255901,2025-10-22
11189,933,May 2020,256764,1000,1699,256065,2024-09-30
11190,933,June 2020,256764,1000,496,257268,2022-09-18
11191,933,July 2020,256764,1000,721,257043,2025-04-22
11192,933,August 2020,256764,0,664,256100,2022-07-02
11193,933,September 2020,256764,1000,899,256865,2025-03-25
11194,933,October 2020,256764,0,22,256742,2024-12-22
11195,933,November 2020,256764,1000,981,256783,2022-12-30
11196,933,December 2020,256764,0,546,256218,2022-06-20
11197,934,January 2020,279158,2000,223,280935,2025-01-24
11198,934,February 2020,279158,0,1489,277669,2022-11-04
11199,934,March 2020,279158,3000,310,281848,2023-10-30
11200,934,April 2020,279158,3000,1870,280288,2024-07-31
11201,934,May 2020,279158,0,799,278359,2023-06-21
11202,934,June 2020,279158,0,531,278627,2025-03-02
11203,934,July 2020,279158,1000,423,279735,2024-01-04
11204,934,August 2020,279158,3000,775,281383,2022-06-29
11205,934,September 2020,279158,0,1681,277477,2023-01-03
11206,934,October 2020,279158,0,1596,277562,2022-09-28
11207,934,November 2020,279158,0,280,278878,2022-04-14
11208,934,December 2020,279158,3000,1555,280603,2022-09-12
11209,935,January 2020,112121,1000,431,112690,2024-01-17
11210,935,February 2020,112121,3000,1841,113280,2022-06-19
11211,935,March 2020,112121,1000,1907,111214,2022-09-22
11212,935,April 2020,112121,1000,1837,111284,2024-10-25
11213,935,May 2020,112121,1000,901,112220,2022-02-21
11214,935,June 2020,112121,0,29,112092,2024-11-24
11215,935,July 2020,112121,0,817,111304,2024-05-13
11216,935,August 2020,112121,1000,686,112435,2023-11-30
11217,935,September 2020,112121,1000,224,112897,2023-12-31
11218,935,October 2020,112121,2000,548,113573,2025-10-22
11219,935,November 2020,112121,0,218,111903,2022-03-07
11220,935,December 2020,112121,2000,542,113579,2022-04-24
11221,936,January 2020,238937,2000,1290,239647,2025-01-09
11222,936,February 2020,238937,1000,1908,238029,2023-05-05
11223,936,March 2020,238937,3000,614,241323,2025-09-06
11224,936,April 2020,238937,3000,825,241112,2024-03-09
11225,936,May 2020,238937,0,983,237954,2022-01-02
11226,936,June 2020,238937,3000,1530,240407,2024-05-04
11227,936,July 2020,238937,1000,868,239069,2025-06-25
11228,936,August 2020,238937,3000,955,240982,2024-07-17
11229,936,September 2020,238937,0,345,238592,2023-02-07
11230,936,October 2020,238937,1000,1584,238353,2024-06-23
11231,936,November 2020,238937,1000,1313,238624,2025-03-27
11232,936,December 2020,238937,3000,846,241091,2023-09-14
11233,937,January 2020,284729,2000,607,286122,2025-08-31
11234,937,February 2020,284729,0,295,284434,2025-11-21
11235,937,March 2020,284729,2000,1063,285666,2023-08-27
11236,937,April 2020,284729,0,1845,282884,2023-09-12
11237,937,May 2020,284729,0,1727,283002,2022-08-23
11238,937,June 2020,284729,1000,174,285555,2024-07-04
11239,937,July 2020,284729,2000,1562,285167,2025-03-19
11240,937,August 2020,284729,0,643,284086,2024-04-09
11241,937,September 2020,284729,1000,801,284928,2023-04-17
11242,937,October 2020,284729,1000,1956,283773,2024-01-16
11243,937,November 2020,284729,3000,427,287302,2025-03-23
11244,937,December 2020,284729,3000,698,287031,2023-04-12
11245,938,January 2020,155072,0,1900,153172,2025-09-30
11246,938,February 2020,155072,3000,51,158021,2024-04-23
11247,938,March 2020,155072,0,663,154409,2022-09-08
11248,938,April 2020,155072,1000,1418,154654,2025-05-16
11249,938,May 2020,155072,1000,1073,154999,2022-09-18
11250,938,June 2020,155072,0,681,154391,2025-03-05
11251,938,July 2020,155072,3000,1322,156750,2024-05-09
11252,938,August 2020,155072,0,1739,153333,2022-09-08
11253,938,September 2020,155072,2000,1127,155945,2022-05-10
11254,938,October 2020,155072,1000,1209,154863,2022-02-21
11255,938,November 2020,155072,0,264,154808,2023-05-31
11256,938,December 2020,155072,1000,986,155086,2022-05-15
11257,939,January 2020,231183,1000,1966,230217,2022-02-24
11258,939,February 2020,231183,1000,1668,230515,2025-07-13
11259,939,March 2020,231183,1000,1091,231092,2025-03-30
11260,939,April 2020,231183,3000,1964,232219,2022-07-07
11261,939,May 2020,231183,0,45,231138,2025-12-24
11262,939,June 2020,231183,0,1625,229558,2023-03-13
11263,939,July 2020,231183,3000,981,233202,2025-04-10
11264,939,August 2020,231183,1000,1346,230837,2025-02-20
11265,939,September 2020,231183,1000,1990,230193,2025-07-09
11266,939,October 2020,231183,2000,976,232207,2024-04-12
11267,939,November 2020,231183,1000,415,231768,2022-11-29
11268,939,December 2020,231183,0,1677,229506,2022-10-21
11269,940,January 2020,254246,0,741,253505,2024-06-11
11270,940,February 2020,254246,0,869,253377,2025-01-03
11271,940,March 2020,254246,1000,1046,254200,2023-03-04
11272,940,April 2020,254246,0,1376,252870,2023-07-30
11273,940,May 2020,254246,0,202,254044,2022-06-07
11274,940,June 2020,254246,3000,106,257140,2024-07-28
11275,940,July 2020,254246,0,345,253901,2022-08-01
11276,940,August 2020,254246,3000,731,256515,2024-01-22
11277,940,September 2020,254246,2000,1259,254987,2022-08-09
11278,940,October 2020,254246,3000,19,257227,2025-06-12
11279,940,November 2020,254246,3000,1736,255510,2023-09-07
11280,940,December 2020,254246,3000,732,256514,2024-05-01
11281,941,January 2020,221180,0,684,220496,2023-04-14
11282,941,February 2020,221180,0,1362,219818,2025-08-27
11283,941,March 2020,221180,0,1706,219474,2023-01-02
11284,941,April 2020,221180,1000,1475,220705,2024-01-09
11285,941,May 2020,221180,2000,453,222727,2022-03-27
11286,941,June 2020,221180,2000,371,222809,2022-01-18
11287,941,July 2020,221180,3000,1228,222952,2022-01-31
11288,941,August 2020,221180,3000,190,223990,2024-05-15
11289,941,September 2020,221180,2000,953,222227,2024-09-30
11290,941,October 2020,221180,1000,1754,220426,2022-06-15
11291,941,November 2020,221180,0,592,220588,2025-06-07
11292,941,December 2020,221180,3000,232,223948,2024-04-21
11293,942,January 2020,208001,3000,1057,209944,2025-05-10
11294,942,February 2020,208001,1000,1503,207498,2022-04-14
11295,942,March 2020,208001,2000,750,209251,2022-02-20
11296,942,April 2020,208001,1000,1842,207159,2023-02-20
11297,942,May 2020,208001,3000,814,210187,2022-07-18
11298,942,June 2020,208001,1000,1803,207198,2025-07-30
11299,942,July 2020,208001,1000,1712,207289,2024-02-06
11300,942,August 2020,208001,0,997,207004,2025-03-19
11301,942,September 2020,208001,0,1113,206888,2024-12-18
11302,942,October 2020,208001,3000,1801,209200,2024-06-12
11303,942,November 2020,208001,2000,233,209768,2023-01-23
11304,942,December 2020,208001,0,1169,206832,2025-04-06
11305,943,January 2020,221424,1000,1788,220636,2024-03-22
11306,943,February 2020,221424,3000,1087,223337,2022-08-25
11307,943,March 2020,221424,0,1975,219449,2023-02-23
11308,943,April 2020,221424,0,110,221314,2023-05-12
11309,943,May 2020,221424,0,1071,220353,2024-12-28
11310,943,June 2020,221424,1000,1822,220602,2024-02-27
11311,943,July 2020,221424,3000,1959,222465,2025-11-23
11312,943,August 2020,221424,0,484,220940,2022-03-12
11313,943,September 2020,221424,3000,658,223766,2023-02-22
11314,943,October 2020,221424,1000,783,221641,2025-12-03
11315,943,November 2020,221424,2000,250,223174,2025-05-11
11316,943,December 2020,221424,2000,1857,221567,2022-12-08
11317,944,January 2020,98335,0,1156,97179,2023-04-12
11318,944,February 2020,98335,1000,744,98591,2022-03-06
11319,944,March 2020,98335,2000,1310,99025,2025-10-08
11320,944,April 2020,98335,0,1905,96430,2025-12-17
11321,944,May 2020,98335,0,638,97697,2022-06-06
11322,944,June 2020,98335,1000,582,98753,2022-03-04
11323,944,July 2020,98335,2000,372,99963,2023-02-01
11324,944,August 2020,98335,1000,927,98408,2023-02-17
11325,944,September 2020,98335,1000,101,99234,2024-03-17
11326,944,October 2020,98335,3000,631,100704,2024-09-17
11327,944,November 2020,98335,3000,1592,99743,2025-09-28
11328,944,December 2020,98335,2000,1996,98339,2023-06-22
11329,945,January 2020,77796,1000,3,78793,2022-08-23
11330,945,February 2020,77796,1000,1175,77621,2025-06-24
11331,945,March 2020,77796,2000,408,79388,2025-05-26
11332,945,April 2020,77796,1000,945,77851,2023-02-20
11333,945,May 2020,77796,2000,1908,77888,2025-02-25
11334,945,June 2020,77796,1000,1383,77413,2022-11-22
11335,945,July 2020,77796,0,1857,75939,2024-06-12
11336,945,August 2020,77796,1000,43,78753,2023-04-30
11337,945,September 2020,77796,1000,354,78442,2024-02-18
11338,945,October 2020,77796,0,151,77645,2022-01-08
11339,945,November 2020,77796,1000,686,78110,2025-10-10
11340,945,December 2020,77796,0,311,77485,2024-06-16
11341,946,January 2020,130770,2000,169,132601,2022-10-02
11342,946,February 2020,130770,2000,571,132199,2025-09-27
11343,946,March 2020,130770,3000,399,133371,2022-05-03
11344,946,April 2020,130770,1000,18,131752,2024-06-30
11345,946,May 2020,130770,0,987,129783,2023-10-18
11346,946,June 2020,130770,2000,1604,131166,2024-05-19
11347,946,July 2020,130770,3000,646,133124,2023-02-23
11348,946,August 2020,130770,2000,1045,131725,2023-04-24
11349,946,September 2020,130770,0,797,129973,2025-08-22
11350,946,October 2020,130770,2000,367,132403,2022-07-02
11351,946,November 2020,130770,2000,984,131786,2024-08-29
11352,946,December 2020,130770,1000,1255,130515,2023-06-16
11353,947,January 2020,234592,2000,1403,235189,2022-01-20
11354,947,February 2020,234592,0,269,234323,2022-01-27
11355,947,March 2020,234592,3000,1021,236571,2024-06-16
11356,947,April 2020,234592,2000,1940,234652,2022-03-19
11357,947,May 2020,234592,2000,1407,235185,2024-04-05
11358,947,June 2020,234592,3000,246,237346,2022-10-28
11359,947,July 2020,234592,1000,1653,233939,2025-02-07
11360,947,August 2020,234592,1000,636,234956,2025-02-24
11361,947,September 2020,234592,1000,82,235510,2023-09-16
11362,947,October 2020,234592,0,1111,233481,2024-04-20
11363,947,November 2020,234592,1000,1438,234154,2023-10-13
11364,947,December 2020,234592,1000,587,235005,2025-09-05
11365,948,January 2020,288881,0,1850,287031,2024-12-28
11366,948,February 2020,288881,2000,622,290259,2025-08-06
11367,948,March 2020,288881,0,1735,287146,2022-05-28
11368,948,April 2020,288881,0,342,288539,2023-08-07
11369,948,May 2020,288881,0,1137,287744,2025-04-02
11370,948,June 2020,288881,0,669,288212,2022-12-12
11371,948,July 2020,288881,1000,730,289151,2024-07-04
11372,948,August 2020,288881,2000,327,290554,2022-10-04
11373,948,September 2020,288881,3000,718,291163,2024-12-15
11374,948,October 2020,288881,3000,896,290985,2024-09-06
11375,948,November 2020,288881,3000,523,291358,2024-11-24
11376,948,December 2020,288881,3000,1020,290861,2022-09-24
11377,949,January 2020,131416,1000,1667,130749,2025-10-29
11378,949,February 2020,131416,2000,1893,131523,2024-06-17
11379,949,March 2020,131416,1000,1812,130604,2023-07-16
11380,949,April 2020,131416,2000,106,133310,2022-11-18
11381,949,May 2020,131416,2000,1011,132405,2025-07-01
11382,949,June 2020,131416,3000,1832,132584,2024-07-18
11383,949,July 2020,131416,3000,92,134324,2024-03-25
11384,949,August 2020,131416,1000,27,132389,2022-01-17
11385,949,September 2020,131416,0,1469,129947,2025-11-26
11386,949,October 2020,131416,3000,885,133531,2024-01-19
11387,949,November 2020,131416,3000,177,134239,2025-01-25
11388,949,December 2020,131416,3000,924,133492,2024-09-30
11389,950,January 2020,155711,3000,139,158572,2025-01-30
11390,950,February 2020,155711,2000,1498,156213,2025-08-28
11391,950,March 2020,155711,1000,261,156450,2023-07-08
11392,950,April 2020,155711,1000,809,155902,2023-06-01
11393,950,May 2020,155711,2000,1906,155805,2022-06-15
11394,950,June 2020,155711,1000,216,156495,2023-03-02
11395,950,July 2020,155711,3000,541,158170,2024-12-31
11396,950,August 2020,155711,0,1553,154158,2024-11-07
11397,950,September 2020,155711,0,265,155446,2025-10-23
11398,950,October 2020,155711,2000,1471,156240,2025-02-17
11399,950,November 2020,155711,2000,253,157458,2022-04-15
11400,950,December 2020,155711,3000,1093,157618,2024-08-28
11401,951,January 2020,212214,2000,1369,212845,2023-06-17
11402,951,February 2020,212214,2000,1972,212242,2023-02-24
11403,951,March 2020,212214,0,544,211670,2022-05-15
11404,951,April 2020,212214,3000,1708,213506,2023-07-17
11405,951,May 2020,212214,0,1406,210808,2024-07-19
11406,951,June 2020,212214,1000,1441,211773,2022-12-12
11407,951,July 2020,212214,3000,974,214240,2023-08-16
11408,951,August 2020,212214,0,1974,210240,2023-06-29
11409,951,September 2020,212214,0,1925,210289,2024-09-13
11410,951,October 2020,212214,3000,1357,213857,2025-10-19
11411,951,November 2020,212214,1000,1971,211243,2025-12-04
11412,951,December 2020,212214,2000,101,214113,2023-02-21
11413,952,January 2020,256780,2000,1499,257281,2022-06-05
11414,952,February 2020,256780,3000,872,258908,2022-12-14
11415,952,March 2020,256780,0,715,256065,2024-05-10
11416,952,April 2020,256780,2000,1741,257039,2023-03-24
11417,952,May 2020,256780,2000,1347,257433,2024-11-03
11418,952,June 2020,256780,0,1069,255711,2024-04-28
11419,952,July 2020,256780,2000,1042,257738,2024-11-05
11420,952,August 2020,256780,2000,446,258334,2023-02-10
11421,952,September 2020,256780,2000,506,258274,2022-05-02
11422,952,October 2020,256780,3000,1237,258543,2023-05-08
11423,952,November 2020,256780,3000,1500,258280,2023-08-30
11424,952,December 2020,256780,2000,619,258161,2023-01-23
11425,953,January 2020,289916,1000,1145,289771,2022-07-03
11426,953,February 2020,289916,0,1249,288667,2023-09-13
11427,953,March 2020,289916,2000,1987,289929,2025-03-20
11428,953,April 2020,289916,1000,976,289940,2024-12-02
11429,953,May 2020,289916,3000,1170,291746,2024-02-24
11430,953,June 2020,289916,0,1109,288807,2025-07-11
11431,953,July 2020,289916,3000,1888,291028,2024-01-12
11432,953,August 2020,289916,2000,1936,289980,2022-04-19
11433,953,September 2020,289916,1000,0,290916,2022-08-16
11434,953,October 2020,289916,3000,770,292146,2023-07-16
11435,953,November 2020,289916,2000,688,291228,2024-08-19
11436,953,December 2020,289916,0,1164,288752,2023-08-22
11437,954,January 2020,250447,2000,1430,251017,2025-07-16
11438,954,February 2020,250447,1000,838,250609,2022-05-26
11439,954,March 2020,250447,2000,648,251799,2025-03-15
11440,954,April 2020,250447,3000,1556,251891,2024-07-07
11441,954,May 2020,250447,1000,390,251057,2025-08-07
11442,954,June 2020,250447,2000,720,251727,2025-04-13
11443,954,July 2020,250447,1000,1947,249500,2022-05-02
11444,954,August 2020,250447,2000,9,252438,2024-08-10
11445,954,September 2020,250447,1000,565,250882,2025-10-24
11446,954,October 2020,250447,3000,150,253297,2022-09-06
11447,954,November 2020,250447,1000,1464,249983,2024-04-16
11448,954,December 2020,250447,0,1029,249418,2025-04-28
11449,955,January 2020,159978,2000,862,161116,2024-06-30
11450,955,February 2020,159978,0,1865,158113,2022-10-23
11451,955,March 2020,159978,0,1877,158101,2024-10-10
11452,955,April 2020,159978,1000,836,160142,2022-11-27
11453,955,May 2020,159978,0,1900,158078,2022-01-06
11454,955,June 2020,159978,3000,1045,161933,2022-11-26
11455,955,July 2020,159978,2000,226,161752,2022-10-26
11456,955,August 2020,159978,3000,663,162315,2023-03-31
11457,955,September 2020,159978,2000,218,161760,2023-07-10
11458,955,October 2020,159978,0,1709,158269,2023-06-29
11459,955,November 2020,159978,3000,609,162369,2022-10-25
11460,955,December 2020,159978,3000,808,162170,2024-06-23
11461,956,January 2020,229434,3000,1333,231101,2024-11-03
11462,956,February 2020,229434,1000,589,229845,2024-06-08
11463,956,March 2020,229434,2000,987,230447,2025-08-15
11464,956,April 2020,229434,0,393,229041,2023-06-28
11465,956,May 2020,229434,0,633,228801,2024-11-21
11466,956,June 2020,229434,0,643,228791,2022-07-09
11467,956,July 2020,229434,2000,362,231072,2023-01-22
11468,956,August 2020,229434,3000,112,232322,2025-02-13
11469,956,September 2020,229434,1000,453,229981,2024-04-28
11470,956,October 2020,229434,0,1601,227833,2024-10-26
11471,956,November 2020,229434,2000,61,231373,2025-03-28
11472,956,December 2020,229434,2000,1276,230158,2024-11-23
11473,957,January 2020,245159,2000,810,246349,2023-06-21
11474,957,February 2020,245159,0,1670,243489,2023-05-30
11475,957,March 2020,245159,0,761,244398,2023-05-25
11476,957,April 2020,245159,3000,1822,246337,2025-08-03
11477,957,May 2020,245159,3000,1856,246303,2024-03-01
11478,957,June 2020,245159,1000,1057,245102,2025-01-13
11479,957,July 2020,245159,1000,1310,244849,2023-08-19
11480,957,August 2020,245159,2000,946,246213,2025-03-02
11481,957,September 2020,245159,2000,1756,245403,2023-08-05
11482,957,October 2020,245159,2000,1472,245687,2025-08-30
11483,957,November 2020,245159,2000,1689,245470,2025-11-16
11484,957,December 2020,245159,2000,1999,245160,2022-09-11
11485,958,January 2020,256311,3000,244,259067,2024-05-05
11486,958,February 2020,256311,1000,475,256836,2024-12-11
11487,958,March 2020,256311,1000,862,256449,2022-06-24
11488,958,April 2020,256311,2000,645,257666,2025-10-17
11489,958,May 2020,256311,2000,527,257784,2024-11-09
11490,958,June 2020,256311,2000,1318,256993,2022-12-13
11491,958,July 2020,256311,0,1080,255231,2023-02-22
11492,958,August 2020,256311,1000,1187,256124,2023-10-07
11493,958,September 2020,256311,2000,94,258217,2023-03-20
11494,958,October 2020,256311,2000,793,257518,2024-03-21
11495,958,November 2020,256311,1000,1223,256088,2022-05-01
11496,958,December 2020,256311,2000,901,257410,2023-05-17
11497,959,January 2020,175855,3000,406,178449,2023-05-12
11498,959,February 2020,175855,2000,602,177253,2024-06-02
11499,959,March 2020,175855,0,1637,174218,2022-01-31
11500,959,April 2020,175855,3000,185,178670,2024-01-15
11501,959,May 2020,175855,0,1792,174063,2024-01-30
11502,959,June 2020,175855,2000,1568,176287,2022-04-16
11503,959,July 2020,175855,3000,380,178475,2023-12-03
11504,959,August 2020,175855,1000,83,176772,2023-12-25
11505,959,September 2020,175855,2000,1212,176643,2025-07-24
11506,959,October 2020,175855,2000,1777,176078,2024-11-09
11507,959,November 2020,175855,2000,538,177317,2022-12-28
11508,959,December 2020,175855,0,1320,174535,2022-11-02
11509,960,January 2020,203957,1000,1056,203901,2024-01-30
11510,960,February 2020,203957,2000,1210,204747,2024-10-12
11511,960,March 2020,203957,3000,1068,205889,2025-08-02
11512,960,April 2020,203957,1000,940,204017,2022-08-24
11513,960,May 2020,203957,0,460,203497,2025-01-29
11514,960,June 2020,203957,2000,1913,204044,2023-10-11
11515,960,July 2020,203957,3000,1162,205795,2022-01-17
11516,960,August 2020,203957,3000,1802,205155,2023-03-09
11517,960,September 2020,203957,2000,1749,204208,2023-01-22
11518,960,October 2020,203957,0,1088,202869,2023-02-21
11519,960,November 2020,203957,1000,1339,203618,2022-02-14
11520,960,December 2020,203957,3000,244,206713,2025-12-17
11521,961,January 2020,77807,3000,1387,79420,2023-10-11
11522,961,February 2020,77807,2000,1061,78746,2023-08-31
11523,961,March 2020,77807,2000,379,79428,2025-03-31
11524,961,April 2020,77807,0,1376,76431,2022-06-10
11525,961,May 2020,77807,1000,1434,77373,2025-03-12
11526,961,June 2020,77807,1000,319,78488,2023-10-15
11527,961,July 2020,77807,3000,972,79835,2022-07-13
11528,961,August 2020,77807,0,118,77689,2023-06-22
11529,961,September 2020,77807,1000,1153,77654,2022-11-11
11530,961,October 2020,77807,2000,1880,77927,2024-01-07
11531,961,November 2020,77807,1000,1428,77379,2025-03-02
11532,961,December 2020,77807,1000,441,78366,2024-03-07
11533,962,January 2020,89238,0,1189,88049,2025-09-17
11534,962,February 2020,89238,0,1597,87641,2023-02-06
11535,962,March 2020,89238,3000,1867,90371,2022-08-30
11536,962,April 2020,89238,1000,320,89918,2022-11-26
11537,962,May 2020,89238,0,846,88392,2025-10-20
11538,962,June 2020,89238,0,585,88653,2022-03-27
11539,962,July 2020,89238,3000,675,91563,2024-12-04
11540,962,August 2020,89238,2000,1318,89920,2024-03-15
11541,962,September 2020,89238,1000,277,89961,2025-08-01
11542,962,October 2020,89238,0,260,88978,2024-12-11
11543,962,November 2020,89238,1000,1534,88704,2023-07-21
11544,962,December 2020,89238,0,1308,87930,2022-07-23
11545,963,January 2020,175823,0,1228,174595,2022-12-02
11546,963,February 2020,175823,2000,1500,176323,2024-03-24
11547,963,March 2020,175823,3000,1065,177758,2023-02-02
11548,963,April 2020,175823,3000,539,178284,2024-04-03
11549,963,May 2020,175823,3000,994,177829,2023-12-24
11550,963,June 2020,175823,1000,940,175883,2022-05-19
11551,963,July 2020,175823,2000,1130,176693,2023-06-14
11552,963,August 2020,175823,2000,248,177575,2022-09-09
11553,963,September 2020,175823,1000,1740,175083,2024-08-21
11554,963,October 2020,175823,0,1005,174818,2022-12-26
11555,963,November 2020,175823,1000,1035,175788,2025-03-29
11556,963,December 2020,175823,1000,1472,175351,2024-04-01
11557,964,January 2020,275932,0,1802,274130,2025-01-12
11558,964,February 2020,275932,1000,99,276833,2024-07-24
11559,964,March 2020,275932,1000,359,276573,2024-11-07
11560,964,April 2020,275932,0,833,275099,2023-11-04
11561,964,May 2020,275932,2000,853,277079,2024-09-09
11562,964,June 2020,275932,1000,211,276721,2024-02-08
11563,964,July 2020,275932,2000,1087,276845,2024-06-03
11564,964,August 2020,275932,2000,1626,276306,2024-10-11
11565,964,September 2020,275932,2000,402,277530,2022-07-27
11566,964,October 2020,275932,0,1104,274828,2024-11-19
11567,964,November 2020,275932,2000,961,276971,2024-12-21
11568,964,December 2020,275932,2000,518,277414,2024-10-19
11569,965,January 2020,232084,3000,1678,233406,2022-04-22
11570,965,February 2020,232084,3000,258,234826,2023-01-22
11571,965,March 2020,232084,3000,766,234318,2024-07-08
11572,965,April 2020,232084,1000,270,232814,2022-05-19
11573,965,May 2020,232084,2000,892,233192,2025-02-22
11574,965,June 2020,232084,0,984,231100,2024-10-14
11575,965,July 2020,232084,2000,1243,232841,2023-11-20
11576,965,August 2020,232084,3000,719,234365,2023-08-15
11577,965,September 2020,232084,1000,1401,231683,2025-03-17
11578,965,October 2020,232084,0,1781,230303,2023-12-17
11579,965,November 2020,232084,0,1933,230151,2024-02-21
11580,965,December 2020,232084,3000,1090,233994,2025-09-10
11581,966,January 2020,276120,2000,8,278112,2023-06-17
11582,966,February 2020,276120,0,832,275288,2023-01-12
11583,966,March 2020,276120,0,788,275332,2023-01-02
11584,966,April 2020,276120,0,1605,274515,2024-08-03
11585,966,May 2020,276120,0,1362,274758,2023-08-13
11586,966,June 2020,276120,2000,32,278088,2023-06-05
11587,966,July 2020,276120,1000,1989,275131,2024-08-11
11588,966,August 2020,276120,3000,999,278121,2022-07-04
11589,966,September 2020,276120,0,1621,274499,2024-03-28
11590,966,October 2020,276120,2000,518,277602,2024-08-21
11591,966,November 2020,276120,1000,491,276629,2025-10-28
11592,966,December 2020,276120,1000,141,276979,2024-06-21
11593,967,January 2020,129462,2000,1346,130116,2024-09-22
11594,967,February 2020,129462,0,485,128977,2024-11-22
11595,967,March 2020,129462,3000,470,131992,2022-05-05
11596,967,April 2020,129462,3000,1610,130852,2022-02-03
11597,967,May 2020,129462,2000,1172,130290,2022-07-18
11598,967,June 2020,129462,1000,1730,128732,2024-12-05
11599,967,July 2020,129462,0,1810,127652,2024-12-29
11600,967,August 2020,129462,2000,180,131282,2023-06-17
11601,967,September 2020,129462,1000,943,129519,2025-06-08
11602,967,October 2020,129462,2000,219,131243,2024-01-21
11603,967,November 2020,129462,2000,979,130483,2025-10-20
11604,967,December 2020,129462,0,1699,127763,2025-04-24
11605,968,January 2020,244263,1000,1485,243778,2022-01-25
11606,968,February 2020,244263,3000,1464,245799,2022-04-18
11607,968,March 2020,244263,0,654,243609,2023-05-11
11608,968,April 2020,244263,3000,1041,246222,2022-09-18
11609,968,May 2020,244263,1000,1831,243432,2023-11-24
11610,968,June 2020,244263,2000,594,245669,2025-05-26
11611,968,July 2020,244263,1000,1192,244071,2023-05-26
11612,968,August 2020,244263,0,303,243960,2022-04-05
11613,968,September 2020,244263,3000,1554,245709,2025-04-12
11614,968,October 2020,244263,3000,288,246975,2023-11-03
11615,968,November 2020,244263,0,1405,242858,2025-02-21
11616,968,December 2020,244263,1000,571,244692,2025-05-11
11617,969,January 2020,178795,2000,702,180093,2024-08-04
11618,969,February 2020,178795,1000,908,178887,2022-09-09
11619,969,March 2020,178795,2000,787,180008,2023-02-02
11620,969,April 2020,178795,0,1756,177039,2025-10-23
11621,969,May 2020,178795,2000,1303,179492,2022-09-24
11622,969,June 2020,178795,2000,677,180118,2024-12-10
11623,969,July 2020,178795,1000,917,178878,2024-12-07
11624,969,August 2020,178795,0,525,178270,2024-05-25
11625,969,September 2020,178795,0,92,178703,2022-09-09
11626,969,October 2020,178795,2000,491,180304,2023-04-22
11627,969,November 2020,178795,3000,356,181439,2022-12-11
11628,969,December 2020,178795,3000,128,181667,2023-01-29
11629,970,January 2020,223075,2000,265,224810,2025-11-23
11630,970,February 2020,223075,2000,196,224879,2022-03-25
11631,970,March 2020,223075,2000,1716,223359,2025-05-11
11632,970,April 2020,223075,0,1662,221413,2024-06-29
11633,970,May 2020,223075,3000,1120,224955,2025-01-05
11634,970,June 2020,223075,1000,824,223251,2023-05-27
11635,970,July 2020,223075,0,1408,221667,2024-02-24
11636,970,August 2020,223075,1000,1198,222877,2023-08-02
11637,970,September 2020,223075,0,1066,222009,2023-11-20
11638,970,October 2020,223075,1000,634,223441,2023-04-25
11639,970,November 2020,223075,0,321,222754,2022-05-25
11640,970,December 2020,223075,3000,1238,224837,2022-02-25
11641,971,January 2020,204379,2000,799,205580,2022-04-24
11642,971,February 2020,204379,0,1098,203281,2025-01-09
11643,971,March 2020,204379,0,1625,202754,2022-09-10
11644,971,April 2020,204379,0,829,203550,2025-07-31
11645,971,May 2020,204379,2000,156,206223,2025-05-15
11646,971,June 2020,204379,2000,967,205412,2024-09-09
11647,971,July 2020,204379,1000,1108,204271,2022-08-29
11648,971,August 2020,204379,2000,653,205726,2024-10-30
11649,971,September 2020,204379,1000,1696,203683,2022-10-15
11650,971,October 2020,204379,2000,1273,205106,2024-06-23
11651,971,November 2020,204379,3000,486,206893,2022-12-02
11652,971,December 2020,204379,1000,610,204769,2023-11-08
11653,972,January 2020,257139,3000,854,259285,2023-11-12
11654,972,February 2020,257139,0,499,256640,2025-03-28
11655,972,March 2020,257139,1000,43,258096,2024-04-15
11656,972,April 2020,257139,2000,270,258869,2022-10-24
11657,972,May 2020,257139,0,923,256216,2023-03-16
11658,972,June 2020,257139,1000,495,257644,2025-10-25
11659,972,July 2020,257139,3000,347,259792,2024-10-03
11660,972,August 2020,257139,3000,494,259645,2023-12-16
11661,972,September 2020,257139,1000,481,257658,2024-12-04
11662,972,October 2020,257139,3000,144,259995,2025-01-09
11663,972,November 2020,257139,2000,1114,258025,2023-11-14
11664,972,December 2020,257139,3000,1234,258905,2022-08-09
11665,973,January 2020,154749,3000,770,156979,2023-02-23
11666,973,February 2020,154749,3000,1470,156279,2022-08-31
11667,973,March 2020,154749,0,1695,153054,2023-01-18
11668,973,April 2020,154749,0,1844,152905,2024-02-15
11669,973,May 2020,154749,0,898,153851,2025-03-08
11670,973,June 2020,154749,0,841,153908,2022-07-01
11671,973,July 2020,154749,0,1472,153277,2025-11-08
11672,973,August 2020,154749,1000,1522,154227,2023-11-21
11673,973,September 2020,154749,1000,1853,153896,2025-05-07
11674,973,October 2020,154749,2000,756,155993,2022-04-02
11675,973,November 2020,154749,1000,591,155158,2024-08-25
11676,973,December 2020,154749,3000,262,157487,2022-08-22
11677,974,January 2020,111044,1000,150,111894,2023-03-27
11678,974,February 2020,111044,3000,863,113181,2022-05-09
11679,974,March 2020,111044,1000,820,111224,2022-04-03
11680,974,April 2020,111044,2000,526,112518,2022-11-21
11681,974,May 2020,111044,1000,754,111290,2024-04-23
11682,974,June 2020,111044,0,1955,109089,2024-04-09
11683,974,July 2020,111044,0,1436,109608,2024-11-19
11684,974,August 2020,111044,3000,585,113459,2022-10-24
11685,974,September 2020,111044,3000,962,113082,2024-08-04
11686,974,October 2020,111044,1000,1582,110462,2024-04-08
11687,974,November 2020,111044,2000,1981,111063,2023-01-28
11688,974,December 2020,111044,3000,679,113365,2025-11-06
11689,975,January 2020,109630,0,242,109388,2025-12-06
11690,975,February 2020,109630,3000,972,111658,2025-10-01
11691,975,March 2020,109630,3000,1947,110683,2023-11-11
11692,975,April 2020,109630,3000,13,112617,2022-12-12
11693,975,May 2020,109630,3000,586,112044,2022-11-23
11694,975,June 2020,109630,1000,127,110503,2025-04-23
11695,975,July 2020,109630,2000,1369,110261,2025-07-30
11696,975,August 2020,109630,0,529,109101,2023-01-16
11697,975,September 2020,109630,0,1699,107931,2022-11-16
11698,975,October 2020,109630,1000,682,109948,2024-02-26
11699,975,November 2020,109630,2000,1512,110118,2024-11-03
11700,975,December 2020,109630,0,1999,107631,2022-11-12
11701,976,January 2020,215531,3000,157,218374,2023-01-01
11702,976,February 2020,215531,1000,1136,215395,2022-07-31
11703,976,March 2020,215531,1000,736,215795,2022-11-16
11704,976,April 2020,215531,1000,1683,214848,2024-12-21
11705,976,May 2020,215531,1000,1462,215069,2025-02-11
11706,976,June 2020,215531,1000,939,215592,2022-08-29
11707,976,July 2020,215531,2000,1325,216206,2025-04-14
11708,976,August 2020,215531,3000,318,218213,2022-01-10
11709,976,September 2020,215531,3000,1231,217300,2022-10-11
11710,976,October 2020,215531,0,171,215360,2022-07-07
11711,976,November 2020,215531,1000,446,216085,2024-07-03
11712,976,December 2020,215531,1000,122,216409,2023-06-13
11713,977,January 2020,72835,3000,1498,74337,2023-03-23
11714,977,February 2020,72835,3000,713,75122,2022-11-13
11715,977,March 2020,72835,1000,1848,71987,2024-10-11
11716,977,April 2020,72835,2000,1040,73795,2023-04-23
11717,977,May 2020,72835,3000,1454,74381,2022-07-27
11718,977,June 2020,72835,3000,448,75387,2022-01-17
11719,977,July 2020,72835,1000,215,73620,2025-06-02
11720,977,August 2020,72835,2000,1489,73346,2022-12-20
11721,977,September 2020,72835,2000,550,74285,2024-04-02
11722,977,October 2020,72835,0,536,72299,2022-09-20
11723,977,November 2020,72835,1000,1092,72743,2025-05-06
11724,977,December 2020,72835,1000,89,73746,2024-08-29
11725,978,January 2020,143121,2000,464,144657,2025-05-05
11726,978,February 2020,143121,3000,1858,144263,2024-04-12
11727,978,March 2020,143121,3000,1355,144766,2025-01-12
11728,978,April 2020,143121,0,1498,141623,2024-09-02
11729,978,May 2020,143121,0,1279,141842,2023-01-14
11730,978,June 2020,143121,3000,1978,144143,2025-03-07
11731,978,July 2020,143121,2000,1079,144042,2023-07-22
11732,978,August 2020,143121,1000,1754,142367,2023-05-14
11733,978,September 2020,143121,3000,27,146094,2024-03-18
11734,978,October 2020,143121,1000,72,144049,2023-03-17
11735,978,November 2020,143121,2000,1640,143481,2024-11-16
11736,978,December 2020,143121,3000,1748,144373,2023-07-21
11737,979,January 2020,239039,0,1018,238021,2023-11-13
11738,979,February 2020,239039,1000,148,239891,2025-09-21
11739,979,March 2020,239039,2000,6,241033,2024-02-18
11740,979,April 2020,239039,0,954,238085,2025-12-10
11741,979,May 2020,239039,0,118,238921,2022-07-27
11742,979,June 2020,239039,0,1060,237979,2025-03-21
11743,979,July 2020,239039,0,944,238095,2022-01-13
11744,979,August 2020,239039,3000,945,241094,2024-10-13
11745,979,September 2020,239039,1000,780,239259,2022-09-19
11746,979,October 2020,239039,1000,681,239358,2022-12-07
11747,979,November 2020,239039,3000,528,241511,2024-02-18
11748,979,December 2020,239039,0,1935,237104,2024-12-31
11749,980,January 2020,224770,3000,536,227234,2024-10-10
11750,980,February 2020,224770,0,1845,222925,2024-10-27
11751,980,March 2020,224770,0,1082,223688,2024-05-16
11752,980,April 2020,224770,3000,630,227140,2022-01-28
11753,980,May 2020,224770,2000,103,226667,2022-12-15
11754,980,June 2020,224770,3000,715,227055,2025-01-09
11755,980,July 2020,224770,3000,659,227111,2023-12-23
11756,980,August 2020,224770,1000,651,225119,2024-06-18
11757,980,September 2020,224770,1000,436,225334,2023-10-01
11758,980,October 2020,224770,1000,1944,223826,2024-09-17
11759,980,November 2020,224770,2000,873,225897,2022-01-13
11760,980,December 2020,224770,1000,679,225091,2024-05-19
11761,981,January 2020,130357,1000,1432,129925,2022-02-01
11762,981,February 2020,130357,1000,102,131255,2023-06-01
11763,981,March 2020,130357,1000,669,130688,2023-07-27
11764,981,April 2020,130357,0,163,130194,2025-11-06
11765,981,May 2020,130357,3000,1076,132281,2024-10-26
11766,981,June 2020,130357,2000,1602,130755,2022-03-24
11767,981,July 2020,130357,3000,285,133072,2023-11-03
11768,981,August 2020,130357,1000,1536,129821,2023-05-29
11769,981,September 2020,130357,1000,1375,129982,2022-07-20
11770,981,October 2020,130357,2000,1468,130889,2022-10-10
11771,981,November 2020,130357,0,27,130330,2022-02-15
11772,981,December 2020,130357,0,1952,128405,2025-12-15
11773,982,January 2020,123016,3000,1803,124213,2022-11-01
11774,982,February 2020,123016,3000,923,125093,2022-03-11
11775,982,March 2020,123016,0,1500,121516,2024-03-25
11776,982,April 2020,123016,0,587,122429,2024-02-27
11777,982,May 2020,123016,0,1686,121330,2024-12-07
11778,982,June 2020,123016,0,946,122070,2024-03-05
11779,982,July 2020,123016,3000,753,125263,2023-06-28
11780,982,August 2020,123016,1000,1839,122177,2024-07-27
11781,982,September 2020,123016,2000,677,124339,2025-02-09
11782,982,October 2020,123016,0,814,122202,2024-11-11
11783,982,November 2020,123016,0,90,122926,2023-10-01
11784,982,December 2020,123016,0,1128,121888,2022-11-16
11785,983,January 2020,78593,0,1123,77470,2024-02-11
11786,983,February 2020,78593,3000,768,80825,2023-09-22
11787,983,March 2020,78593,2000,1003,79590,2025-02-25
11788,983,April 2020,78593,2000,1350,79243,2025-02-07
11789,983,May 2020,78593,2000,211,80382,2025-04-29
11790,983,June 2020,78593,3000,1820,79773,2024-05-16
11791,983,July 2020,78593,0,1665,76928,2023-12-01
11792,983,August 2020,78593,1000,1387,78206,2023-08-20
11793,983,September 2020,78593,0,1982,76611,2025-09-26
11794,983,October 2020,78593,3000,384,81209,2022-10-14
11795,983,November 2020,78593,0,1647,76946,2025-08-15
11796,983,December 2020,78593,1000,300,79293,2024-11-26
11797,984,January 2020,268228,3000,738,270490,2024-03-01
11798,984,February 2020,268228,3000,1382,269846,2024-08-31
11799,984,March 2020,268228,0,708,267520,2024-03-25
11800,984,April 2020,268228,3000,1306,269922,2023-11-21
11801,984,May 2020,268228,0,474,267754,2023-05-07
11802,984,June 2020,268228,2000,622,269606,2022-09-30
11803,984,July 2020,268228,3000,158,271070,2024-10-19
11804,984,August 2020,268228,0,1321,266907,2024-01-02
11805,984,September 2020,268228,1000,812,268416,2024-02-28
11806,984,October 2020,268228,3000,921,270307,2025-07-18
11807,984,November 2020,268228,3000,1209,270019,2024-07-21
11808,984,December 2020,268228,2000,1255,268973,2025-02-02
11809,985,January 2020,184615,3000,1814,185801,2022-02-01
11810,985,February 2020,184615,1000,1986,183629,2025-08-08
11811,985,March 2020,184615,2000,1888,184727,2023-10-29
11812,985,April 2020,184615,3000,1173,186442,2022-07-30
11813,985,May 2020,184615,1000,389,185226,2023-04-27
11814,985,June 2020,184615,3000,417,187198,2025-08-24
11815,985,July 2020,184615,0,1690,182925,2022-11-21
11816,985,August 2020,184615,3000,1670,185945,2024-07-05
11817,985,September 2020,184615,1000,302,185313,2025-08-24
11818,985,October 2020,184615,3000,920,186695,2024-07-04
11819,985,November 2020,184615,1000,1494,184121,2023-01-01
11820,985,December 2020,184615,2000,1256,185359,2023-07-29
11821,986,January 2020,153602,0,488,153114,2022-02-18
11822,986,February 2020,153602,0,1453,152149,2022-03-20
11823,986,March 2020,153602,0,753,152849,2025-10-19
11824,986,April 2020,153602,0,982,152620,2022-06-07
11825,986,May 2020,153602,0,592,153010,2024-12-03
11826,986,June 2020,153602,3000,1165,155437,2022-08-22
11827,986,July 2020,153602,2000,277,155325,2025-08-28
11828,986,August 2020,153602,0,566,153036,2023-01-04
11829,986,September 2020,153602,3000,854,155748,2024-05-31
11830,986,October 2020,153602,0,455,153147,2025-03-04
11831,986,November 2020,153602,1000,229,154373,2024-09-10
11832,986,December 2020,153602,2000,721,154881,2024-10-24
11833,987,January 2020,221511,1000,1910,220601,2023-05-06
11834,987,February 2020,221511,1000,1322,221189,2025-06-12
11835,987,March 2020,221511,3000,516,223995,2022-10-22
11836,987,April 2020,221511,1000,1079,221432,2023-06-16
11837,987,May 2020,221511,1000,218,222293,2024-07-07
11838,987,June 2020,221511,2000,1711,221800,2024-05-26
11839,987,July 2020,221511,0,830,220681,2023-10-21
11840,987,August 2020,221511,1000,1964,220547,2024-01-30
11841,987,September 2020,221511,1000,1467,221044,2023-03-26
11842,987,October 2020,221511,0,703,220808,2023-09-11
11843,987,November 2020,221511,2000,1826,221685,2025-11-11
11844,987,December 2020,221511,3000,1709,222802,2022-11-19
11845,988,January 2020,101616,0,214,101402,2025-03-30
11846,988,February 2020,101616,3000,695,103921,2023-10-11
11847,988,March 2020,101616,2000,1983,101633,2022-07-28
11848,988,April 2020,101616,1000,232,102384,2025-10-29
11849,988,May 2020,101616,3000,482,104134,2022-12-01
11850,988,June 2020,101616,2000,1519,102097,2022-03-07
11851,988,July 2020,101616,1000,665,101951,2022-09-01
11852,988,August 2020,101616,1000,1105,101511,2022-10-14
11853,988,September 2020,101616,2000,1866,101750,2024-08-15
11854,988,October 2020,101616,2000,916,102700,2025-03-16
11855,988,November 2020,101616,3000,1899,102717,2022-12-18
11856,988,December 2020,101616,3000,509,104107,2023-10-15
11857,989,January 2020,124509,0,1445,123064,2022-07-23
11858,989,February 2020,124509,2000,265,126244,2024-01-21
11859,989,March 2020,124509,0,140,124369,2022-04-18
11860,989,April 2020,124509,3000,142,127367,2022-06-28
11861,989,May 2020,124509,1000,61,125448,2024-06-27
11862,989,June 2020,124509,2000,220,126289,2023-02-06
11863,989,July 2020,124509,0,1433,123076,2025-11-01
11864,989,August 2020,124509,3000,326,127183,2024-10-19
11865,989,September 2020,124509,0,525,123984,2023-01-07
11866,989,October 2020,124509,2000,1963,124546,2023-03-03
11867,989,November 2020,124509,3000,794,126715,2022-07-06
11868,989,December 2020,124509,1000,986,124523,2022-01-11
11869,990,January 2020,191320,1000,699,191621,2022-01-07
11870,990,February 2020,191320,2000,1425,191895,2023-11-26
11871,990,March 2020,191320,1000,637,191683,2024-02-09
11872,990,April 2020,191320,2000,490,192830,2025-12-03
11873,990,May 2020,191320,0,1292,190028,2024-11-28
11874,990,June 2020,191320,1000,182,192138,2022-05-31
11875,990,July 2020,191320,2000,754,192566,2024-02-04
11876,990,August 2020,191320,1000,1758,190562,2023-03-23
11877,990,September 2020,191320,0,1969,189351,2025-09-13
11878,990,October 2020,191320,3000,1957,192363,2023-01-01
11879,990,November 2020,191320,3000,1311,193009,2023-07-05
11880,990,December 2020,191320,0,722,190598,2022-01-28
11881,991,January 2020,153718,0,377,153341,2025-02-27
11882,991,February 2020,153718,2000,431,155287,2022-11-26
11883,991,March 2020,153718,0,527,153191,2022-02-14
11884,991,April 2020,153718,1000,1539,153179,2022-01-21
11885,991,May 2020,153718,0,535,153183,2024-12-02
11886,991,June 2020,153718,0,1949,151769,2023-08-17
11887,991,July 2020,153718,3000,1083,155635,2024-12-26
11888,991,August 2020,153718,3000,284,156434,2024-04-09
11889,991,September 2020,153718,1000,1403,153315,2022-06-22
11890,991,October 2020,153718,0,1938,151780,2024-11-25
11891,991,November 2020,153718,3000,567,156151,2022-04-04
11892,991,December 2020,153718,1000,1789,152929,2024-09-13
11893,992,January 2020,116181,3000,217,118964,2024-11-17
11894,992,February 2020,116181,2000,1255,116926,2023-12-26
11895,992,March 2020,116181,3000,1935,117246,2024-12-29
11896,992,April 2020,116181,1000,1307,115874,2022-08-26
11897,992,May 2020,116181,2000,1456,116725,2023-09-15
11898,992,June 2020,116181,2000,424,117757,2022-09-06
11899,992,July 2020,116181,3000,337,118844,2023-12-13
11900,992,August 2020,116181,3000,103,119078,2024-06-17
11901,992,September 2020,116181,0,99,116082,2024-09-01
11902,992,October 2020,116181,3000,614,118567,2025-03-28
11903,992,November 2020,116181,1000,897,116284,2025-10-08
11904,992,December 2020,116181,1000,1794,115387,2024-06-15
11905,993,January 2020,156351,2000,465,157886,2024-05-21
11906,993,February 2020,156351,3000,1981,157370,2025-07-17
11907,993,March 2020,156351,1000,1641,155710,2024-09-01
11908,993,April 2020,156351,3000,1694,157657,2023-08-01
11909,993,May 2020,156351,1000,1050,156301,2025-06-11
11910,993,June 2020,156351,0,1825,154526,2025-12-27
11911,993,July 2020,156351,3000,543,158808,2024-03-29
11912,993,August 2020,156351,1000,681,156670,2025-06-08
11913,993,September 2020,156351,3000,235,159116,2023-11-05
11914,993,October 2020,156351,2000,1498,156853,2025-10-06
11915,993,November 2020,156351,0,796,155555,2024-06-27
11916,993,December 2020,156351,1000,565,156786,2025-10-16
11917,994,January 2020,101672,0,1094,100578,2023-01-09
11918,994,February 2020,101672,2000,1080,102592,2025-10-26
11919,994,March 2020,101672,0,1901,99771,2024-04-15
11920,994,April 2020,101672,1000,1226,101446,2023-04-12
11921,994,May 2020,101672,3000,831,103841,2022-07-15
11922,994,June 2020,101672,1000,1837,100835,2022-03-31
11923,994,July 2020,101672,0,945,100727,2025-09-04
11924,994,August 2020,101672,1000,1484,101188,2022-12-29
11925,994,September 2020,101672,1000,927,101745,2022-09-14
11926,994,October 2020,101672,2000,1293,102379,2022-07-01
11927,994,November 2020,101672,1000,331,102341,2025-08-24
11928,994,December 2020,101672,3000,395,104277,2022-10-01
11929,995,January 2020,226236,1000,1444,225792,2024-02-09
11930,995,February 2020,226236,0,497,225739,2025-11-09
11931,995,March 2020,226236,3000,1677,227559,2025-10-28
11932,995,April 2020,226236,1000,1934,225302,2024-02-25
11933,995,May 2020,226236,1000,1192,226044,2025-08-14
11934,995,June 2020,226236,3000,1217,228019,2025-02-22
11935,995,July 2020,226236,1000,1992,225244,2022-12-10
11936,995,August 2020,226236,2000,13,228223,2025-01-09
11937,995,September 2020,226236,3000,993,228243,2024-10-08
11938,995,October 2020,226236,0,1234,225002,2023-03-28
11939,995,November 2020,226236,1000,1767,225469,2022-09-29
11940,995,December 2020,226236,2000,1262,226974,2023-03-05
11941,996,January 2020,167290,2000,113,169177,2023-04-04
11942,996,February 2020,167290,2000,1586,167704,2023-07-20
11943,996,March 2020,167290,3000,1762,168528,2025-10-23
11944,996,April 2020,167290,0,650,166640,2025-05-16
11945,996,May 2020,167290,3000,1367,168923,2023-09-29
11946,996,June 2020,167290,1000,390,167900,2023-07-17
11947,996,July 2020,167290,2000,1119,168171,2022-07-20
11948,996,August 2020,167290,0,1270,166020,2024-04-26
11949,996,September 2020,167290,2000,143,169147,2024-04-09
11950,996,October 2020,167290,1000,1597,166693,2022-09-27
11951,996,November 2020,167290,0,433,166857,2024-07-19
11952,996,December 2020,167290,2000,1884,167406,2024-03-08
11953,997,January 2020,275898,0,921,274977,2025-01-05
11954,997,February 2020,275898,3000,678,278220,2025-02-13
11955,997,March 2020,275898,2000,312,277586,2023-10-15
11956,997,April 2020,275898,0,1664,274234,2025-06-30
11957,997,May 2020,275898,2000,1305,276593,2024-11-13
11958,997,June 2020,275898,3000,715,278183,2023-11-18
11959,997,July 2020,275898,1000,392,276506,2022-04-20
11960,997,August 2020,275898,0,1662,274236,2022-05-14
11961,997,September 2020,275898,0,1044,274854,2022-04-18
11962,997,October 2020,275898,1000,667,276231,2022-01-02
11963,997,November 2020,275898,0,721,275177,2025-03-26
11964,997,December 2020,275898,0,1993,273905,2023-09-30
11965,998,January 2020,258526,3000,237,261289,2022-04-21
11966,998,February 2020,258526,2000,1600,258926,2023-07-09
11967,998,March 2020,258526,3000,1985,259541,2024-09-17
11968,998,April 2020,258526,2000,1687,258839,2025-04-24
11969,998,May 2020,258526,0,1719,256807,2023-01-17
11970,998,June 2020,258526,3000,257,261269,2024-12-08
11971,998,July 2020,258526,0,1279,257247,2024-08-30
11972,998,August 2020,258526,0,162,258364,2025-11-10
11973,998,September 2020,258526,0,944,257582,2024-11-30
11974,998,October 2020,258526,0,1929,256597,2023-02-14
11975,998,November 2020,258526,1000,1434,258092,2025-06-02
11976,998,December 2020,258526,0,1057,257469,2022-04-30
11977,999,January 2020,236515,1000,255,237260,2025-10-02
11978,999,February 2020,236515,0,1125,235390,2023-04-14
11979,999,March 2020,236515,3000,1961,237554,2023-05-15
11980,999,April 2020,236515,1000,1143,236372,2024-09-10
11981,999,May 2020,236515,1000,1063,236452,2025-04-25
11982,999,June 2020,236515,1000,772,236743,2022-10-08
11983,999,July 2020,236515,2000,325,238190,2025-05-02
11984,999,August 2020,236515,0,1701,234814,2024-07-21
11985,999,September 2020,236515,0,1598,234917,2024-01-08
11986,999,October 2020,236515,3000,1032,238483,2025-02-14
11987,999,November 2020,236515,1000,1444,236071,2024-08-30
11988,999,December 2020,236515,3000,1755,237760,2023-07-11
11989,1000,January 2020,226402,3000,1325,228077,2023-02-14
11990,1000,February 2020,226402,3000,15,229387,2022-12-17
11991,1000,March 2020,226402,2000,77,228325,2022-06-09
11992,1000,April 2020,226402,2000,1856,226546,2025-12-22
11993,1000,May 2020,226402,1000,500,226902,2024-09-26
11994,1000,June 2020,226402,2000,980,227422,2023-01-20
11995,1000,July 2020,226402,2000,187,228215,2022-12-02
11996,1000,August 2020,226402,0,893,225509,2025-12-29
11997,1000,September 2020,226402,0,1115,225287,2024-01-11
11998,1000,October 2020,226402,2000,1107,227295,2023-06-13
11999,1000,November 2020,226402,1000,1734,225668,2025-07-24
12000,1000,December 2020,226402,0,1003,225399,2025-06-21
