empID,employee_name,age,gender,date_of_birth,date_of_joining,role,salary,department_id,address,contact_number,email_id,marital_status
1,Stacey Brown,53,Female,1972-01-17,2024-03-16,Executive,98560,7,"104 Victoria Rapid Suite 731, Youngborough, KS 42010",8764222763,karasparks@example.com,Non-married
2,Kim Gomez,59,Female,1966-03-31,2020-06-27,Executive,219029,8,"09918 Watts Road Suite 993, Davidhaven, OR 92604",10017914309,jacobhunter@example.net,Single
3,Leslie Watson,55,Female,1969-07-26,2020-12-01,Developer,142736,6,"Unit 0375 Box 2469, DPO AP 04005",0709413949,gmeyers@example.net,Non-married
4,Michael Jackson,35,Female,1990-04-23,2023-10-18,Executive,190644,8,"11594 Stewart Circles, Guerrerohaven, WI 66818",07090180273,ydavis@example.org,Married
5,Kimberly Hernandez DDS,30,Female,1995-05-04,2017-03-23,Executive,147859,5,"0155 Renee Crest, Carterland, MP 76281",7971822281,murphygina@example.com,Single
6,Alex Wilson,35,Female,1989-10-26,2024-06-24,Analyst,74597,2,"9802 Andrew Corners, North Jessica, UT 69063",317811334131,marksjacqueline@example.org,Non-married
7,Scott Holmes,59,Female,1965-07-29,2024-06-23,Executive,113420,4,"89490 Mccarty Prairie Apt. 822, Lake Christinaborough, MP 10063",546275524401,jamesdavis@example.net,Single
8,Jill Marquez,54,Male,1970-09-16,2018-07-05,Analyst,126568,1,"Unit 0542 Box 3953, DPO AA 69306",97962246398,shirleysanchez@example.net,Single
9,Jacqueline Collier,49,Female,1975-06-11,2022-03-05,Analyst,153979,1,"85129 Salazar Expressway, Camachochester, PA 64473",82846389611,amandalutz@example.net,Married
10,Aaron Brooks,28,Female,1996-08-28,2016-09-15,Executive,168849,1,"33817 Brent Expressway Apt. 560, New Daltonborough, ND 74610",27612179655,michaelamendoza@example.org,Married
11,Barbara Vazquez,38,Female,1986-06-18,2020-06-29,Lead,264925,5,"79260 Howard Brook Suite 408, Port Stanley, PA 69788",1776773981,williamweber@example.org,Single
12,Rachel Hester,46,Male,1978-07-23,2015-10-01,Manager,245242,3,"167 Blackburn Inlet Suite 915, New James, OR 68420",31647361791,sdoyle@example.net,Married
13,Jason Mckay,38,Male,1987-04-07,2017-08-24,Executive,254328,8,"9914 John Street Suite 908, South Cathy, MN 22397",71648678268,kimberly19@example.net,Married
14,Noah Downs,34,Female,1991-04-11,2019-11-07,Analyst,110162,4,"80428 Antonio Manor, Lake Kathrynport, AK 67140",62833892814,mitchelljacqueline@example.net,Married
15,Brandy Mclaughlin,32,Female,1992-08-27,2020-03-08,Developer,162979,7,"657 Bray Flat Apt. 532, East Claytonmouth, UT 06554",2583821928,isaacmontgomery@example.com,Single
16,Jasmine Williams,41,Female,1984-05-14,2016-01-28,Manager,281596,2,"4061 Acosta Village, Kaylastad, NJ 63745",59249763597,dylan89@example.net,Non-married
17,Kevin Roberts,38,Male,1986-06-25,2019-12-30,Lead,167895,6,"09290 Greene Corners, Smithchester, NC 78092",485932739057,john83@example.org,Non-married
18,Lisa Livingston,56,Male,1968-07-30,2021-01-17,Executive,269288,8,"280 Moody Divide Suite 770, West Anthony, MH 21584",688501111353,lwebster@example.org,Single
19,Dr. Benjamin Ramirez,39,Female,1986-04-10,2017-11-23,Executive,191728,7,"80929 Scott Motorway Apt. 526, Coryfort, ND 58823",4247357570,judy96@example.org,Non-married
20,Nancy Morrison,59,Male,1965-10-21,2018-03-05,Executive,207364,3,"609 Janet Shore Suite 486, Derrickburgh, AR 32622",980479767471,anthonyarellano@example.com,Married
21,Jonathan West,27,Female,1998-03-25,2019-08-27,Lead,80870,1,"48833 Anderson Mountains Apt. 578, New Rachelview, FM 25470",1379089670,spencejonathan@example.com,Non-married
22,Stacy Flores,34,Female,1990-09-20,2015-12-17,Analyst,177998,6,"USNV Figueroa, FPO AP 10933",720319025881,hendersondenise@example.org,Non-married
23,Marc Williams,32,Female,1992-08-03,2018-03-29,Lead,260294,8,"8262 Hoffman Points Suite 429, Lake Scott, NE 30035",1403971737,fgarcia@example.org,Single
24,Robert Buck,45,Female,1979-07-15,2022-01-28,Lead,196442,3,"914 Marcus Street Suite 049, Staffordbury, GU 96332",771379258937,robertgarcia@example.org,Single
25,Joseph Day,59,Male,1965-10-19,2022-01-15,Analyst,140449,6,"678 Julia Isle Suite 375, Jessicaborough, PA 68228",456845464269,nicolemoore@example.com,Single
26,Kyle Stevenson,50,Female,1974-10-05,2018-10-22,Developer,169231,6,"18478 Johnston Parkway Apt. 185, West Christopherbury, MT 48632",4258093756,david09@example.org,Married
27,Ms. Mary Powell,42,Female,1983-01-25,2020-06-10,Analyst,212914,5,"763 Katherine Lake, Hahnberg, LA 56847",1750346991,dylancardenas@example.com,Married
28,Tammy Hughes,47,Female,1977-10-22,2021-11-21,Executive,155621,5,"PSC 6235, Box 6883, APO AP 53327",0364951128,scottkeith@example.org,Non-married
29,Cindy Graham,60,Male,1964-12-04,2020-11-30,Developer,259571,8,"63839 Robin Ports Apt. 061, East Nicole, KS 41869",876841945818,meganblair@example.net,Married
30,Thomas Church,27,Female,1997-07-01,2016-10-16,Manager,197932,4,"147 Brandi Ports, Coleborough, KY 00951",101100664463,robinthomas@example.net,Married
31,Renee Foster,53,Male,1971-06-15,2024-04-11,Lead,225329,7,"89236 Lane Greens, South Kathleen, MN 26577",341502178239,barbaracarey@example.com,Non-married
32,John Johnson,29,Male,1995-10-12,2025-02-16,Developer,193573,1,"USS Ramos, FPO AP 85288",2488601967,jwillis@example.net,Single
33,Kristina Myers,36,Female,1988-07-22,2023-09-05,Manager,179290,5,"488 Patterson Expressway Apt. 615, Sheahaven, MN 43294",450698020483,yvonnezavala@example.org,Single
34,Anna Love,27,Male,1997-12-27,2015-07-22,Executive,138290,4,"2937 Henry Manors Apt. 113, New Taylormouth, MS 64668",322547183597,reverett@example.net,Single
35,Sheryl Castaneda,51,Female,1973-06-18,2019-08-02,Lead,169250,7,"16306 Thomas Pine, Richardland, NH 70942",108224889277,ubrown@example.com,Single
36,Lee Hughes,46,Male,1979-04-12,2020-04-19,Manager,135123,8,"046 Tucker Views, East Stephanieport, VT 22536",7585920071,amanda14@example.net,Single
37,Gary Walker,45,Female,1980-01-05,2022-08-18,Executive,77763,1,"84573 Hansen Ville, Lake Cathymouth, MP 25272",23175001031,rebekah83@example.com,Single
38,Zachary Thomas,26,Female,1998-12-28,2017-04-30,Manager,89185,3,"496 Suarez Road Suite 556, Lake Shelleyshire, NH 58976",50659354337,ycampbell@example.com,Single
39,Michelle Huynh,28,Male,1997-05-05,2024-02-22,Analyst,142030,5,"5220 Gomez Rapid, Reynoldsland, PW 33502",47266206681,wlittle@example.net,Single
40,Melissa Thomas,55,Male,1969-09-06,2019-01-24,Analyst,263017,3,"38522 Rodgers Camp Suite 225, South Jeffrey, ND 17481",81621991501,conniebrown@example.org,Non-married
41,Jaime Haynes,26,Female,1998-12-02,2020-10-13,Developer,251847,2,"6260 Andrea Via Apt. 603, New Colleenport, IA 73026",65419768117,sarah45@example.org,Married
42,Ruben Sharp,40,Female,1984-12-27,2020-04-14,Analyst,214541,4,"3509 White Loop, West Michael, DE 74546",777885048554,omills@example.net,Non-married
43,Rebekah Watson,45,Female,1979-07-01,2019-10-01,Manager,117979,8,"425 Myers Circles, Cameronshire, WY 83202",637045082335,david12@example.com,Married
44,Tammy Williams,31,Male,1994-02-27,2018-04-20,Executive,78696,6,"0689 Colon Mountain Suite 709, Rachelburgh, WA 80362",110938073695,gentrykimberly@example.com,Single
45,Jerry Weaver,53,Female,1972-04-14,2020-04-26,Executive,195230,7,"0529 Vincent Locks Suite 745, Port Vincent, SD 11430",325063832748,nguyendavid@example.org,Married
46,Nathan Miller,51,Male,1974-01-07,2018-07-31,Analyst,194723,7,"33719 Bruce Groves, Michaelmouth, RI 12811",7251592765,gphillips@example.net,Married
47,Michelle King,39,Female,1986-04-03,2022-04-23,Executive,169400,1,"6379 Mary Walks Apt. 291, Lake Michaelbury, MO 08028",61489834469,katherinebrady@example.com,Married
48,Jessica Jones,28,Female,1996-12-18,2025-05-04,Manager,241252,4,"911 Walters Crossing, North Bruce, IL 87715",8772034611,emorris@example.net,Non-married
49,Patricia Baldwin,27,Male,1997-10-22,2022-11-05,Analyst,133656,3,"357 Mcdonald Trafficway, North Veronica, GU 12415",0661442723,ogriffin@example.net,Married
50,Edward Davis,33,Female,1991-08-06,2023-08-28,Analyst,273458,2,"932 Steven Roads, Bellchester, VA 15816",13036715947,millerveronica@example.org,Single
51,Kenneth Rodriguez,39,Male,1985-11-07,2016-10-01,Developer,100737,7,"961 Mendez Via Apt. 961, Monicamouth, AS 21389",44191638281,danny59@example.com,Non-married
52,Laura Downs,39,Female,1985-07-03,2022-11-15,Developer,139788,2,"39176 Jones Canyon Apt. 590, Sarahchester, NY 07849",7173049209,jamie49@example.org,Married
53,Cheryl Crawford,40,Female,1984-10-24,2021-02-15,Manager,131919,3,"998 Bird Underpass Suite 286, Velasquezport, MD 73298",86561648242,jerry61@example.net,Married
54,Norman Lang,31,Female,1993-10-21,2019-11-18,Manager,109143,7,"8115 Atkins Isle Suite 748, Cookhaven, CA 99054",5997994522,brandonmendoza@example.com,Married
55,Brian Walker,35,Male,1989-10-13,2022-07-25,Developer,113901,4,"898 Hill Lock, Port Clarence, KY 54371",3794930718,montoyaluis@example.com,Single
56,Cynthia Williams,36,Male,1988-12-18,2016-11-11,Developer,70196,4,"73271 Justin Summit, Williamsside, FL 15186",07202388779,fcarpenter@example.org,Married
57,Judy Park,45,Male,1979-09-05,2018-11-16,Developer,277409,1,"281 Lucas Fields Apt. 554, Reidview, PR 63335",9570967719,tcurtis@example.net,Married
58,Danielle Hernandez,57,Female,1967-12-11,2019-12-17,Executive,111373,8,"883 April Common, Courtneyside, ME 01207",49141107476,eallen@example.org,Non-married
59,Ashley Clark,25,Male,1999-10-23,2015-07-28,Analyst,119130,7,"2269 Miller Ford Apt. 057, New Anthony, PA 08143",2542772097,jtrujillo@example.net,Non-married
60,Jennifer Tate,57,Male,1967-09-30,2018-07-06,Developer,196510,4,"952 Shannon Tunnel, Joanchester, CT 90836",316673366344,julie35@example.net,Married
61,Jennifer Cline,38,Male,1987-03-08,2018-08-13,Developer,73572,1,"USNV Larson, FPO AE 92098",865239394530,jonathan72@example.org,Single
62,Mary Vasquez,56,Male,1969-05-16,2016-06-28,Executive,215238,7,"7119 Deborah Stravenue, New Nancy, DE 98430",560236495932,caseyamber@example.com,Married
63,Cynthia Johnson,37,Male,1987-06-26,2015-10-19,Developer,133091,6,"04263 Mayer Plains, East Matthew, WI 30601",2031366819,roseshelby@example.net,Married
64,William Singleton,36,Female,1989-04-10,2025-01-18,Manager,274942,5,"0414 Patricia Turnpike Apt. 070, Amymouth, TN 25326",43376450528,agarcia@example.net,Non-married
65,Meredith Cunningham,36,Female,1988-07-22,2016-11-05,Analyst,89918,1,"472 Jonathan Drive, Sandovalmouth, PR 03800",455616905711,robert83@example.net,Single
66,Joshua Holland,26,Female,1999-02-03,2021-07-04,Developer,177424,3,"80068 Dodson Rapids Apt. 746, New Michaeltown, HI 79123",114249913248,justinsmith@example.com,Single
67,Benjamin Spencer,26,Male,1999-03-11,2023-10-30,Lead,250827,3,"3800 Smith Islands, Tiffanyshire, LA 69395",43163707851,bassmichelle@example.com,Non-married
68,Emily Alvarez,36,Female,1988-08-25,2021-12-14,Analyst,283125,7,"72667 Christian Union Apt. 734, West Danielview, IL 24986",18613057915,brittany94@example.com,Single
69,Mackenzie Lara,47,Female,1977-12-19,2023-05-05,Manager,186230,6,"428 Roberts Highway, Kennedystad, KY 92895",3724346912,paulkimberly@example.com,Single
70,Jeffrey Guerra,56,Male,1968-07-30,2021-03-30,Manager,253751,7,"2595 Reginald Springs, Ashleymouth, NJ 51508",6627559577,kelly71@example.net,Non-married
71,Sergio Hull,51,Male,1974-02-11,2024-09-25,Executive,102307,1,"66675 Nguyen Ferry Apt. 359, North Jamesberg, KS 19911",3039720928,sfitzgerald@example.org,Single
72,Jennifer Love,30,Male,1994-10-09,2015-12-25,Lead,184480,7,"Unit 0965 Box 7473, DPO AP 99441",13807827778,harriscaleb@example.com,Non-married
73,Ryan Brown,30,Female,1994-11-22,2018-12-24,Analyst,274855,3,"530 Lopez Ridge, West Michaelport, FM 88974",878089720709,courtney22@example.net,Single
74,Donna Mitchell,25,Female,2000-03-12,2021-12-18,Manager,257822,7,"972 Jones Burg, New Stephanie, DC 53435",494334621309,bponce@example.com,Single
75,David Williams,33,Female,1991-10-16,2015-06-14,Manager,110909,3,"3908 Harris Parkways, Laurahaven, NE 17806",93686822940,allen90@example.org,Single
76,Michael Mclaughlin,47,Male,1977-08-12,2025-01-16,Lead,280384,5,"247 Ashley Fields, Port Richard, AK 56349",413880849434,colleenhoward@example.org,Married
77,Jason Bailey,30,Female,1994-09-20,2024-11-07,Analyst,73792,7,"34493 Downs Station, Port Andrea, MO 12819",02936611471,bettyrivera@example.org,Single
78,Brandi Pratt,40,Female,1984-09-29,2025-02-07,Executive,150807,7,"1784 Ryan Land, Martinezburgh, FL 32811",6230566776,danderson@example.com,Non-married
79,Dr. Vanessa Dunn MD,37,Female,1987-06-11,2017-09-01,Executive,155780,7,"803 Ramsey Lodge, Mariaview, NM 12856",2187912843,goodmiguel@example.org,Married
80,Robin Flynn,35,Female,1989-07-30,2016-01-13,Analyst,148264,1,"05724 Pruitt Lake, North Cassandra, NH 52341",094677141761,alexiswood@example.org,Married
81,Susan Stone,49,Female,1975-10-07,2019-02-17,Lead,287881,5,"00920 William Lodge, Snowland, ND 34047",571171091609,tcoffey@example.com,Married
82,Steven Baxter,25,Female,1999-06-04,2021-10-17,Executive,83133,6,"1909 Kevin Throughway, New Tara, MN 96679",573776416338,downsmelissa@example.com,Married
83,Katelyn Wilson,49,Male,1976-05-07,2025-03-14,Manager,142887,2,"26179 Black Harbors, Jerrystad, ND 63457",58693310184,umason@example.net,Non-married
84,Jonathan Turner,57,Male,1967-11-11,2017-02-24,Developer,223692,6,"7311 Franklin Pine Suite 041, New Jeffery, UT 59382",3506314204,youngamy@example.net,Non-married
85,Rebecca Wilson,57,Female,1967-06-07,2021-04-02,Lead,224088,2,"71398 Christopher Row, Aliciabury, CO 90412",41549385954,kellywelch@example.net,Non-married
86,Shannon Meyer,60,Female,1964-12-02,2021-06-04,Analyst,214396,1,"0276 Morris Keys Apt. 088, Smithside, PR 53725",9218568209,martin03@example.org,Married
87,Cory Garcia,53,Female,1971-11-22,2016-07-26,Analyst,191352,7,"136 Lloyd Grove, Garciashire, CA 94482",4771821665,aprilmiller@example.net,Single
88,Christopher Flores,32,Male,1993-02-13,2018-10-22,Lead,91297,4,"591 Christian Points Suite 278, South Anna, LA 71418",69294783325,karen83@example.net,Non-married
89,Terry Wright,26,Female,1999-04-06,2023-09-15,Executive,279527,3,"54166 Williams Views Apt. 555, Port Daisy, OH 98762",53251275860,kennethmartinez@example.com,Married
90,April Ingram,49,Male,1975-09-06,2021-11-22,Developer,285559,3,"718 Flores Rapids Suite 567, Jackhaven, AR 69704",09378059642,jesusmedina@example.com,Non-married
91,Damon Huff,46,Female,1978-07-29,2023-06-28,Manager,242405,4,"97059 Frances Light, Port Patrickfort, ID 90154",79631991782,fmathews@example.org,Non-married
92,Terry Nunez,40,Female,1985-03-27,2021-06-19,Manager,243670,2,"47237 Brown Cliffs Suite 383, Samanthafurt, MS 67213",1437057940,perezmichelle@example.com,Married
93,Jennifer Jensen,54,Male,1970-09-12,2016-04-12,Lead,238350,2,"34598 Perez Valley, Port Donald, ND 96988",3369162585,douglas03@example.org,Non-married
94,Scott Anthony,26,Male,1998-08-13,2016-06-06,Analyst,267965,5,"060 Ariana Inlet Suite 709, North Tony, IL 28469",552966802717,qcooper@example.net,Single
95,Ruth Patel,51,Male,1974-03-02,2024-10-06,Executive,210742,3,"530 Sergio Island Suite 683, Johnsonville, GA 35809",66616495671,adamsjeffrey@example.net,Non-married
96,Pamela Krause,60,Female,1964-09-12,2017-03-12,Developer,218235,4,"3772 Soto Street Apt. 046, Lake Breanna, OK 29702",4930747777,patricia45@example.net,Married
97,Mr. Tyler Aguirre,30,Female,1994-09-10,2017-07-28,Executive,215620,5,"438 Lisa Grove, Jacquelineland, AR 92892",99890155253,ericmartin@example.org,Married
98,Philip Rangel,51,Male,1974-04-26,2022-03-12,Analyst,279656,1,"5095 Melissa Roads, East Kendraburgh, MT 31484",885412123750,twall@example.net,Single
99,Eric Thompson,26,Female,1998-10-04,2023-11-08,Manager,94951,8,"55093 Justin Corners, West Joelfurt, WV 90136",6512976393,cwallace@example.net,Non-married
100,Amanda Williams,60,Female,1964-08-15,2020-09-11,Analyst,216501,8,"841 Hood Alley, East Madison, MO 15805",459961697560,robert32@example.com,Married
101,Jesus Pratt,50,Male,1974-05-27,2015-06-21,Executive,89633,1,"68092 Jean Turnpike Apt. 028, New Karen, MA 23085",5554388602,brandimartin@example.net,Married
102,Katelyn Miller,27,Male,1998-02-20,2025-05-22,Lead,248121,6,"75775 Randall Prairie, South Marisahaven, MI 98442",007077473125,xjones@example.net,Married
103,Tyler Blackburn,57,Male,1967-07-26,2023-05-22,Developer,185063,8,"547 Daniel Extension, Deanberg, RI 04350",3103345124,guerrerochristopher@example.net,Single
104,Sandra Jones,42,Female,1982-07-16,2021-06-12,Lead,155376,6,"8363 Rodgers Alley Apt. 510, Port Sabrina, MP 20917",33674636972,bergerjacqueline@example.org,Single
105,Robert Raymond,46,Female,1979-03-12,2017-03-15,Lead,255840,3,"9365 Hoffman Parks, New Sonia, MO 50062",114872105542,iberry@example.com,Non-married
106,Janice Smith,33,Female,1992-03-07,2022-03-17,Manager,285936,8,"3975 Chung Station, Duncanport, ND 92292",02810984780,bmorrison@example.com,Non-married
107,Caitlin Johnson,43,Male,1982-05-22,2019-07-14,Analyst,184408,8,"924 Bryan Bridge Apt. 025, Wandahaven, OR 19493",47774217259,brownmarcus@example.com,Non-married
108,Mark Tyler,54,Female,1971-02-02,2016-02-05,Analyst,162967,2,"96831 Leslie Green, North Michelemouth, AK 71622",399727904242,tamara38@example.com,Single
109,Courtney Nelson,33,Female,1992-05-02,2024-09-27,Manager,241222,5,"191 Austin Island Suite 781, Lake Joshuaport, IL 67338",672963631461,michaelhall@example.org,Non-married
110,Michelle Cox,50,Male,1974-07-22,2023-02-19,Developer,247924,7,"632 Savage Forges, New Jasonchester, WA 00848",84026892838,robinsonheidi@example.net,Non-married
111,Mr. Edward Mcpherson MD,26,Male,1998-09-01,2018-10-04,Developer,93713,8,"Unit 9194 Box 3505, DPO AE 87211",28110512596,gwatson@example.com,Single
112,Dawn Stanley,41,Female,1984-02-29,2022-02-26,Developer,204315,2,"4037 Stanton Mountain Suite 653, West Kristin, AK 92618",01502929257,iwatkins@example.net,Non-married
113,Joe Welch,34,Male,1991-02-04,2020-08-29,Developer,205347,4,"30410 Luna Manors Apt. 572, South John, MT 67911",3165377047,ibarradavid@example.org,Married
114,Robin Cain,37,Female,1988-02-18,2016-07-14,Manager,237029,5,"5134 Jones Crossroad Suite 745, Joeside, FL 26098",017312814023,erikanolan@example.org,Non-married
115,Christopher Gonzalez,47,Female,1978-05-20,2024-05-25,Executive,147749,1,"176 Hernandez Summit, Johnsontown, WY 70967",6076722068,christophergonzalez@example.org,Non-married
116,Nicole Howell DDS,52,Female,1972-09-19,2025-03-07,Developer,117947,8,"97359 Gardner Crossroad, West Benjaminburgh, DE 14722",04911543302,michael60@example.net,Single
117,Keith Sexton,43,Female,1981-12-05,2015-10-07,Analyst,262079,1,"257 Jessica Lodge Apt. 085, Port Tomchester, PA 86417",6588797780,whendricks@example.com,Married
118,Wendy Cardenas,55,Female,1970-02-14,2019-09-08,Manager,216593,6,"14520 Patricia Ramp Suite 267, Debbieshire, DE 74873",194651050881,jacksoneduardo@example.com,Married
119,Leslie Sanchez,55,Female,1970-05-10,2017-03-08,Analyst,277141,8,"75886 Heather Canyon, South Gregorystad, NJ 66170",139626006159,rodney77@example.org,Non-married
120,Marcus Robinson,43,Female,1982-03-13,2019-09-27,Executive,118081,8,"Unit 1368 Box 5562, DPO AA 87910",5370579074,jhuang@example.org,Single
121,Martin Henry,59,Male,1965-05-30,2022-08-29,Developer,257265,4,"Unit 3639 Box 9080, DPO AA 25519",8259894314,tuckerlisa@example.com,Married
122,Joseph Davidson,31,Male,1993-08-30,2023-11-24,Analyst,169379,8,"850 Kathleen Tunnel, Melindaburgh, WA 93620",110701205469,romerodalton@example.org,Single
123,Emily Martin,28,Female,1997-02-04,2019-09-02,Manager,181283,1,"221 Williams Key, North Kennethview, PA 89480",562743408458,pgutierrez@example.org,Married
124,Joseph Johnson,52,Male,1972-12-15,2017-01-21,Lead,104449,8,"06310 Baird Spur, Nathanielfurt, MN 37819",9826463840,klambert@example.org,Married
125,Miss Traci Holt DVM,28,Female,1997-02-28,2016-09-01,Executive,110169,8,"7470 Angela Mount, East Patriciastad, ID 18651",4473034061,xrichards@example.org,Non-married
126,Angela Rodriguez,52,Female,1972-07-22,2015-07-09,Developer,221383,1,"639 Campbell Park, Port Traci, VT 88372",498519570960,ihall@example.com,Married
127,Bradley Patterson DVM,33,Male,1992-01-20,2015-07-25,Analyst,73332,7,"1551 Sarah Divide, Port Steven, TX 33792",610468468332,mccoyalicia@example.org,Single
128,Julie Bennett,26,Female,1998-06-30,2025-03-03,Lead,85334,4,"5126 Victoria Island, West Christinamouth, VA 15675",3644542485,smcclain@example.org,Married
129,Travis Green,57,Female,1968-01-20,2024-10-13,Executive,189224,2,"893 Fitzgerald Wall, North Richardbury, NH 68231",7627291886,javier34@example.com,Non-married
130,Angela Smith,37,Female,1987-07-08,2020-04-15,Analyst,92344,4,"38319 Margaret Drives Suite 038, Davidton, NV 26742",7495587152,khall@example.net,Married
131,Barbara Allen,28,Male,1996-12-15,2021-07-15,Lead,278827,2,"9887 Rogers Square, Port Michelle, FM 56551",2691392465,georgekatie@example.org,Single
132,Patrick Freeman,34,Female,1990-11-09,2020-06-19,Developer,153804,8,"487 Adams Burg Suite 386, Smithburgh, CA 24410",532947081015,jessica96@example.net,Single
133,Sherry Washington,32,Male,1993-02-24,2023-04-28,Lead,115788,1,"78952 Hunter Brooks, New Codyport, VA 09417",4752066152,brichardson@example.net,Married
134,Dennis Brown,46,Male,1979-01-05,2018-07-06,Lead,214515,7,"42444 Edward Rapid Apt. 920, Julieton, AR 53163",945703610151,samanthamunoz@example.org,Non-married
135,Julie Thomas MD,49,Female,1975-11-06,2019-07-24,Manager,140575,6,"83690 Jones Avenue Apt. 379, North Robert, CT 60493",5416547090,joelwood@example.org,Non-married
136,Sean Williams,27,Male,1998-01-01,2022-08-22,Executive,244478,3,"15299 Cameron Via, Jameshaven, PA 20266",357515442026,joshuagray@example.net,Single
137,Brenda Gomez,39,Male,1985-06-19,2021-02-25,Lead,85558,4,"09169 Jason Flat, West Johnburgh, UT 48511",979496953865,patriciaware@example.com,Single
138,Jennifer Mooney,46,Female,1978-08-10,2020-02-18,Executive,221230,3,"7467 Paula Square, South Larry, NC 54284",089659878458,jessica71@example.com,Non-married
139,John Brown,58,Female,1967-03-26,2025-04-28,Developer,106170,4,"29465 Tara Cape, Marcusmouth, CA 24277",340769567528,williamsmelissa@example.org,Single
140,Jennifer Jones,47,Male,1978-02-14,2019-12-14,Developer,272721,8,"42223 Snyder Pass Suite 593, South Donnabury, PA 18950",562205641742,nelsondouglas@example.org,Married
141,Derek Davis,39,Male,1985-06-16,2015-06-07,Executive,147307,3,"0021 James Drive, Taylorchester, SC 98440",5511421489,denise34@example.com,Single
142,Anthony Morgan,30,Female,1994-07-03,2018-09-14,Analyst,230928,6,"50317 Trujillo Spring, Wilsonville, OR 72760",435216629326,rhondalin@example.org,Non-married
143,Tammy Miller,54,Male,1970-12-31,2020-07-13,Lead,176446,7,"08546 Peters Mountain, Jameshaven, GU 54460",9215401034,marshallbeverly@example.org,Single
144,Darin Bean,39,Male,1986-05-19,2018-05-26,Executive,250573,4,"681 Li Drive Suite 842, Margaretville, TN 41991",40804953648,zmcintosh@example.com,Married
145,Sarah Carter,26,Male,1999-04-11,2018-11-24,Executive,178876,6,"19474 Michael Village, East Carolynchester, WI 19323",224999693356,gcook@example.org,Married
146,Joe Li,35,Male,1989-10-21,2024-07-01,Manager,238927,8,"623 Palmer Hollow Apt. 915, Jasonview, MD 47958",83618308258,jpage@example.com,Married
147,Brett Benson,49,Male,1976-03-13,2021-12-11,Developer,186735,4,"421 Scott Creek Suite 541, Carolberg, KY 09651",40605194103,qpierce@example.net,Married
148,Levi Gillespie,38,Male,1987-01-04,2022-04-01,Developer,211470,1,"9719 Oliver Underpass Apt. 438, West Sonyaberg, WV 55209",047778839217,hopkinskathryn@example.net,Married
149,Danielle Quinn,27,Male,1997-06-14,2019-06-07,Lead,103014,5,"0842 Love Manors Suite 646, New Joshuastad, CT 70038",129977117247,greenkristin@example.com,Married
150,Daniel Haney,40,Male,1984-10-06,2023-12-04,Analyst,90954,7,"26614 Bell Center, Alexashire, NH 27328",920555408520,emily76@example.com,Married
151,Tina Jacobs,34,Female,1990-08-08,2017-04-27,Executive,210651,7,"390 Rhonda Villages Apt. 660, Lake Lisatown, OH 77344",05954628525,samantha88@example.org,Non-married
152,Belinda Brooks,33,Female,1991-10-07,2019-04-28,Manager,242163,5,"86358 Rios Ports Suite 544, Lake Casey, AS 21659",7681550306,barajasanna@example.net,Married
153,Amy Richardson,54,Female,1971-05-07,2024-02-19,Manager,112945,6,"Unit 6106 Box 1298, DPO AA 66922",5717941236,millersarah@example.net,Single
154,Emily Myers,43,Male,1981-07-13,2023-10-13,Lead,116333,1,"89502 Owen Fields Suite 007, Dixonchester, VI 99190",16809779587,fowlergabriel@example.org,Married
155,Jennifer Wright,27,Male,1997-10-12,2022-03-24,Lead,271075,5,"759 Gibson Mall, Port Elizabeth, WI 59772",39061248892,taylorjohnson@example.net,Married
156,Stephen Johnson,44,Female,1980-09-04,2024-03-24,Lead,210452,2,"9086 Humphrey Way, Port Jonathanburgh, DE 68112",88511846972,zmorgan@example.net,Married
157,Janet Williams,32,Female,1992-06-28,2016-08-11,Lead,284353,4,"8737 Dan Point Apt. 760, Dianafurt, MS 68562",0804151151,ubauer@example.net,Married
158,Dale Matthews,55,Male,1970-02-12,2021-08-06,Lead,146773,4,"204 Jessica Island Apt. 829, Josephshire, TN 41206",15591613248,mmccormick@example.net,Single
159,Jennifer Edwards MD,46,Male,1979-02-18,2018-07-29,Manager,141087,6,"8382 Margaret Highway, Port Gregoryfort, UT 94801",198075801406,kenneth27@example.com,Married
160,Stacey Schultz,49,Male,1975-11-12,2017-11-30,Developer,192837,3,"58765 Susan Gateway, Lake Amberstad, FM 61213",08241994403,bryantdebra@example.com,Married
161,Eric Brown,54,Male,1971-05-19,2020-12-27,Manager,141371,8,"71269 Suarez Mountains Suite 525, Chantown, LA 53003",586468844246,brandonsantiago@example.org,Non-married
162,Morgan Reed,46,Male,1978-08-08,2015-07-17,Lead,168181,8,"5617 Moses Street Apt. 457, New Joditown, ID 72678",3778570008,jessicasanchez@example.com,Non-married
163,Penny Hamilton,41,Male,1983-08-20,2023-04-15,Developer,97836,4,"363 Walls Trafficway, North Ashley, MI 17142",43584472177,annaoneill@example.net,Single
164,Nicole Harrington,37,Male,1988-01-11,2015-06-20,Manager,190792,2,"63787 Meagan Square Suite 213, North Karenhaven, GA 61576",075766088251,grayshannon@example.org,Non-married
165,John Hall,51,Female,1974-03-20,2024-08-02,Analyst,257139,3,"PSC 5953, Box 8860, APO AA 66737",947657416286,williammoore@example.net,Married
166,Nicholas Brown,60,Male,1964-09-27,2023-01-20,Analyst,256351,8,"170 Wendy Underpass, West Patricia, SC 24369",8544660467,ianderson@example.com,Single
167,Kendra Francis,52,Male,1972-11-18,2019-09-24,Executive,141372,3,"1271 Natasha Extensions Apt. 465, Christopherside, MD 74957",652951027104,tracy18@example.org,Single
168,Carlos Davis,51,Female,1974-04-24,2020-05-14,Manager,270736,2,"3747 Myers Stravenue Suite 529, Oliviaton, VI 13193",529881890798,garciaanna@example.com,Married
169,Terry Thompson,45,Female,1980-02-27,2023-06-01,Executive,221371,5,"850 Bentley Groves Apt. 055, South Pamelaport, VA 51069",1443861007,cherylgrimes@example.com,Non-married
170,Robert Brown,47,Male,1978-05-16,2020-11-29,Developer,171875,4,"2963 Julia Avenue, Port Sean, ND 09592",0492813985,karen59@example.org,Non-married
171,Charles Johnson,56,Male,1969-03-17,2016-05-07,Developer,120924,7,"42773 Carlos Port Apt. 448, Markview, MO 75646",093701599591,kristen55@example.net,Single
172,Jennifer Cardenas,28,Female,1997-02-17,2018-10-05,Analyst,122802,7,"17795 Heidi Path Apt. 229, Ryanport, MP 48626",6616330964,lacey20@example.net,Non-married
173,Jeffery Cruz,30,Female,1994-06-14,2018-10-14,Analyst,239746,2,"00968 Willie Extension Apt. 900, Tuckerhaven, AK 00982",18222147817,deanna89@example.com,Single
174,Richard Freeman,53,Female,1972-02-26,2024-04-12,Executive,129811,6,"216 Ochoa Expressway Suite 687, Port Daniel, CA 14493",76862097432,davisbriana@example.org,Non-married
175,Traci Taylor,51,Female,1973-08-14,2021-06-11,Developer,260740,8,"43418 Contreras Fords, Angelaview, VA 06916",2506155503,jennifersanchez@example.org,Non-married
176,Jeremy Gonzalez,29,Female,1995-08-15,2020-02-18,Developer,203587,4,"8795 Darlene Squares Suite 030, New Barbarashire, PR 95487",166175980724,zlopez@example.org,Single
177,Misty Willis,59,Female,1966-05-19,2019-06-29,Lead,168006,1,"438 Rodriguez Ports Suite 102, Anthonystad, CA 11684",583975374965,kmiller@example.org,Married
178,Kristin Ray,38,Male,1987-04-24,2021-05-06,Lead,191027,1,"84328 Alvarado Parks, Gonzalezshire, NY 57967",394056665913,ikrueger@example.net,Married
179,Angela Valenzuela,49,Male,1975-11-13,2015-06-17,Manager,204136,5,"595 Sarah Manor Suite 685, Thompsonhaven, RI 85277",3700225195,robert07@example.com,Married
180,Erica Ward,51,Female,1973-11-08,2020-03-10,Analyst,190691,8,"3154 Jeffery Mills, North Sherrystad, ME 75837",82423538103,jane38@example.net,Non-married
181,Denise Walter,59,Male,1966-02-24,2017-01-21,Analyst,188262,3,"442 Williams Port, Lake Joeville, NM 75089",951619473219,egonzalez@example.org,Married
182,Ariana Allen,33,Male,1992-03-24,2019-10-24,Developer,196918,8,"245 Peter Passage, Waltersfort, CA 16138",618439278317,amybrewer@example.com,Single
183,Sarah Bautista,54,Female,1970-10-05,2023-10-06,Lead,213180,2,"46237 Alexandria Station, Michaelmouth, PA 53085",231056722165,david05@example.org,Single
184,Mrs. Hailey Garrett,58,Female,1967-04-27,2024-08-10,Lead,114372,5,"346 Thomas Loaf Suite 462, South Jasonville, MD 07396",6519346259,catherine41@example.org,Single
185,Jeremy Harrison,43,Male,1982-05-19,2019-01-02,Lead,116238,1,"014 Powers Pines Suite 739, New Karl, FL 10924",99166019342,peterbell@example.org,Single
186,Timothy Mcmillan,46,Male,1979-04-01,2016-06-07,Manager,108396,7,"25665 Crystal Rue, Coopermouth, NY 91439",7717021247,monica79@example.net,Non-married
187,Carl Rocha,27,Female,1998-02-21,2018-10-07,Developer,81892,1,"221 Pruitt Expressway, Port Sarahville, MP 03740",1402094763,kquinn@example.com,Married
188,Mr. Christopher Lane,47,Female,1978-05-11,2016-07-31,Analyst,164121,3,"2011 April Lane Suite 879, Davisfurt, WA 51220",181929232828,angelicasanders@example.net,Married
189,Debra Cruz,54,Female,1971-03-24,2016-05-20,Developer,243604,1,"066 Lisa Stravenue, Port Markfurt, IA 04710",888567277947,ycook@example.org,Non-married
190,Timothy Hicks,29,Male,1995-09-03,2021-01-23,Executive,216788,3,"60715 Perry Points, South Samuel, WV 73362",92035315752,ballcraig@example.net,Non-married
191,Joseph Weber,49,Female,1975-09-08,2022-09-11,Executive,143532,8,"3925 Rodgers Stream, Gutierrezborough, IL 80232",2676954693,oorozco@example.org,Single
192,Michael Ellison,25,Female,1999-10-04,2016-03-20,Lead,252569,1,"509 Chandler Plaza Suite 598, Davidland, MH 99384",015826518085,rpierce@example.net,Married
193,Justin Hall,40,Female,1984-11-08,2018-06-10,Manager,112710,3,"09262 Anna Extension, Lopezberg, MT 31746",1001375870,cpeck@example.net,Single
194,Hannah Williams,52,Male,1973-04-05,2015-07-10,Developer,104267,1,"375 Smith Rest, South Timothy, ND 90314",753968260713,bullockbrittany@example.org,Single
195,Ricky Johnson,34,Female,1991-02-22,2025-03-13,Analyst,126495,7,"64307 Nelson Corners, Mcconnellhaven, AS 28242",006406426194,christine88@example.net,Non-married
196,Leonard Jefferson,38,Female,1986-09-08,2017-05-19,Analyst,202152,8,"341 Ryan Isle Apt. 603, Kennethfurt, AZ 94393",51413065383,herrerarodney@example.net,Married
197,David Cook,42,Female,1982-12-11,2017-11-25,Executive,157866,6,"160 Jones Street Suite 680, South Erica, WV 63165",3402159959,kelleyjustin@example.org,Single
198,Vanessa Clark,56,Female,1969-04-07,2022-10-11,Lead,209492,8,"844 Lowe Center, Port Kimberlymouth, TN 08575",95138099062,xanderson@example.org,Single
199,Joshua Patel,46,Male,1978-11-12,2017-09-29,Lead,261288,7,"763 Collins Pass, Zacharyhaven, TN 78517",5543679507,donnachristian@example.org,Non-married
200,Scott Butler,32,Female,1993-02-18,2016-08-26,Manager,250738,4,"891 Henry Ford, Saramouth, MT 85967",0643205422,brandonwhite@example.com,Non-married
201,Stephen Vargas,25,Female,2000-05-15,2018-05-12,Developer,263457,6,"Unit 2325 Box 0368, DPO AP 28093",8425989715,klewis@example.com,Single
202,Sheila Romero,58,Female,1966-06-16,2020-04-22,Manager,113077,7,"343 Bennett Parkways Suite 148, Wrighttown, NH 33256",712677113259,larry12@example.org,Non-married
203,Christine Velez,59,Female,1965-08-12,2016-12-11,Analyst,147166,6,"73626 Belinda Route Apt. 567, East Jonathan, IL 39517",9014879913,darlene52@example.org,Married
204,Susan Dominguez,40,Female,1985-03-17,2017-09-14,Developer,273450,5,"779 Powell Ramp, South Davidmouth, MN 70375",974516673362,staceyruiz@example.com,Married
205,Connie Herman,53,Female,1971-09-21,2018-12-25,Executive,275453,7,"045 Christine Lakes Suite 490, Millermouth, MO 76754",66301510101,jon80@example.net,Married
206,Ashley Peters,29,Male,1995-12-16,2017-07-17,Developer,190850,7,"36889 Rocha Streets Suite 942, Cookshire, UT 76271",92840036718,devans@example.net,Non-married
207,Ann Prince,27,Male,1998-05-16,2022-12-26,Manager,253153,7,"PSC 4608, Box 2808, APO AP 50769",750713996100,jenkinskimberly@example.com,Single
208,Robert Shields,52,Male,1972-06-07,2016-01-08,Manager,288809,3,"7590 Kevin Brook, New Clarencehaven, FM 80791",0300155649,lalvarado@example.net,Single
209,John Jimenez,30,Male,1995-02-21,2021-07-20,Developer,103631,7,"550 Roberts Way, Lake Todd, WI 41277",66699364044,christinamurphy@example.net,Married
210,Joseph Mclaughlin,39,Female,1985-11-05,2016-06-12,Executive,105414,5,"9427 William View, Jonport, CA 35684",51532397614,timothyjackson@example.org,Married
211,Vicki Reeves,51,Female,1973-09-22,2022-02-15,Lead,194317,8,"920 Julie Expressway Suite 582, Robertsshire, AK 73282",8408479065,kellygriffin@example.com,Married
212,Mary Nguyen,43,Female,1982-01-21,2022-11-02,Analyst,249824,5,"944 Brown Ramp, New Michele, IL 36318",410021468587,htaylor@example.com,Non-married
213,Frank Cole,45,Female,1979-12-19,2025-02-24,Developer,271704,5,"6577 Laura Roads Apt. 822, West Bruce, OH 89391",977889911949,pmills@example.com,Single
214,Lauren Love,33,Female,1991-11-02,2022-01-12,Executive,284335,3,"730 Matthew Inlet, Port Anthonyton, NC 83908",66162466422,andrew23@example.net,Married
215,Megan Miller,39,Female,1985-07-22,2018-01-17,Analyst,113420,6,"593 Farrell Ford Apt. 594, North Richard, CO 75906",97951970025,xwright@example.net,Non-married
216,Benjamin Rios,47,Female,1977-07-02,2020-04-18,Analyst,223123,3,"536 Jose Ville Apt. 461, Nortonburgh, IL 41711",158447887271,ethangreen@example.org,Non-married
217,David Campbell,33,Male,1992-04-17,2015-10-09,Executive,174037,5,"23586 Bennett Point Apt. 121, South Christopher, MD 93603",015588337891,josephortega@example.org,Non-married
218,Edward Chang,56,Male,1969-03-10,2020-09-20,Analyst,110294,6,"5727 Gary Key Apt. 057, Lake Leonfort, WA 88241",3154915819,destinyflowers@example.com,Non-married
219,Victor Johnson,32,Female,1993-04-20,2018-09-28,Analyst,189994,2,"9120 Lewis Lane Apt. 870, West Amber, WV 75426",4516988116,joneskristy@example.net,Single
220,Amanda Roberts,41,Male,1983-11-29,2018-10-16,Developer,145887,6,"815 Stacy Glens Suite 281, Brownhaven, VA 21127",78504512653,courtneykennedy@example.net,Non-married
221,Richard Hines,38,Male,1987-04-28,2024-11-29,Analyst,121607,8,"2847 Jack Green, Lake Emily, CA 91836",05806679221,stephenmitchell@example.org,Non-married
222,Richard Brown,59,Female,1965-11-04,2019-09-03,Developer,160515,3,"15063 Vanessa Meadows Suite 333, Manuelbury, VI 84245",342395845363,melindasmith@example.com,Non-married
223,Heather Cruz,34,Male,1991-02-20,2017-03-25,Manager,82252,1,"906 Jason Mission Apt. 232, Phillipsfort, AK 78470",289413089356,mstone@example.org,Single
224,Lisa Jackson,44,Male,1980-12-07,2025-04-26,Executive,226330,1,"1054 Mason Court Suite 020, Brandiberg, UT 07868",610856785758,bryan28@example.org,Single
225,Benjamin Wilson,33,Female,1992-01-21,2015-10-09,Developer,145524,5,"4642 Deanna Land, Erinberg, ID 45412",05336315030,james69@example.net,Married
226,David Gutierrez,52,Male,1972-11-15,2016-12-23,Manager,89603,3,"78292 Harris Tunnel, Gomezstad, FM 72991",278091978416,jbrown@example.org,Non-married
227,Cory Martinez,50,Male,1974-09-23,2019-12-14,Lead,194625,3,"6118 Floyd Plaza, Michaelburgh, PA 01754",43258711084,josephcarpenter@example.org,Single
228,Jacob Murray,48,Male,1976-07-30,2024-07-09,Executive,102103,3,"90792 Shah Tunnel Suite 378, Port Davidmouth, CO 67525",612540090523,michael79@example.org,Non-married
229,Nicholas Arnold,57,Male,1968-01-15,2019-03-03,Lead,276845,7,"USS Martin, FPO AP 26824",11906909400,pweaver@example.org,Married
230,Miss Jody Romero,41,Female,1984-01-20,2017-11-01,Lead,141123,7,"957 David Overpass, New Gloriamouth, AR 07312",3901337388,frank92@example.net,Non-married
231,Ashley Mills,44,Female,1981-01-22,2023-02-08,Lead,283257,1,"006 Beth Turnpike Suite 715, Jamesstad, MS 40076",8804421679,khanmark@example.net,Single
232,Stephanie Drake,44,Female,1981-01-04,2023-11-11,Lead,224184,4,"717 Parks Way Apt. 258, Emilyland, VA 24773",7075323236,usherman@example.com,Married
233,Jonathon Gentry,30,Female,1994-06-08,2019-03-09,Analyst,242014,5,"53317 Mason Circles Apt. 207, Simontown, AZ 21834",28654517000,robin28@example.com,Married
234,Christina Tucker,54,Female,1970-12-02,2017-01-04,Lead,105651,1,"38345 Roth Land Apt. 940, Mendozaburgh, AS 95939",92033964977,johnbond@example.com,Single
235,James Santos,52,Male,1972-08-09,2021-10-10,Developer,154226,5,"986 Donna Views, Millerstad, PR 93559",3363467326,pjones@example.org,Non-married
236,Rhonda Quinn,48,Female,1977-05-06,2017-12-27,Lead,147936,8,"4996 Cameron Drive, Santosmouth, HI 13326",05170302759,rogerskaren@example.com,Married
237,Jerry Cervantes,48,Female,1977-04-27,2022-02-14,Analyst,103960,2,"3327 Roberson Cape, Rodneyfort, FM 31369",72445180672,kellisnyder@example.org,Non-married
238,Kevin Stanley,33,Male,1991-06-07,2020-04-11,Analyst,103542,5,"378 Murray Mountains, Mckenzieview, WA 17551",2682040190,brenda31@example.com,Married
239,Victoria Lee,31,Female,1993-09-02,2016-03-21,Analyst,177741,5,"396 Thomas River, New Laura, MO 56185",75380888940,jeffrey43@example.net,Non-married
240,Angela Lee,36,Female,1988-06-13,2024-02-13,Lead,183527,2,"8312 James Junction, Melissatown, MN 48430",64148328234,williammack@example.org,Married
241,Joseph Vega,39,Male,1985-10-22,2021-09-12,Executive,89767,7,"20538 Smith Passage Suite 183, Heatherberg, VA 52408",9565882394,christopherhart@example.com,Non-married
242,Christopher Mcdonald,39,Male,1985-07-04,2019-02-14,Developer,256128,1,"4086 Brandi Trail Suite 199, Nicholasland, MA 09926",107701602999,aperez@example.net,Non-married
243,Andrew Conner,28,Male,1996-07-15,2018-04-18,Lead,263485,7,"889 Sanchez Junction, Valerieside, NC 77342",80378394640,jcollins@example.com,Non-married
244,Laura Miller,58,Male,1967-04-10,2017-03-09,Lead,198839,7,"219 Mccormick Dam, South Michaelburgh, WI 80886",2686733339,justinwalker@example.com,Non-married
245,Paul Schmidt,38,Male,1986-08-31,2018-01-13,Executive,134447,1,"903 David Groves Apt. 000, Deniseside, FL 41815",542306518059,william61@example.org,Non-married
246,Patricia Schroeder,34,Female,1990-06-03,2018-09-01,Developer,227923,3,"9293 Burgess Fields, Brownfort, TN 29942",1862024757,vickiewarren@example.net,Single
247,Mark Lee,39,Male,1986-04-29,2021-04-05,Lead,70498,3,"03706 Larry Expressway Suite 378, West Karahaven, MP 26382",716448857951,mercerzachary@example.com,Single
248,Patrick Williams,59,Male,1965-08-29,2024-12-18,Lead,177725,3,"54542 Taylor Island, Galvanfort, CT 29257",9286897019,zhangjames@example.net,Married
249,Jonathan Warren,40,Male,1984-07-17,2024-05-30,Lead,88933,1,"10943 Mary Radial Apt. 203, Joshuaburgh, AS 75914",3019569921,alec03@example.net,Married
250,Joseph Curry,25,Male,2000-05-20,2021-02-22,Lead,74204,7,"949 Johnson Motorway Suite 176, Amberchester, WY 46542",7190984400,jessica30@example.com,Non-married
251,James Mccormick,51,Female,1973-06-01,2024-05-20,Analyst,229341,3,"106 Peter Brooks Apt. 101, Port Amanda, LA 56842",1626183473,jessicajones@example.com,Married
252,Jamie Stewart,27,Female,1997-11-13,2020-10-01,Manager,111456,1,"396 Shaun Shoals, North Bethany, IN 77657",01466091688,anthony75@example.net,Single
253,Jason Martinez,36,Female,1988-09-22,2020-08-23,Executive,70372,2,"2557 Katie Ports, Daniellechester, MP 47768",063565259928,ballardwendy@example.net,Married
254,Corey Anderson,36,Female,1989-02-10,2018-05-03,Executive,271796,7,"32631 Connie Square, East Jayville, NJ 50662",46333812664,aaron65@example.net,Single
255,Courtney Stephens,42,Female,1982-06-14,2023-07-04,Executive,241585,2,"11512 Norman Centers, Jessetown, MT 55729",33310026233,tammynguyen@example.org,Married
256,Erica Madden,53,Female,1971-11-02,2022-02-18,Developer,165381,3,"69108 Glenn Parks, East Bridget, IN 88471",86588188408,cfrederick@example.org,Married
257,Jasmine Potter,56,Male,1969-04-16,2016-01-22,Analyst,258271,8,"41215 Ryan Port, Jamesfort, OH 85639",26305682489,lawrencesmith@example.org,Non-married
258,Glenn Phillips,30,Female,1995-02-23,2015-07-29,Developer,70710,4,"458 Melissa Hill Suite 564, South Williammouth, UT 66876",6687450763,parkscameron@example.com,Married
259,Maria Johnson,31,Male,1994-03-27,2018-09-09,Lead,96578,4,"42094 Hall Streets Suite 111, Wilsonburgh, MA 42545",7240275926,ikerr@example.com,Single
260,Erica Mcguire,29,Female,1996-05-05,2018-09-22,Analyst,114328,2,"762 Newman Lock, Sanderstown, IL 18115",608607773857,melissa52@example.org,Married
261,Sara Day,36,Female,1989-01-29,2019-12-23,Executive,72072,6,"88032 Perez Brooks Apt. 624, Hernandezfurt, IN 68524",689028724833,wilsonleslie@example.net,Non-married
262,Christine Stanley,27,Female,1998-03-11,2016-01-11,Lead,266884,1,"785 Jennifer Lakes Suite 394, Dayborough, MD 95787",7203549948,robinmaxwell@example.net,Married
263,Christopher Clark,47,Male,1978-01-27,2021-08-13,Developer,98870,3,"700 Gibbs Port, Rodgersfurt, CA 89800",3249245844,mckenziedouglas@example.net,Single
264,Jessica Stout,36,Male,1989-03-24,2020-01-19,Developer,280655,3,"3462 Crystal Pines, Lake James, MO 30333",667761269251,pmyers@example.com,Single
265,Kristin Griffith,38,Female,1986-07-29,2025-04-26,Lead,90996,6,"2356 Dustin Rapid Apt. 848, Patriciaborough, DE 57517",66726593263,sullivanjohn@example.org,Married
266,Amber Frost,51,Male,1974-04-12,2023-05-06,Lead,124556,5,"46435 Alejandro Glen, Woodmouth, NV 42887",6141338541,swatts@example.org,Non-married
267,Eric Owens,41,Male,1984-04-25,2017-08-04,Analyst,269113,8,"3685 Lopez Canyon, North Jasonburgh, SD 19300",3498751147,lisasimpson@example.com,Single
268,Allison Campos,43,Female,1981-09-18,2015-06-26,Manager,235262,5,"455 Brandon Land, North Misty, SC 24541",06584754701,deanerika@example.com,Married
269,Cheyenne Nolan,41,Male,1983-06-23,2016-08-18,Executive,239047,8,"80265 Sheila View Apt. 937, New Ashley, OR 25838",3345031910,joneswilliam@example.net,Single
270,Heather Hayes,33,Female,1992-02-04,2017-05-08,Manager,86527,6,"26132 Simpson Path Suite 378, Harveyfort, MS 16020",3136486578,millermatthew@example.org,Married
271,Melissa Martin,25,Female,2000-02-07,2023-04-19,Developer,104463,5,"42747 Garza Circle, New Maria, NE 64781",5554843930,greenelizabeth@example.com,Single
272,Anthony Cox,60,Male,1965-05-08,2020-03-30,Developer,155681,1,"5924 Jesse Port Apt. 112, Toddshire, GU 79534",57313604846,gblankenship@example.org,Non-married
273,Kevin Nelson,55,Female,1969-10-03,2019-04-28,Analyst,94714,8,"67671 Ramirez Loaf Suite 242, Morristown, OK 97039",179629367925,timothy11@example.com,Single
274,Jonathan Kelly,57,Male,1967-07-06,2017-11-15,Executive,121466,7,"362 Navarro Island, West Heather, NC 93877",584983488167,bowenlaura@example.com,Non-married
275,Jacob May Jr.,42,Female,1982-08-30,2022-12-08,Lead,174632,7,"77847 Stephen Groves, Port Kevin, NV 03967",89588052188,orrsarah@example.org,Single
276,Stephanie Armstrong,56,Male,1968-07-08,2023-09-10,Executive,147568,7,"2617 Denise Throughway Suite 878, Rivasborough, OH 26232",183130368305,qsparks@example.net,Non-married
277,Evan Perry,53,Male,1972-02-19,2019-01-09,Lead,244327,3,"56391 Rivers Shores, Alexton, ME 59057",26113507569,smithsusan@example.net,Single
278,Daniel Stewart,40,Male,1984-12-18,2018-08-19,Lead,163950,6,"49621 Bradley Way Suite 600, Lake Kirsten, AS 18179",560179273284,zpeck@example.net,Non-married
279,Rose Collins MD,29,Female,1995-11-08,2022-08-15,Developer,119341,1,"0492 Dale Mills Apt. 841, South Melindafurt, AK 24869",63976545817,ramseyangela@example.com,Married
280,Cory Shields,56,Female,1969-04-04,2024-02-29,Executive,178407,3,"Unit 6196 Box 8714, DPO AA 62334",18419429879,randallstacy@example.org,Married
281,Austin Ferguson,50,Male,1975-01-17,2021-11-11,Manager,86879,3,"525 Mueller Branch, South Jesseton, AR 62840",39788467788,martinezkatelyn@example.com,Single
282,Donald Jones,33,Female,1991-07-22,2019-08-27,Manager,126458,3,"39791 Heather Falls, Scottchester, TX 21218",685708637553,sanchezmegan@example.org,Non-married
283,Amanda Levy,29,Female,1996-02-21,2024-05-21,Lead,269040,1,"329 Steven Square, East Mark, AK 22253",89743028556,smithamber@example.org,Non-married
284,Michael Anderson,27,Male,1998-03-27,2023-02-17,Executive,79372,3,"4584 Kristie Meadow, Penaborough, ID 72239",549409024814,walkerteresa@example.org,Married
285,Lauren Johnson,36,Female,1989-03-31,2020-11-19,Executive,124760,7,"Unit 1584 Box 3059, DPO AP 84891",32433026716,ghickman@example.org,Single
286,Scott Wells,45,Male,1979-09-01,2016-03-20,Manager,194315,7,"158 Kelly Orchard Apt. 488, South Taylormouth, AR 31540",104207354409,annesantos@example.net,Single
287,Paul Wright,30,Female,1994-12-18,2022-10-19,Lead,260996,6,"6811 Alexander Roads, Brianton, UT 40064",1164631509,jthomas@example.net,Married
288,Andrew Wilson,45,Male,1980-03-29,2018-07-29,Executive,165561,3,"40653 Rangel Centers Apt. 661, North Stephanie, DC 56499",7790796706,kjones@example.com,Non-married
289,Michael Sloan,43,Male,1982-02-18,2024-10-13,Manager,156998,5,"USS Anderson, FPO AP 44338",9422578751,bill40@example.net,Married
290,Janet Nguyen,38,Female,1987-02-21,2021-05-08,Developer,257102,7,"6997 Kelly Trace, New Dana, WV 42887",4568564554,nicholsonkimberly@example.com,Single
291,Shane Mclaughlin,46,Male,1979-04-16,2022-03-28,Analyst,146714,2,"08724 Jonathan Junctions, Cherylborough, IN 69004",686963591892,davidglover@example.com,Non-married
292,Martin Robinson,52,Female,1973-04-14,2017-12-18,Lead,80108,6,"705 Ruiz Union, Johnsonchester, WV 18143",746417659624,msnyder@example.com,Married
293,Joshua Villa,59,Female,1965-06-24,2015-09-08,Manager,78880,6,"USCGC Morrison, FPO AP 03021",276479129625,brockchristian@example.com,Married
294,William Oliver,40,Male,1985-05-14,2016-10-22,Developer,72452,6,"4427 Joe Drives Suite 236, Port Brett, LA 10501",2703033912,cartersusan@example.net,Non-married
295,Andrea Garcia,54,Male,1971-05-15,2022-10-05,Analyst,118679,8,"138 Edwin Junction, South Michaelside, CO 22170",063297046518,bcruz@example.com,Non-married
296,Kathleen Hernandez,54,Female,1971-04-11,2018-07-29,Analyst,247878,7,"10831 William Pine, Clarkburgh, NM 26564",136985821418,joseph12@example.net,Single
297,Gina Washington,59,Male,1966-01-08,2023-04-06,Executive,246302,7,"621 Stevens Village, East Margaretview, WI 03496",480104328589,djackson@example.net,Non-married
298,Isabel Warren,35,Male,1990-04-18,2023-09-27,Executive,251946,6,"2287 Morrow Shoal Suite 218, Marshallberg, IL 37594",366351765168,haroldwhite@example.org,Non-married
299,Amanda Gardner,27,Male,1997-05-28,2016-06-14,Executive,71426,1,"513 Nicole Groves Suite 577, North Joseph, WI 91679",963174790530,dkidd@example.com,Non-married
300,Jill Thompson,41,Male,1983-06-11,2015-08-04,Lead,243292,7,"978 Moran Drive, Josephport, RI 19666",884045457304,rebecca86@example.org,Married
301,Yolanda Barrera,36,Female,1988-07-01,2019-09-29,Lead,208701,6,"28699 Peters Lights Apt. 316, New Thomasport, FL 48803",167898448981,nvelasquez@example.com,Non-married
302,Megan Walters,38,Male,1986-09-07,2019-12-22,Lead,186854,8,"7888 Frank Ridge, Joshuamouth, AL 02713",77258879939,opage@example.com,Married
303,Brian Davis,33,Male,1991-12-19,2023-09-06,Executive,105984,3,"PSC 5830, Box 8747, APO AA 92115",192121231531,andrea51@example.com,Single
304,William Lucero,44,Female,1980-07-08,2021-09-12,Manager,159623,4,"3633 Hamilton Fall Suite 383, North Christian, FL 52139",7121164495,chapmanadam@example.org,Single
305,Amanda Robertson,48,Male,1976-06-28,2019-09-23,Executive,160857,2,"PSC 6402, Box 7992, APO AE 78950",98306756006,nicholas98@example.net,Non-married
306,Laurie Stewart,28,Female,1997-03-29,2017-10-15,Analyst,163761,6,"PSC 7762, Box 4257, APO AP 63322",11189968577,claytonnoble@example.org,Non-married
307,Gregory Taylor,46,Female,1978-11-24,2023-03-22,Manager,103702,3,"902 Gordon Tunnel, Connorton, FM 38527",57488363645,taylorsanders@example.org,Non-married
308,Mr. Corey Moreno II,25,Female,1999-06-15,2021-06-23,Analyst,177935,3,"032 Serrano Brooks, Lake Nicholas, NC 17890",05829946732,xjohnson@example.com,Single
309,Joel Sosa,29,Female,1995-09-08,2018-11-23,Lead,172708,3,"7651 Michael Junctions Apt. 421, Lake Rodney, MI 75006",1009449251,wrightjohn@example.net,Single
310,Angelica Hernandez,50,Male,1975-04-28,2022-12-02,Lead,159569,7,"960 Gallegos Mews, Lake Gregory, IL 66033",01987579578,rhorne@example.net,Married
311,Linda Baker,38,Female,1986-07-09,2020-10-12,Lead,141386,8,"750 Johnson Lights, Rhodesburgh, NM 08080",7416296510,robertscharlene@example.net,Single
312,Joyce Jensen,34,Female,1990-07-08,2019-07-19,Analyst,126407,2,"965 Wayne Summit Apt. 244, East Tamiberg, NY 70617",383376374157,johnmorris@example.org,Single
313,Tiffany Sharp,29,Female,1995-09-19,2018-09-04,Analyst,279057,6,"28529 Cindy Mission Suite 519, Travisview, UT 87324",2330481217,natalie30@example.org,Non-married
314,Spencer Vance,41,Female,1983-07-27,2017-07-31,Manager,107232,8,"3379 Smith Greens Suite 657, South Mary, WI 71349",21921313662,benjaminsmith@example.com,Non-married
315,Claudia Campbell,28,Female,1996-06-06,2016-04-26,Analyst,127183,2,"2429 Huang Ridges, Tammyfurt, OK 19187",624288841178,dcampbell@example.org,Single
316,John Snyder,41,Female,1983-11-30,2019-11-14,Developer,180157,4,"6139 Johnson Flats, South Tracyburgh, MH 84718",19730710884,serranorachel@example.com,Non-married
317,Mercedes Moore,37,Female,1987-09-13,2019-12-27,Executive,99649,3,"1311 Hill Cape, South Keithmouth, IA 95536",189788146614,williambyrd@example.net,Single
318,Zachary Walters,32,Female,1993-04-22,2022-09-25,Executive,144920,3,"73966 Stephen Forge Apt. 431, Mccartyside, CO 00797",4463540879,burnettbrian@example.net,Single
319,Andrew Vincent,52,Male,1972-06-11,2016-08-04,Lead,80723,3,"983 James Roads, Kimberlyville, MA 13187",501422395721,dannycarter@example.net,Married
320,Ryan Jimenez,25,Female,1999-10-19,2020-08-16,Developer,216268,2,"USNS Hill, FPO AE 23837",919881429387,rachel47@example.org,Married
321,Kristin Fuller,43,Female,1981-10-23,2015-12-06,Developer,161635,5,"074 Vazquez Flats Apt. 182, Masonberg, VT 76334",3321731519,wmiller@example.com,Married
322,Michael Burns,34,Female,1991-01-12,2022-11-15,Analyst,153807,3,"836 Krista Loaf Apt. 403, Port Rebecca, MT 21809",85555307274,khenderson@example.net,Single
323,Nicole Livingston,25,Female,1999-11-25,2021-10-29,Lead,152055,3,"19938 William Shoals, Ronnieborough, WI 01961",23547088384,lscott@example.net,Non-married
324,Cathy Crane,55,Male,1969-08-03,2024-09-10,Analyst,265880,4,"0481 Brooks Wall, Solisville, TX 92973",5027552253,julian77@example.org,Single
325,Jennifer Fields,33,Female,1991-12-11,2015-09-24,Developer,273919,1,"46519 John Shore, Taylortown, NM 81354",14361560966,maddoxtracy@example.com,Single
326,Kevin Benton,28,Male,1996-09-07,2021-02-14,Lead,279576,8,"530 Stokes Island, North Tyler, NC 71733",638843865437,caindaniel@example.org,Single
327,Anthony Cain,37,Male,1987-09-24,2018-03-06,Analyst,276673,4,"359 Moore Corner Suite 246, Port Jennifer, FL 88234",59120920230,patricia64@example.org,Non-married
328,Judy Gallegos,37,Female,1987-06-03,2022-09-14,Manager,284084,4,"71261 Hill Hollow, Amyside, DC 81472",269903240857,logan88@example.com,Non-married
329,Amy Robinson,38,Female,1987-02-22,2020-07-04,Lead,284658,3,"89679 Mckinney Summit, New Anthony, MI 03162",52556750996,phillip42@example.net,Non-married
330,Melinda Watts,54,Female,1970-07-06,2023-08-06,Developer,136910,6,"5745 Raymond Loop, Nunezborough, MP 55193",046737190993,courtneygarcia@example.net,Married
331,Justin Miller,41,Female,1983-09-08,2018-11-13,Developer,282862,3,"4178 Allen Run, Kelleyberg, GU 68833",2361096852,wrice@example.net,Married
332,Jessica Gonzalez,46,Female,1978-11-20,2022-10-26,Lead,263811,8,"7448 Reese Island, Morrismouth, IN 59538",455854118072,timothysmith@example.org,Single
333,Maria Smith,32,Male,1992-12-03,2023-07-27,Developer,139987,2,"401 Morris Locks, South Maureenport, ND 73963",61502252179,johnsoncrystal@example.com,Single
334,Timothy Mcgrath,29,Male,1995-12-21,2019-01-18,Executive,117973,5,"PSC 6513, Box 4225, APO AE 14106",5288337576,sara33@example.org,Single
335,Bobby Levine,27,Male,1997-08-18,2021-03-31,Lead,84968,3,"143 Lawrence Springs, Tinaborough, MP 90721",0962126835,owhitehead@example.com,Non-married
336,Shirley Fields,25,Male,1999-09-10,2024-01-27,Manager,255054,3,"8896 Hopkins Squares, Micheleberg, MH 64912",47090601391,daniel45@example.org,Married
337,Mr. Patrick Lester DDS,51,Female,1974-04-17,2018-01-27,Analyst,178415,5,"08362 Baker Coves Apt. 165, South Jacobhaven, AS 11385",75825090158,keithroman@example.org,Non-married
338,David Wood,57,Female,1967-11-29,2018-06-27,Analyst,199980,8,"1205 Melissa Canyon Apt. 823, Sanchezborough, HI 46162",809934174128,pottsmadeline@example.com,Single
339,Gary Spencer,43,Male,1981-08-25,2024-08-06,Lead,155301,3,"547 Katelyn Ville Apt. 908, Conwayside, FM 81220",390826549235,jacksonjustin@example.com,Non-married
340,Michelle Stewart,25,Female,1999-11-25,2016-03-06,Analyst,221182,1,"4531 Gutierrez Fork Apt. 055, Dustinfort, VI 21949",07700239554,johnjackson@example.com,Non-married
341,Betty Duncan,27,Male,1997-12-20,2018-04-02,Manager,105657,8,"387 John Highway, New Samantha, FM 35370",7538460419,emorales@example.com,Married
342,Michelle Wright,50,Female,1974-07-25,2019-07-05,Executive,272083,7,"PSC 7959, Box 2723, APO AP 70462",16412142369,sean12@example.net,Non-married
343,Crystal Burke,50,Female,1974-10-30,2018-04-16,Analyst,91217,5,"189 Debbie Center, Gracetown, MI 42821",16821011970,anawhite@example.org,Married
344,Gary Duncan,56,Female,1969-04-29,2024-10-16,Developer,186230,6,"58236 Kayla Crescent, South Christopher, VT 64323",79874897125,debrasingh@example.org,Single
345,Jason Wilson,46,Male,1979-05-03,2023-10-04,Analyst,140246,5,"2920 Gallagher Throughway, East Loganview, MD 03432",74137874886,charles57@example.net,Married
346,Allen Byrd,56,Female,1968-08-22,2023-10-18,Analyst,256461,2,"038 Cortez Turnpike, Carriehaven, WI 07580",027333048930,carterryan@example.org,Single
347,Julie Cobb,49,Female,1976-05-13,2015-06-09,Executive,270579,6,"22322 Pamela Road, South Lorettahaven, WV 93316",09240016270,ymiller@example.org,Married
348,Brittany Brady,41,Female,1984-01-27,2022-03-05,Executive,97107,5,"83996 Powell Manors Apt. 576, Lorifort, MH 14560",85143219416,ffuller@example.org,Married
349,Diana Reynolds PhD,46,Female,1979-02-24,2018-03-03,Lead,221101,3,"69977 Ingram Lane, Port Megan, IN 21660",365164985359,tinathornton@example.org,Single
350,Richard Brewer,31,Male,1993-10-02,2020-04-05,Developer,147379,6,"6962 Jackson Mountain, Port Michael, KS 17060",25871449082,cmitchell@example.com,Single
351,Brad George,32,Female,1993-02-13,2022-11-22,Analyst,284726,2,"80974 Preston Landing, Lambland, IA 35789",3641665911,eduardohays@example.net,Non-married
352,Frank Bates,38,Male,1986-10-28,2018-10-23,Manager,149391,1,"Unit 4903 Box 1097, DPO AA 18381",7700484673,jorge57@example.com,Single
353,Adrian Palmer,31,Male,1994-04-29,2022-05-13,Analyst,70309,4,"42753 Livingston Ridge Suite 135, West Brooke, CO 98572",5384545307,fdavila@example.com,Non-married
354,Kristen Duncan,37,Male,1987-08-01,2023-03-10,Executive,263473,3,"60615 Deborah Greens, Thomasfort, UT 54555",616042158300,damonhodges@example.net,Single
355,Patrick Riggs,40,Female,1985-03-12,2022-09-20,Lead,224861,2,"065 Katie Brooks Suite 588, Port Erinport, GA 83136",995109859662,ydiaz@example.org,Married
356,Mary Jackson,51,Female,1973-12-27,2020-10-24,Analyst,184681,7,"75685 Harris Point, West Christine, MH 32201",115772362890,kennedycolin@example.net,Single
357,Jack Mitchell,36,Female,1988-08-11,2025-01-07,Developer,188829,1,"37082 Wells Meadows, Gonzalezburgh, DE 79005",11090164161,hgarcia@example.com,Married
358,Shannon Taylor,32,Male,1992-11-07,2021-03-05,Analyst,168049,8,"Unit 9449 Box 7215, DPO AA 04635",283671351590,fletcherpatricia@example.org,Married
359,April Cooper,39,Female,1986-02-22,2018-02-16,Manager,109507,4,"95766 Claire Island Apt. 064, Jamesview, MO 12830",24592270855,williamanderson@example.net,Non-married
360,Kelly Boyer,60,Male,1964-06-14,2019-04-02,Analyst,233648,1,"PSC 6551, Box 3588, APO AE 49947",99337391006,rebeccagutierrez@example.org,Married
361,Kelly Wood,29,Female,1996-02-13,2015-08-25,Developer,223801,6,"5390 Patterson Roads, Jamesport, DC 34096",9735544751,andrew63@example.com,Non-married
362,David Ruiz,31,Male,1994-01-30,2015-10-03,Developer,279584,4,"79068 Tammy Ridges Suite 083, Paultown, WA 64258",23593138436,hannah42@example.org,Single
363,Kaitlyn Smith,54,Male,1970-11-17,2020-02-01,Developer,73379,5,"3782 Cindy Heights Apt. 211, Sherriberg, NV 08035",0722973276,stephanie45@example.org,Married
364,Erik Brewer,44,Female,1980-10-13,2017-12-19,Executive,139954,7,"36317 Henry Turnpike Apt. 703, Rachelside, VT 03951",2768306069,anna23@example.org,Non-married
365,Amy Garcia,57,Female,1968-03-30,2019-05-26,Analyst,221789,2,"768 Kimberly Gardens Apt. 049, New Lauren, NC 58877",4432357321,nicolebeasley@example.com,Single
366,Eric Wade,38,Female,1986-11-08,2020-06-24,Executive,120761,5,"471 Rachel Locks Suite 807, North Aaronstad, MP 30525",9057417532,natashalogan@example.org,Single
367,Samantha Randolph,27,Male,1997-12-11,2018-08-14,Analyst,110385,2,"USNS Myers, FPO AE 22435",87698722783,jackie31@example.com,Single
368,Michael Williams,44,Male,1980-11-25,2021-08-15,Lead,274032,8,"9999 Moody Bypass Suite 670, New Waltermouth, OK 41516",47500511147,emma04@example.com,Married
369,Christopher Jackson,33,Male,1992-01-17,2024-05-12,Analyst,93092,7,"39353 Stewart Pine Suite 357, South Luke, NJ 97390",7171515688,frank13@example.net,Single
370,Ebony Mitchell,57,Male,1967-07-18,2016-05-23,Manager,110979,8,"5444 Taylor Avenue Apt. 588, Allenburgh, AZ 10758",0019300601,panderson@example.net,Non-married
371,Elizabeth Doyle MD,28,Female,1996-12-16,2017-05-08,Executive,77825,1,"6354 Tammy Estate Apt. 803, North Brian, GA 64187",9693545060,andrewlewis@example.com,Married
372,Angelica Conrad,44,Female,1981-04-19,2024-10-28,Manager,226695,4,"569 Marshall Cove, West Deborahborough, WV 26438",09640871227,kristopher55@example.net,Non-married
373,Benjamin Mcknight,37,Male,1987-08-12,2024-01-21,Developer,253906,4,"PSC 1655, Box 7146, APO AP 99135",65297272360,caseysimpson@example.com,Single
374,Mary Stevenson,58,Male,1966-08-30,2017-10-16,Developer,77077,8,"62196 Pierce Ford, New Amandaside, MS 65995",33782288175,turnerdennis@example.net,Non-married
375,Robert Huang,56,Female,1968-10-08,2016-04-27,Executive,86678,8,"04368 Miller Dale, Daleborough, AZ 76671",51952300432,thomaspowers@example.net,Single
376,Christine Lynn,33,Female,1991-09-09,2024-03-12,Executive,164783,2,"51066 Cynthia Roads, Port Cherylton, IN 01322",01155166889,pearsondustin@example.com,Single
377,Ashley Luna,33,Female,1992-01-04,2024-06-16,Executive,171776,8,"7813 Jason Cove Apt. 437, Velezhaven, WA 34476",393581274008,ggonzalez@example.org,Single
378,John Brown,59,Male,1965-11-21,2022-05-01,Analyst,281131,1,"779 Mary Flat, Martinland, DC 42072",395366471460,lindsey91@example.net,Single
379,Aaron Price,47,Female,1978-01-12,2022-07-29,Executive,84903,1,"34153 Williams Hollow, South Brianna, WY 58194",823226871750,paula51@example.com,Married
380,Adam Gates,44,Female,1980-11-21,2021-08-22,Developer,204156,3,"988 Kennedy Inlet Apt. 597, Johnburgh, DC 72891",5091480028,ashley53@example.org,Single
381,Michael Sullivan,60,Female,1964-12-02,2024-06-27,Manager,246176,3,"869 Johnson Islands, South Danielbury, AZ 71149",686840473650,clarkkyle@example.net,Married
382,Steven Graham,33,Female,1991-06-06,2016-06-22,Analyst,119790,7,"683 Ritter Keys, Blairmouth, DC 29738",002079673992,maria13@example.net,Single
383,Larry Grant,47,Male,1977-05-29,2015-12-20,Lead,161752,4,"25854 Watts Vista Apt. 375, Lisafort, NC 94440",903553473429,bluna@example.net,Non-married
384,Dr. Lauren Conner,49,Male,1975-08-13,2015-09-17,Lead,261210,3,"81447 Joshua Points Suite 731, Port Jeffrey, WY 57760",3686374951,smithmary@example.net,Non-married
385,Ryan Thompson,45,Female,1979-10-03,2020-06-19,Manager,127102,4,"7714 Summers Points, Fordstad, PW 79941",7695149877,alexishernandez@example.net,Single
386,Paul Pittman,42,Male,1982-06-13,2016-07-02,Developer,136360,1,"577 Garcia Roads Suite 941, Brownside, HI 73561",91022413837,rose86@example.com,Non-married
387,Marissa Robinson,45,Female,1980-01-18,2023-02-17,Analyst,105057,6,"102 Michael Corners Suite 996, New Tracy, AR 26519",0608394870,rosegabrielle@example.com,Single
388,Patrick Henry,25,Female,2000-04-01,2017-02-27,Analyst,261119,7,"555 Tonya Hollow, Scottshire, CT 06277",941799780238,olivia83@example.net,Non-married
389,Sara Jenkins,58,Male,1967-05-22,2022-06-10,Manager,190699,1,"82941 Murray Mount Apt. 919, New Timothymouth, TN 46114",45075990848,jeff13@example.com,Single
390,Mary Taylor,56,Female,1969-01-09,2024-12-27,Lead,75691,6,"789 Brandon Corner Apt. 131, Cunninghamshire, WI 96046",964101513675,bpratt@example.net,Married
391,Jonathan Reeves,33,Male,1991-07-14,2016-05-09,Analyst,179808,3,"6189 Jenkins Mountains Suite 126, North Devin, NH 86137",77850143130,jennifer34@example.net,Single
392,Shane Jacobs,52,Female,1972-10-08,2022-04-23,Executive,269541,2,"959 Michael Walks, Graveston, AZ 65256",802114865516,perezronald@example.com,Married
393,Larry Fox,53,Female,1971-06-15,2024-02-21,Lead,166229,8,"415 Murphy Ridge, Herreraberg, VA 82369",772796147307,tgarcia@example.com,Single
394,Henry Richardson,46,Female,1978-07-08,2023-06-06,Analyst,222417,1,"PSC 3436, Box 6837, APO AE 61708",5544254991,thomas59@example.net,Married
395,Melissa Lamb,26,Female,1998-09-20,2017-01-27,Executive,113268,1,"17048 Bush Burgs Apt. 423, South Susanmouth, RI 73687",2547078761,deborah21@example.com,Married
396,Kathy Zuniga,38,Male,1986-12-03,2018-10-16,Executive,265755,2,"7369 Jennifer Expressway Suite 515, Anitaville, MI 98987",981431961729,genglish@example.net,Single
397,Melanie Williams,36,Male,1988-09-29,2021-06-01,Analyst,250399,6,"827 Gonzalez Common Apt. 236, Fitzpatrickmouth, SD 74936",2551632853,gonzalesbianca@example.org,Single
398,Anthony Lutz,35,Male,1989-06-22,2016-09-10,Executive,284808,4,"00211 Janet Island Apt. 821, Lewismouth, CA 62720",4696775325,xburke@example.net,Married
399,Robert Pham,58,Female,1966-05-29,2020-09-07,Manager,253919,7,"Unit 9244 Box 1777, DPO AE 22554",9196268399,johnfowler@example.com,Married
400,James Estrada,26,Male,1999-01-17,2021-07-04,Analyst,231785,7,"09617 Johnson Union Suite 920, East Thomas, NH 02312",8932654699,jackiejohnson@example.org,Non-married
401,Jeffrey Hernandez,29,Male,1995-12-30,2019-11-22,Lead,222481,7,"5071 Hunt Mountains, Josemouth, SC 09660",042046425037,james37@example.com,Married
402,Dwayne Duncan,34,Female,1990-10-31,2021-10-31,Lead,151769,2,"440 David Groves, Brookstown, WV 20480",546642406598,collin71@example.org,Single
403,Seth Zimmerman,59,Male,1965-08-17,2017-01-21,Developer,209421,1,"809 Hernandez Village, New Stevenstad, GU 06512",296030086173,aprilprice@example.net,Single
404,Javier Martinez,27,Male,1998-03-26,2022-01-16,Developer,213094,2,"USCGC Jordan, FPO AP 20967",367848598359,jamesgonzalez@example.com,Single
405,Mario Ortega,28,Male,1996-06-25,2019-01-13,Developer,189803,1,"98921 Sullivan Mews Apt. 368, Lake Jameshaven, MD 65119",93204427949,hernandezalyssa@example.com,Single
406,Adam Munoz,47,Female,1977-07-07,2019-11-14,Developer,233041,4,"87348 Brian Meadows, Lake Sara, ME 44004",6053978161,bonnie98@example.com,Single
407,William Smith,44,Male,1981-04-03,2020-08-07,Executive,167325,7,"5464 Daniel Loop Apt. 848, North George, NV 20545",362085382748,jesuslopez@example.net,Single
408,Christina Chang,32,Male,1992-10-13,2015-12-04,Developer,161678,2,"3504 Emily Vista Apt. 264, North Donaldville, NE 34640",943014705710,kcarter@example.com,Non-married
409,Rebecca Morrison,50,Male,1974-12-22,2020-12-14,Executive,146861,6,"USCGC Green, FPO AA 50245",259676783624,alexandercastillo@example.org,Single
410,Elizabeth Farley,59,Female,1966-05-13,2020-12-27,Developer,86776,3,"442 Riley Views, East Lisa, MO 12665",5444861781,gregorythomas@example.com,Married
411,Julie Cole,25,Female,1999-08-31,2016-05-20,Developer,286269,1,"10660 Michelle Pike, Monicashire, LA 50951",57441716828,abigailcohen@example.com,Single
412,Dawn Santos,32,Female,1993-05-09,2021-01-30,Analyst,182287,2,"5676 Robin Village, New Tiffanyberg, CA 05345",87327159041,taylor47@example.net,Single
413,Melissa Pacheco,44,Female,1981-03-21,2017-03-20,Lead,284746,2,"914 Cisneros Valley, Jeremyside, ME 45715",58543235366,michellethompson@example.com,Single
414,Jonathan Bradley,34,Female,1991-05-20,2015-12-21,Manager,137135,4,"0201 Bethany Forge Apt. 742, Craigmouth, KS 69724",3255951023,kennethsmith@example.org,Non-married
415,Allison Norris,45,Female,1980-01-11,2017-03-07,Lead,150202,2,"641 Stephen Court, Alvaradoshire, KY 06148",6035638892,smithlori@example.org,Married
416,Tara Chavez,53,Female,1972-02-27,2020-10-01,Analyst,191031,5,"31942 Smith Junction, Wigginsshire, CA 75398",451313398087,kimberly60@example.org,Married
417,Tammy Anderson,47,Male,1977-12-10,2020-04-19,Lead,178776,8,"1382 Sherry Corner Suite 042, East Emily, IN 12190",57125169327,awilliams@example.com,Non-married
418,Julie Humphrey,54,Female,1970-06-26,2018-06-03,Lead,152924,2,"0627 Morrison Streets, Port Tyler, PW 42783",4469878827,cpowell@example.org,Non-married
419,Michael Kramer,57,Male,1968-01-18,2019-08-18,Developer,195561,7,"USCGC Stanley, FPO AA 10817",802836682537,bridgesstephen@example.com,Single
420,Julie Garcia,43,Male,1981-10-05,2020-07-25,Executive,278834,7,"106 Duncan Plain Suite 777, North Becky, NY 58697",82282133564,colewesley@example.org,Non-married
421,Yolanda Swanson,53,Male,1971-12-05,2021-03-02,Developer,86969,3,"USCGC Bautista, FPO AA 86412",915341933617,ahanson@example.com,Married
422,Sarah Nelson,52,Female,1973-01-18,2025-01-23,Analyst,110153,3,"053 Beck Street Suite 166, East Allisonside, WI 80483",719726993271,jonathan57@example.net,Non-married
423,Lauren Thompson,40,Male,1984-08-10,2018-11-06,Analyst,175247,6,"637 Ryan Vista, Guzmanville, MD 33428",246433694188,wrightdylan@example.net,Single
424,Tammie Zimmerman,50,Female,1974-12-25,2017-03-16,Analyst,83895,1,"48537 Chavez Trail, Richardsonchester, WY 99540",8037544830,patrickgonzalez@example.net,Single
425,Crystal Mclean,41,Male,1984-03-04,2017-09-04,Lead,85589,1,"6775 Oliver Roads Suite 935, New Edward, MD 73990",51949956430,tbarker@example.com,Non-married
426,Krista Watson,38,Female,1986-07-04,2021-10-28,Lead,238189,1,"816 Monroe Isle Suite 373, Cooktown, PW 95609",0691850347,jenningstammy@example.com,Non-married
427,Christine Pearson,47,Male,1978-03-12,2016-01-02,Developer,213807,5,"8731 Clark Dale Apt. 923, Port Crystalchester, FM 50559",1890869007,bonnielawrence@example.net,Non-married
428,Jeff White,30,Female,1995-02-27,2025-02-07,Manager,269837,5,"PSC 3669, Box 8391, APO AP 48818",3622966786,brent30@example.net,Non-married
429,Sierra King,39,Male,1986-04-03,2023-07-04,Analyst,147269,5,"54971 Clark Mountains, Jameshaven, AS 96903",2337684854,emily94@example.net,Single
430,Andrew Nguyen,28,Male,1996-08-01,2021-08-16,Manager,108876,4,"60968 Reynolds Pass, Chrisport, AZ 73932",197098595155,jason22@example.net,Non-married
431,Stephanie Harris,49,Female,1975-08-15,2023-12-24,Executive,190652,2,"PSC 9656, Box 6018, APO AA 21912",9882263260,stevenscatherine@example.com,Married
432,Ryan Dickerson,49,Male,1975-10-26,2022-06-25,Executive,221585,6,"936 Tara Lane, East Christopherville, ND 13449",596050710894,brenda04@example.com,Single
433,Nicholas Hurst,31,Female,1994-02-15,2017-05-04,Manager,99511,1,"783 Wesley Ville, Bethmouth, NE 26361",76888807403,robinsmith@example.com,Non-married
434,Paul Michael,37,Male,1987-09-01,2025-02-25,Manager,70937,5,"531 Reyes Plaza Apt. 587, Krystalhaven, PR 22428",58417547182,nicolemiller@example.net,Non-married
435,Steven Allen,47,Male,1977-07-17,2022-07-11,Analyst,90400,1,"30517 Andre Ports Apt. 076, East Karenburgh, OK 43342",1793138307,mandybecker@example.com,Non-married
436,Melissa Blair,36,Female,1988-06-27,2019-06-24,Lead,231298,5,"311 Kristin Drives Suite 086, Tammyfort, NE 05403",13153530841,mikaylapayne@example.com,Non-married
437,Michael Carrillo,41,Female,1983-06-22,2023-10-09,Developer,257602,4,"99461 Dawn Plaza Apt. 778, Maryhaven, PA 31706",301733133532,wgordon@example.net,Married
438,William Chapman,36,Female,1988-08-13,2019-04-07,Lead,227040,2,"70408 Andrea Flats, Hollytown, MI 82925",775675872785,onealedward@example.com,Single
439,Sean Wallace,57,Male,1967-10-05,2016-02-03,Analyst,185259,7,"33218 Francisco Stravenue Suite 194, Troyland, NH 21121",398780985276,melissa48@example.org,Married
440,Melissa Contreras,58,Female,1967-01-14,2015-07-14,Executive,155629,4,"7980 Amy Turnpike, North Patrickchester, TN 71995",19714627388,nmartin@example.com,Single
441,Kelli Martinez,29,Male,1996-05-16,2022-06-24,Manager,93976,7,"8879 Johnson Gardens, Spencerborough, TN 43834",716790280837,janet44@example.com,Single
442,Dillon Rose,57,Female,1967-09-14,2024-01-08,Manager,153788,4,"3971 Frank Via, North Rachel, OR 76363",1421518787,drobinson@example.org,Single
443,Elizabeth Kirk,47,Female,1977-12-03,2018-09-05,Lead,115357,6,"Unit 3031 Box 9809, DPO AP 49050",630363138586,tracey98@example.net,Married
444,Sierra Simpson,30,Female,1995-04-19,2019-01-23,Analyst,193377,3,"6182 Anna Estate Suite 046, Lake Diana, TX 69391",391045921000,djohnson@example.net,Non-married
445,Heather Harris,60,Male,1964-11-12,2019-04-30,Analyst,145135,6,"7634 Tammy Viaduct Suite 589, Nicholasland, FM 82582",5800946981,bryan60@example.org,Single
446,Katelyn Smith,56,Female,1969-05-10,2016-03-26,Executive,89707,2,"097 Pierce Forge Apt. 320, Marshallmouth, FL 17725",6721963999,josephjennings@example.org,Non-married
447,Erica Rivera,30,Female,1995-04-22,2017-09-30,Manager,88226,3,"4187 Collins Trail Suite 054, Robertside, WY 90296",533883185814,nicole83@example.org,Married
448,Sandra Tate,54,Female,1970-08-14,2019-06-03,Lead,170247,6,"1058 Heather Keys Suite 877, Ortizview, DC 25345",05047444733,lgarcia@example.com,Non-married
449,Timothy Chan,59,Male,1966-03-23,2017-03-18,Executive,151904,7,"781 Boyd Valley, Sarahville, MS 56040",004506512134,zwolfe@example.com,Married
450,George Whitaker,37,Female,1987-06-23,2016-09-03,Lead,261251,5,"04635 Brown Islands, Port Toni, ND 70303",9602849215,catherine16@example.org,Married
451,Wendy Dennis,51,Female,1973-09-06,2017-04-05,Executive,119697,8,"0007 Robert Pine, Larafurt, GU 26545",537007175688,monicawallace@example.com,Non-married
452,Lisa Diaz,26,Female,1998-10-17,2017-01-27,Developer,81943,6,"3242 Oconnell Light, Melissaland, CT 01131",35183816844,tiffanycollins@example.com,Non-married
453,Kim Hall,26,Female,1998-09-12,2017-03-07,Executive,122607,1,"35830 Tracy Turnpike, Sandersshire, CA 71734",0243416634,reginaldmurphy@example.com,Non-married
454,Kristie Harmon,55,Male,1970-05-18,2018-04-21,Executive,98005,6,"15151 Hannah Centers Suite 740, Curtisside, NV 80187",6326566856,aellis@example.net,Single
455,Timothy Smith,49,Female,1975-11-15,2025-01-16,Analyst,268450,3,"5973 Thornton Parkway, East Jonathan, AR 02548",1464597798,frank95@example.com,Married
456,Katie Walls,25,Male,2000-03-02,2022-02-10,Manager,106560,7,"Unit 8806 Box 7160, DPO AA 94253",3842112779,zmaxwell@example.net,Married
457,Tasha Smith,49,Male,1975-07-05,2016-09-07,Manager,115056,5,"3731 White Islands, New Arthur, RI 87208",891586009134,colin08@example.com,Non-married
458,William Melton,52,Female,1972-12-06,2024-01-28,Developer,214874,4,"784 Ashlee Summit Apt. 013, Grantberg, ND 34519",189135048922,sophia53@example.com,Married
459,Peter Davis,47,Female,1978-02-26,2020-09-09,Developer,244511,4,"2950 Donna Mews Apt. 652, North William, VT 88041",265488303670,kendrathomas@example.com,Non-married
460,Alicia Davis,42,Male,1982-10-24,2018-06-25,Executive,85213,2,"USNS Gordon, FPO AP 78735",569787155381,john13@example.com,Single
461,Monica Williams,40,Female,1985-04-28,2019-04-11,Executive,206970,5,"239 Beard Loaf, Andrewton, VA 33973",30340091893,michael29@example.com,Married
462,Robert Smith,52,Female,1972-06-26,2020-01-21,Analyst,209451,8,"436 Madison Ridge Suite 642, New Jeremytown, MS 01069",36139569492,xjackson@example.org,Single
463,Mark Shelton,36,Male,1988-09-20,2016-02-26,Analyst,163252,2,"657 Kimberly Cape Apt. 930, East Jamesland, PA 73110",1789962766,scoleman@example.org,Single
464,Thomas Mills,35,Male,1989-06-04,2019-05-08,Analyst,104706,5,"595 Charles Square Apt. 465, West Christophershire, SC 26714",56884429002,julierobinson@example.com,Single
465,Jay Rowe,45,Female,1979-11-08,2023-10-14,Executive,77638,8,"246 Dana Cove Apt. 776, Murphyview, WV 85565",97973845707,marissa99@example.org,Non-married
466,Shaun Huang,32,Male,1993-04-14,2023-01-01,Analyst,276376,7,"07403 Jennifer Islands, West Reginald, OR 23879",8958375309,victoriabridges@example.org,Single
467,Jennifer Lewis,58,Male,1967-04-27,2016-02-11,Executive,73539,1,"8321 Wilson Green Suite 124, Port Mckenzieborough, MO 23700",19298585720,natalieclark@example.net,Married
468,Cassidy Young,49,Male,1976-03-01,2018-03-24,Developer,72124,5,"2824 Perry Rapids Suite 791, West Anthonyside, MS 51750",727655242087,tyler54@example.net,Single
469,Courtney Thomas,55,Male,1969-11-13,2018-09-03,Developer,220640,6,"USS Wells, FPO AE 56890",92641708988,olivia08@example.org,Single
470,Nicole Wallace,39,Female,1985-10-21,2017-02-06,Lead,73082,5,"1429 Theresa Forks Suite 581, North Michael, AL 44864",6517854808,christopher23@example.net,Married
471,Elizabeth Pena,58,Female,1967-04-11,2015-08-23,Analyst,224507,1,"485 Johnson Rest Apt. 147, Hamiltonmouth, MD 90053",9842596808,barbara35@example.net,Single
472,Ronald Swanson,56,Female,1969-01-12,2019-01-07,Manager,77947,5,"7580 Butler Highway, New Thomasside, GU 13348",26713547924,abowman@example.org,Single
473,Jade Willis,50,Male,1975-03-05,2023-02-22,Executive,132830,8,"6068 Drew Circle, East Andrewport, PR 45585",14732725531,taragonzalez@example.org,Non-married
474,Michele Gross,36,Male,1988-10-06,2015-06-01,Developer,260855,8,"10545 Evans Center, Nicholasport, MT 45197",8648053327,theresa63@example.com,Married
475,Brandon Perez,25,Male,1999-06-16,2018-08-19,Lead,193994,4,"28998 Pope Flat, Lake Jamie, IN 69823",7168760189,campbellkelly@example.com,Married
476,Victoria Davis,43,Male,1982-01-07,2025-01-18,Manager,116402,1,"53024 Jenkins Squares, Jonathanfurt, TX 46456",8270964470,joshua56@example.com,Married
477,Lisa Adams,51,Male,1973-11-28,2021-09-06,Lead,182850,6,"2164 Colin Trail, East Kaitlinborough, PA 22693",19030866629,mariachavez@example.com,Married
478,Courtney Smith,33,Male,1991-05-28,2015-11-30,Manager,230214,8,"57989 Proctor Shoals, Jessemouth, AZ 36356",0386568937,kparsons@example.org,Married
479,Sarah Smith,60,Female,1964-08-04,2017-02-16,Lead,104910,2,"78162 Green Rapid Suite 626, North Jordan, ME 48373",754034898426,lopeznancy@example.net,Non-married
480,Allen Richardson,47,Male,1978-03-05,2023-10-08,Developer,86427,4,"86491 Christopher Harbors Apt. 142, New Kevinchester, AS 17605",2499857794,webbgeorge@example.org,Non-married
481,Daniel Navarro,50,Male,1975-05-16,2025-04-02,Executive,117658,5,"710 Angela Circle, Cindyfort, WA 82165",93128293697,paulsimmons@example.com,Non-married
482,Ashley Chapman,36,Female,1989-05-20,2023-06-18,Developer,226532,2,"14254 Norton Hill, Desireechester, IL 43928",215525591388,lisasilva@example.com,Non-married
483,Melanie Stone,45,Female,1980-04-01,2018-03-30,Analyst,249756,4,"01751 Jesse Forest Suite 531, Emilyville, VA 60230",74132712993,rhodesamanda@example.org,Married
484,Lisa Brown,51,Male,1974-01-10,2017-08-08,Manager,229778,8,"44966 Kendra Centers, South Mary, VT 97612",30279129958,donnadavis@example.net,Non-married
485,Steven Jordan,45,Male,1979-06-16,2018-05-02,Lead,185298,3,"09259 Bell Dam, South Josetown, NM 23137",546579504664,hurstadam@example.net,Non-married
486,Jennifer Baker,53,Male,1971-07-16,2017-07-10,Manager,264252,7,"00584 Michelle Key Suite 780, Floresside, RI 11932",574149826586,tracy52@example.com,Married
487,Jose Mitchell,48,Female,1976-07-19,2017-12-30,Developer,263835,4,"8093 Andrew Prairie, Grantstad, ND 96220",749101726096,david16@example.org,Non-married
488,Audrey Roberts,55,Female,1970-01-01,2018-10-27,Analyst,134487,7,"508 Justin Cove, Sanchezburgh, DC 56770",5408718947,thomascooley@example.com,Single
489,Deborah Marks,36,Female,1989-05-06,2018-08-11,Developer,189326,3,"267 Washington Corner, New Kevin, MA 14538",4669619927,jenniferpatterson@example.net,Married
490,Sarah Hansen,51,Male,1974-05-12,2021-10-16,Analyst,79512,4,"702 Julie Union Apt. 658, Lake Ryan, OR 55925",149949113919,williambailey@example.org,Single
491,Phillip Richardson,57,Male,1967-10-27,2017-09-13,Manager,177279,4,"0119 Gonzalez Corners Suite 654, Harrisstad, IN 20770",1815218009,madisonjohnson@example.net,Single
492,Lori Ruiz PhD,38,Female,1987-02-02,2024-10-20,Lead,111688,2,"14643 Dwayne Station, East Debraburgh, NJ 30317",873501413638,justin60@example.com,Non-married
493,Philip Butler,42,Male,1982-08-17,2024-11-10,Developer,234501,7,"27279 Mandy Square, North Amyshire, CA 62436",424893680851,thompsonkathryn@example.org,Single
494,Sandra Love,47,Female,1977-08-16,2025-03-01,Lead,192847,3,"063 Stanton Place Suite 878, Roblesland, CA 26234",056109547852,chandlerelizabeth@example.net,Single
495,Jeremy Stephens,36,Male,1989-01-01,2022-05-15,Analyst,227184,6,"882 Smith Crest, North Hannahbury, CO 50201",90280499886,steven11@example.com,Non-married
496,James Flowers,55,Female,1970-05-09,2024-06-16,Manager,279794,1,"9389 Howell Coves, New Juliaton, PA 75040",566379506845,carrie31@example.com,Married
497,Craig Jones,30,Female,1995-03-16,2018-10-29,Lead,164409,3,"USNS Holmes, FPO AE 77403",6054652646,hoffmanmichael@example.org,Non-married
498,Jasmin Deleon,29,Male,1996-05-14,2021-12-20,Developer,276206,4,"014 Brooke Burgs, East Triciabury, CO 90705",930927806097,montesbrandon@example.org,Non-married
499,Bethany Ashley,41,Female,1983-08-09,2017-06-09,Executive,215629,3,"516 Tyler Corners, East John, DC 69626",071523178556,rcarter@example.com,Married
500,Michele Wallace,55,Male,1969-12-15,2018-04-25,Lead,260639,3,"65035 Klein Key Apt. 981, Foleyburgh, FL 35702",281968919893,juliejames@example.org,Non-married
501,Pamela Hicks,31,Female,1993-10-19,2024-01-31,Lead,149361,6,"PSC 2072, Box 8655, APO AP 05256",97055542668,justinbaker@example.org,Non-married
502,Tiffany Parker,30,Female,1994-06-21,2021-10-18,Analyst,104197,1,"5432 Lewis Lodge Suite 183, Edwardfurt, ID 03530",5282064674,theresaswanson@example.com,Married
503,Heather Mcmillan,52,Female,1972-08-13,2020-09-14,Analyst,202288,2,"625 Arnold Turnpike Suite 015, New Richardshire, MI 16737",2737136629,sparksgarrett@example.org,Married
504,Amy Graham,45,Male,1979-07-22,2019-06-30,Executive,273196,2,"028 Norman Terrace Suite 519, Hallchester, TX 73266",16573215450,gmiller@example.net,Married
505,Kristy Odom,35,Female,1989-07-15,2023-09-17,Analyst,204633,8,"691 Webb Tunnel Suite 790, Terryland, OH 76558",99272729467,gateschelsea@example.org,Married
506,Tracy Williams,26,Male,1999-05-11,2016-02-25,Analyst,185436,6,"507 Anna Mission Apt. 555, Samuelport, GA 24297",921026342179,bauermelissa@example.com,Married
507,Lisa Schultz,52,Male,1973-03-21,2024-05-28,Lead,122676,2,"274 Alexis Springs, New Edwardmouth, RI 03908",679194973046,brandon92@example.net,Single
508,Justin Diaz,32,Male,1993-05-04,2021-01-25,Lead,127081,7,"4582 Joshua Lake Suite 677, Cherryside, VT 50145",65723117404,ygood@example.org,Single
509,Louis Rodriguez,40,Male,1984-10-29,2023-09-03,Developer,221155,3,"USS Roberts, FPO AA 72583",5769168804,jamesmichael@example.net,Single
510,Juan Myers,47,Female,1977-10-08,2022-01-16,Analyst,272351,2,"89587 Ortiz Ramp Suite 787, Garyborough, ME 24477",4807465543,terrence36@example.com,Married
511,Troy Smith,54,Female,1970-05-29,2015-07-25,Developer,109580,5,"21335 Sandoval Ferry Apt. 577, Silvaburgh, GA 89519",294007355505,jameslang@example.com,Non-married
512,Joseph Lowe,35,Male,1990-01-03,2019-01-20,Executive,70675,8,"5175 Donna Pike Apt. 340, Garymouth, NH 54715",9523164556,christian28@example.com,Single
513,Lisa Long,35,Male,1989-06-19,2017-02-16,Lead,259323,5,"47693 Danielle Forks Suite 765, West Stephen, NJ 53548",58034141359,qblair@example.net,Single
514,Austin Gutierrez,38,Female,1986-08-17,2019-05-03,Developer,165510,8,"388 Gutierrez Mountains Apt. 316, Meredithchester, PR 55311",45002777127,tnelson@example.org,Married
515,Olivia Martin MD,34,Female,1990-06-11,2016-09-19,Developer,197281,2,"468 Thompson Path, Juliachester, MP 15350",135957661437,victor76@example.org,Married
516,Earl Bass,42,Male,1982-06-24,2022-11-10,Developer,275423,8,"8823 Brooke Mission, West Brianton, MS 66075",4387410600,oliviahenderson@example.net,Single
517,Brittany Simmons,47,Male,1977-11-27,2016-02-06,Lead,86410,4,"66403 Roberson Well Suite 035, Palmerhaven, VI 41563",070365578722,ystevenson@example.org,Married
518,Kevin Coleman,32,Male,1992-10-31,2021-12-15,Analyst,136931,4,"Unit 5843 Box 1943, DPO AE 82842",4091175837,michellejordan@example.net,Non-married
519,Marcia Blankenship,45,Female,1979-07-30,2022-03-21,Developer,239241,7,"409 Molina Lane, New Dominique, AS 24676",521661391667,hmorrison@example.org,Married
520,Krystal Carpenter,44,Male,1981-01-09,2015-10-11,Executive,189810,4,"1675 Adam View Suite 331, Terrimouth, MP 03299",5381652813,ashleymiller@example.net,Single
521,Amanda Rodriguez,56,Male,1969-03-27,2016-10-27,Analyst,123901,5,"USS Fowler, FPO AP 06689",5510984228,tammypace@example.com,Single
522,Jason Shaw,46,Male,1978-12-01,2024-01-31,Executive,288438,8,"24252 Melinda Path, Douglasshire, MP 44745",88549547001,smithcolin@example.org,Single
523,Elizabeth Ali MD,46,Male,1979-02-26,2022-08-26,Developer,270924,1,"91552 Holmes Brooks Apt. 820, South Charlesview, GA 40713",3943925155,paul20@example.org,Married
524,Kevin Sims,28,Male,1997-03-09,2016-02-10,Manager,191089,8,"5178 Anderson Track, Yolandaside, WV 89312",69474769158,awinters@example.net,Non-married
525,Elizabeth Johnson,39,Male,1985-09-22,2021-11-04,Analyst,198154,6,"320 James Row, Port Wendystad, FM 60405",13838922964,laura58@example.org,Married
526,Andre Robertson,47,Male,1977-07-12,2019-09-20,Lead,105899,6,"326 Troy Pike Suite 887, Simmonsborough, MO 26229",0257719059,knightchristopher@example.net,Single
527,Heather Petty,50,Female,1974-11-15,2017-08-30,Analyst,80998,8,"27831 Bowen Centers, Andrewchester, UT 02105",28579630520,mwagner@example.net,Single
528,Lauren Bailey,54,Male,1971-05-18,2021-05-01,Executive,99932,1,"38199 Brooks Spur, Garciamouth, VT 99845",8907621598,mitchellcindy@example.net,Single
529,James Stafford,34,Female,1991-01-27,2023-10-29,Manager,159664,3,"86197 Hernandez River Apt. 262, South Robert, TN 13464",313151732733,joseph59@example.com,Single
530,Paul Kline,27,Male,1997-09-01,2020-01-07,Executive,165183,1,"80540 Melanie Throughway Apt. 773, East Crystaltown, FM 91085",6528496554,mary01@example.com,Married
531,Brianna Davis,31,Male,1993-11-02,2023-01-04,Developer,165739,5,"180 Edwards Ford, West Wesleyburgh, HI 08729",70963080821,bjacobs@example.org,Non-married
532,Brenda Walker,58,Female,1966-06-02,2021-02-06,Lead,221553,2,"079 Garcia Walks, Gomezview, NJ 79254",43565872604,chunter@example.org,Single
533,Alexa Perry,42,Male,1983-02-08,2024-11-11,Lead,188967,2,"USNV Christian, FPO AP 05110",68460125448,warecody@example.com,Single
534,Aaron Richardson,48,Female,1976-11-29,2025-01-19,Lead,126379,7,"19484 Holland Via Suite 127, Elizabethport, WA 22026",1606225021,tylerwilliams@example.org,Single
535,April Hall,34,Male,1990-08-31,2020-09-19,Manager,247244,4,"019 Ross Glens Apt. 250, East Belindafort, WV 83661",9995160650,lucashannah@example.com,Non-married
536,Manuel Lee,37,Male,1987-06-04,2021-04-15,Lead,85733,1,"88680 Smith Course, North Rossstad, AR 97223",916337352895,ricephilip@example.com,Married
537,Melinda Oneal,39,Male,1985-09-02,2023-10-08,Lead,165406,1,"8870 Pearson River Suite 466, West Phillipton, AR 78077",136797638309,vincent77@example.org,Single
538,Emily Davila,40,Male,1984-05-31,2022-03-28,Manager,207267,5,"783 Wilson Tunnel Suite 259, North Elizabeth, MP 65382",64865147701,njackson@example.org,Single
539,Christopher Hernandez,25,Female,2000-04-17,2018-08-05,Executive,78964,6,"5185 Harris Viaduct Apt. 028, New Carltown, AL 73426",405855869823,migueldawson@example.net,Single
540,Nicole Bradford,29,Female,1995-10-06,2024-12-23,Manager,223822,7,"2936 Fernandez River, New Mariaberg, KS 01985",9004975238,jnorton@example.com,Married
541,Chris Stevens,51,Female,1974-03-31,2017-05-20,Developer,147943,6,"887 Mccarthy Cliffs, Wilkinsville, OK 66365",19949975166,scott57@example.org,Single
542,Kyle Watkins,58,Female,1966-07-03,2019-06-19,Analyst,245841,7,"72265 Jacobs Spring Suite 919, Thomasberg, WI 48221",36523770619,bryan84@example.com,Non-married
543,Michelle Jordan,44,Male,1980-10-09,2020-02-02,Developer,181177,2,"302 Peterson Place Apt. 618, Lake Joy, AL 42583",66591516291,christyhart@example.net,Single
544,William Cooper,53,Male,1972-02-07,2020-04-18,Manager,280560,7,"2963 Frank Fork, Christopherstad, NE 68126",00105618965,colinquinn@example.org,Married
545,Kristina Griffin DDS,41,Male,1983-07-16,2020-04-07,Analyst,115824,7,"1866 Williams Keys Suite 488, New Gabriel, WA 45832",49318072696,zsmith@example.org,Single
546,Richard Grimes,57,Female,1968-04-19,2021-12-23,Developer,266711,6,"USS Kelly, FPO AA 16910",264757003080,houstonjasmine@example.com,Married
547,Michael Spence,37,Male,1987-06-07,2024-07-04,Lead,266779,4,"91685 Carl Drive Suite 977, Lake Stephaniechester, AK 21001",18371370079,virginiahuerta@example.net,Single
548,Cynthia Nelson,45,Male,1979-12-06,2019-08-29,Analyst,104674,4,"58597 Renee Tunnel Apt. 040, East Evan, KY 99023",6792601071,derrick87@example.net,Single
549,Victoria Green,31,Male,1993-10-26,2023-10-29,Developer,216007,4,"59418 Frye Mill Suite 466, Clintonmouth, WY 80952",057732828505,lwatts@example.org,Married
550,Victoria Brown,36,Female,1988-10-07,2017-05-22,Manager,92916,3,"14499 Justin Viaduct, Stacyshire, MI 71899",647446262403,saundersjimmy@example.org,Married
551,Patrick Cox,51,Female,1973-10-06,2021-06-14,Executive,287666,3,"655 Nelson Club, Christiestad, MN 09856",72956386151,donnalewis@example.net,Single
552,Jasmine Lynch,32,Male,1992-12-31,2019-07-11,Lead,199759,6,"4775 Snyder Walks, South Peggyhaven, AS 02859",4489876862,woodsjames@example.org,Married
553,Christian Fisher,37,Female,1987-12-01,2020-02-15,Executive,282686,3,"6643 John Prairie Suite 446, North Cynthialand, OK 28582",7782739889,cynthiawalker@example.net,Married
554,Tammy Richardson,34,Male,1990-08-15,2024-02-01,Executive,129279,8,"4625 Carroll Crossroad, Davidton, OH 82434",6347632636,htorres@example.net,Non-married
555,Sarah Kennedy,49,Male,1975-11-30,2023-08-27,Developer,199578,1,"1811 Robin Turnpike, Port Mikehaven, LA 62245",277378102837,tylerwade@example.org,Married
556,Sean Carroll,41,Female,1983-11-24,2021-10-12,Analyst,142614,2,"776 Brown Crossroad, East Chad, NH 78517",1860403373,rwilliams@example.com,Non-married
557,Ryan Martin,25,Male,1999-11-05,2018-12-19,Manager,147670,1,"PSC 0491, Box 4767, APO AE 79100",819846855676,melissacarlson@example.com,Non-married
558,Donna Payne,47,Female,1977-06-30,2025-01-08,Developer,239317,4,"97580 Morgan Keys Suite 695, Ayalashire, MP 40501",22777146795,mary85@example.com,Single
559,Audrey Miranda,30,Female,1995-02-01,2019-09-06,Developer,274002,3,"888 Paul Stream, New Brian, DE 05885",33112855811,erinjones@example.net,Non-married
560,Meredith Brown,27,Male,1997-06-08,2019-06-26,Developer,207586,8,"8561 Robert Run, South Alison, IN 79137",0198421466,anthonymoore@example.com,Single
561,Matthew Johnson,28,Male,1997-03-31,2024-03-13,Manager,162035,5,"41457 Angel Groves Apt. 856, South Amanda, OK 32167",24203851300,mooremichelle@example.org,Married
562,Seth Jackson,26,Female,1998-10-26,2023-10-31,Lead,267197,2,"04655 Fleming Field, Robinsonhaven, DE 00948",588337322469,vickiwebb@example.org,Married
563,Jonathan Woods,36,Male,1989-04-19,2019-03-08,Developer,174086,8,"PSC 2612, Box 4174, APO AA 46407",55029751030,yadams@example.net,Married
564,Carl Rogers,33,Female,1991-12-29,2020-11-06,Executive,103977,7,"USCGC Ruiz, FPO AE 87946",209041774575,patricia81@example.org,Non-married
565,Christopher Collier,56,Female,1968-09-25,2020-08-14,Manager,115993,7,"196 David Trail Suite 105, Johnsonmouth, OK 75663",1225567143,kingrhonda@example.org,Married
566,Gerald Jensen,26,Male,1998-07-31,2018-06-28,Manager,209084,7,"5293 May Parkway, South Michelle, SD 71276",2991416417,billy83@example.org,Non-married
567,Bianca Evans,27,Male,1998-01-29,2016-04-12,Analyst,271932,6,"4962 Brown Well Suite 931, Michaelberg, KS 98630",96184742603,john53@example.org,Single
568,Matthew Adams,53,Male,1972-02-01,2016-12-29,Analyst,252917,1,"3509 Adams Crossroad Suite 954, South Richard, RI 89178",9203352673,restrada@example.net,Single
569,Angela Ruiz,41,Female,1983-06-26,2019-01-17,Manager,137409,6,"6563 Yvonne Station Suite 288, Lake Wendyhaven, GU 05698",825820126132,igray@example.net,Married
570,Kristi Fisher,33,Male,1991-06-02,2023-12-01,Manager,76644,7,"563 Kelly Cliff Suite 438, Lawsonhaven, VT 54462",25287684611,riosmelanie@example.org,Non-married
571,Gregory Jones,30,Male,1995-03-12,2023-10-08,Executive,232333,7,"9072 Brian Hills, Karinachester, AL 26248",1040444042,walkervictoria@example.org,Single
572,Tiffany Wiggins MD,39,Male,1986-05-01,2023-12-05,Lead,268011,4,"26703 Matthew Wells, New Kaylamouth, AZ 52498",92854434854,benjaminzachary@example.net,Non-married
573,Andrew Huerta,36,Male,1989-03-24,2023-02-12,Developer,249252,5,"7283 Robert Forks, Murphybury, NV 81365",81467419095,michael35@example.org,Non-married
574,Christopher Rice,56,Female,1968-08-02,2024-01-15,Analyst,219997,2,"831 Martinez Brooks Apt. 032, Johnside, VT 50753",457518478551,heather03@example.com,Single
575,Brianna Lopez,26,Male,1998-09-11,2019-09-24,Developer,255135,7,"71662 Rios Ville, Smithfurt, KS 29354",497494588564,jferguson@example.net,Non-married
576,Randall Peterson,51,Female,1973-11-23,2024-09-09,Lead,146884,1,"33196 John Greens Suite 371, Morrischester, MT 04383",6288991798,melanie74@example.com,Non-married
577,Patricia Smith,30,Male,1995-03-17,2022-05-06,Analyst,254115,3,"2787 Smith Circles, New Kirk, LA 82138",659382012416,leroy96@example.org,Married
578,Robin Pearson,45,Female,1979-07-14,2018-07-04,Analyst,243862,2,"67449 Rangel View, Port Daniel, LA 03886",130076100289,reevesnatalie@example.org,Non-married
579,Robert Gross,55,Female,1969-12-06,2023-06-03,Executive,232093,4,"5325 Danielle Isle Apt. 533, East Alexanderstad, WY 96752",29190474511,torresjohnathan@example.com,Single
580,Megan Jones,37,Male,1987-12-02,2020-12-09,Manager,137540,6,"1438 James Ferry Apt. 259, Port Williamchester, HI 67897",05394865291,tholt@example.net,Single
581,Amy Warren,42,Female,1982-10-03,2020-12-18,Analyst,185851,2,"83966 Jason Ridges Apt. 714, South Danielmouth, AK 61441",5880524098,morrisashley@example.com,Married
582,Lisa Jordan,60,Female,1964-07-21,2017-06-06,Analyst,142335,8,"USNS Patterson, FPO AE 16682",88675812270,jenningsmarcus@example.net,Non-married
583,Shaun Santana,46,Female,1978-11-29,2018-01-22,Lead,73064,7,"3878 Stephen Camp, New Kayla, WV 56486",04970534464,anthonypena@example.org,Single
584,Jennifer Randolph,43,Female,1981-08-05,2020-03-31,Analyst,231411,2,"3375 Gonzalez Place Suite 692, North Sara, GA 68425",145050709049,nmitchell@example.org,Married
585,Jessica Campbell,32,Female,1992-07-27,2020-04-15,Lead,140798,8,"1026 Warren Throughway Apt. 048, North Kelly, WA 33133",6706967993,changjohn@example.net,Single
586,James Gray,33,Male,1991-05-27,2020-12-05,Developer,204192,4,"410 Butler Light Suite 189, Jacobfurt, NM 83933",626471608819,megansmith@example.com,Non-married
587,Christina Smith,33,Male,1992-02-03,2023-07-22,Developer,80826,7,"42279 Johnson Canyon Suite 806, West Melissaside, IL 36997",96703375627,kristen69@example.net,Married
588,Edward Matthews,26,Male,1998-10-20,2024-03-21,Analyst,261653,4,"79981 Donald Ford, Fosterport, PR 87399",0112949404,richardjoyce@example.net,Married
589,Kathryn Dominguez,26,Female,1998-08-24,2015-09-12,Executive,285269,4,"2928 Paul Pines, New Aaron, DE 02450",0045271734,janet15@example.com,Married
590,Kelly Watkins,58,Male,1966-07-26,2024-11-05,Developer,114008,3,"06240 Vargas Ports Apt. 824, North Christinafort, MD 91625",32429986817,david23@example.net,Non-married
591,Lisa Green,56,Female,1969-04-11,2020-11-05,Developer,236043,3,"4060 Breanna Ranch, Tuckershire, NM 13244",5860860732,sbennett@example.net,Non-married
592,Brian Lee,29,Male,1995-09-29,2019-10-21,Developer,241278,5,"06311 Robbins Isle, Dorothyton, GU 43798",7274518045,michele60@example.net,Single
593,Bryan Jordan,49,Female,1976-01-03,2019-08-18,Lead,81295,7,"825 Melissa Trail, Lake Nicholebury, WV 17826",5745879317,michaelbrown@example.net,Single
594,Benjamin Wright,49,Male,1975-11-24,2016-03-17,Developer,90526,6,"196 Carrie Motorway, East Kayla, SD 59471",48205597393,nmurillo@example.org,Non-married
595,Joshua Pearson,27,Female,1997-07-27,2016-04-09,Executive,227261,6,"PSC 8906, Box 2787, APO AE 46732",387366040875,jasoncole@example.com,Single
596,David Gomez,29,Male,1995-09-27,2024-05-15,Developer,182227,8,"3929 Johns Drives, Port Edwin, GA 96682",546844138872,robertsonjamie@example.net,Married
597,Matthew Browning DVM,43,Female,1982-02-24,2015-08-24,Analyst,78055,5,"15727 Mcgrath Rest, Jessicamouth, PA 68478",743489331176,thardy@example.net,Single
598,Theresa Hansen,30,Male,1995-02-25,2016-12-19,Developer,273238,5,"72382 Reyes Lane, Davischester, VI 60119",230115387960,jacobmonroe@example.org,Single
599,Andrew Welch,57,Female,1968-02-24,2018-05-13,Developer,254823,5,"4781 Weiss Forge Apt. 719, North Kaylafurt, AL 40644",240571118428,williamsgavin@example.net,Single
600,Erica Sanchez,26,Female,1998-10-28,2016-12-15,Developer,82990,1,"65693 Reid Pine, East Williambury, ME 66619",203365384628,angelamartin@example.net,Single
601,Brianna Davis,31,Female,1993-11-08,2018-10-13,Manager,188198,8,"484 Thomas Summit Apt. 452, Howellborough, NY 20746",42688546089,gcobb@example.com,Single
602,Andrew Holmes,46,Male,1978-10-21,2020-04-05,Analyst,172805,8,"420 Baker Route, Thompsonton, NE 29654",19102474711,browngary@example.net,Single
603,Jackie Ramirez,55,Male,1969-12-01,2017-10-02,Developer,138280,4,"1405 Park Fork, Lake Jacob, MD 08570",76495491536,lorigordon@example.net,Single
604,Rebecca Jones,26,Female,1999-04-11,2022-11-26,Manager,204739,4,"346 Pittman Valley Apt. 066, Tarastad, PA 58700",0802479822,anthonyzimmerman@example.net,Non-married
605,Darrell Taylor,25,Female,1999-06-24,2024-10-13,Executive,112411,2,"10081 Sally Mission, Shepardmouth, OK 31954",310342414335,opowell@example.net,Married
606,Henry Barnett,26,Male,1998-11-24,2021-05-01,Lead,97653,2,"PSC 9242, Box 5759, APO AP 62482",2695188273,carpenterjames@example.net,Single
607,Amy Decker,29,Female,1995-11-18,2021-03-31,Developer,243708,4,"463 Powell Highway Suite 308, Danamouth, TN 93408",43658238824,william43@example.com,Single
608,John Yoder,29,Female,1996-04-20,2018-10-26,Executive,80382,1,"27111 Todd Dale Suite 658, Johnsonfurt, KY 31795",77077975684,fergusonmartin@example.net,Single
609,Denise Hensley,44,Female,1980-12-28,2016-03-09,Lead,240741,1,"990 Mary Lodge, Daviston, GU 90140",744438706527,vlopez@example.com,Single
610,Alan Hobbs,37,Female,1987-10-06,2017-04-01,Executive,123768,4,"Unit 2724 Box 9531, DPO AP 31290",19961910305,psmith@example.net,Non-married
611,Walter Wallace,41,Male,1983-12-14,2015-07-05,Lead,129699,3,"PSC 3547, Box 3569, APO AE 81627",0556132811,karen07@example.com,Married
612,Thomas Dean,44,Male,1980-06-20,2024-10-08,Executive,82455,5,"64973 Ryan Common, Nicolemouth, PW 34111",43813920568,louis83@example.com,Married
613,Anthony Martinez,38,Male,1986-11-01,2023-07-25,Analyst,183971,3,"81763 Walker Inlet Apt. 835, New Lisaside, AS 20682",17207823220,riverakimberly@example.org,Non-married
614,Lori Smith,27,Male,1997-08-30,2020-01-18,Executive,131948,5,"9878 Jody Mall, Hillmouth, NM 06817",6647235022,zachary65@example.org,Non-married
615,Jessica Cruz,48,Female,1976-09-28,2024-11-28,Developer,181111,3,"93007 Jackie Freeway, Ericborough, DE 25866",3742025819,edwardsherman@example.com,Single
616,Dr. Jennifer Weeks,33,Male,1991-09-16,2022-11-15,Lead,275578,1,"8234 Willis Plaza, New Edward, MO 90107",363366706183,hortonronald@example.net,Married
617,Emma Huff,27,Female,1997-09-24,2019-08-09,Analyst,71558,8,"4510 Joseph Harbors Suite 376, Princeport, NM 45203",912015670156,cherylbenitez@example.com,Non-married
618,Blake Yates,55,Female,1969-07-05,2016-08-18,Developer,99294,3,"0438 Wright Course Apt. 585, Montgomeryburgh, GU 09481",028334819042,maryperry@example.com,Married
619,Mike Long,42,Female,1982-09-12,2016-11-02,Manager,267214,4,"660 Dennis Ports, Parkerburgh, MA 44587",055241367932,wevans@example.org,Married
620,Katherine Ross,47,Male,1977-09-17,2016-11-06,Executive,93859,8,"29985 Jennifer Flats, East Michael, MA 81342",76918205971,alyssascott@example.org,Non-married
621,Lauren Pugh,60,Female,1965-03-26,2025-05-14,Lead,280577,8,"546 Young Expressway, Jacksonborough, MT 11162",6729961537,harriseric@example.com,Non-married
622,Becky Davis,44,Male,1981-01-12,2025-03-26,Analyst,179545,3,"45674 Shannon Forge Apt. 066, Simmonsland, KY 02588",830676888841,jjackson@example.org,Single
623,Paul Vaughn,57,Female,1968-03-06,2018-04-16,Manager,222757,8,"818 Coleman Pine Apt. 956, New Alexandraberg, WV 70832",877416114453,pspencer@example.org,Single
624,Kevin Hernandez,37,Female,1988-05-01,2017-03-14,Lead,286348,3,"237 Shawn Terrace Apt. 104, Williamburgh, CA 32009",348943710015,ypatel@example.org,Married
625,Daniel Gray,50,Female,1974-10-21,2022-11-26,Executive,252559,3,"046 Erin Hollow Suite 471, South Christopher, NM 30387",137381435781,jane80@example.com,Non-married
626,Glenda Clarke,54,Male,1971-01-05,2022-07-14,Lead,229065,8,"0896 Bryant Way, Port Jennifer, WI 72880",1809866174,robertvelasquez@example.org,Non-married
627,Diana Lewis,37,Male,1988-03-04,2016-07-18,Manager,109281,1,"7202 Brian Field Apt. 233, Port Lorichester, IN 64179",615915304382,brendajoyce@example.net,Married
628,Dr. Michael Hughes DDS,51,Male,1973-12-24,2018-11-18,Lead,159034,1,"095 Andrew Divide Suite 503, Melissachester, NY 71253",667820664813,wvargas@example.com,Single
629,Tammy Marks,26,Male,1998-05-27,2016-10-12,Developer,285010,8,"07547 Nguyen Extension Suite 270, North Julia, MD 36288",70959785538,uchristian@example.org,Single
630,Tiffany Ellis,34,Male,1990-10-09,2018-08-21,Lead,211779,5,"Unit 4561 Box 2041, DPO AE 10642",593416418990,wdudley@example.org,Single
631,Paul Campbell,27,Female,1997-07-18,2016-06-26,Lead,196242,3,"34956 Rick Drive Apt. 110, Port Phillipview, PR 05951",8331373400,jodywilliams@example.net,Non-married
632,Alexander Mills,48,Female,1977-03-21,2022-10-15,Manager,168597,6,"99806 Finley Forges, North Kathryn, NM 32776",66814398707,riverawilliam@example.com,Non-married
633,Susan Morris,34,Female,1991-01-11,2022-07-14,Analyst,242885,7,"924 Michael Circle Suite 253, Robertsbury, MN 29701",82677529508,kayleesanchez@example.com,Non-married
634,Jacqueline Vasquez,26,Male,1999-05-17,2023-08-18,Lead,204031,1,"5152 Benjamin Knoll, Jenkinsmouth, AR 51186",529328884579,brian23@example.net,Single
635,Anna Warner,52,Female,1973-03-07,2024-04-09,Analyst,103139,6,"005 Nguyen Via Suite 146, Port Dan, MN 68236",9304266783,willisscott@example.org,Married
636,Antonio Wilson,38,Female,1987-01-15,2016-02-18,Manager,90371,2,"555 Michelle Ports, West Sara, WI 76042",7852135417,sabrina13@example.com,Married
637,Kathryn Lawrence,28,Male,1996-12-17,2019-05-31,Analyst,94018,6,"94047 Neal Club Suite 756, Williamsland, MD 64622",9408395804,ivan05@example.org,Married
638,Shannon Stokes,34,Male,1991-02-23,2017-01-25,Manager,280206,7,"5844 Kristina Islands, Lake Lawrence, ND 21744",51862793363,michaela67@example.com,Non-married
639,Michelle Holmes,34,Female,1991-03-19,2021-09-05,Manager,141896,3,"15583 Seth Ridges, Lake Stephen, MH 05344",045162435197,jamesjones@example.net,Single
640,Andrew Green,54,Female,1971-04-27,2016-03-06,Developer,253181,1,"4886 Anthony Light Apt. 487, East Rachel, OH 97423",12192283084,mberg@example.net,Married
641,Stephanie Cook,25,Male,1999-12-25,2023-05-11,Lead,148362,2,"2228 Christopher Tunnel, Port Benjaminview, MP 22936",636735273949,amanda64@example.org,Non-married
642,Keith Chavez,49,Female,1975-08-23,2024-12-21,Manager,267752,1,"477 Elizabeth Pines, Figueroaborough, NH 65274",9386765421,christina89@example.com,Non-married
643,Lauren Rodgers,27,Male,1998-01-05,2023-11-12,Lead,170429,5,"214 Anthony Curve Suite 238, Nathanielmouth, VI 54622",5474589958,ryanramirez@example.org,Single
644,Aaron Green,32,Male,1992-08-12,2016-12-11,Analyst,160022,1,"3216 Webster Isle, Emmatown, DC 73894",2112840025,rachelmiranda@example.net,Single
645,Nicholas Smith,59,Male,1965-12-29,2024-01-26,Executive,191934,5,"08375 Dustin Glens, Williamland, OH 04616",2530198633,gsmith@example.com,Married
646,Katie Shepherd,54,Female,1970-12-12,2019-11-20,Analyst,114285,6,"83903 Elizabeth Lane, Port Jeffreystad, AR 76190",54212852337,melissa13@example.com,Married
647,Deanna Miller,58,Female,1966-10-21,2024-03-09,Manager,114139,4,"USS Palmer, FPO AP 73529",91754102933,biancawall@example.com,Single
648,Anthony Lewis,52,Male,1972-08-15,2017-02-07,Developer,149098,1,"71194 Robles Villages, Thomasville, AK 12287",6363889463,kellyodom@example.net,Married
649,Tyler Lopez,46,Female,1978-06-19,2021-08-12,Analyst,270721,5,"74437 Justin Island Apt. 402, Johnsonhaven, WV 47221",632353312283,jessica40@example.org,Single
650,Catherine Clark,57,Male,1967-10-23,2015-07-14,Developer,190555,7,"2074 Collins Springs, Marissaville, RI 74682",31404398540,richard44@example.net,Single
651,Jacqueline Greene,28,Female,1996-06-24,2023-01-31,Developer,78128,8,"8111 Stout Shoal, Port Derrick, MO 49514",750641980307,wendy71@example.org,Non-married
652,Kimberly Scott,38,Female,1986-10-19,2021-12-09,Lead,224573,8,"5352 Jessica Burg, South Sandratown, FL 96173",2408646392,bryan91@example.net,Married
653,Allison Young,33,Male,1992-04-11,2019-03-11,Manager,277374,7,"32532 Watson Drive, Timothytown, NM 37995",993149423242,kyle42@example.net,Single
654,Shawn Morales,44,Female,1981-02-14,2023-02-04,Developer,199165,2,"68684 Margaret Plains, Garzashire, ND 08481",14068694440,davidturner@example.com,Married
655,Amanda Reynolds,32,Female,1992-06-29,2017-11-12,Executive,180583,8,"1092 Anna Landing, South Kellyport, PR 37665",501256125825,krystalrivas@example.com,Single
656,Daniel Walker,32,Male,1992-10-24,2021-11-07,Analyst,137430,1,"7264 Mario Forks, Lake Ianfort, RI 68873",492562973630,pbird@example.org,Single
657,Meghan Cole,30,Female,1994-09-23,2021-03-20,Manager,128027,7,"2625 Bass Path Apt. 700, East Kennethside, UT 88897",2573385017,deborah36@example.org,Non-married
658,John Boyd,54,Female,1970-06-12,2025-03-31,Developer,171541,7,"Unit 6144 Box 9630, DPO AA 31617",489184468250,sarah36@example.org,Single
659,Bobby Colon,57,Male,1968-05-10,2020-06-30,Manager,247993,2,"Unit 5476 Box 3116, DPO AP 84607",70377877142,christineallen@example.net,Single
660,Dustin Walters,50,Female,1975-05-10,2019-03-10,Lead,245750,5,"52994 Mason Mountain Apt. 022, Richardsonshire, VT 49123",48843219084,rwhite@example.net,Married
661,Tara Garcia,52,Female,1972-06-19,2017-02-28,Executive,273086,7,"34224 Jacob Cliffs, Haleyside, IL 59519",60607275877,flynnandrew@example.net,Non-married
662,Seth Pearson,25,Female,1999-12-10,2019-03-02,Analyst,72454,4,"75156 Erika Locks Suite 044, Jenkinstown, FL 85902",1555742799,davidflores@example.org,Single
663,Jessica Rowland,30,Female,1995-01-06,2020-03-21,Manager,276839,5,"91916 Robert Motorway, South Tara, TX 68450",479353831621,ksaunders@example.com,Married
664,Jonathan Booth,32,Female,1992-08-10,2023-02-13,Manager,251076,2,"83477 Thomas Extensions, Emilyborough, MS 14828",9216668192,egonzalez@example.net,Married
665,Michelle Clark,40,Male,1984-10-22,2015-11-16,Lead,253451,3,"USNS Fisher, FPO AE 00669",7310184108,todd35@example.net,Non-married
666,Daniel Hickman,26,Female,1998-06-20,2024-09-30,Lead,247744,2,"Unit 0576 Box 3701, DPO AA 55366",3923247528,armstrongvanessa@example.org,Married
667,Amy Mosley,43,Male,1981-11-07,2020-04-08,Manager,70630,6,"9478 Shannon Mill Apt. 789, North Jacquelineland, MT 70721",803886612052,raymond08@example.net,Married
668,Lisa Webb,58,Female,1967-02-28,2015-09-15,Lead,161932,4,"947 Evans Trafficway, South Tina, WV 06307",24736884652,ehubbard@example.org,Married
669,Timothy Harris,33,Male,1991-06-27,2023-06-19,Analyst,119744,6,"379 Pham Island Apt. 624, New Codyview, SC 32859",582339749769,peter14@example.org,Married
670,Kevin Mckee,47,Female,1978-05-13,2019-11-27,Executive,289504,8,"46332 Austin Ports Apt. 773, Johnsonfurt, WI 66193",86511236411,lisadiaz@example.com,Married
671,Dylan Gray,48,Male,1976-11-27,2020-10-13,Analyst,93405,7,"9450 Norris Dale, Lake Michaelmouth, ID 38705",16532322642,garciaandrew@example.com,Single
672,David Hernandez,43,Female,1981-11-22,2020-02-23,Developer,104556,2,"336 White Rapid, Lake Tammyshire, VA 52256",618440513478,ozuniga@example.org,Married
673,Kim Evans,34,Male,1991-01-13,2019-09-07,Lead,80361,6,"37175 Simmons Radial, Davidton, MT 47592",101509470790,elizabethcastillo@example.net,Single
674,Gabriella Molina,26,Female,1998-07-21,2016-03-20,Analyst,204205,1,"25461 Daniel Cliffs, New Kathrynstad, MO 17730",08330396049,vmorrow@example.com,Single
675,Hannah Lee,28,Male,1996-12-01,2023-10-11,Lead,202645,3,"Unit 6067 Box 3039, DPO AE 83016",044156952778,christopher07@example.com,Non-married
676,Heidi Gomez,36,Female,1989-04-12,2018-10-19,Developer,190164,5,"PSC 1368, Box 1066, APO AA 01978",028141467816,joseph18@example.org,Non-married
677,Tamara Graves,50,Male,1975-01-04,2023-06-12,Analyst,239050,3,"78643 Maureen Plaza, North Davidborough, GU 74860",94206080409,luisandrews@example.org,Married
678,Manuel White,42,Female,1982-11-20,2015-07-30,Analyst,131168,2,"247 Blackwell Forest, Port William, UT 52339",0802008718,barkerchristie@example.net,Non-married
679,Nathan Walker,40,Male,1984-10-17,2018-08-31,Manager,140457,5,"USNS Harrison, FPO AA 29409",83054037280,johnsonharold@example.com,Non-married
680,Christian Holland,47,Male,1977-06-22,2021-07-05,Executive,153180,2,"620 Foster Corners Suite 671, Maryside, MP 56691",4560377382,deborahwright@example.com,Non-married
681,Christine Everett,25,Female,1999-09-08,2021-11-19,Lead,156348,3,"29809 Stephen Canyon Suite 878, Thompsonside, MA 33509",816319249427,fernandeznathan@example.com,Non-married
682,Joshua Hall,25,Female,1999-12-26,2020-08-03,Lead,245170,7,"29696 Jennifer Brook Apt. 045, South Mariaborough, ME 29483",0514763850,alexandrafreeman@example.com,Single
683,Kyle Wyatt,43,Male,1981-10-02,2024-09-06,Lead,161234,6,"372 Joanne Summit, North Lauren, NC 54449",123301377737,rnichols@example.net,Non-married
684,Julie Adams,30,Female,1994-08-25,2018-02-26,Manager,156720,7,"296 Jennifer Stream, West Derekshire, MO 31510",0631329247,joshua08@example.com,Married
685,Chelsea Jones,45,Male,1979-08-03,2019-10-12,Analyst,152486,1,"5552 Fleming Rapids, Masonhaven, ID 27646",395731713132,levibrown@example.net,Non-married
686,Kyle Robinson,29,Male,1995-11-16,2024-06-02,Manager,267240,8,"8972 Jason Ways Apt. 468, Port Helenstad, AL 23811",9599224057,kenneth37@example.org,Non-married
687,Michael Mills,55,Male,1970-02-15,2016-02-08,Analyst,150384,1,"24576 Hughes Mount Suite 651, Greenton, GU 75330",587554996310,ojohns@example.net,Non-married
688,Dustin Williams,29,Male,1995-11-20,2024-03-16,Lead,204094,2,"6166 Vaughn Keys, Lake Nathan, CA 34485",4278162077,znelson@example.com,Married
689,Terry Cunningham,50,Female,1975-01-24,2023-07-20,Lead,177304,4,"702 Eric Plains, North Stephen, CT 56285",13840038199,enguyen@example.org,Single
690,Anthony Bishop,47,Female,1978-03-03,2019-02-26,Manager,223447,8,"USNV Munoz, FPO AP 13054",91312140189,jeremymason@example.net,Single
691,Gregg Richmond,40,Female,1985-01-26,2022-11-28,Analyst,147500,6,"53988 Amber Trail, Lake Lisaton, NH 32583",0756828243,kingdenise@example.com,Single
692,William Fernandez,37,Female,1987-09-05,2021-04-09,Executive,200706,2,"122 Kelly Harbor Apt. 619, New Diane, WY 18942",3992934988,lewiserika@example.net,Single
693,Emily Jackson,27,Male,1998-05-25,2022-10-15,Developer,101278,5,"USNV Guzman, FPO AP 29638",89540978697,chad26@example.com,Married
694,Joseph Sullivan,38,Male,1987-01-14,2016-08-08,Analyst,253086,4,"0513 Larry Meadow Apt. 665, North Juliatown, GU 52881",6073844441,ysingh@example.org,Single
695,William Gibson,30,Female,1995-04-19,2019-09-19,Developer,206219,8,"734 Daniel Fork, Weaverview, AL 34467",7233037754,eric79@example.org,Single
696,John Green,36,Female,1989-04-23,2023-04-14,Manager,87300,8,"3373 Nicole Loop, Shannonside, UT 12596",82122244930,melinda15@example.org,Non-married
697,Theresa Summers,59,Female,1966-03-06,2021-10-28,Developer,245648,6,"88790 Meredith Vista Apt. 157, Wrightborough, FL 31746",265258368120,jacob03@example.net,Married
698,Kayla Bates,46,Female,1979-04-27,2022-08-31,Developer,180120,5,"091 Timothy Walk Apt. 673, West Tamara, MS 56797",24027236136,soneill@example.com,Non-married
699,Willie David,56,Female,1969-03-29,2020-06-01,Executive,254214,4,"4251 Todd Turnpike, Patriciamouth, RI 97563",5215227172,eric98@example.org,Non-married
700,Jennifer Dickerson,43,Male,1981-05-27,2020-09-12,Manager,90800,2,"8702 Kelly Orchard Apt. 698, Kariport, DE 91055",02941279505,david29@example.com,Single
701,Lawrence Potter,53,Female,1972-03-12,2016-02-25,Manager,235216,5,"91868 Moyer Circle Apt. 956, Greenmouth, AZ 59520",29696308166,dianacline@example.net,Married
702,Dennis Perez,27,Female,1997-07-16,2024-04-29,Lead,113295,3,"PSC 6873, Box 7718, APO AA 24485",77663644425,christophermartin@example.com,Married
703,Jasmine Hebert,30,Male,1994-06-02,2017-11-10,Lead,207215,1,"863 Charles Greens, South Dorothy, AR 45865",522795540321,amartin@example.com,Single
704,Brett Wilson,25,Female,1999-10-24,2022-01-04,Developer,258259,3,"403 Larry Haven Apt. 129, New Glenn, MH 66604",59785521360,fwilson@example.net,Single
705,Andrew Espinoza,33,Female,1992-02-09,2023-01-11,Developer,74593,8,"5273 Donna Alley Apt. 871, Piercechester, ND 03420",08814758694,millerthomas@example.net,Single
706,Courtney Hancock,49,Female,1976-04-18,2020-08-16,Executive,207478,8,"942 Adrienne Vista Apt. 801, Donaldview, PA 54500",595672893579,joanna45@example.com,Married
707,Kelly Ray,25,Female,1999-10-11,2022-02-13,Analyst,249267,5,"2699 Robert Dale Apt. 161, Davidberg, DC 21555",23522856607,ashleycantrell@example.org,Single
708,Kathleen Parker,34,Male,1990-09-19,2022-05-13,Executive,77811,4,"34178 Robinson Dam Suite 015, North Amanda, ID 22283",1170604170,leachalexa@example.com,Married
709,Rachel Greene,30,Female,1995-02-27,2023-01-12,Manager,288198,7,"14657 Dawn Ferry Suite 845, Gregoryfurt, NC 57250",229952738100,vbennett@example.com,Single
710,Dylan Rojas,47,Male,1977-11-02,2023-05-28,Manager,284235,7,"0917 Dawn Bypass, Brewerfort, FL 36359",056662447120,pevans@example.net,Non-married
711,Deborah Riley,30,Male,1995-05-11,2020-08-18,Lead,178642,1,"5175 Debra Hills, North Jacobborough, KY 14994",962284062636,rmartin@example.net,Non-married
712,Leonard Powell,44,Female,1981-04-29,2023-08-05,Manager,148467,5,"435 Sonya Corners, Kleinville, SC 82919",3954460719,atkinssteven@example.net,Non-married
713,Anthony Mullins,34,Male,1991-01-04,2019-09-17,Executive,242262,3,"384 Tiffany Island Suite 798, South Bobbyhaven, MN 20296",4188654881,sarah65@example.org,Single
714,Robert Rice,37,Male,1987-10-09,2019-09-01,Developer,245973,1,"Unit 1155 Box 7421, DPO AP 03869",63581278257,chenry@example.net,Married
715,Alexis Houston,49,Female,1976-03-17,2021-04-11,Lead,218411,8,"95772 Wilson Stravenue Suite 276, Travisside, GU 58468",98243436076,gabrielcross@example.com,Non-married
716,Kayla Watson MD,27,Male,1998-01-27,2019-12-01,Executive,227545,5,"201 Todd Lakes, West Ashleytown, FL 48122",792629779355,ballemily@example.org,Single
717,Jennifer Daniels,48,Female,1976-07-26,2018-11-07,Executive,204684,7,"75290 Joshua Heights, Lake David, KY 66522",3936730611,trevorjoyce@example.net,Non-married
718,Stacy Williams,52,Male,1972-10-12,2018-03-22,Executive,145070,8,"1804 Neal Turnpike Suite 909, Meghanville, KS 92230",866789717742,yholt@example.net,Single
719,Maria Clark,48,Male,1976-11-28,2020-11-29,Manager,145418,3,"573 Smith Gardens Apt. 898, Lake Michael, MN 13865",165681110066,maciasian@example.org,Married
720,Susan Garrett,26,Male,1998-06-30,2016-11-06,Manager,160246,7,"2143 Laura Union, Brownmouth, WV 20759",42256508635,stephanie59@example.org,Non-married
721,Christopher Goodwin,46,Male,1979-04-27,2019-12-16,Analyst,236547,2,"6578 Ortiz Squares Suite 753, Juliefort, MA 39478",44141412491,pdavis@example.org,Non-married
722,Ashley Walker,42,Male,1982-08-15,2023-04-28,Manager,232189,5,"Unit 9850 Box 8382, DPO AE 54218",94703843612,delgadoparker@example.com,Single
723,John Rhodes,60,Female,1965-05-24,2021-12-10,Developer,175149,1,"34930 Meadows Roads Apt. 042, Port Michael, TX 86834",6072743670,jcurtis@example.org,Married
724,Kathryn Morales,29,Female,1996-02-26,2016-12-31,Manager,240281,1,"599 Love Mountain, New Adam, CT 01587",745520348141,angie52@example.org,Married
725,Keith Harrell,36,Female,1988-08-09,2023-08-20,Lead,182870,6,"9715 Stuart Route, Roberthaven, KS 12566",7049714960,tyler82@example.org,Married
726,Nicole Olson,32,Male,1993-04-22,2024-04-14,Analyst,228148,4,"263 Sanchez Lake, South Johnbury, MA 30209",076914488181,andersonkelly@example.com,Single
727,Derek Elliott,39,Male,1985-10-30,2023-09-10,Developer,187192,2,"875 Sherri Crossing, Jasonhaven, IN 33995",35897601025,michelle52@example.net,Non-married
728,Elizabeth Mata,55,Male,1970-02-13,2019-12-17,Analyst,231563,8,"67020 Thomas Street Suite 629, North Nathanland, CO 24902",3656422672,roberto92@example.net,Single
729,Kristin Perez,35,Female,1989-10-30,2025-02-24,Analyst,163702,4,"18967 Jerry Parks Suite 983, Brownshire, AL 41394",1729430873,davidjohnson@example.com,Married
730,Paul Harvey,50,Female,1974-12-15,2020-09-08,Developer,245099,3,"75695 Duane Bridge Suite 201, Smithstad, MT 39510",1886689384,ebryan@example.org,Non-married
731,James Smith,47,Male,1978-04-23,2022-03-06,Lead,175845,2,"04522 Kevin Lake Suite 237, South Christine, SC 96867",672071588456,gina07@example.net,Single
732,John Rodriguez DDS,51,Female,1974-03-27,2021-05-31,Analyst,117901,1,"268 Bolton Locks, Johnsonchester, NJ 72992",8492755172,jennifer36@example.net,Married
733,Janice Stout,38,Male,1986-06-28,2024-12-23,Executive,143690,5,"3965 Richard Cape, Seanview, RI 49216",3642413777,courtneysims@example.com,Single
734,Karen Graham,35,Male,1989-10-21,2018-04-23,Executive,218506,4,"90901 Jackson Port Apt. 577, Jamesland, NY 29314",81500123542,vscott@example.org,Single
735,Derek Mccarthy,31,Male,1993-09-04,2017-11-21,Developer,144603,7,"093 Hopkins Lodge Apt. 843, East Carolberg, PR 88640",419574831475,ibarranatalie@example.org,Non-married
736,Darrell Noble,28,Male,1996-11-23,2019-10-06,Executive,249041,8,"1602 Moody Square Suite 563, Nicoleview, VI 20501",0513201134,shane00@example.net,Single
737,Nicholas King,44,Female,1980-10-26,2020-05-28,Executive,178822,2,"Unit 3538 Box 8709, DPO AE 49830",822412791561,gregwalter@example.com,Non-married
738,Nicole Washington,30,Male,1994-10-22,2019-12-01,Executive,186652,1,"09640 Michele Junction, Port Ericastad, MH 84653",76240102682,michael16@example.org,Married
739,Edward Watson,40,Male,1984-07-03,2021-11-17,Executive,268996,6,"USNV Armstrong, FPO AE 42266",6115518067,shelley23@example.com,Single
740,Cole Moore,41,Male,1983-07-27,2020-03-11,Lead,210652,8,"0523 Clay Road, East Rhonda, MS 72359",622597165740,craig73@example.org,Married
741,Michelle Conrad,50,Male,1974-12-15,2017-09-20,Developer,118271,6,"USNV Mitchell, FPO AA 05620",2427083137,mariadavis@example.net,Married
742,Andre Sanchez,35,Female,1990-02-21,2017-07-23,Lead,152391,3,"45564 Thompson Port, Phillipsfurt, RI 03154",59979385828,boltonlinda@example.com,Non-married
743,Derrick Brandt,29,Female,1996-03-24,2020-06-07,Developer,71573,7,"9244 Jose Extensions Apt. 557, Torresview, ID 94296",6721886902,ashleyperry@example.com,Non-married
744,Karen Miller,33,Male,1991-06-18,2017-05-29,Executive,111923,2,"70167 Allen Hill, Lozanofort, ND 30048",562890495646,tara59@example.org,Non-married
745,Eric Jones,58,Female,1966-12-18,2022-10-19,Analyst,226176,8,"47070 Herman Way Apt. 400, North Charles, SD 80806",8982689073,jerryhammond@example.org,Single
746,Christopher Taylor,60,Male,1964-10-08,2022-08-17,Developer,229818,8,"3580 Alexander Islands Suite 923, East Benjaminbury, NM 56866",83543762357,jason61@example.net,Non-married
747,Christina Holder,46,Female,1978-12-08,2016-10-23,Manager,182613,4,"669 Jackson Unions, Tonymouth, VT 40196",890995237084,daniel80@example.org,Married
748,Roberto Walters,58,Female,1966-06-20,2019-03-22,Analyst,267596,6,"737 Ortiz Bridge, Elizabethmouth, ND 01324",6438227643,allenbonnie@example.com,Non-married
749,Thomas Hernandez,48,Female,1976-07-22,2024-02-02,Analyst,210581,2,"20439 Bowen Unions, New Barbaraside, UT 99636",548473761343,brenda71@example.com,Non-married
750,Melissa Stevens,55,Male,1969-07-18,2022-10-05,Analyst,241762,2,"10004 Deleon Isle Suite 102, New Abigailborough, FM 44881",97108543917,jroach@example.net,Single
751,Bradley Ortega,42,Male,1982-12-30,2023-09-01,Lead,110487,8,"77337 Webb Pass Suite 674, Michelleville, MI 59665",96948453315,sherrygriffin@example.org,Non-married
752,Patrick Lopez,41,Male,1983-10-17,2015-11-23,Executive,110596,1,"9350 Collins Drives Suite 001, South Jerry, IN 39681",648928138496,patrick57@example.net,Married
753,James Williams,28,Female,1996-09-09,2024-11-22,Analyst,205422,8,"206 Martinez Dam Apt. 146, Michaelmouth, AR 43647",657126003948,shuffman@example.org,Non-married
754,Yvonne Roberts,38,Female,1986-06-24,2021-09-21,Manager,230340,2,"6404 Donna Field, Port Cherylside, CO 80189",947264834783,jonathanweaver@example.com,Single
755,Sean Campbell,29,Male,1996-02-29,2017-07-14,Executive,283102,2,"27473 Laurie Islands Suite 592, Port Brad, PA 21550",4903603641,keith01@example.com,Single
756,Joy Herrera,33,Female,1992-03-18,2022-08-16,Manager,254531,3,"550 Chase Square, North Shawn, CT 85839",1914935468,debra70@example.org,Single
757,Ashlee Dawson,35,Male,1989-07-18,2016-01-13,Developer,100287,4,"6533 Andrea Rest, Boylehaven, NM 73326",771412266051,ortizandrew@example.net,Non-married
758,Abigail Henson,39,Female,1985-07-09,2024-01-16,Analyst,267959,4,"391 Kelly Motorway, West Timothy, ID 93278",964073773940,raycourtney@example.net,Single
759,Patricia Jackson,41,Male,1983-07-19,2024-09-08,Executive,92955,1,"5586 Johnson Junction, Lake Andrew, IL 34944",71320460723,megan41@example.com,Single
760,Dean Russell,25,Female,1999-12-12,2021-08-23,Executive,222608,7,"1373 Bennett Ville, West Michael, NV 85514",8354260375,kevin87@example.org,Non-married
761,Julie Soto,29,Female,1995-11-24,2023-08-26,Developer,185289,2,"8464 Mathis Dam, Port Danny, KY 85452",018793918159,jenniferrobinson@example.net,Non-married
762,Cristian Cruz,47,Male,1978-04-04,2020-09-16,Developer,243235,2,"8345 Parker Square, Hernandezfurt, NJ 71017",20358599816,nathanowens@example.org,Married
763,Denise Keller,32,Female,1992-09-06,2020-11-02,Lead,264946,7,"406 Kevin Forks, Thomaschester, LA 33756",8789989868,tanyacruz@example.org,Married
764,Christian Choi,44,Male,1981-04-09,2022-01-06,Developer,89457,6,"3120 Howard Valley Apt. 816, Leslieland, PW 41561",69906840262,elizabethlucas@example.com,Non-married
765,Kimberly Luna,55,Female,1969-10-07,2015-11-02,Developer,193084,4,"PSC 4899, Box 2113, APO AP 33810",79377285450,carloswilson@example.com,Married
766,Thomas Shields,26,Female,1999-05-19,2019-03-29,Executive,119889,7,"4123 Richardson Burg Suite 948, South Angel, DC 36887",6375509977,wwallace@example.org,Single
767,Larry Lutz,50,Female,1974-08-22,2021-09-09,Developer,188063,7,"52130 Hall Walk, Michaeltown, RI 63789",3981694404,brandonjackson@example.net,Non-married
768,Paige Miller,32,Male,1993-03-12,2021-03-14,Developer,161437,2,"946 Gallagher Bypass Suite 974, Christopherton, IA 83936",82600095680,megan06@example.net,Non-married
769,Paul Hansen,30,Female,1995-01-06,2017-06-30,Analyst,188901,1,"08555 Sandra Square, Millerstad, ND 70376",944289726641,kevinryan@example.com,Single
770,Derek Carter,29,Male,1995-07-28,2020-06-13,Analyst,94711,3,"076 Jackson River Apt. 152, Gomezstad, OR 71761",7471673242,gonzalesteresa@example.org,Married
771,Drew Elliott,45,Female,1980-02-13,2021-11-13,Lead,96257,2,"148 Anthony Stream, Stevenville, IA 45217",39873444586,moralesjessica@example.org,Single
772,Cesar Hall,25,Female,2000-05-14,2022-07-30,Manager,107388,3,"906 Noah Ports Suite 643, Davenportburgh, PW 19687",8770377513,grossjennifer@example.org,Non-married
773,Maurice Harding,57,Female,1968-04-03,2016-11-05,Lead,77403,4,"3318 Joseph Landing Suite 070, Robinsonfort, RI 26679",7996482293,burnsbrenda@example.net,Single
774,Ryan Barrett,47,Female,1977-07-24,2023-12-19,Developer,243979,2,"773 Ross Meadows Suite 202, Lake Brandiburgh, GA 38404",602527352395,mjones@example.com,Single
775,Lindsey Schaefer,27,Female,1998-04-12,2016-12-27,Executive,88583,3,"514 Lisa Neck, Karinahaven, NH 85121",86788484353,wesleymoreno@example.com,Single
776,Thomas Whitehead,27,Female,1997-07-05,2017-04-14,Executive,80949,8,"0698 Sandra Vista Apt. 460, Lake Mary, CO 83534",17203927643,schaeferrobert@example.org,Single
777,Stephen Miller,29,Female,1996-01-31,2021-03-24,Executive,206434,7,"649 Kelsey Fields Apt. 289, Reynoldsville, TX 03105",874472880968,walkerchristopher@example.org,Single
778,Jenna Cox,41,Female,1984-05-09,2022-01-09,Analyst,144767,2,"276 Reed Harbors, Timothymouth, LA 37750",18849161884,lewisyvette@example.com,Single
779,Corey Williams,36,Male,1988-08-29,2018-04-16,Manager,217096,4,"45898 Briggs Place Suite 130, Rossview, OH 62796",586323316783,deanwilliams@example.net,Non-married
780,Christina Washington,41,Male,1984-04-16,2016-03-19,Developer,282492,8,"384 Robert Ford, Grayside, MI 65036",71450971538,jthomas@example.com,Single
781,Daisy Donaldson,37,Female,1987-08-06,2021-12-11,Executive,108556,2,"20193 Lori Inlet, Zacharyport, UT 53805",567183831132,william66@example.net,Married
782,Tyler Miller,55,Female,1969-07-29,2022-11-19,Analyst,237882,8,"9976 Sarah Islands, North Kathleenside, UT 54086",204990237693,tracy42@example.net,Non-married
783,Mary Barnes,40,Female,1984-10-30,2023-10-01,Manager,96459,2,"33362 Heidi Ramp, South Dominique, IL 95954",173820421075,ybrown@example.net,Non-married
784,Desiree Woodward,50,Female,1974-07-31,2022-07-29,Lead,286197,1,"449 Peter Trail Suite 971, Petersonshire, MS 26967",111505944692,eric80@example.org,Single
785,Jennifer Best,26,Female,1998-06-25,2019-08-15,Lead,234857,4,"645 Stephanie Track, North Jamie, IN 41023",1421215144,ashley83@example.com,Single
786,Scott Cummings,41,Male,1984-03-23,2022-11-28,Executive,123305,7,"1771 Denise Land Apt. 558, Lake Stevenland, TX 08051",1586069772,njackson@example.com,Single
787,Russell Saunders,55,Female,1970-02-24,2017-07-12,Executive,179358,8,"315 Rogers Brooks Apt. 827, Elizabethfurt, MH 93186",771346370422,anthony46@example.com,Married
788,Ralph Smith,50,Female,1975-05-09,2017-07-13,Manager,267125,2,"9031 Dillon Neck Apt. 737, Port Melissa, MT 04195",477803216631,croberts@example.net,Single
789,Robert Wong,31,Female,1993-06-04,2021-11-20,Manager,277936,7,"336 Mcgrath Fort Suite 919, South Jennifer, ND 36089",344685392537,margaretsavage@example.com,Single
790,George Castro,28,Female,1996-12-07,2019-02-09,Lead,132582,2,"PSC 1366, Box 0777, APO AP 17292",6604009907,millsmichael@example.org,Non-married
791,Michael Mendoza,32,Male,1992-10-19,2023-07-15,Analyst,145050,3,"37183 Padilla Roads, New Mariaberg, NE 63093",126872636771,joseph34@example.org,Married
792,Joshua James,53,Female,1971-08-13,2025-01-21,Manager,124692,3,"00467 Gonzalez Manors Suite 406, Port Justinport, NC 47693",60981955548,bridgesjohn@example.org,Non-married
793,Michael Butler,42,Female,1982-06-27,2021-02-20,Developer,220750,3,"204 Stephanie Bridge Suite 229, East Amber, MD 61272",09284161948,sawyerjeffrey@example.org,Non-married
794,Joshua Hayes,32,Male,1992-11-18,2025-03-04,Executive,229531,4,"328 Micheal Groves Apt. 678, East Stephanie, MT 37957",71813537883,kevinwatts@example.com,Married
795,Lori Matthews,29,Female,1996-01-26,2023-09-24,Executive,70389,2,"6625 Paul Square Apt. 458, South Linda, NJ 03323",978967727434,jacob58@example.net,Non-married
796,Julie Hughes,42,Male,1983-04-30,2020-08-02,Lead,147821,5,"83260 Joseph Roads Suite 625, Jonathanland, NC 13803",39183654591,williamschmidt@example.com,Single
797,Deanna Young,30,Female,1994-09-01,2021-06-13,Developer,162806,6,"96983 Thomas Junction, Cookshire, DE 54056",594077430110,victoria77@example.com,Single
798,Ashley Mullen,50,Female,1974-07-12,2016-01-02,Lead,107749,5,"781 Brenda Drives, South Amandaburgh, AZ 20931",817941327268,powersstephanie@example.org,Non-married
799,Kelly Walton,49,Female,1976-02-16,2025-02-28,Analyst,272094,8,"2203 Scott Tunnel Apt. 130, Whiteburgh, NY 20190",7844229350,gcarter@example.net,Married
800,Amy Allen,29,Male,1995-09-05,2018-05-22,Manager,243419,2,"33934 Paige Locks, Nicholasshire, LA 07320",593057110499,walkermatthew@example.com,Married
801,Mark Brady,25,Female,1999-08-02,2022-04-28,Lead,75731,1,"2774 Jonathan Greens Suite 062, West David, AZ 46560",894397670160,natalieward@example.com,Non-married
802,Jasmine Hernandez,42,Male,1982-07-29,2015-09-14,Lead,279115,1,"98868 Andre Shoals, Keithburgh, GU 78659",9900359034,alexanderwood@example.com,Married
803,Wesley Ayala,52,Male,1972-07-20,2019-03-11,Executive,122140,1,"109 Jennifer Shore, Shelbytown, GU 35327",7879687227,emilyhahn@example.net,Non-married
804,Allen Smith,36,Female,1988-12-02,2019-07-04,Executive,165770,8,"261 Shannon Way, Theodoreton, IN 40759",777493815281,tammiehensley@example.org,Single
805,Matthew Gallagher,53,Male,1971-12-28,2019-02-06,Analyst,276557,1,"05595 Butler Underpass Suite 078, North Donald, PR 28872",47373077214,jamiewilson@example.net,Non-married
806,Beth Nichols,31,Male,1993-10-31,2017-07-01,Manager,285849,3,"6343 Harris Fords, Scottshire, RI 66359",039857137218,jenniferwatson@example.com,Single
807,Justin Perez,29,Male,1995-06-03,2022-10-03,Developer,80929,7,"91062 Tracey Mountains, Lopezshire, CA 51429",83402022158,levibrown@example.net,Non-married
808,Nicole Bright,58,Female,1967-02-17,2021-07-22,Manager,287733,5,"19132 Maynard Prairie, Lake Madeline, PR 10403",63148473974,fsimpson@example.org,Married
809,Gary Brown,55,Male,1970-02-15,2024-06-26,Executive,79005,5,"52722 Dale River, South Heatherfurt, NE 20340",85829872027,sierraponce@example.net,Married
810,Maria Hunt,60,Male,1965-01-11,2017-04-26,Developer,81264,4,"29470 Maurice Prairie, Edwinfurt, PR 83852",2898227759,ysmith@example.net,Non-married
811,Ms. Maria Ward,54,Female,1971-03-10,2025-03-16,Executive,166068,5,"004 Howard Highway, North Davidmouth, PA 92857",2221026876,moraallen@example.net,Single
812,Donna Page,58,Male,1966-07-26,2023-06-04,Manager,90394,7,"3173 Morse Curve, Port Jeffrey, NY 07459",57670323502,laurahernandez@example.com,Married
813,Edwin Gallegos,48,Male,1976-09-25,2016-09-03,Executive,231896,5,"431 Jacobs Canyon Apt. 533, Lake Jenniferland, MS 27498",68282420261,nguyendebbie@example.com,Single
814,Mallory Thompson,35,Female,1989-07-19,2015-08-30,Developer,240617,5,"245 Hurley Motorway, Parkerchester, ID 23634",56936179281,edwarddean@example.com,Single
815,Joshua Kramer,26,Male,1999-01-28,2022-05-29,Manager,232443,5,"3802 Kristi Key Suite 706, South Joseph, IN 14722",051580943618,david38@example.net,Married
816,Jesse Foster,34,Male,1990-11-07,2022-01-16,Analyst,142272,4,"94104 Little Bridge Suite 715, Lake Michaelberg, OR 81023",6851579277,williamscatherine@example.org,Single
817,Edwin Leonard,29,Female,1995-10-07,2025-01-25,Manager,157846,7,"43452 Bowman Port, New Kenneth, IA 06470",73285770058,nicholsmichael@example.org,Non-married
818,Ms. Hailey Hansen,29,Female,1995-09-11,2022-05-23,Developer,164630,3,"29101 Harper Trafficway, West Sandra, NE 45343",234543230373,heidi77@example.com,Single
819,Maurice Terrell,37,Female,1987-11-21,2017-07-12,Developer,250484,3,"6577 Daniel Track Suite 667, West Joshuatown, FL 35415",947447179796,susanrivas@example.org,Single
820,David Morgan,36,Male,1988-11-23,2017-10-19,Analyst,147155,2,"32179 Perkins Landing Apt. 218, New Deborahtown, MI 29436",40671804194,wigginskaren@example.com,Married
821,Amber Robertson,47,Male,1978-04-24,2017-01-07,Analyst,265352,5,"02693 Romero Point, North Andrew, KY 47866",75561161121,spearscraig@example.com,Married
822,Connor Bradley,33,Female,1992-02-07,2017-03-20,Manager,190249,1,"53224 Pamela Parkways, Stevenstown, MN 79346",356777722874,ruth57@example.net,Non-married
823,Dawn Harrington,34,Male,1990-06-10,2018-11-19,Manager,214252,4,"6501 Moore Ways, Andersenberg, CO 78668",617654876090,hgray@example.org,Non-married
824,Stacey Anderson,41,Female,1984-04-27,2017-02-20,Analyst,162841,7,"762 Shane Keys, Lake Mark, MH 76467",22791135714,stacycabrera@example.net,Single
825,Jackie Zimmerman,30,Female,1995-04-05,2023-06-04,Executive,173571,5,"102 Sierra Villages Suite 084, Chavezmouth, DC 54017",7207583594,mhoward@example.com,Married
826,Dakota Sanchez,37,Female,1987-06-22,2021-07-31,Manager,214496,5,"1755 Johnson Forges, Ericside, FL 79685",541010518985,smithtimothy@example.net,Married
827,Kyle Reynolds,53,Male,1972-04-13,2018-02-20,Manager,258331,7,"84021 Norris Plain, Williamschester, NY 30657",6936931580,deborah51@example.com,Single
828,Sarah Mcdaniel,28,Female,1996-11-04,2017-06-29,Developer,182025,3,"78494 Justin Harbor, Sherrichester, FM 48013",92241246638,rgood@example.net,Married
829,Kelly George,38,Female,1987-03-28,2025-03-09,Analyst,160574,7,"0583 Carolyn Land Suite 555, Williamston, CA 09721",025260645008,hbarrett@example.com,Single
830,Shannon Miller,53,Male,1971-11-16,2015-07-09,Manager,155264,8,"35455 Julie Ports, West Kimberly, ME 64684",54630363784,reedcindy@example.org,Non-married
831,Zachary Bailey,54,Female,1971-04-09,2019-10-18,Executive,177269,6,"34365 Smith Mews, Lake Jackborough, WI 77380",415716768910,qbarnes@example.org,Single
832,Patricia Townsend,27,Male,1997-07-26,2019-10-29,Lead,153852,1,"PSC 6071, Box 9509, APO AE 62167",8950966875,sheila87@example.net,Married
833,Ann Marshall,55,Male,1969-08-31,2024-05-22,Developer,80196,6,"2177 Cox Trail, Michaelside, MT 19958",01556093696,saundersjacqueline@example.com,Non-married
834,Catherine Perkins,33,Female,1991-11-01,2021-11-14,Manager,255812,7,"8532 Guerrero Ranch, Allenmouth, AS 03494",591851845442,william61@example.com,Non-married
835,Randy Miller,57,Male,1967-11-14,2022-01-09,Analyst,173707,3,"1009 Vaughn Turnpike Suite 221, Port Courtneybury, VT 25226",36553157467,crystalanderson@example.org,Non-married
836,Andrew Byrd,26,Female,1999-05-16,2018-09-18,Executive,132190,8,"66502 Jermaine Shore Suite 310, Riversborough, NE 92186",72905723466,dakota75@example.com,Non-married
837,Jill Gill,29,Female,1996-04-03,2019-05-16,Executive,112751,7,"83421 Dorsey Island Suite 482, Wilkersonbury, UT 49041",42476554815,brooke78@example.org,Single
838,Joseph Johnson,46,Female,1978-12-26,2015-08-13,Lead,96449,5,"17729 Sandoval Track Apt. 735, North Miatown, NJ 55066",7412436971,brittanybarnett@example.net,Married
839,Michael Mills,44,Female,1980-08-10,2018-01-07,Executive,217507,1,"427 Nancy Inlet, Lake Andrewhaven, MD 92918",82104375688,whernandez@example.org,Non-married
840,Denise Wright,30,Male,1994-10-20,2016-09-09,Developer,143043,2,"0886 Matthew Orchard, Lake Lisatown, ME 11104",7036945871,michaelferguson@example.org,Non-married
841,Lisa Green,38,Female,1986-09-09,2017-10-01,Developer,173218,6,"Unit 5102 Box 1609, DPO AP 84059",32294503788,jaime06@example.net,Married
842,Michael Brown,53,Male,1972-04-02,2017-01-19,Developer,190771,6,"17258 Nicholas Locks Apt. 004, New Steven, GA 70928",168826311754,maguilar@example.com,Single
843,Stacey Johnson,48,Male,1976-11-22,2019-04-30,Analyst,197784,4,"825 Leach Ramp, South Jacquelineland, AL 74690",115172506938,gillespiesamantha@example.net,Married
844,Angela Martinez,38,Male,1986-08-02,2018-05-01,Executive,216482,8,"6184 Lewis Plains, Robertsshire, FL 18403",56617633707,william94@example.com,Single
845,Katelyn Davis,36,Male,1988-07-10,2016-08-14,Manager,222402,7,"5400 Joseph Forge Suite 410, Port Debramouth, NC 02768",5193683639,hjennings@example.org,Single
846,Brianna Morris,57,Male,1967-07-07,2020-11-28,Analyst,140017,5,"980 Johnson Fords Apt. 938, Lake Brianborough, PR 39823",3327866632,iowens@example.net,Non-married
847,Robert Brewer,58,Male,1966-06-19,2016-06-11,Manager,129279,6,"579 Davis Hills Suite 423, Port Stacy, GU 29864",443980315568,bwheeler@example.org,Single
848,Shelby Davidson,38,Female,1987-03-23,2017-10-11,Lead,257444,6,"49304 Russell Oval, Kathleenside, AR 30785",15928094852,timothy47@example.org,Single
849,Austin Smith,33,Female,1991-08-18,2016-06-07,Manager,180831,7,"1201 Regina Drive Suite 596, Michaelastad, IA 94835",0760762974,renee09@example.com,Married
850,Rebecca Higgins,35,Male,1990-03-11,2022-01-10,Manager,134426,7,"106 Fisher Manors Apt. 750, Port Mark, FL 04988",29614485561,garrettcheyenne@example.net,Married
851,Noah Gibson,32,Female,1992-12-17,2019-06-05,Executive,250916,3,"USNS Melendez, FPO AA 55728",202965941030,banksbeth@example.net,Non-married
852,Jamie Johnson,57,Female,1967-06-26,2017-02-07,Executive,257570,5,"9573 Ward Prairie Suite 782, Rogersland, TX 67868",51951164558,todd65@example.net,Single
853,Clinton Chavez,31,Male,1994-03-29,2023-12-25,Lead,193486,5,"346 Collier Loop Suite 698, Stewartview, OR 07183",2569800600,ocraig@example.net,Married
854,Kristy Robinson,38,Male,1986-08-13,2020-11-04,Analyst,76602,8,"880 Brian Overpass Apt. 168, Jonesville, KS 83182",48179739048,cory60@example.net,Married
855,Ian Cortez,32,Female,1992-12-12,2018-01-21,Analyst,195517,3,"23034 Johns Hills, Port Lance, RI 95669",99215782621,joshuaramirez@example.com,Non-married
856,Samantha Grant,41,Male,1984-03-21,2017-11-08,Executive,138680,4,"1115 Joan Greens, Lake Ericside, NH 62678",32938597597,adavila@example.com,Single
857,Nicole Mcgrath,45,Female,1979-07-19,2021-02-08,Developer,133080,2,"7187 Maria Green Suite 361, South Sonia, MO 46099",543087195995,gmontgomery@example.net,Single
858,Chad Boyle,40,Male,1984-10-03,2020-03-06,Analyst,275458,7,"1481 Maddox Groves Suite 571, Butlerview, NE 69842",58898991295,karen41@example.org,Single
859,Austin Smith,59,Male,1965-11-05,2017-01-28,Lead,227257,1,"71269 Ricky Vista, East Cassieport, AZ 09372",14863695514,joshua19@example.com,Non-married
860,Cheryl Sawyer,51,Female,1973-05-29,2025-02-24,Developer,185121,3,"278 Pamela Radial Suite 442, Courtneyside, OK 65963",16886392367,scottjessica@example.org,Non-married
861,Scott Edwards,44,Male,1981-01-03,2025-03-15,Lead,258837,3,"6231 Randy Walk Suite 154, Lake Mark, MT 12640",361136717586,sabrinaharris@example.org,Married
862,Kim Gonzales,37,Female,1987-07-12,2021-02-02,Executive,222397,2,"13964 Alexis Ridges, Lake Jamesside, AR 66664",54315025172,robin92@example.com,Non-married
863,Alyssa Garrett,60,Male,1964-09-27,2016-03-09,Manager,158274,1,"6246 Joel Court, Port Gary, AS 21175",990280293234,crivera@example.com,Married
864,Aaron Diaz,38,Male,1987-04-21,2016-08-01,Analyst,111003,6,"USCGC Lee, FPO AA 84931",4632384367,adam48@example.org,Single
865,Lisa Stevens,46,Female,1978-06-12,2018-11-13,Developer,137028,8,"81533 Joshua Hills Suite 304, Meganberg, AR 92435",305437019632,andrew35@example.net,Married
866,Jennifer Johnson,39,Female,1985-09-08,2019-06-24,Analyst,157171,1,"31461 Jonathan Unions, New Christopher, NE 13868",07232269747,amydavenport@example.net,Single
867,Robert Carter,59,Male,1966-01-04,2024-05-15,Manager,133242,6,"11030 Blake Roads Suite 260, Ashleymouth, LA 42475",616543062076,sean81@example.com,Single
868,Nicholas Lewis,36,Male,1988-07-08,2025-04-22,Executive,100530,8,"45096 Thompson Prairie Apt. 528, Lake Rachelview, VT 50088",4136373875,owilliams@example.org,Non-married
869,Laura Whitehead,43,Female,1981-12-28,2021-05-16,Executive,183513,8,"17609 Roberts Vista Apt. 242, Port Deborahborough, PW 92055",4940252190,vjohnson@example.com,Non-married
870,Amy Richard,60,Female,1964-12-01,2016-10-16,Lead,261530,5,"41921 Hill Coves Suite 229, Port Jenniferfort, AZ 18987",157402283249,coletina@example.com,Non-married
871,Christopher Lewis,40,Male,1984-11-18,2018-02-27,Manager,289330,4,"598 Miller Fords Suite 128, East Tyler, MN 84856",986527356906,joel71@example.net,Non-married
872,Derek Tran,50,Male,1975-01-05,2022-03-20,Manager,237860,4,"975 Alexis Street, Armstrongborough, AL 51630",75951134654,owalker@example.com,Non-married
873,Todd Flores,53,Male,1972-04-24,2019-02-09,Developer,162714,2,"11124 Steven Expressway Suite 723, Millerton, GA 37793",755507705275,jim70@example.net,Married
874,Samantha Rollins,44,Male,1980-12-14,2025-02-08,Developer,233234,2,"78681 Lindsey Mill Apt. 852, Jacquelinefurt, MN 89845",60291690205,kimberlyorozco@example.com,Single
875,Rachel Smith,40,Male,1984-07-24,2024-03-05,Manager,120212,7,"3013 Michelle Locks Suite 582, Vanessachester, ME 43809",540539365032,hlindsey@example.com,Non-married
876,Christopher Brandt,50,Female,1975-03-27,2017-09-03,Lead,274287,2,"976 Miller Ridge Suite 046, Irwintown, VT 81257",582216878888,jmccormick@example.org,Married
877,Selena Rodriguez,38,Female,1986-06-28,2017-12-16,Manager,194736,6,"45233 Hurst Way Apt. 895, Tylerburgh, KY 49931",8824932369,courtney02@example.com,Non-married
878,Stacey Suarez MD,51,Male,1973-07-06,2017-04-30,Manager,119528,6,"9167 Kramer Ramp, West Zacharyburgh, MD 25655",737837906353,scotthumphrey@example.org,Non-married
879,Lauren Sanchez,50,Female,1974-07-27,2020-10-05,Executive,204320,2,"46703 April Extension Apt. 236, Christophershire, NJ 34800",0765331014,jamesperez@example.com,Single
880,Stephen Morales,39,Female,1985-10-07,2018-10-06,Analyst,228547,3,"02143 Valerie Vista Apt. 354, Johnsonton, PW 83842",048438853648,kathleenrivera@example.net,Married
881,Sheena Terry,28,Male,1996-06-28,2023-03-19,Executive,149877,1,"13251 Coleman Neck Apt. 166, Port Cathy, DC 82966",449535639779,zflores@example.org,Single
882,Jason Marshall,27,Female,1997-06-18,2025-01-25,Manager,282167,7,"PSC 3321, Box 4955, APO AE 41804",49481319784,zmcgee@example.com,Married
883,Emily Ross,34,Female,1991-04-27,2017-09-10,Manager,90474,5,"11679 Robert Freeway Apt. 846, Donaldberg, MP 66117",341041384198,cassandra10@example.com,Single
884,Maria Barnett,27,Male,1997-06-11,2016-06-11,Developer,125818,5,"350 Sandra Rest, Christopherville, WV 24480",016423210783,johnsonhunter@example.net,Single
885,Jessica Smith,45,Female,1979-12-07,2015-12-18,Manager,177628,7,"PSC 3556, Box 3483, APO AA 34761",2957782281,joanna05@example.org,Single
886,Michelle Douglas,33,Male,1991-11-03,2018-05-17,Manager,281365,1,"802 Savage Groves, South Karen, MO 11058",0936013658,annettehill@example.com,Non-married
887,Harold Serrano,29,Female,1995-10-11,2015-11-26,Executive,178313,8,"66479 Pollard Pines, Port Julia, MD 89411",299155872625,stewartrodney@example.org,Married
888,Lindsay Hoffman,55,Male,1969-07-27,2024-08-22,Developer,250943,1,"811 Deleon Drive Suite 872, Lake Ginafort, IN 11061",01652196702,rachelhensley@example.org,Non-married
889,Elizabeth Gonzalez,42,Male,1982-12-03,2024-04-15,Developer,150503,1,"087 Mcgee Parkways, Smithfort, VI 47885",442632203661,brittney56@example.com,Non-married
890,John Cowan,35,Female,1990-03-05,2019-04-01,Executive,250200,8,"993 Weaver Flats Apt. 059, Dixonfurt, IN 30764",932061730404,codythompson@example.org,Single
891,Richard Murphy,37,Male,1987-10-23,2021-06-10,Manager,77039,7,"748 Stephanie Club Apt. 452, Stephaniefurt, PW 62611",1460834928,marie78@example.com,Non-married
892,Debra Sparks,59,Male,1966-02-27,2021-03-29,Manager,214819,2,"20658 Thomas Summit Apt. 574, New Miranda, DC 10828",0350678137,mcclurebrian@example.com,Non-married
893,Rodney Davis,38,Male,1986-11-29,2021-12-30,Executive,172402,4,"1134 Paul Street Apt. 251, Joshuabury, HI 42079",6719813519,dana11@example.net,Married
894,Jeremiah Trujillo,25,Female,2000-01-16,2019-11-21,Executive,91654,3,"Unit 2829 Box 7170, DPO AE 75001",870848820317,agraham@example.net,Non-married
895,Donna Jimenez,46,Male,1979-03-18,2020-03-01,Lead,190182,1,"34089 Mcgee Key, Dudleyberg, CA 64118",5820636477,whitechristina@example.com,Married
896,Craig Mclean,33,Female,1992-04-02,2018-10-23,Lead,267176,1,"61726 Morrison Trail, Mikefort, SD 79235",9514201057,amy37@example.net,Married
897,Cameron Moore,46,Male,1978-12-20,2020-01-06,Analyst,200823,8,"USNS Martin, FPO AP 34492",621115636242,alexanderharris@example.net,Married
898,Kim Nash,47,Female,1978-01-10,2022-06-11,Lead,237082,7,"7030 Rachel Land Apt. 095, New Markmouth, UT 37970",95801438270,stephanieperez@example.net,Married
899,Mike Lopez,57,Male,1968-01-31,2019-10-30,Executive,288355,1,"827 Jill Street, Guzmanborough, CT 45362",1573359501,apeterson@example.net,Single
900,Jennifer Holt,42,Male,1982-09-05,2018-07-30,Manager,154236,8,"1929 Reynolds Forge, East Sabrina, PA 14443",84224538350,virginia04@example.org,Non-married
901,Jackie Delgado,41,Male,1983-12-10,2018-08-25,Lead,104840,2,"555 Jackson Turnpike Suite 130, North Abigailtown, WY 11352",16369773739,gchristensen@example.org,Non-married
902,Michael Smith,41,Female,1984-05-02,2022-03-18,Lead,87953,6,"96130 Smith Field, New Andreaview, IA 47911",45210159011,williskatelyn@example.org,Non-married
903,Emily Maldonado,56,Female,1968-11-25,2015-11-09,Manager,248366,4,"USNS Travis, FPO AA 61514",86799972952,hmullen@example.net,Non-married
904,Cassandra Morris,25,Female,1999-07-21,2023-08-27,Lead,70521,7,"5736 Velasquez Circles, West Michellehaven, NJ 45619",0513459432,schroederrobert@example.org,Non-married
905,Christine Livingston,59,Female,1965-11-01,2021-09-13,Developer,272548,2,"672 Catherine Corners Apt. 727, Cindyview, NV 38718",21563565263,mmccullough@example.com,Married
906,Katherine Prince,60,Male,1964-06-21,2024-06-29,Lead,288865,2,"0113 Neal Springs, Mariafurt, GU 89518",35933236560,michaelburch@example.com,Married
907,Lori Rosales,49,Female,1975-08-21,2016-01-08,Lead,162077,2,"092 Gonzales Estates, North Teresa, NJ 25690",5937865695,stacyjennings@example.org,Married
908,Margaret Clark,28,Male,1997-05-05,2024-08-28,Analyst,259739,4,"2405 Rodriguez Avenue, Troychester, PR 08975",021322960990,morganlee@example.com,Non-married
909,Sabrina Haynes,37,Female,1988-01-09,2023-07-21,Manager,106861,4,"192 Joseph Brook Suite 071, North Veronicaside, WI 30962",72701304574,suzanne90@example.org,Non-married
910,John Sanchez,26,Female,1999-02-22,2017-10-10,Executive,184621,8,"PSC 3320, Box 2112, APO AP 04674",9381677360,byrdkeith@example.net,Married
911,James Wright,39,Female,1985-06-24,2015-12-08,Executive,83187,6,"1099 Anna Ways, West Sarah, ND 41319",4755011891,acaldwell@example.net,Single
912,Wesley Nelson,55,Female,1969-07-29,2015-09-23,Executive,198468,1,"747 Cunningham Row Suite 219, Peterburgh, AK 15800",7680952571,hernandezthomas@example.org,Non-married
913,Nicholas Villa,28,Male,1996-09-23,2022-09-06,Analyst,218284,7,"4037 Linda Neck, Rodriguezville, WA 06836",2056146754,samuel20@example.net,Married
914,Patricia Gonzales,41,Male,1984-02-06,2023-03-02,Manager,137632,6,"42243 Ramirez Field, Sydneyton, NV 17829",46673819379,qedwards@example.com,Single
915,Brent Gregory,60,Female,1964-12-14,2017-05-02,Executive,257513,5,"13369 Toni Mission, New Jacquelineberg, SD 53922",9665653080,aaronjohnson@example.com,Non-married
916,Alan Ball,34,Female,1990-09-07,2020-09-02,Developer,156866,1,"283 Cook Vista Apt. 284, West Keithborough, LA 64449",839093165697,twest@example.com,Non-married
917,Megan Mathis,35,Female,1989-08-12,2019-08-30,Developer,134206,6,"7650 Rachel Passage, Nicolehaven, MN 01304",8789403241,melvin82@example.net,Single
918,Judy Price,55,Male,1969-07-03,2021-08-30,Lead,232149,8,"19881 Angela Meadows, Kennedyhaven, VI 79412",60958045388,davidmontgomery@example.org,Non-married
919,Brandon Freeman,36,Female,1989-04-09,2022-01-09,Developer,169191,3,"264 Alexandra Pines Suite 307, Port Markmouth, VI 64547",5739106067,jennifer04@example.net,Married
920,Tracey Stevens,29,Male,1995-10-24,2021-11-15,Lead,276061,3,"8162 Rachel Landing Suite 026, South Craigton, NC 85818",75810014667,hicksbrandy@example.com,Single
921,Clifford Murray,37,Male,1987-09-12,2022-11-01,Lead,246146,6,"168 Kayla Manor Apt. 318, Greenborough, AR 06896",571296441207,powellmelissa@example.org,Married
922,Dr. John Klein,51,Male,1973-09-24,2019-08-27,Analyst,265795,2,"7056 Susan Rue, Davidsonburgh, NC 61507",26863067626,rchase@example.net,Married
923,Eric Moore,41,Male,1984-01-07,2024-04-02,Analyst,113473,4,"84249 Stephanie Way, Port Richard, NJ 94396",76988497127,erik41@example.org,Married
924,Sandra Hernandez,30,Male,1994-10-02,2017-02-25,Analyst,71112,6,"0317 Susan Squares Suite 091, New Jessicafurt, WY 87231",894725997081,taylornicholas@example.org,Non-married
925,George Woods,60,Female,1965-05-21,2016-01-11,Lead,226854,6,"USNV Snow, FPO AE 58866",0437200702,michellewebb@example.com,Non-married
926,Christina Jenkins,36,Female,1988-08-09,2020-06-10,Executive,126661,4,"099 Mark Ranch Suite 378, Powersberg, MI 03449",3798298862,yrice@example.com,Single
927,Joseph Stark,52,Male,1973-05-23,2023-12-30,Manager,213669,6,"240 Perez Road, Riveramouth, MT 02032",3896386698,jevans@example.com,Married
928,Joseph Cortez,54,Male,1971-04-25,2017-02-12,Lead,201724,1,"39069 Moore Islands Suite 891, Ryanport, MT 42926",44492615121,veronica39@example.com,Married
929,Samuel Dennis,53,Male,1971-07-29,2023-08-13,Lead,130923,5,"4287 Troy Alley, Kennethmouth, CA 08401",142695063899,ysanders@example.org,Single
930,John Moore,51,Female,1973-09-25,2023-06-14,Executive,157825,4,"1367 Meghan Fort, South Amandamouth, OR 73955",0764468465,michaelbarajas@example.net,Non-married
931,Aaron White,59,Male,1965-10-24,2022-03-02,Analyst,79250,2,"2604 Sullivan Drives Suite 888, Lake Katelyn, WY 18041",325677530075,westrada@example.org,Married
932,Mathew Swanson,57,Female,1968-04-29,2020-11-19,Analyst,282441,3,"94022 Kelly Crest, North Bettychester, AZ 80819",4393501794,dsosa@example.net,Married
933,Sherry Sanchez,31,Male,1994-03-31,2024-04-08,Analyst,141649,5,"5306 Bennett Orchard, Maryfurt, NH 33810",96644404664,jamie30@example.com,Single
934,Darren Pittman,58,Female,1966-12-28,2020-10-25,Executive,286611,4,"336 Seth Views, Shahport, LA 13261",568394658916,heather12@example.com,Non-married
935,Donald Smith,28,Male,1997-01-07,2016-06-04,Executive,210586,7,"194 Massey Village Apt. 255, South Amyborough, MT 00564",6955309692,bowmanwilliam@example.org,Married
936,Erica Garrett,52,Female,1972-07-16,2017-07-29,Manager,194102,1,"01840 Torres Causeway Apt. 339, West James, TX 06257",42367120478,benjaminlamb@example.org,Non-married
937,Jamie Le,50,Male,1974-07-09,2016-03-12,Manager,243740,8,"Unit 6259 Box 9096, DPO AE 79495",359015978231,ojohnson@example.net,Non-married
938,Angela Hill,54,Female,1970-12-16,2025-04-16,Manager,99882,1,"2254 Sally Locks Suite 173, Willisside, KY 93801",647652811712,martinezandrew@example.com,Single
939,Natalie Blanchard,58,Female,1967-04-04,2021-01-11,Analyst,89799,3,"76648 Harmon Cove, New Sandrastad, NJ 06192",575864994471,joannajones@example.net,Married
940,Monica Jenkins,26,Female,1998-10-28,2025-05-13,Lead,129027,4,"9036 Jones Mountains Apt. 433, Port Katieberg, NC 01362",6844784173,qnunez@example.org,Non-married
941,Pamela Wade,60,Male,1964-12-20,2019-07-14,Lead,210777,5,"3907 Johnson Corners, Nelsonmouth, FM 41873",537819659610,egarza@example.org,Married
942,Melissa Erickson,38,Female,1986-07-02,2024-12-02,Developer,182942,5,"199 Katherine Causeway Apt. 759, Latoyaton, AZ 38195",3067639614,sara48@example.net,Married
943,Margaret Williams,31,Male,1993-10-19,2021-06-11,Lead,113574,4,"00543 White Parkways, Tannerborough, IN 06469",2065802387,yarmstrong@example.com,Married
944,John Cuevas,30,Female,1994-06-26,2019-04-22,Lead,212857,6,"0204 Torres Garden, Katherineborough, IL 40516",72563443010,qjones@example.org,Single
945,Tyler May,26,Female,1999-04-26,2018-04-24,Manager,149535,1,"240 Lauren Pike, West Josephborough, AL 30902",9940103712,jpage@example.net,Non-married
946,Jill Watkins,60,Male,1965-02-14,2024-02-09,Lead,162813,2,"9870 Gamble Station, Michaelland, FM 14929",420337691042,vhardin@example.net,Single
947,Shelley Smith,57,Male,1968-01-03,2024-09-13,Developer,252482,1,"326 Patrick Glen Suite 468, Strongberg, SD 02025",38097847259,hillashley@example.org,Married
948,Andrew Johnson,58,Female,1966-06-24,2018-01-03,Lead,78409,2,"596 Pamela Brook Suite 694, Brianhaven, MA 67043",3580397733,darrenlynch@example.com,Non-married
949,Amy Luna,35,Female,1990-01-23,2024-11-09,Executive,157195,4,"545 Tapia Wall, Hickmanville, AR 35024",62768280928,hjones@example.com,Single
950,Carolyn Miller,60,Male,1965-01-21,2022-10-04,Developer,94572,8,"228 Gary Loaf, Karistad, PA 77132",313034274602,lisa43@example.net,Married
951,Natalie Hodges,34,Female,1990-11-03,2018-05-11,Lead,262718,5,"878 Barbara Track Apt. 340, Bradfordhaven, FL 21246",779778679453,daniel90@example.com,Non-married
952,Kayla Alvarez,40,Male,1985-03-18,2024-08-11,Analyst,211251,7,"849 Liu Courts, North Jacobburgh, WA 19858",853541400517,callahanmarcus@example.com,Single
953,Erin Buchanan,55,Female,1969-06-08,2016-09-27,Executive,276692,6,"409 Gross Neck, Reneefort, SD 27076",6861562455,mark03@example.org,Married
954,Terri Garcia,57,Male,1968-05-13,2024-03-11,Analyst,215154,3,"9509 Bush Springs, West Heathermouth, MI 86346",680596982831,christophermoran@example.com,Non-married
955,Brian Gonzalez,57,Female,1967-11-22,2024-06-17,Developer,280348,7,"0879 Lewis Summit, Douglaston, OH 38501",29142414161,jamieleblanc@example.org,Single
956,Pamela Hernandez,32,Female,1993-05-10,2017-05-15,Analyst,208324,1,"02152 Gates Spurs, North Christopherhaven, FM 59048",806388387914,joseph25@example.com,Married
957,Laura Fowler,35,Female,1989-12-28,2017-08-14,Analyst,143306,8,"11351 Christian Cove, Davidhaven, ID 85160",212746148884,perezphyllis@example.org,Non-married
958,Linda Davis,60,Female,1965-01-28,2024-05-03,Executive,259022,3,"288 Kristina Glen, Martinezstad, MN 82280",33836420663,jonathan99@example.org,Single
959,Omar Curtis,35,Female,1989-07-10,2024-02-25,Analyst,143733,7,"2208 Matthew Gardens Suite 761, Louisburgh, IL 02381",704541174264,mary84@example.com,Non-married
960,Steven Johnson,40,Male,1985-05-22,2020-11-24,Executive,73249,1,"99226 Anthony Forest, Lake Barbara, NJ 76936",285787963288,uhawkins@example.net,Single
961,Brian House PhD,54,Female,1970-12-02,2018-04-25,Executive,199493,6,"4150 Chris Junctions Apt. 684, Port Michaelside, MH 01110",5205060777,joshua49@example.com,Single
962,Laura Bowman,39,Female,1986-01-25,2021-08-18,Executive,127979,5,"0477 Brown Roads Suite 160, Port Alexander, LA 15402",741604908481,lynnrivera@example.org,Non-married
963,Sara Jones,27,Male,1997-09-16,2015-12-17,Manager,100078,3,"4648 Tiffany Walk Apt. 842, Troymouth, AK 75779",5323472430,calvin39@example.org,Married
964,Thomas Kelley,49,Male,1975-11-26,2022-10-15,Analyst,71282,4,"1347 Haynes Loop Suite 666, Port Carmen, MT 12789",711257195040,vstrickland@example.net,Single
965,William Anderson,25,Female,1999-09-28,2021-01-26,Executive,211754,3,"947 Edwards Shores Apt. 866, Port Melissaburgh, NY 92434",5650241223,chaveznatalie@example.net,Married
966,James Murray,50,Male,1974-10-26,2017-12-14,Analyst,208971,2,"55356 Jacobs Skyway Suite 085, Tatefurt, WY 19896",5460878976,scott39@example.net,Married
967,Angela Lewis,32,Female,1993-05-16,2021-05-01,Manager,159526,1,"7031 Cooper Mews Apt. 687, West Sarahbury, IA 53843",894102024023,amanda12@example.org,Non-married
968,Harold Blevins,52,Male,1972-11-16,2015-07-18,Manager,106075,2,"56882 Daniel Camp Apt. 135, Sandersview, MI 13225",6849695391,cruzjohn@example.com,Single
969,Colleen Farrell,39,Male,1986-03-04,2021-09-26,Analyst,151945,3,"7568 Williams Hill, Brownberg, WV 40348",43831205272,diana02@example.org,Non-married
970,Michelle Shaw,56,Female,1969-03-06,2022-10-03,Executive,161399,2,"408 Hopkins Avenue, West Elizabethtown, CT 98127",58504092794,escott@example.org,Married
971,Samuel Vasquez,38,Male,1986-06-25,2020-12-16,Lead,154462,2,"080 Cody Harbor, New Kenneth, KY 25809",042454818904,julia17@example.org,Non-married
972,Sarah Wells,30,Male,1995-03-28,2025-03-12,Lead,115264,3,"18763 Garrison Mall, Deckerview, CT 90273",1912141082,gillespiejulie@example.com,Married
973,Stacy Cross,60,Male,1964-05-27,2015-07-08,Developer,168597,6,"22904 Hendrix Camp, South Kristychester, MO 89618",91013530275,karadeleon@example.net,Single
974,Michael Matthews,55,Male,1969-06-07,2024-05-05,Manager,129914,6,"245 Martinez Orchard Apt. 314, Michellechester, MI 72189",972280413758,bsmith@example.net,Single
975,Jasmine Perry,49,Male,1975-12-20,2023-07-30,Analyst,160723,8,"825 Jacob Fields, Lindahaven, NV 75849",566299423971,grobles@example.org,Non-married
976,Lisa Fry,54,Female,1970-06-13,2023-12-12,Lead,92279,2,"791 Carolyn Ports Suite 856, North Lauren, ND 40960",405703716271,nzamora@example.net,Married
977,Willie Melton,44,Female,1981-04-29,2023-07-30,Developer,238283,7,"00194 Moore Harbors Suite 178, Aprilmouth, NY 32501",94728212359,ulozano@example.net,Single
978,Lauren Harrison,32,Male,1992-09-30,2019-08-29,Lead,101636,1,"99212 Little Lane, South Jonathan, HI 16534",421823600147,justinmorse@example.net,Married
979,Robert Norman,46,Male,1978-08-21,2021-02-04,Lead,163317,6,"PSC 5001, Box 8966, APO AP 85917",55583365903,robinsonsarah@example.com,Married
980,Beverly Hawkins,54,Male,1970-09-03,2022-04-08,Analyst,133960,5,"26161 Ashley Island, Newtonberg, MP 79128",16520177157,marymitchell@example.net,Married
981,Ashley Blackwell,35,Female,1989-10-14,2021-04-24,Manager,280473,7,"3893 Amanda Locks Suite 633, East Jacob, MN 45017",16946450508,laura04@example.net,Single
982,Nicole Mendez,31,Male,1994-02-16,2020-02-25,Analyst,103370,6,"2553 William Radial Apt. 087, North Gregory, NY 85770",8664266717,wilsontroy@example.net,Single
983,Tammy Tapia,53,Female,1972-05-05,2021-03-19,Lead,159867,1,"Unit 1505 Box 2891, DPO AE 99642",8938762828,kolson@example.com,Married
984,Rachel Brady,36,Female,1989-03-14,2025-01-25,Executive,139010,3,"977 Oconnor Grove, Murrayton, DC 18663",46397399292,louissimpson@example.net,Non-married
985,Mark Mcbride,54,Male,1970-10-18,2020-12-10,Lead,236804,2,"740 Scott Ramp, New Jeremymouth, VI 46728",926003628077,andrew74@example.net,Single
986,Ronnie Dawson,29,Female,1996-05-06,2025-03-18,Analyst,184666,1,"97278 Brenda Overpass Apt. 252, Ericborough, HI 79671",513606854409,masondavis@example.net,Single
987,Dr. John Cole,56,Male,1969-01-16,2025-01-21,Developer,159090,7,"841 Brown Estate, South Leonard, GA 42199",82857333397,clarkjeremy@example.org,Married
988,James Gutierrez,27,Female,1997-09-05,2017-05-04,Analyst,212511,8,"939 Joel Parks, Karenport, CT 82134",14418431419,alan41@example.com,Non-married
989,Kathleen Leon,45,Female,1979-11-22,2016-07-06,Developer,234208,5,"49072 Richard Square, North Dawn, NM 11566",44173492371,beasleystephanie@example.com,Married
990,Zachary Oconnor,33,Female,1991-12-01,2017-05-16,Developer,131473,5,"089 Edward Pass Suite 729, Port Angelamouth, NV 86549",1297340570,terrellshawn@example.org,Single
991,Jesus Silva,44,Male,1980-09-30,2020-11-17,Manager,183646,4,"57667 Timothy Point Suite 310, Smithfort, VA 08751",4374760769,troy55@example.net,Non-married
992,Stephen Lee,27,Male,1997-07-12,2019-02-03,Lead,274931,5,"169 Sarah Bridge, Lake Jessica, OH 21821",53084366068,fredericknewton@example.org,Married
993,Kimberly Bell,44,Male,1980-11-26,2022-04-25,Lead,88750,6,"2338 Melissa Ways, South Matthewchester, WI 41933",73796612638,gonzalezjustin@example.org,Non-married
994,Tara Mooney,55,Female,1969-12-14,2020-08-17,Lead,124802,8,"441 Rollins Forge, East April, CT 86199",080729829207,cameron29@example.net,Single
995,Michael Williams,56,Female,1968-06-24,2023-02-12,Lead,142427,8,"9413 Dominguez Roads Suite 839, West Sheila, DE 91352",310544476173,fraziermonique@example.org,Single
996,Michael Wilson,46,Male,1979-03-30,2020-12-27,Developer,122624,5,"6173 Wallace Circle, Lake Jodishire, AK 49886",3991817919,michael44@example.com,Single
997,Jeffrey Allen,36,Female,1989-01-27,2023-07-28,Manager,94000,6,"77521 Ford Oval Apt. 144, Barryview, OR 85315",20456920053,cdixon@example.com,Married
998,Jennifer Murphy,52,Male,1972-10-19,2016-07-04,Executive,76244,4,"91461 Perez Walk Suite 769, Karenside, HI 98186",68095389530,hicksstephanie@example.org,Single
999,Sandra Garcia,26,Male,1999-05-11,2018-05-21,Developer,252612,3,"9594 Jessica Alley, South Shellyville, PW 73946",5299348527,watkinsheather@example.com,Non-married
1000,John Glass,52,Female,1972-10-09,2016-07-17,Analyst,179295,8,"05355 Richard Bridge Suite 938, Stevensonburgh, ID 18017",8436189704,hayeskelsey@example.org,Single
