payroll_id,empID,month,base_salary,bonus_paid,deductions,net_salary,payment_date
1,1,January 2020,112202,2000,1293,112909,2025-06-07
2,1,February 2020,112202,2000,1204,112998,2024-10-15
3,1,March 2020,112202,2000,757,113445,2022-11-01
4,1,April 2020,112202,0,734,111468,2024-04-29
5,1,May 2020,112202,0,1508,110694,2025-01-28
6,1,June 2020,112202,0,969,111233,2024-10-26
7,1,July 2020,112202,1000,926,112276,2022-12-10
8,1,August 2020,112202,2000,785,113417,2022-01-28
9,1,September 2020,112202,0,1864,110338,2022-12-01
10,1,October 2020,112202,2000,945,113257,2024-05-16
11,1,November 2020,112202,0,809,111393,2024-08-07
12,1,December 2020,112202,2000,58,114144,2023-08-30
13,2,January 2020,126866,2000,1407,127459,2023-05-29
14,2,February 2020,126866,0,1813,125053,2024-07-13
15,2,March 2020,126866,2000,1920,126946,2024-10-31
16,2,April 2020,126866,2000,1098,127768,2024-08-05
17,2,May 2020,126866,3000,1703,128163,2022-10-21
18,2,June 2020,126866,3000,1525,128341,2024-12-03
19,2,July 2020,126866,1000,1449,126417,2025-12-10
20,2,August 2020,126866,0,1801,125065,2022-04-04
21,2,September 2020,126866,1000,343,127523,2025-10-06
22,2,October 2020,126866,1000,1852,126014,2023-10-20
23,2,November 2020,126866,2000,1124,127742,2023-03-13
24,2,December 2020,126866,1000,260,127606,2023-02-28
25,3,January 2020,125407,2000,570,126837,2025-08-16
26,3,February 2020,125407,3000,80,128327,2023-08-25
27,3,March 2020,125407,3000,1117,127290,2023-08-30
28,3,April 2020,125407,2000,1262,126145,2025-10-31
29,3,May 2020,125407,0,1235,124172,2025-10-29
30,3,June 2020,125407,3000,1995,126412,2023-01-17
31,3,July 2020,125407,0,180,125227,2025-05-07
32,3,August 2020,125407,2000,1944,125463,2025-02-26
33,3,September 2020,125407,3000,1883,126524,2023-10-05
34,3,October 2020,125407,2000,210,127197,2023-07-28
35,3,November 2020,125407,1000,1285,125122,2022-08-22
36,3,December 2020,125407,2000,346,127061,2025-09-20
37,4,January 2020,229520,2000,1971,229549,2025-07-22
38,4,February 2020,229520,3000,1550,230970,2025-11-18
39,4,March 2020,229520,2000,1406,230114,2023-07-18
40,4,April 2020,229520,1000,1517,229003,2023-10-24
41,4,May 2020,229520,1000,864,229656,2025-12-10
42,4,June 2020,229520,0,498,229022,2023-01-17
43,4,July 2020,229520,0,109,229411,2022-02-23
44,4,August 2020,229520,0,1579,227941,2022-02-08
45,4,September 2020,229520,0,561,228959,2025-08-06
46,4,October 2020,229520,1000,1513,229007,2025-04-20
47,4,November 2020,229520,3000,1850,230670,2022-06-27
48,4,December 2020,229520,1000,812,229708,2025-07-15
49,5,January 2020,143901,1000,827,144074,2025-04-07
50,5,February 2020,143901,2000,499,145402,2025-06-10
51,5,March 2020,143901,0,1987,141914,2022-05-09
52,5,April 2020,143901,3000,474,146427,2023-05-14
53,5,May 2020,143901,1000,317,144584,2022-08-28
54,5,June 2020,143901,0,1069,142832,2023-10-31
55,5,July 2020,143901,1000,723,144178,2025-10-14
56,5,August 2020,143901,0,811,143090,2025-01-22
57,5,September 2020,143901,3000,1292,145609,2022-07-20
58,5,October 2020,143901,2000,1615,144286,2022-04-04
59,5,November 2020,143901,0,1143,142758,2024-08-07
60,5,December 2020,143901,3000,1771,145130,2025-04-04
61,6,January 2020,174863,0,795,174068,2023-10-01
62,6,February 2020,174863,2000,618,176245,2022-06-09
63,6,March 2020,174863,2000,929,175934,2022-10-28
64,6,April 2020,174863,0,781,174082,2022-01-28
65,6,May 2020,174863,0,1355,173508,2022-04-23
66,6,June 2020,174863,1000,1578,174285,2023-09-05
67,6,July 2020,174863,2000,143,176720,2025-03-14
68,6,August 2020,174863,1000,203,175660,2023-02-16
69,6,September 2020,174863,3000,1766,176097,2022-04-26
70,6,October 2020,174863,1000,1858,174005,2023-05-19
71,6,November 2020,174863,2000,385,176478,2025-02-08
72,6,December 2020,174863,0,1261,173602,2025-11-03
73,7,January 2020,96497,2000,1297,97200,2022-01-23
74,7,February 2020,96497,3000,1685,97812,2024-02-14
75,7,March 2020,96497,0,480,96017,2022-11-27
76,7,April 2020,96497,1000,1304,96193,2023-12-31
77,7,May 2020,96497,1000,412,97085,2023-11-13
78,7,June 2020,96497,0,1460,95037,2024-06-05
79,7,July 2020,96497,3000,431,99066,2022-02-17
80,7,August 2020,96497,3000,543,98954,2025-02-24
81,7,September 2020,96497,1000,770,96727,2023-04-20
82,7,October 2020,96497,1000,1740,95757,2024-05-16
83,7,November 2020,96497,2000,1819,96678,2024-07-15
84,7,December 2020,96497,2000,1343,97154,2023-11-25
85,8,January 2020,287233,0,656,286577,2025-09-04
86,8,February 2020,287233,3000,1865,288368,2025-02-07
87,8,March 2020,287233,3000,1469,288764,2024-05-05
88,8,April 2020,287233,2000,1492,287741,2025-08-08
89,8,May 2020,287233,0,663,286570,2022-05-28
90,8,June 2020,287233,1000,790,287443,2022-12-01
91,8,July 2020,287233,1000,964,287269,2022-07-07
92,8,August 2020,287233,0,1912,285321,2025-07-28
93,8,September 2020,287233,3000,376,289857,2023-04-18
94,8,October 2020,287233,0,1482,285751,2025-06-21
95,8,November 2020,287233,3000,1114,289119,2024-11-11
96,8,December 2020,287233,1000,62,288171,2025-01-30
97,9,January 2020,116892,1000,309,117583,2022-12-01
98,9,February 2020,116892,2000,1534,117358,2025-01-26
99,9,March 2020,116892,0,817,116075,2022-04-24
100,9,April 2020,116892,3000,1425,118467,2025-12-09
101,9,May 2020,116892,0,520,116372,2025-03-20
102,9,June 2020,116892,0,847,116045,2024-05-06
103,9,July 2020,116892,0,1187,115705,2025-06-08
104,9,August 2020,116892,3000,650,119242,2025-03-11
105,9,September 2020,116892,0,353,116539,2024-04-10
106,9,October 2020,116892,0,1227,115665,2022-05-23
107,9,November 2020,116892,3000,1643,118249,2022-04-17
108,9,December 2020,116892,2000,1720,117172,2024-11-23
109,10,January 2020,278431,0,1221,277210,2022-07-19
110,10,February 2020,278431,0,1029,277402,2023-01-16
111,10,March 2020,278431,0,405,278026,2023-04-30
112,10,April 2020,278431,1000,245,279186,2025-06-19
113,10,May 2020,278431,2000,1196,279235,2023-10-12
114,10,June 2020,278431,1000,85,279346,2023-08-14
115,10,July 2020,278431,0,627,277804,2023-08-26
116,10,August 2020,278431,3000,1476,279955,2023-01-08
117,10,September 2020,278431,0,1421,277010,2025-10-28
118,10,October 2020,278431,1000,1336,278095,2025-07-22
119,10,November 2020,278431,2000,705,279726,2023-06-04
120,10,December 2020,278431,3000,1205,280226,2023-03-02
121,11,January 2020,74711,3000,1001,76710,2023-11-11
122,11,February 2020,74711,0,1359,73352,2023-10-19
123,11,March 2020,74711,1000,1432,74279,2025-09-23
124,11,April 2020,74711,1000,1090,74621,2023-05-30
125,11,May 2020,74711,3000,50,77661,2023-08-02
126,11,June 2020,74711,2000,951,75760,2025-09-03
127,11,July 2020,74711,0,377,74334,2025-04-12
128,11,August 2020,74711,0,216,74495,2024-02-18
129,11,September 2020,74711,3000,834,76877,2023-02-28
130,11,October 2020,74711,0,431,74280,2025-11-03
131,11,November 2020,74711,3000,1582,76129,2024-12-01
132,11,December 2020,74711,0,1356,73355,2022-10-20
133,12,January 2020,102503,1000,779,102724,2023-12-30
134,12,February 2020,102503,1000,955,102548,2025-02-04
135,12,March 2020,102503,3000,1904,103599,2024-06-26
136,12,April 2020,102503,2000,353,104150,2022-10-23
137,12,May 2020,102503,2000,1353,103150,2022-11-30
138,12,June 2020,102503,1000,1404,102099,2022-03-10
139,12,July 2020,102503,2000,1743,102760,2023-02-20
140,12,August 2020,102503,0,694,101809,2023-09-25
141,12,September 2020,102503,0,490,102013,2022-06-26
142,12,October 2020,102503,1000,1274,102229,2022-12-20
143,12,November 2020,102503,1000,1990,101513,2023-10-15
144,12,December 2020,102503,0,1625,100878,2022-01-12
145,13,January 2020,96750,2000,1991,96759,2023-05-19
146,13,February 2020,96750,2000,207,98543,2024-09-14
147,13,March 2020,96750,3000,1889,97861,2023-02-12
148,13,April 2020,96750,1000,114,97636,2022-06-30
149,13,May 2020,96750,3000,1959,97791,2022-11-30
150,13,June 2020,96750,2000,1393,97357,2025-12-28
151,13,July 2020,96750,2000,410,98340,2024-07-03
152,13,August 2020,96750,2000,1809,96941,2025-07-11
153,13,September 2020,96750,1000,389,97361,2023-11-03
154,13,October 2020,96750,1000,1646,96104,2023-07-17
155,13,November 2020,96750,1000,168,97582,2022-07-30
156,13,December 2020,96750,2000,1818,96932,2024-05-19
157,14,January 2020,234550,3000,364,237186,2025-02-21
158,14,February 2020,234550,0,82,234468,2024-10-30
159,14,March 2020,234550,0,246,234304,2023-03-13
160,14,April 2020,234550,0,154,234396,2025-11-27
161,14,May 2020,234550,2000,1625,234925,2025-08-13
162,14,June 2020,234550,2000,743,235807,2023-06-11
163,14,July 2020,234550,0,448,234102,2025-06-03
164,14,August 2020,234550,3000,1273,236277,2024-03-15
165,14,September 2020,234550,2000,933,235617,2025-05-03
166,14,October 2020,234550,3000,1948,235602,2022-10-29
167,14,November 2020,234550,3000,1596,235954,2022-03-13
168,14,December 2020,234550,1000,443,235107,2022-05-20
169,15,January 2020,192940,3000,460,195480,2024-07-20
170,15,February 2020,192940,1000,603,193337,2025-08-16
171,15,March 2020,192940,2000,997,193943,2023-10-25
172,15,April 2020,192940,2000,483,194457,2025-05-07
173,15,May 2020,192940,1000,1364,192576,2023-05-05
174,15,June 2020,192940,0,800,192140,2023-12-17
175,15,July 2020,192940,1000,296,193644,2022-06-18
176,15,August 2020,192940,3000,1921,194019,2024-06-21
177,15,September 2020,192940,1000,329,193611,2023-05-28
178,15,October 2020,192940,0,782,192158,2022-11-03
179,15,November 2020,192940,0,234,192706,2022-03-14
180,15,December 2020,192940,1000,1437,192503,2023-03-25
181,16,January 2020,172376,3000,707,174669,2022-10-12
182,16,February 2020,172376,0,59,172317,2025-09-16
183,16,March 2020,172376,3000,875,174501,2024-03-18
184,16,April 2020,172376,2000,1242,173134,2024-08-11
185,16,May 2020,172376,2000,23,174353,2022-01-01
186,16,June 2020,172376,0,1897,170479,2025-03-24
187,16,July 2020,172376,2000,1153,173223,2022-03-28
188,16,August 2020,172376,2000,1550,172826,2023-04-17
189,16,September 2020,172376,0,140,172236,2024-05-19
190,16,October 2020,172376,3000,1509,173867,2023-05-28
191,16,November 2020,172376,2000,1275,173101,2024-06-29
192,16,December 2020,172376,1000,531,172845,2025-06-30
193,17,January 2020,240637,0,1026,239611,2025-05-11
194,17,February 2020,240637,0,65,240572,2023-12-12
195,17,March 2020,240637,3000,1711,241926,2023-02-27
196,17,April 2020,240637,2000,171,242466,2025-05-01
197,17,May 2020,240637,3000,247,243390,2024-02-11
198,17,June 2020,240637,3000,654,242983,2023-12-24
199,17,July 2020,240637,2000,82,242555,2022-05-28
200,17,August 2020,240637,2000,46,242591,2025-05-20
201,17,September 2020,240637,3000,688,242949,2022-08-19
202,17,October 2020,240637,2000,338,242299,2023-07-09
203,17,November 2020,240637,1000,631,241006,2022-05-03
204,17,December 2020,240637,0,1785,238852,2025-12-26
205,18,January 2020,127703,3000,1330,129373,2024-10-23
206,18,February 2020,127703,1000,25,128678,2023-12-03
207,18,March 2020,127703,3000,966,129737,2022-11-21
208,18,April 2020,127703,3000,1008,129695,2023-11-05
209,18,May 2020,127703,0,198,127505,2023-01-03
210,18,June 2020,127703,0,1304,126399,2023-01-18
211,18,July 2020,127703,0,762,126941,2024-07-04
212,18,August 2020,127703,2000,408,129295,2024-07-28
213,18,September 2020,127703,0,1281,126422,2022-09-27
214,18,October 2020,127703,2000,284,129419,2024-12-01
215,18,November 2020,127703,0,1388,126315,2025-11-12
216,18,December 2020,127703,0,737,126966,2025-12-30
217,19,January 2020,235614,0,1941,233673,2025-12-15
218,19,February 2020,235614,3000,592,238022,2023-01-07
219,19,March 2020,235614,1000,1096,235518,2025-06-03
220,19,April 2020,235614,1000,1517,235097,2024-02-13
221,19,May 2020,235614,1000,1215,235399,2025-02-26
222,19,June 2020,235614,2000,888,236726,2025-02-14
223,19,July 2020,235614,0,323,235291,2025-04-14
224,19,August 2020,235614,1000,78,236536,2022-06-06
225,19,September 2020,235614,0,1035,234579,2025-08-10
226,19,October 2020,235614,2000,1430,236184,2025-06-01
227,19,November 2020,235614,1000,1531,235083,2025-06-03
228,19,December 2020,235614,3000,1755,236859,2025-08-20
229,20,January 2020,81917,3000,1309,83608,2023-02-25
230,20,February 2020,81917,2000,1837,82080,2023-01-29
231,20,March 2020,81917,3000,340,84577,2025-08-07
232,20,April 2020,81917,2000,1253,82664,2022-01-04
233,20,May 2020,81917,3000,1204,83713,2022-01-12
234,20,June 2020,81917,3000,325,84592,2024-10-31
235,20,July 2020,81917,3000,120,84797,2022-10-08
236,20,August 2020,81917,3000,805,84112,2025-09-06
237,20,September 2020,81917,1000,553,82364,2023-03-13
238,20,October 2020,81917,1000,1139,81778,2022-09-28
239,20,November 2020,81917,3000,920,83997,2022-02-07
240,20,December 2020,81917,3000,1774,83143,2022-06-04
241,21,January 2020,174834,1000,1060,174774,2024-05-21
242,21,February 2020,174834,1000,1627,174207,2023-01-02
243,21,March 2020,174834,2000,684,176150,2022-06-09
244,21,April 2020,174834,1000,1340,174494,2024-10-04
245,21,May 2020,174834,0,572,174262,2025-02-08
246,21,June 2020,174834,0,646,174188,2023-10-20
247,21,July 2020,174834,2000,1701,175133,2022-06-17
248,21,August 2020,174834,0,1450,173384,2025-05-26
249,21,September 2020,174834,2000,956,175878,2024-02-11
250,21,October 2020,174834,2000,58,176776,2024-12-11
251,21,November 2020,174834,1000,327,175507,2024-09-08
252,21,December 2020,174834,3000,1382,176452,2023-09-26
253,22,January 2020,101095,0,935,100160,2022-10-18
254,22,February 2020,101095,0,1857,99238,2025-11-28
255,22,March 2020,101095,1000,1360,100735,2025-01-10
256,22,April 2020,101095,2000,584,102511,2025-02-10
257,22,May 2020,101095,2000,1592,101503,2022-07-01
258,22,June 2020,101095,3000,1161,102934,2022-11-30
259,22,July 2020,101095,2000,1006,102089,2022-03-30
260,22,August 2020,101095,2000,639,102456,2022-07-20
261,22,September 2020,101095,2000,1583,101512,2024-07-27
262,22,October 2020,101095,1000,481,101614,2025-05-08
263,22,November 2020,101095,3000,535,103560,2023-10-18
264,22,December 2020,101095,2000,931,102164,2023-10-17
265,23,January 2020,241085,3000,1789,242296,2023-07-05
266,23,February 2020,241085,0,1592,239493,2023-02-06
267,23,March 2020,241085,2000,301,242784,2023-02-20
268,23,April 2020,241085,2000,1615,241470,2023-07-26
269,23,May 2020,241085,1000,1903,240182,2022-04-13
270,23,June 2020,241085,1000,570,241515,2023-10-14
271,23,July 2020,241085,3000,455,243630,2023-10-02
272,23,August 2020,241085,0,1889,239196,2022-03-23
273,23,September 2020,241085,0,1039,240046,2024-03-13
274,23,October 2020,241085,0,21,241064,2025-12-21
275,23,November 2020,241085,3000,399,243686,2023-08-20
276,23,December 2020,241085,3000,112,243973,2025-08-02
277,24,January 2020,182144,1000,1114,182030,2025-08-24
278,24,February 2020,182144,1000,381,182763,2025-01-15
279,24,March 2020,182144,2000,1991,182153,2023-11-06
280,24,April 2020,182144,3000,652,184492,2022-07-03
281,24,May 2020,182144,3000,525,184619,2022-11-16
282,24,June 2020,182144,2000,57,184087,2023-08-05
283,24,July 2020,182144,2000,324,183820,2024-03-11
284,24,August 2020,182144,3000,1359,183785,2022-03-25
285,24,September 2020,182144,0,821,181323,2025-05-07
286,24,October 2020,182144,1000,1421,181723,2024-07-19
287,24,November 2020,182144,0,1730,180414,2023-01-26
288,24,December 2020,182144,3000,946,184198,2023-11-10
289,25,January 2020,70488,2000,1029,71459,2025-02-27
290,25,February 2020,70488,1000,390,71098,2024-11-02
291,25,March 2020,70488,1000,535,70953,2023-03-16
292,25,April 2020,70488,1000,861,70627,2023-01-15
293,25,May 2020,70488,0,911,69577,2025-05-14
294,25,June 2020,70488,0,1536,68952,2024-08-07
295,25,July 2020,70488,0,1036,69452,2022-07-08
296,25,August 2020,70488,3000,216,73272,2023-01-24
297,25,September 2020,70488,0,934,69554,2022-05-13
298,25,October 2020,70488,0,1890,68598,2022-09-23
299,25,November 2020,70488,2000,310,72178,2024-06-14
300,25,December 2020,70488,2000,1596,70892,2023-12-13
301,26,January 2020,270160,2000,1943,270217,2025-07-31
302,26,February 2020,270160,0,1336,268824,2025-05-21
303,26,March 2020,270160,0,736,269424,2022-08-24
304,26,April 2020,270160,0,1438,268722,2023-04-26
305,26,May 2020,270160,1000,1278,269882,2025-04-21
306,26,June 2020,270160,1000,1531,269629,2022-08-08
307,26,July 2020,270160,0,1311,268849,2025-10-23
308,26,August 2020,270160,0,1320,268840,2023-06-11
309,26,September 2020,270160,0,369,269791,2025-11-28
310,26,October 2020,270160,3000,1369,271791,2022-03-25
311,26,November 2020,270160,0,159,270001,2023-11-02
312,26,December 2020,270160,0,692,269468,2025-06-25
313,27,January 2020,73361,2000,1084,74277,2023-12-12
314,27,February 2020,73361,2000,515,74846,2023-12-26
315,27,March 2020,73361,3000,83,76278,2022-08-07
316,27,April 2020,73361,3000,1435,74926,2022-11-22
317,27,May 2020,73361,1000,302,74059,2024-10-13
318,27,June 2020,73361,0,1557,71804,2024-04-24
319,27,July 2020,73361,0,1645,71716,2024-05-06
320,27,August 2020,73361,0,1509,71852,2024-05-23
321,27,September 2020,73361,3000,264,76097,2023-11-27
322,27,October 2020,73361,3000,1228,75133,2023-10-06
323,27,November 2020,73361,2000,611,74750,2025-01-05
324,27,December 2020,73361,1000,577,73784,2024-05-24
325,28,January 2020,221830,0,1070,220760,2023-05-03
326,28,February 2020,221830,2000,1362,222468,2023-03-10
327,28,March 2020,221830,0,1832,219998,2022-09-13
328,28,April 2020,221830,0,316,221514,2022-03-30
329,28,May 2020,221830,3000,1636,223194,2024-07-29
330,28,June 2020,221830,3000,197,224633,2025-06-02
331,28,July 2020,221830,0,1636,220194,2023-05-11
332,28,August 2020,221830,2000,1089,222741,2023-08-03
333,28,September 2020,221830,1000,1158,221672,2024-03-28
334,28,October 2020,221830,1000,421,222409,2023-11-15
335,28,November 2020,221830,3000,1629,223201,2023-09-17
336,28,December 2020,221830,0,690,221140,2024-11-08
337,29,January 2020,151262,0,807,150455,2025-08-10
338,29,February 2020,151262,0,335,150927,2025-04-07
339,29,March 2020,151262,2000,1633,151629,2023-04-23
340,29,April 2020,151262,0,754,150508,2024-06-19
341,29,May 2020,151262,0,501,150761,2022-08-11
342,29,June 2020,151262,3000,733,153529,2023-08-25
343,29,July 2020,151262,3000,346,153916,2025-02-24
344,29,August 2020,151262,1000,863,151399,2023-08-12
345,29,September 2020,151262,2000,908,152354,2022-10-15
346,29,October 2020,151262,1000,509,151753,2022-08-04
347,29,November 2020,151262,2000,1152,152110,2022-07-08
348,29,December 2020,151262,0,1202,150060,2023-11-07
349,30,January 2020,83244,1000,1156,83088,2022-05-30
350,30,February 2020,83244,1000,588,83656,2023-12-25
351,30,March 2020,83244,0,933,82311,2022-05-27
352,30,April 2020,83244,3000,878,85366,2024-08-02
353,30,May 2020,83244,0,1163,82081,2024-09-05
354,30,June 2020,83244,3000,1534,84710,2025-04-10
355,30,July 2020,83244,3000,840,85404,2023-06-26
356,30,August 2020,83244,0,1403,81841,2024-05-23
357,30,September 2020,83244,2000,121,85123,2024-04-05
358,30,October 2020,83244,2000,1184,84060,2023-07-25
359,30,November 2020,83244,0,1228,82016,2022-05-16
360,30,December 2020,83244,0,1300,81944,2022-06-25
361,31,January 2020,222562,3000,1588,223974,2025-01-09
362,31,February 2020,222562,3000,1212,224350,2022-07-03
363,31,March 2020,222562,0,1340,221222,2025-03-29
364,31,April 2020,222562,0,1736,220826,2022-10-25
365,31,May 2020,222562,1000,1738,221824,2024-11-03
366,31,June 2020,222562,1000,284,223278,2025-04-22
367,31,July 2020,222562,2000,258,224304,2022-08-28
368,31,August 2020,222562,3000,1574,223988,2024-04-27
369,31,September 2020,222562,3000,1299,224263,2023-02-05
370,31,October 2020,222562,1000,294,223268,2024-10-27
371,31,November 2020,222562,1000,1960,221602,2025-07-04
372,31,December 2020,222562,0,1841,220721,2025-02-20
373,32,January 2020,152979,2000,1721,153258,2023-05-09
374,32,February 2020,152979,2000,199,154780,2024-04-09
375,32,March 2020,152979,2000,1462,153517,2022-11-22
376,32,April 2020,152979,2000,472,154507,2024-07-08
377,32,May 2020,152979,3000,1748,154231,2022-11-25
378,32,June 2020,152979,1000,629,153350,2022-02-13
379,32,July 2020,152979,3000,209,155770,2022-07-16
380,32,August 2020,152979,3000,1759,154220,2024-06-11
381,32,September 2020,152979,1000,448,153531,2025-08-21
382,32,October 2020,152979,0,1332,151647,2025-06-21
383,32,November 2020,152979,0,130,152849,2025-09-30
384,32,December 2020,152979,0,1255,151724,2025-11-11
385,33,January 2020,287105,0,1401,285704,2023-06-14
386,33,February 2020,287105,3000,292,289813,2022-05-03
387,33,March 2020,287105,1000,642,287463,2025-05-25
388,33,April 2020,287105,3000,39,290066,2025-01-15
389,33,May 2020,287105,0,1393,285712,2023-04-21
390,33,June 2020,287105,3000,1812,288293,2022-06-21
391,33,July 2020,287105,2000,487,288618,2025-05-09
392,33,August 2020,287105,0,1475,285630,2024-05-31
393,33,September 2020,287105,3000,1162,288943,2025-06-25
394,33,October 2020,287105,1000,887,287218,2023-11-02
395,33,November 2020,287105,3000,21,290084,2025-06-13
396,33,December 2020,287105,0,1192,285913,2022-07-15
397,34,January 2020,276166,1000,383,276783,2024-01-21
398,34,February 2020,276166,0,147,276019,2023-08-08
399,34,March 2020,276166,2000,1663,276503,2025-08-19
400,34,April 2020,276166,2000,1899,276267,2023-01-31
401,34,May 2020,276166,0,333,275833,2024-03-23
402,34,June 2020,276166,2000,30,278136,2023-06-30
403,34,July 2020,276166,0,1856,274310,2024-07-27
404,34,August 2020,276166,0,1586,274580,2022-12-06
405,34,September 2020,276166,3000,902,278264,2025-06-25
406,34,October 2020,276166,2000,836,277330,2024-10-07
407,34,November 2020,276166,0,1807,274359,2023-09-23
408,34,December 2020,276166,0,1954,274212,2023-08-16
409,35,January 2020,276757,3000,7,279750,2022-10-27
410,35,February 2020,276757,2000,600,278157,2025-02-06
411,35,March 2020,276757,1000,1912,275845,2023-02-17
412,35,April 2020,276757,0,371,276386,2025-04-11
413,35,May 2020,276757,3000,1372,278385,2024-07-11
414,35,June 2020,276757,3000,33,279724,2023-04-22
415,35,July 2020,276757,3000,1250,278507,2024-04-23
416,35,August 2020,276757,3000,144,279613,2024-11-16
417,35,September 2020,276757,2000,666,278091,2022-07-03
418,35,October 2020,276757,0,695,276062,2024-09-03
419,35,November 2020,276757,2000,1062,277695,2025-05-16
420,35,December 2020,276757,3000,105,279652,2024-03-22
421,36,January 2020,224409,3000,1105,226304,2025-08-17
422,36,February 2020,224409,1000,698,224711,2023-02-17
423,36,March 2020,224409,2000,796,225613,2024-09-24
424,36,April 2020,224409,0,1439,222970,2024-06-16
425,36,May 2020,224409,1000,1417,223992,2023-02-03
426,36,June 2020,224409,1000,84,225325,2023-04-15
427,36,July 2020,224409,1000,1406,224003,2022-06-01
428,36,August 2020,224409,0,1730,222679,2023-10-26
429,36,September 2020,224409,0,1447,222962,2023-11-18
430,36,October 2020,224409,1000,494,224915,2023-08-23
431,36,November 2020,224409,3000,1658,225751,2023-01-15
432,36,December 2020,224409,2000,1134,225275,2023-04-04
433,37,January 2020,192736,0,1039,191697,2022-07-14
434,37,February 2020,192736,3000,1294,194442,2023-02-27
435,37,March 2020,192736,1000,1474,192262,2025-03-03
436,37,April 2020,192736,3000,1736,194000,2023-07-25
437,37,May 2020,192736,3000,1671,194065,2024-11-30
438,37,June 2020,192736,2000,1951,192785,2022-02-12
439,37,July 2020,192736,1000,979,192757,2024-10-07
440,37,August 2020,192736,1000,48,193688,2022-08-24
441,37,September 2020,192736,1000,498,193238,2023-07-10
442,37,October 2020,192736,0,513,192223,2025-09-23
443,37,November 2020,192736,2000,1940,192796,2024-09-05
444,37,December 2020,192736,2000,1048,193688,2024-04-11
445,38,January 2020,167699,0,688,167011,2024-11-05
446,38,February 2020,167699,3000,326,170373,2024-03-25
447,38,March 2020,167699,2000,248,169451,2023-05-21
448,38,April 2020,167699,0,54,167645,2023-08-22
449,38,May 2020,167699,1000,1260,167439,2025-08-15
450,38,June 2020,167699,0,795,166904,2024-05-08
451,38,July 2020,167699,0,1500,166199,2023-12-21
452,38,August 2020,167699,0,298,167401,2025-08-14
453,38,September 2020,167699,3000,1851,168848,2024-06-28
454,38,October 2020,167699,1000,1791,166908,2023-09-13
455,38,November 2020,167699,1000,786,167913,2023-10-30
456,38,December 2020,167699,3000,310,170389,2022-04-13
457,39,January 2020,195438,1000,407,196031,2025-12-26
458,39,February 2020,195438,1000,106,196332,2024-10-14
459,39,March 2020,195438,3000,1754,196684,2022-04-26
460,39,April 2020,195438,2000,1490,195948,2025-11-20
461,39,May 2020,195438,1000,412,196026,2025-03-24
462,39,June 2020,195438,2000,1923,195515,2023-01-27
463,39,July 2020,195438,1000,1545,194893,2023-01-27
464,39,August 2020,195438,1000,918,195520,2025-08-11
465,39,September 2020,195438,1000,1381,195057,2022-09-21
466,39,October 2020,195438,1000,1614,194824,2024-09-02
467,39,November 2020,195438,3000,411,198027,2025-12-27
468,39,December 2020,195438,3000,375,198063,2022-03-17
469,40,January 2020,106322,0,924,105398,2024-08-14
470,40,February 2020,106322,1000,1370,105952,2022-12-07
471,40,March 2020,106322,2000,1262,107060,2024-05-08
472,40,April 2020,106322,2000,1457,106865,2024-11-29
473,40,May 2020,106322,2000,591,107731,2022-05-07
474,40,June 2020,106322,1000,1067,106255,2022-09-08
475,40,July 2020,106322,1000,798,106524,2022-12-10
476,40,August 2020,106322,3000,820,108502,2023-08-14
477,40,September 2020,106322,2000,733,107589,2023-07-15
478,40,October 2020,106322,2000,563,107759,2024-02-13
479,40,November 2020,106322,2000,1544,106778,2023-07-14
480,40,December 2020,106322,3000,1939,107383,2022-08-22
481,41,January 2020,289147,3000,1673,290474,2025-11-09
482,41,February 2020,289147,3000,555,291592,2022-10-23
483,41,March 2020,289147,1000,944,289203,2023-04-08
484,41,April 2020,289147,0,230,288917,2024-07-30
485,41,May 2020,289147,3000,1333,290814,2024-03-14
486,41,June 2020,289147,2000,1290,289857,2022-06-21
487,41,July 2020,289147,2000,1374,289773,2022-07-27
488,41,August 2020,289147,1000,231,289916,2024-07-21
489,41,September 2020,289147,3000,1060,291087,2023-02-06
490,41,October 2020,289147,3000,1969,290178,2023-06-05
491,41,November 2020,289147,0,1118,288029,2024-01-04
492,41,December 2020,289147,0,306,288841,2025-07-10
493,42,January 2020,262747,2000,993,263754,2022-01-10
494,42,February 2020,262747,0,684,262063,2024-04-30
495,42,March 2020,262747,2000,707,264040,2025-05-08
496,42,April 2020,262747,2000,660,264087,2024-02-15
497,42,May 2020,262747,0,830,261917,2023-02-13
498,42,June 2020,262747,3000,331,265416,2023-03-09
499,42,July 2020,262747,0,1226,261521,2023-06-29
500,42,August 2020,262747,1000,1269,262478,2025-09-29
501,42,September 2020,262747,3000,619,265128,2025-10-04
502,42,October 2020,262747,3000,70,265677,2025-11-12
503,42,November 2020,262747,1000,1216,262531,2022-07-29
504,42,December 2020,262747,3000,358,265389,2024-11-05
505,43,January 2020,271314,0,467,270847,2023-09-23
506,43,February 2020,271314,2000,1954,271360,2025-06-17
507,43,March 2020,271314,2000,357,272957,2023-07-16
508,43,April 2020,271314,2000,281,273033,2025-04-08
509,43,May 2020,271314,2000,1846,271468,2024-09-10
510,43,June 2020,271314,1000,365,271949,2025-02-10
511,43,July 2020,271314,2000,1725,271589,2022-05-24
512,43,August 2020,271314,0,558,270756,2022-05-11
513,43,September 2020,271314,1000,1879,270435,2024-03-01
514,43,October 2020,271314,0,1820,269494,2024-02-21
515,43,November 2020,271314,3000,1149,273165,2024-11-12
516,43,December 2020,271314,0,1764,269550,2023-11-24
517,44,January 2020,189440,2000,1046,190394,2024-10-06
518,44,February 2020,189440,3000,1728,190712,2025-07-01
519,44,March 2020,189440,0,1031,188409,2025-06-11
520,44,April 2020,189440,1000,265,190175,2024-10-29
521,44,May 2020,189440,0,759,188681,2025-07-27
522,44,June 2020,189440,0,593,188847,2022-04-14
523,44,July 2020,189440,1000,1370,189070,2023-08-30
524,44,August 2020,189440,1000,1043,189397,2023-05-07
525,44,September 2020,189440,2000,1409,190031,2024-11-24
526,44,October 2020,189440,0,102,189338,2025-01-04
527,44,November 2020,189440,3000,583,191857,2023-04-17
528,44,December 2020,189440,1000,1394,189046,2024-07-09
529,45,January 2020,240850,2000,1405,241445,2025-11-19
530,45,February 2020,240850,3000,720,243130,2025-07-11
531,45,March 2020,240850,3000,287,243563,2022-05-05
532,45,April 2020,240850,3000,644,243206,2024-06-10
533,45,May 2020,240850,2000,565,242285,2024-07-05
534,45,June 2020,240850,2000,685,242165,2022-10-05
535,45,July 2020,240850,1000,1753,240097,2024-06-16
536,45,August 2020,240850,0,1287,239563,2022-10-10
537,45,September 2020,240850,0,903,239947,2022-12-05
538,45,October 2020,240850,1000,937,240913,2024-08-13
539,45,November 2020,240850,1000,1340,240510,2023-03-25
540,45,December 2020,240850,2000,824,242026,2025-01-15
541,46,January 2020,156830,3000,1452,158378,2023-08-15
542,46,February 2020,156830,3000,600,159230,2023-09-17
543,46,March 2020,156830,1000,1942,155888,2022-07-17
544,46,April 2020,156830,0,1724,155106,2023-07-10
545,46,May 2020,156830,1000,1069,156761,2024-09-26
546,46,June 2020,156830,3000,952,158878,2023-03-23
547,46,July 2020,156830,2000,847,157983,2022-02-24
548,46,August 2020,156830,2000,1763,157067,2025-03-03
549,46,September 2020,156830,0,137,156693,2024-12-20
550,46,October 2020,156830,1000,36,157794,2025-10-16
551,46,November 2020,156830,2000,654,158176,2023-03-30
552,46,December 2020,156830,0,1076,155754,2024-05-01
553,47,January 2020,175773,0,1778,173995,2022-07-14
554,47,February 2020,175773,2000,87,177686,2024-02-13
555,47,March 2020,175773,1000,828,175945,2024-10-06
556,47,April 2020,175773,1000,385,176388,2022-01-08
557,47,May 2020,175773,3000,1431,177342,2024-07-16
558,47,June 2020,175773,3000,1770,177003,2024-02-14
559,47,July 2020,175773,3000,426,178347,2022-09-29
560,47,August 2020,175773,1000,469,176304,2024-07-10
561,47,September 2020,175773,1000,925,175848,2023-04-06
562,47,October 2020,175773,3000,915,177858,2022-10-11
563,47,November 2020,175773,0,353,175420,2022-02-07
564,47,December 2020,175773,2000,1903,175870,2025-10-04
565,48,January 2020,287065,0,1698,285367,2022-02-18
566,48,February 2020,287065,1000,126,287939,2022-01-27
567,48,March 2020,287065,3000,11,290054,2023-04-28
568,48,April 2020,287065,3000,329,289736,2023-08-24
569,48,May 2020,287065,1000,632,287433,2022-05-13
570,48,June 2020,287065,1000,1712,286353,2024-07-11
571,48,July 2020,287065,0,1082,285983,2023-07-05
572,48,August 2020,287065,0,1790,285275,2024-05-09
573,48,September 2020,287065,0,531,286534,2023-07-15
574,48,October 2020,287065,3000,931,289134,2025-12-12
575,48,November 2020,287065,0,1904,285161,2023-04-30
576,48,December 2020,287065,3000,821,289244,2024-03-01
577,49,January 2020,133860,3000,647,136213,2024-08-08
578,49,February 2020,133860,0,1500,132360,2022-06-04
579,49,March 2020,133860,2000,113,135747,2025-03-12
580,49,April 2020,133860,2000,1487,134373,2023-12-11
581,49,May 2020,133860,3000,506,136354,2024-09-28
582,49,June 2020,133860,0,1572,132288,2025-01-12
583,49,July 2020,133860,0,1444,132416,2025-11-19
584,49,August 2020,133860,2000,94,135766,2024-09-15
585,49,September 2020,133860,1000,1726,133134,2025-03-15
586,49,October 2020,133860,0,1990,131870,2022-05-05
587,49,November 2020,133860,1000,197,134663,2025-06-21
588,49,December 2020,133860,2000,420,135440,2025-09-23
589,50,January 2020,262008,3000,656,264352,2022-11-08
590,50,February 2020,262008,1000,853,262155,2022-01-16
591,50,March 2020,262008,2000,732,263276,2025-08-29
592,50,April 2020,262008,2000,720,263288,2025-05-04
593,50,May 2020,262008,1000,380,262628,2023-06-11
594,50,June 2020,262008,1000,917,262091,2022-03-02
595,50,July 2020,262008,1000,1715,261293,2023-06-20
596,50,August 2020,262008,0,1954,260054,2022-09-01
597,50,September 2020,262008,2000,503,263505,2025-11-17
598,50,October 2020,262008,1000,89,262919,2023-06-25
599,50,November 2020,262008,1000,956,262052,2024-09-02
600,50,December 2020,262008,3000,735,264273,2023-06-20
601,51,January 2020,284702,2000,360,286342,2025-04-13
602,51,February 2020,284702,1000,1287,284415,2025-09-18
603,51,March 2020,284702,1000,233,285469,2022-01-08
604,51,April 2020,284702,1000,452,285250,2022-10-04
605,51,May 2020,284702,2000,642,286060,2024-10-18
606,51,June 2020,284702,2000,1716,284986,2025-11-14
607,51,July 2020,284702,0,522,284180,2023-01-14
608,51,August 2020,284702,2000,1540,285162,2024-10-24
609,51,September 2020,284702,0,217,284485,2022-05-31
610,51,October 2020,284702,2000,409,286293,2024-10-28
611,51,November 2020,284702,2000,1653,285049,2023-03-06
612,51,December 2020,284702,2000,262,286440,2023-10-20
613,52,January 2020,79886,2000,1258,80628,2025-01-03
614,52,February 2020,79886,1000,889,79997,2022-02-16
615,52,March 2020,79886,1000,1297,79589,2022-10-06
616,52,April 2020,79886,2000,1041,80845,2022-07-24
617,52,May 2020,79886,3000,85,82801,2022-02-12
618,52,June 2020,79886,0,1506,78380,2022-01-06
619,52,July 2020,79886,2000,1160,80726,2022-01-01
620,52,August 2020,79886,3000,523,82363,2025-06-24
621,52,September 2020,79886,2000,127,81759,2023-04-21
622,52,October 2020,79886,3000,1313,81573,2025-01-16
623,52,November 2020,79886,3000,1338,81548,2024-04-15
624,52,December 2020,79886,2000,241,81645,2024-10-25
625,53,January 2020,276979,0,366,276613,2023-03-07
626,53,February 2020,276979,2000,1780,277199,2024-06-12
627,53,March 2020,276979,1000,1684,276295,2024-01-18
628,53,April 2020,276979,3000,1552,278427,2023-10-25
629,53,May 2020,276979,0,271,276708,2025-10-23
630,53,June 2020,276979,1000,1165,276814,2025-09-18
631,53,July 2020,276979,0,1429,275550,2024-06-14
632,53,August 2020,276979,3000,961,279018,2024-06-09
633,53,September 2020,276979,1000,1977,276002,2025-03-02
634,53,October 2020,276979,2000,1012,277967,2024-10-06
635,53,November 2020,276979,0,170,276809,2023-09-26
636,53,December 2020,276979,1000,196,277783,2025-02-27
637,54,January 2020,194131,1000,1487,193644,2024-01-24
638,54,February 2020,194131,2000,1746,194385,2023-05-06
639,54,March 2020,194131,3000,1204,195927,2024-11-09
640,54,April 2020,194131,1000,801,194330,2024-11-19
641,54,May 2020,194131,0,504,193627,2022-03-11
642,54,June 2020,194131,2000,284,195847,2022-03-25
643,54,July 2020,194131,0,905,193226,2024-02-14
644,54,August 2020,194131,1000,1728,193403,2025-08-12
645,54,September 2020,194131,1000,1454,193677,2022-07-06
646,54,October 2020,194131,3000,1332,195799,2023-01-17
647,54,November 2020,194131,0,126,194005,2023-06-11
648,54,December 2020,194131,2000,1688,194443,2025-01-03
649,55,January 2020,198787,3000,1507,200280,2024-01-11
650,55,February 2020,198787,0,663,198124,2023-06-03
651,55,March 2020,198787,2000,1802,198985,2022-07-12
652,55,April 2020,198787,2000,1633,199154,2025-10-02
653,55,May 2020,198787,2000,1795,198992,2024-06-15
654,55,June 2020,198787,3000,1488,200299,2025-11-27
655,55,July 2020,198787,1000,544,199243,2023-09-30
656,55,August 2020,198787,3000,1268,200519,2024-12-25
657,55,September 2020,198787,1000,1436,198351,2025-08-13
658,55,October 2020,198787,2000,1956,198831,2023-08-27
659,55,November 2020,198787,0,553,198234,2024-04-02
660,55,December 2020,198787,0,411,198376,2025-11-19
661,56,January 2020,201852,3000,315,204537,2023-06-05
662,56,February 2020,201852,2000,1536,202316,2025-01-27
663,56,March 2020,201852,3000,956,203896,2024-09-28
664,56,April 2020,201852,2000,547,203305,2024-01-15
665,56,May 2020,201852,0,418,201434,2022-02-17
666,56,June 2020,201852,0,783,201069,2025-10-26
667,56,July 2020,201852,0,1323,200529,2024-09-08
668,56,August 2020,201852,3000,1558,203294,2024-01-22
669,56,September 2020,201852,1000,1546,201306,2022-03-30
670,56,October 2020,201852,3000,1470,203382,2022-03-18
671,56,November 2020,201852,0,932,200920,2025-09-13
672,56,December 2020,201852,3000,1921,202931,2025-10-31
673,57,January 2020,210368,0,755,209613,2023-02-26
674,57,February 2020,210368,2000,1101,211267,2023-09-12
675,57,March 2020,210368,2000,1666,210702,2022-06-05
676,57,April 2020,210368,2000,155,212213,2023-11-29
677,57,May 2020,210368,3000,574,212794,2023-11-28
678,57,June 2020,210368,0,1662,208706,2025-01-22
679,57,July 2020,210368,0,1357,209011,2022-05-16
680,57,August 2020,210368,1000,1353,210015,2024-07-21
681,57,September 2020,210368,1000,1113,210255,2024-03-05
682,57,October 2020,210368,2000,357,212011,2024-09-16
683,57,November 2020,210368,3000,836,212532,2023-04-22
684,57,December 2020,210368,3000,1024,212344,2022-09-01
685,58,January 2020,265853,0,784,265069,2025-06-04
686,58,February 2020,265853,0,332,265521,2022-04-15
687,58,March 2020,265853,3000,1340,267513,2024-11-26
688,58,April 2020,265853,2000,1571,266282,2023-06-10
689,58,May 2020,265853,1000,105,266748,2024-02-09
690,58,June 2020,265853,0,1514,264339,2022-07-29
691,58,July 2020,265853,3000,1731,267122,2025-03-15
692,58,August 2020,265853,1000,1845,265008,2024-08-14
693,58,September 2020,265853,3000,1023,267830,2023-02-25
694,58,October 2020,265853,0,1543,264310,2025-08-12
695,58,November 2020,265853,2000,1914,265939,2023-04-13
696,58,December 2020,265853,3000,566,268287,2024-09-14
697,59,January 2020,187561,3000,1538,189023,2025-02-02
698,59,February 2020,187561,1000,1611,186950,2025-07-24
699,59,March 2020,187561,3000,1203,189358,2023-08-12
700,59,April 2020,187561,0,497,187064,2024-01-16
701,59,May 2020,187561,3000,1761,188800,2023-11-08
702,59,June 2020,187561,3000,1757,188804,2024-10-22
703,59,July 2020,187561,1000,670,187891,2024-08-25
704,59,August 2020,187561,2000,1238,188323,2023-09-22
705,59,September 2020,187561,2000,632,188929,2024-06-09
706,59,October 2020,187561,3000,621,189940,2022-05-12
707,59,November 2020,187561,2000,1442,188119,2024-03-27
708,59,December 2020,187561,2000,335,189226,2023-12-18
709,60,January 2020,119528,3000,1943,120585,2022-07-23
710,60,February 2020,119528,2000,785,120743,2024-06-30
711,60,March 2020,119528,0,1486,118042,2023-11-22
712,60,April 2020,119528,2000,838,120690,2023-04-14
713,60,May 2020,119528,0,796,118732,2024-06-23
714,60,June 2020,119528,1000,1483,119045,2023-08-24
715,60,July 2020,119528,3000,1435,121093,2025-12-18
716,60,August 2020,119528,1000,1218,119310,2023-02-03
717,60,September 2020,119528,1000,1708,118820,2025-02-05
718,60,October 2020,119528,2000,1098,120430,2025-07-08
719,60,November 2020,119528,3000,1908,120620,2025-01-30
720,60,December 2020,119528,3000,898,121630,2024-10-08
721,61,January 2020,177896,2000,1897,177999,2024-06-12
722,61,February 2020,177896,1000,407,178489,2023-11-16
723,61,March 2020,177896,0,1398,176498,2023-11-14
724,61,April 2020,177896,0,570,177326,2025-02-20
725,61,May 2020,177896,2000,1202,178694,2023-02-17
726,61,June 2020,177896,0,771,177125,2022-08-08
727,61,July 2020,177896,3000,29,180867,2023-06-20
728,61,August 2020,177896,0,308,177588,2022-01-01
729,61,September 2020,177896,0,1085,176811,2024-08-20
730,61,October 2020,177896,3000,777,180119,2023-09-03
731,61,November 2020,177896,0,212,177684,2022-10-26
732,61,December 2020,177896,1000,1587,177309,2023-07-14
733,62,January 2020,198535,2000,1252,199283,2023-03-18
734,62,February 2020,198535,3000,761,200774,2023-06-04
735,62,March 2020,198535,2000,1387,199148,2024-04-03
736,62,April 2020,198535,1000,741,198794,2023-03-06
737,62,May 2020,198535,3000,1423,200112,2022-12-27
738,62,June 2020,198535,1000,1505,198030,2024-03-03
739,62,July 2020,198535,0,1673,196862,2024-09-09
740,62,August 2020,198535,3000,426,201109,2022-07-08
741,62,September 2020,198535,0,42,198493,2024-01-18
742,62,October 2020,198535,3000,706,200829,2022-10-14
743,62,November 2020,198535,3000,617,200918,2023-05-12
744,62,December 2020,198535,2000,1478,199057,2022-07-13
745,63,January 2020,240883,0,1179,239704,2025-01-16
746,63,February 2020,240883,1000,1168,240715,2024-08-09
747,63,March 2020,240883,1000,1293,240590,2025-07-22
748,63,April 2020,240883,1000,1578,240305,2023-11-22
749,63,May 2020,240883,0,1421,239462,2024-01-17
750,63,June 2020,240883,3000,1929,241954,2025-12-03
751,63,July 2020,240883,3000,742,243141,2025-09-17
752,63,August 2020,240883,3000,376,243507,2025-06-17
753,63,September 2020,240883,1000,174,241709,2024-11-17
754,63,October 2020,240883,1000,1580,240303,2022-02-06
755,63,November 2020,240883,2000,201,242682,2022-04-02
756,63,December 2020,240883,1000,1401,240482,2025-05-20
757,64,January 2020,220455,0,1440,219015,2025-02-15
758,64,February 2020,220455,2000,679,221776,2023-12-08
759,64,March 2020,220455,0,110,220345,2024-08-15
760,64,April 2020,220455,0,1437,219018,2023-07-09
761,64,May 2020,220455,2000,1204,221251,2023-09-28
762,64,June 2020,220455,2000,269,222186,2022-04-16
763,64,July 2020,220455,1000,1400,220055,2024-02-14
764,64,August 2020,220455,1000,1881,219574,2025-12-12
765,64,September 2020,220455,1000,1678,219777,2025-10-09
766,64,October 2020,220455,2000,1729,220726,2024-02-11
767,64,November 2020,220455,0,186,220269,2025-11-25
768,64,December 2020,220455,2000,94,222361,2022-11-04
769,65,January 2020,115864,1000,300,116564,2022-07-11
770,65,February 2020,115864,1000,1897,114967,2025-04-04
771,65,March 2020,115864,2000,493,117371,2024-02-10
772,65,April 2020,115864,1000,1266,115598,2023-03-31
773,65,May 2020,115864,1000,1610,115254,2023-10-27
774,65,June 2020,115864,3000,1832,117032,2023-12-30
775,65,July 2020,115864,0,119,115745,2025-12-20
776,65,August 2020,115864,0,1309,114555,2025-08-22
777,65,September 2020,115864,1000,97,116767,2022-08-09
778,65,October 2020,115864,2000,1930,115934,2023-09-20
779,65,November 2020,115864,1000,872,115992,2024-02-20
780,65,December 2020,115864,1000,1676,115188,2025-12-08
781,66,January 2020,172726,3000,221,175505,2023-06-04
782,66,February 2020,172726,0,1314,171412,2023-12-13
783,66,March 2020,172726,0,1557,171169,2024-08-10
784,66,April 2020,172726,2000,753,173973,2024-08-23
785,66,May 2020,172726,3000,684,175042,2023-05-08
786,66,June 2020,172726,3000,223,175503,2024-10-30
787,66,July 2020,172726,1000,1216,172510,2023-06-08
788,66,August 2020,172726,3000,511,175215,2025-10-27
789,66,September 2020,172726,2000,1059,173667,2024-02-14
790,66,October 2020,172726,3000,1555,174171,2022-02-27
791,66,November 2020,172726,1000,1736,171990,2023-01-01
792,66,December 2020,172726,3000,1627,174099,2023-10-29
793,67,January 2020,214156,2000,386,215770,2025-10-19
794,67,February 2020,214156,1000,1514,213642,2025-12-06
795,67,March 2020,214156,0,1552,212604,2023-12-29
796,67,April 2020,214156,0,260,213896,2024-10-30
797,67,May 2020,214156,2000,1699,214457,2024-12-03
798,67,June 2020,214156,1000,969,214187,2024-10-28
799,67,July 2020,214156,3000,411,216745,2022-06-05
800,67,August 2020,214156,3000,1079,216077,2023-04-23
801,67,September 2020,214156,3000,1256,215900,2022-02-17
802,67,October 2020,214156,2000,202,215954,2023-06-20
803,67,November 2020,214156,3000,637,216519,2022-06-15
804,67,December 2020,214156,0,567,213589,2024-12-23
805,68,January 2020,273029,1000,87,273942,2025-08-15
806,68,February 2020,273029,2000,441,274588,2024-05-10
807,68,March 2020,273029,1000,1697,272332,2022-02-14
808,68,April 2020,273029,0,824,272205,2022-10-27
809,68,May 2020,273029,3000,1088,274941,2023-09-03
810,68,June 2020,273029,2000,784,274245,2024-09-09
811,68,July 2020,273029,2000,1978,273051,2025-09-21
812,68,August 2020,273029,0,1403,271626,2025-08-11
813,68,September 2020,273029,0,786,272243,2022-08-12
814,68,October 2020,273029,1000,1093,272936,2022-10-18
815,68,November 2020,273029,3000,1636,274393,2022-02-06
816,68,December 2020,273029,2000,320,274709,2022-01-19
817,69,January 2020,92632,0,189,92443,2022-12-22
818,69,February 2020,92632,1000,1355,92277,2023-06-03
819,69,March 2020,92632,2000,529,94103,2022-02-05
820,69,April 2020,92632,0,966,91666,2024-07-05
821,69,May 2020,92632,2000,184,94448,2022-12-25
822,69,June 2020,92632,3000,294,95338,2022-12-12
823,69,July 2020,92632,1000,1129,92503,2022-12-17
824,69,August 2020,92632,1000,1060,92572,2022-12-23
825,69,September 2020,92632,3000,566,95066,2023-08-30
826,69,October 2020,92632,1000,1175,92457,2024-09-02
827,69,November 2020,92632,0,348,92284,2025-09-16
828,69,December 2020,92632,3000,1270,94362,2025-06-18
829,70,January 2020,212101,2000,1750,212351,2023-12-08
830,70,February 2020,212101,0,274,211827,2025-12-21
831,70,March 2020,212101,3000,77,215024,2023-04-20
832,70,April 2020,212101,0,1253,210848,2024-12-08
833,70,May 2020,212101,0,314,211787,2025-06-21
834,70,June 2020,212101,2000,627,213474,2023-12-03
835,70,July 2020,212101,1000,1427,211674,2025-05-30
836,70,August 2020,212101,3000,192,214909,2023-02-19
837,70,September 2020,212101,3000,847,214254,2022-07-25
838,70,October 2020,212101,3000,69,215032,2024-04-28
839,70,November 2020,212101,2000,1972,212129,2022-05-27
840,70,December 2020,212101,3000,166,214935,2024-05-12
841,71,January 2020,257798,0,458,257340,2024-03-21
842,71,February 2020,257798,0,324,257474,2022-08-25
843,71,March 2020,257798,1000,47,258751,2024-09-30
844,71,April 2020,257798,3000,1771,259027,2025-01-12
845,71,May 2020,257798,0,384,257414,2023-05-07
846,71,June 2020,257798,0,1624,256174,2025-07-09
847,71,July 2020,257798,3000,1645,259153,2025-06-02
848,71,August 2020,257798,1000,1728,257070,2023-10-28
849,71,September 2020,257798,2000,782,259016,2025-06-15
850,71,October 2020,257798,1000,654,258144,2022-07-08
851,71,November 2020,257798,0,488,257310,2022-06-20
852,71,December 2020,257798,3000,1684,259114,2024-12-09
853,72,January 2020,98169,3000,1853,99316,2024-12-12
854,72,February 2020,98169,2000,540,99629,2024-11-08
855,72,March 2020,98169,3000,288,100881,2025-10-13
856,72,April 2020,98169,1000,607,98562,2024-03-21
857,72,May 2020,98169,0,605,97564,2025-01-18
858,72,June 2020,98169,3000,1340,99829,2024-02-07
859,72,July 2020,98169,0,1897,96272,2023-09-12
860,72,August 2020,98169,1000,787,98382,2024-02-15
861,72,September 2020,98169,2000,46,100123,2024-02-01
862,72,October 2020,98169,0,1862,96307,2024-04-07
863,72,November 2020,98169,1000,1702,97467,2025-06-25
864,72,December 2020,98169,1000,488,98681,2025-05-27
865,73,January 2020,136330,2000,930,137400,2025-07-24
866,73,February 2020,136330,1000,1086,136244,2023-11-12
867,73,March 2020,136330,2000,1536,136794,2022-07-30
868,73,April 2020,136330,2000,1096,137234,2024-08-14
869,73,May 2020,136330,3000,597,138733,2022-08-14
870,73,June 2020,136330,0,27,136303,2024-07-18
871,73,July 2020,136330,3000,301,139029,2022-09-10
872,73,August 2020,136330,2000,1340,136990,2023-01-27
873,73,September 2020,136330,2000,692,137638,2023-10-08
874,73,October 2020,136330,2000,575,137755,2025-07-29
875,73,November 2020,136330,0,759,135571,2024-04-27
876,73,December 2020,136330,2000,645,137685,2025-08-27
877,74,January 2020,253839,1000,1622,253217,2023-02-06
878,74,February 2020,253839,0,1970,251869,2025-07-01
879,74,March 2020,253839,0,20,253819,2022-04-08
880,74,April 2020,253839,0,1176,252663,2025-11-23
881,74,May 2020,253839,2000,300,255539,2023-08-07
882,74,June 2020,253839,2000,1205,254634,2024-09-21
883,74,July 2020,253839,2000,1816,254023,2023-01-18
884,74,August 2020,253839,3000,575,256264,2025-06-10
885,74,September 2020,253839,0,182,253657,2022-02-24
886,74,October 2020,253839,2000,1329,254510,2025-02-25
887,74,November 2020,253839,1000,1400,253439,2024-03-11
888,74,December 2020,253839,3000,1732,255107,2022-09-21
889,75,January 2020,192892,0,346,192546,2023-04-15
890,75,February 2020,192892,3000,645,195247,2022-04-26
891,75,March 2020,192892,2000,553,194339,2024-10-04
892,75,April 2020,192892,0,87,192805,2024-02-24
893,75,May 2020,192892,1000,1614,192278,2022-08-15
894,75,June 2020,192892,3000,636,195256,2024-06-19
895,75,July 2020,192892,2000,1443,193449,2023-06-25
896,75,August 2020,192892,0,880,192012,2025-10-18
897,75,September 2020,192892,0,1325,191567,2025-01-25
898,75,October 2020,192892,2000,1559,193333,2022-12-06
899,75,November 2020,192892,3000,552,195340,2025-04-07
900,75,December 2020,192892,2000,1047,193845,2023-07-03
901,76,January 2020,98465,3000,1919,99546,2024-12-31
902,76,February 2020,98465,3000,1987,99478,2023-08-12
903,76,March 2020,98465,3000,1143,100322,2025-08-04
904,76,April 2020,98465,0,781,97684,2022-12-17
905,76,May 2020,98465,3000,642,100823,2025-12-02
906,76,June 2020,98465,1000,1815,97650,2024-04-28
907,76,July 2020,98465,0,603,97862,2025-08-21
908,76,August 2020,98465,0,508,97957,2022-11-28
909,76,September 2020,98465,1000,106,99359,2022-10-04
910,76,October 2020,98465,1000,1753,97712,2022-04-06
911,76,November 2020,98465,2000,752,99713,2023-12-10
912,76,December 2020,98465,0,1736,96729,2024-06-26
913,77,January 2020,173765,2000,1153,174612,2025-08-01
914,77,February 2020,173765,1000,389,174376,2022-03-06
915,77,March 2020,173765,2000,151,175614,2023-03-04
916,77,April 2020,173765,0,649,173116,2022-10-30
917,77,May 2020,173765,0,358,173407,2022-11-20
918,77,June 2020,173765,1000,114,174651,2025-06-10
919,77,July 2020,173765,1000,1683,173082,2025-05-11
920,77,August 2020,173765,1000,807,173958,2024-05-19
921,77,September 2020,173765,3000,1938,174827,2023-05-22
922,77,October 2020,173765,3000,1143,175622,2025-03-12
923,77,November 2020,173765,3000,527,176238,2025-11-03
924,77,December 2020,173765,2000,1065,174700,2022-10-05
925,78,January 2020,153126,3000,1268,154858,2023-07-15
926,78,February 2020,153126,0,1275,151851,2025-04-27
927,78,March 2020,153126,0,1090,152036,2023-03-02
928,78,April 2020,153126,1000,714,153412,2024-04-02
929,78,May 2020,153126,0,464,152662,2025-03-24
930,78,June 2020,153126,1000,1511,152615,2025-04-27
931,78,July 2020,153126,3000,1640,154486,2022-10-30
932,78,August 2020,153126,2000,10,155116,2022-05-18
933,78,September 2020,153126,0,578,152548,2025-04-26
934,78,October 2020,153126,0,1083,152043,2025-10-19
935,78,November 2020,153126,2000,1136,153990,2024-09-20
936,78,December 2020,153126,0,589,152537,2025-05-15
937,79,January 2020,284018,2000,1216,284802,2022-02-26
938,79,February 2020,284018,0,665,283353,2022-04-05
939,79,March 2020,284018,1000,1472,283546,2022-08-22
940,79,April 2020,284018,2000,800,285218,2025-02-15
941,79,May 2020,284018,0,1364,282654,2025-07-11
942,79,June 2020,284018,1000,1009,284009,2025-04-19
943,79,July 2020,284018,1000,801,284217,2024-11-20
944,79,August 2020,284018,0,472,283546,2022-11-09
945,79,September 2020,284018,3000,296,286722,2024-12-06
946,79,October 2020,284018,0,1518,282500,2023-09-16
947,79,November 2020,284018,1000,748,284270,2022-05-05
948,79,December 2020,284018,2000,1108,284910,2022-04-16
949,80,January 2020,275925,2000,1144,276781,2023-07-14
950,80,February 2020,275925,0,34,275891,2025-07-12
951,80,March 2020,275925,0,509,275416,2022-06-25
952,80,April 2020,275925,3000,1979,276946,2025-12-24
953,80,May 2020,275925,3000,1489,277436,2022-10-16
954,80,June 2020,275925,3000,546,278379,2023-08-13
955,80,July 2020,275925,0,1328,274597,2025-02-07
956,80,August 2020,275925,1000,1030,275895,2024-05-29
957,80,September 2020,275925,3000,798,278127,2023-08-05
958,80,October 2020,275925,1000,124,276801,2025-07-19
959,80,November 2020,275925,0,1677,274248,2022-09-10
960,80,December 2020,275925,1000,788,276137,2022-05-07
961,81,January 2020,253646,1000,107,254539,2022-01-02
962,81,February 2020,253646,2000,1805,253841,2025-10-18
963,81,March 2020,253646,3000,333,256313,2023-05-14
964,81,April 2020,253646,2000,212,255434,2022-09-28
965,81,May 2020,253646,2000,1277,254369,2024-11-02
966,81,June 2020,253646,2000,1220,254426,2025-12-24
967,81,July 2020,253646,3000,1046,255600,2023-11-24
968,81,August 2020,253646,2000,1225,254421,2022-05-13
969,81,September 2020,253646,2000,1341,254305,2025-01-28
970,81,October 2020,253646,0,418,253228,2023-01-23
971,81,November 2020,253646,2000,1022,254624,2023-11-16
972,81,December 2020,253646,0,142,253504,2025-12-15
973,82,January 2020,147116,2000,633,148483,2023-02-17
974,82,February 2020,147116,1000,1249,146867,2024-03-10
975,82,March 2020,147116,2000,1403,147713,2025-05-01
976,82,April 2020,147116,0,365,146751,2025-06-19
977,82,May 2020,147116,3000,1378,148738,2024-03-08
978,82,June 2020,147116,1000,874,147242,2023-07-01
979,82,July 2020,147116,1000,956,147160,2022-06-11
980,82,August 2020,147116,2000,1290,147826,2025-06-04
981,82,September 2020,147116,3000,1671,148445,2025-09-11
982,82,October 2020,147116,0,1346,145770,2025-05-10
983,82,November 2020,147116,2000,901,148215,2024-01-24
984,82,December 2020,147116,2000,1136,147980,2022-08-31
985,83,January 2020,182366,0,1847,180519,2023-01-08
986,83,February 2020,182366,2000,959,183407,2022-09-24
987,83,March 2020,182366,2000,1816,182550,2022-10-26
988,83,April 2020,182366,1000,299,183067,2025-02-01
989,83,May 2020,182366,3000,1749,183617,2025-03-08
990,83,June 2020,182366,2000,935,183431,2023-07-02
991,83,July 2020,182366,0,14,182352,2024-06-11
992,83,August 2020,182366,3000,1294,184072,2022-05-12
993,83,September 2020,182366,1000,174,183192,2023-02-20
994,83,October 2020,182366,1000,196,183170,2024-04-21
995,83,November 2020,182366,0,237,182129,2024-08-30
996,83,December 2020,182366,0,655,181711,2025-11-04
997,84,January 2020,147543,1000,1253,147290,2023-07-13
998,84,February 2020,147543,2000,405,149138,2023-03-16
999,84,March 2020,147543,1000,1529,147014,2025-03-26
1000,84,April 2020,147543,2000,152,149391,2023-04-08
1001,84,May 2020,147543,2000,427,149116,2025-05-13
1002,84,June 2020,147543,1000,1940,146603,2022-12-10
1003,84,July 2020,147543,1000,1492,147051,2025-12-27
1004,84,August 2020,147543,0,1527,146016,2022-09-25
1005,84,September 2020,147543,0,1199,146344,2025-10-17
1006,84,October 2020,147543,3000,1368,149175,2022-01-05
1007,84,November 2020,147543,0,1307,146236,2025-10-02
1008,84,December 2020,147543,0,372,147171,2023-07-02
1009,85,January 2020,127151,3000,1114,129037,2025-05-29
1010,85,February 2020,127151,3000,839,129312,2022-10-20
1011,85,March 2020,127151,0,904,126247,2024-06-09
1012,85,April 2020,127151,1000,1540,126611,2024-05-01
1013,85,May 2020,127151,0,328,126823,2025-02-24
1014,85,June 2020,127151,3000,10,130141,2024-03-06
1015,85,July 2020,127151,1000,1873,126278,2025-02-06
1016,85,August 2020,127151,1000,573,127578,2022-07-31
1017,85,September 2020,127151,2000,223,128928,2024-11-18
1018,85,October 2020,127151,0,1285,125866,2024-06-06
1019,85,November 2020,127151,1000,1765,126386,2023-04-13
1020,85,December 2020,127151,0,1131,126020,2025-08-09
1021,86,January 2020,255972,2000,299,257673,2024-04-03
1022,86,February 2020,255972,0,775,255197,2024-02-04
1023,86,March 2020,255972,0,1129,254843,2022-02-06
1024,86,April 2020,255972,0,1947,254025,2025-08-05
1025,86,May 2020,255972,1000,92,256880,2023-01-06
1026,86,June 2020,255972,2000,1433,256539,2022-07-16
1027,86,July 2020,255972,2000,899,257073,2023-03-09
1028,86,August 2020,255972,1000,1514,255458,2023-11-04
1029,86,September 2020,255972,3000,814,258158,2025-07-02
1030,86,October 2020,255972,1000,812,256160,2025-05-17
1031,86,November 2020,255972,1000,129,256843,2024-10-13
1032,86,December 2020,255972,0,678,255294,2025-04-19
1033,87,January 2020,253796,1000,1464,253332,2024-12-06
1034,87,February 2020,253796,0,1755,252041,2024-07-25
1035,87,March 2020,253796,0,794,253002,2024-09-10
1036,87,April 2020,253796,1000,783,254013,2022-02-07
1037,87,May 2020,253796,0,1965,251831,2022-12-23
1038,87,June 2020,253796,2000,977,254819,2022-06-29
1039,87,July 2020,253796,2000,705,255091,2023-04-12
1040,87,August 2020,253796,3000,144,256652,2023-08-15
1041,87,September 2020,253796,2000,869,254927,2023-04-16
1042,87,October 2020,253796,0,408,253388,2022-10-15
1043,87,November 2020,253796,1000,448,254348,2024-01-16
1044,87,December 2020,253796,2000,644,255152,2025-10-03
1045,88,January 2020,140160,0,791,139369,2024-01-04
1046,88,February 2020,140160,1000,461,140699,2022-10-05
1047,88,March 2020,140160,2000,638,141522,2025-06-08
1048,88,April 2020,140160,1000,1282,139878,2023-12-31
1049,88,May 2020,140160,3000,90,143070,2025-02-26
1050,88,June 2020,140160,2000,300,141860,2022-10-04
1051,88,July 2020,140160,0,1813,138347,2022-08-14
1052,88,August 2020,140160,2000,707,141453,2022-01-17
1053,88,September 2020,140160,2000,291,141869,2024-09-11
1054,88,October 2020,140160,3000,720,142440,2024-04-27
1055,88,November 2020,140160,3000,1604,141556,2024-12-21
1056,88,December 2020,140160,2000,41,142119,2022-01-03
1057,89,January 2020,188916,0,1875,187041,2023-08-12
1058,89,February 2020,188916,0,1667,187249,2022-11-20
1059,89,March 2020,188916,3000,1467,190449,2023-08-16
1060,89,April 2020,188916,0,628,188288,2023-03-17
1061,89,May 2020,188916,1000,1408,188508,2023-10-14
1062,89,June 2020,188916,2000,1699,189217,2022-10-11
1063,89,July 2020,188916,2000,1478,189438,2024-09-19
1064,89,August 2020,188916,1000,988,188928,2023-07-02
1065,89,September 2020,188916,1000,489,189427,2023-09-13
1066,89,October 2020,188916,2000,122,190794,2022-04-14
1067,89,November 2020,188916,1000,1829,188087,2022-02-02
1068,89,December 2020,188916,2000,1157,189759,2025-01-27
1069,90,January 2020,267643,0,928,266715,2022-03-13
1070,90,February 2020,267643,0,1544,266099,2023-10-25
1071,90,March 2020,267643,2000,1343,268300,2023-01-28
1072,90,April 2020,267643,2000,253,269390,2023-12-19
1073,90,May 2020,267643,3000,787,269856,2025-05-16
1074,90,June 2020,267643,1000,379,268264,2022-06-30
1075,90,July 2020,267643,2000,583,269060,2025-05-01
1076,90,August 2020,267643,2000,1502,268141,2023-03-11
1077,90,September 2020,267643,3000,1029,269614,2023-06-25
1078,90,October 2020,267643,3000,420,270223,2023-10-07
1079,90,November 2020,267643,2000,1984,267659,2025-10-17
1080,90,December 2020,267643,0,983,266660,2024-12-02
1081,91,January 2020,258066,1000,1617,257449,2023-05-29
1082,91,February 2020,258066,0,1220,256846,2023-05-24
1083,91,March 2020,258066,1000,786,258280,2022-09-13
1084,91,April 2020,258066,3000,309,260757,2022-11-12
1085,91,May 2020,258066,2000,1242,258824,2024-01-14
1086,91,June 2020,258066,3000,135,260931,2022-01-20
1087,91,July 2020,258066,3000,1964,259102,2023-03-19
1088,91,August 2020,258066,0,638,257428,2025-02-05
1089,91,September 2020,258066,0,612,257454,2024-01-15
1090,91,October 2020,258066,1000,658,258408,2025-03-08
1091,91,November 2020,258066,3000,1275,259791,2022-10-09
1092,91,December 2020,258066,1000,320,258746,2024-03-13
1093,92,January 2020,84308,1000,1896,83412,2024-05-23
1094,92,February 2020,84308,0,1632,82676,2025-04-13
1095,92,March 2020,84308,3000,466,86842,2025-03-23
1096,92,April 2020,84308,3000,2000,85308,2025-08-29
1097,92,May 2020,84308,1000,418,84890,2022-07-12
1098,92,June 2020,84308,1000,1503,83805,2024-02-20
1099,92,July 2020,84308,3000,391,86917,2022-08-08
1100,92,August 2020,84308,1000,421,84887,2023-01-17
1101,92,September 2020,84308,3000,1250,86058,2024-11-10
1102,92,October 2020,84308,3000,343,86965,2022-05-19
1103,92,November 2020,84308,2000,165,86143,2025-03-31
1104,92,December 2020,84308,2000,650,85658,2023-12-14
1105,93,January 2020,189117,3000,75,192042,2025-03-07
1106,93,February 2020,189117,0,670,188447,2022-12-02
1107,93,March 2020,189117,1000,482,189635,2022-11-25
1108,93,April 2020,189117,3000,385,191732,2025-07-10
1109,93,May 2020,189117,2000,1139,189978,2025-09-28
1110,93,June 2020,189117,2000,104,191013,2023-04-22
1111,93,July 2020,189117,2000,659,190458,2023-04-27
1112,93,August 2020,189117,3000,495,191622,2023-01-07
1113,93,September 2020,189117,2000,1008,190109,2023-01-27
1114,93,October 2020,189117,2000,675,190442,2024-04-17
1115,93,November 2020,189117,2000,88,191029,2024-11-10
1116,93,December 2020,189117,1000,210,189907,2025-04-06
1117,94,January 2020,258427,3000,1493,259934,2025-04-08
1118,94,February 2020,258427,3000,804,260623,2022-12-28
1119,94,March 2020,258427,2000,1130,259297,2023-08-24
1120,94,April 2020,258427,2000,449,259978,2025-08-28
1121,94,May 2020,258427,0,131,258296,2023-06-11
1122,94,June 2020,258427,3000,1680,259747,2025-06-02
1123,94,July 2020,258427,3000,490,260937,2025-02-05
1124,94,August 2020,258427,0,1873,256554,2024-10-27
1125,94,September 2020,258427,3000,1030,260397,2025-02-10
1126,94,October 2020,258427,1000,6,259421,2024-11-01
1127,94,November 2020,258427,1000,1143,258284,2022-02-08
1128,94,December 2020,258427,2000,160,260267,2025-10-15
1129,95,January 2020,106547,3000,663,108884,2024-02-21
1130,95,February 2020,106547,3000,1996,107551,2022-11-22
1131,95,March 2020,106547,0,856,105691,2025-08-13
1132,95,April 2020,106547,0,1722,104825,2022-02-09
1133,95,May 2020,106547,1000,265,107282,2023-09-01
1134,95,June 2020,106547,2000,1995,106552,2022-11-02
1135,95,July 2020,106547,1000,1725,105822,2023-09-09
1136,95,August 2020,106547,1000,1046,106501,2024-03-08
1137,95,September 2020,106547,2000,968,107579,2024-06-25
1138,95,October 2020,106547,3000,200,109347,2023-07-05
1139,95,November 2020,106547,0,906,105641,2022-05-01
1140,95,December 2020,106547,0,1620,104927,2022-01-10
1141,96,January 2020,165185,1000,1010,165175,2023-03-10
1142,96,February 2020,165185,0,1746,163439,2025-01-30
1143,96,March 2020,165185,3000,1510,166675,2023-07-20
1144,96,April 2020,165185,1000,198,165987,2025-12-24
1145,96,May 2020,165185,2000,1284,165901,2022-05-27
1146,96,June 2020,165185,2000,1188,165997,2025-05-09
1147,96,July 2020,165185,2000,1377,165808,2023-08-15
1148,96,August 2020,165185,2000,582,166603,2023-07-17
1149,96,September 2020,165185,0,1572,163613,2024-10-09
1150,96,October 2020,165185,1000,1247,164938,2022-09-06
1151,96,November 2020,165185,1000,1304,164881,2023-07-15
1152,96,December 2020,165185,0,1661,163524,2023-07-20
1153,97,January 2020,172833,3000,1860,173973,2023-08-05
1154,97,February 2020,172833,0,1368,171465,2022-11-08
1155,97,March 2020,172833,1000,461,173372,2023-07-10
1156,97,April 2020,172833,0,1550,171283,2022-03-14
1157,97,May 2020,172833,3000,504,175329,2025-03-10
1158,97,June 2020,172833,2000,235,174598,2022-01-04
1159,97,July 2020,172833,0,636,172197,2023-02-08
1160,97,August 2020,172833,2000,717,174116,2024-10-02
1161,97,September 2020,172833,2000,107,174726,2022-09-27
1162,97,October 2020,172833,2000,1337,173496,2022-08-08
1163,97,November 2020,172833,3000,1344,174489,2025-04-27
1164,97,December 2020,172833,1000,1261,172572,2022-10-21
1165,98,January 2020,134112,0,1177,132935,2023-11-09
1166,98,February 2020,134112,2000,243,135869,2024-03-26
1167,98,March 2020,134112,3000,1202,135910,2024-11-14
1168,98,April 2020,134112,3000,1582,135530,2022-10-02
1169,98,May 2020,134112,1000,1257,133855,2025-05-18
1170,98,June 2020,134112,1000,41,135071,2022-09-24
1171,98,July 2020,134112,1000,1165,133947,2024-11-09
1172,98,August 2020,134112,3000,82,137030,2023-08-16
1173,98,September 2020,134112,1000,1223,133889,2022-04-24
1174,98,October 2020,134112,3000,743,136369,2022-12-20
1175,98,November 2020,134112,0,1903,132209,2024-04-14
1176,98,December 2020,134112,0,1569,132543,2025-02-12
1177,99,January 2020,147813,0,1390,146423,2025-12-20
1178,99,February 2020,147813,1000,1259,147554,2022-03-21
1179,99,March 2020,147813,2000,504,149309,2025-08-14
1180,99,April 2020,147813,0,1066,146747,2024-06-03
1181,99,May 2020,147813,3000,1858,148955,2025-10-20
1182,99,June 2020,147813,2000,1466,148347,2025-01-06
1183,99,July 2020,147813,2000,1521,148292,2025-07-18
1184,99,August 2020,147813,3000,60,150753,2024-05-06
1185,99,September 2020,147813,2000,1567,148246,2023-11-09
1186,99,October 2020,147813,0,574,147239,2025-10-31
1187,99,November 2020,147813,2000,1889,147924,2023-05-30
1188,99,December 2020,147813,2000,1208,148605,2024-08-10
1189,100,January 2020,247596,3000,1430,249166,2024-05-23
1190,100,February 2020,247596,2000,1383,248213,2023-06-08
1191,100,March 2020,247596,2000,848,248748,2025-08-23
1192,100,April 2020,247596,0,866,246730,2022-03-26
1193,100,May 2020,247596,3000,82,250514,2024-12-28
1194,100,June 2020,247596,2000,550,249046,2022-04-03
1195,100,July 2020,247596,1000,702,247894,2025-03-10
1196,100,August 2020,247596,2000,913,248683,2022-03-16
1197,100,September 2020,247596,1000,1564,247032,2023-07-21
1198,100,October 2020,247596,3000,1809,248787,2023-07-10
1199,100,November 2020,247596,3000,456,250140,2022-11-09
1200,100,December 2020,247596,0,840,246756,2025-06-15
1201,101,January 2020,257804,0,1836,255968,2025-04-17
1202,101,February 2020,257804,0,1756,256048,2025-12-06
1203,101,March 2020,257804,2000,1472,258332,2022-05-04
1204,101,April 2020,257804,0,1578,256226,2022-08-26
1205,101,May 2020,257804,1000,552,258252,2022-06-07
1206,101,June 2020,257804,2000,1563,258241,2022-07-27
1207,101,July 2020,257804,1000,155,258649,2023-06-07
1208,101,August 2020,257804,1000,470,258334,2025-03-31
1209,101,September 2020,257804,1000,214,258590,2025-12-14
1210,101,October 2020,257804,2000,548,259256,2022-04-23
1211,101,November 2020,257804,1000,528,258276,2025-08-06
1212,101,December 2020,257804,2000,643,259161,2023-07-24
1213,102,January 2020,209678,1000,268,210410,2024-09-19
1214,102,February 2020,209678,3000,9,212669,2023-09-15
1215,102,March 2020,209678,1000,362,210316,2023-07-14
1216,102,April 2020,209678,0,598,209080,2023-03-25
1217,102,May 2020,209678,1000,609,210069,2022-12-01
1218,102,June 2020,209678,0,1970,207708,2022-08-19
1219,102,July 2020,209678,2000,1491,210187,2025-05-10
1220,102,August 2020,209678,2000,1254,210424,2022-10-14
1221,102,September 2020,209678,1000,1971,208707,2025-01-03
1222,102,October 2020,209678,0,1256,208422,2022-09-12
1223,102,November 2020,209678,3000,1001,211677,2024-12-22
1224,102,December 2020,209678,2000,705,210973,2024-07-19
1225,103,January 2020,274077,1000,1750,273327,2023-07-17
1226,103,February 2020,274077,2000,1076,275001,2022-03-15
1227,103,March 2020,274077,2000,663,275414,2025-03-08
1228,103,April 2020,274077,0,1915,272162,2022-12-31
1229,103,May 2020,274077,2000,1030,275047,2024-10-18
1230,103,June 2020,274077,2000,1674,274403,2022-09-13
1231,103,July 2020,274077,3000,1425,275652,2025-12-22
1232,103,August 2020,274077,1000,1950,273127,2025-04-26
1233,103,September 2020,274077,1000,1918,273159,2023-12-20
1234,103,October 2020,274077,2000,1910,274167,2023-04-10
1235,103,November 2020,274077,0,1583,272494,2025-01-31
1236,103,December 2020,274077,3000,1752,275325,2023-03-29
1237,104,January 2020,233396,2000,1499,233897,2025-04-16
1238,104,February 2020,233396,0,804,232592,2024-01-30
1239,104,March 2020,233396,1000,1402,232994,2023-03-18
1240,104,April 2020,233396,3000,1183,235213,2024-01-10
1241,104,May 2020,233396,0,144,233252,2022-04-09
1242,104,June 2020,233396,3000,1945,234451,2025-04-24
1243,104,July 2020,233396,1000,952,233444,2023-07-21
1244,104,August 2020,233396,0,331,233065,2022-01-17
1245,104,September 2020,233396,1000,1450,232946,2022-02-25
1246,104,October 2020,233396,3000,883,235513,2022-08-30
1247,104,November 2020,233396,0,342,233054,2022-09-07
1248,104,December 2020,233396,2000,1117,234279,2023-09-11
1249,105,January 2020,202928,0,1154,201774,2023-03-18
1250,105,February 2020,202928,1000,543,203385,2024-08-24
1251,105,March 2020,202928,1000,1985,201943,2023-10-15
1252,105,April 2020,202928,1000,1710,202218,2024-10-02
1253,105,May 2020,202928,3000,1449,204479,2025-12-14
1254,105,June 2020,202928,1000,1219,202709,2025-08-29
1255,105,July 2020,202928,1000,1022,202906,2023-10-30
1256,105,August 2020,202928,0,719,202209,2023-01-02
1257,105,September 2020,202928,3000,387,205541,2023-09-23
1258,105,October 2020,202928,1000,1380,202548,2025-11-05
1259,105,November 2020,202928,0,1227,201701,2023-03-25
1260,105,December 2020,202928,3000,644,205284,2025-11-05
1261,106,January 2020,86297,3000,1547,87750,2024-05-24
1262,106,February 2020,86297,3000,19,89278,2025-10-14
1263,106,March 2020,86297,1000,931,86366,2022-06-16
1264,106,April 2020,86297,2000,513,87784,2023-09-18
1265,106,May 2020,86297,2000,1162,87135,2022-12-30
1266,106,June 2020,86297,2000,1703,86594,2025-09-14
1267,106,July 2020,86297,2000,398,87899,2025-05-18
1268,106,August 2020,86297,2000,713,87584,2023-12-16
1269,106,September 2020,86297,3000,364,88933,2024-02-01
1270,106,October 2020,86297,3000,169,89128,2025-04-01
1271,106,November 2020,86297,3000,560,88737,2025-09-01
1272,106,December 2020,86297,0,1142,85155,2024-04-05
1273,107,January 2020,181891,1000,779,182112,2022-05-15
1274,107,February 2020,181891,0,264,181627,2024-06-14
1275,107,March 2020,181891,2000,1338,182553,2024-07-28
1276,107,April 2020,181891,2000,754,183137,2025-09-22
1277,107,May 2020,181891,1000,437,182454,2025-08-19
1278,107,June 2020,181891,2000,1523,182368,2025-08-06
1279,107,July 2020,181891,3000,422,184469,2022-06-20
1280,107,August 2020,181891,1000,16,182875,2023-01-31
1281,107,September 2020,181891,3000,377,184514,2025-08-12
1282,107,October 2020,181891,0,1139,180752,2025-04-27
1283,107,November 2020,181891,0,1588,180303,2023-11-01
1284,107,December 2020,181891,0,352,181539,2025-03-30
1285,108,January 2020,191712,2000,1357,192355,2025-10-02
1286,108,February 2020,191712,1000,1344,191368,2023-06-20
1287,108,March 2020,191712,0,1097,190615,2022-10-19
1288,108,April 2020,191712,0,1677,190035,2022-07-10
1289,108,May 2020,191712,0,58,191654,2024-05-17
1290,108,June 2020,191712,3000,544,194168,2025-05-15
1291,108,July 2020,191712,1000,1103,191609,2022-03-25
1292,108,August 2020,191712,0,1579,190133,2024-07-28
1293,108,September 2020,191712,3000,52,194660,2024-07-20
1294,108,October 2020,191712,3000,958,193754,2022-09-17
1295,108,November 2020,191712,0,76,191636,2024-11-08
1296,108,December 2020,191712,0,1431,190281,2025-07-23
1297,109,January 2020,176067,3000,642,178425,2023-02-03
1298,109,February 2020,176067,0,1391,174676,2022-08-10
1299,109,March 2020,176067,3000,921,178146,2023-02-15
1300,109,April 2020,176067,3000,1182,177885,2022-07-12
1301,109,May 2020,176067,2000,394,177673,2024-08-26
1302,109,June 2020,176067,1000,185,176882,2024-09-13
1303,109,July 2020,176067,2000,778,177289,2023-06-09
1304,109,August 2020,176067,3000,688,178379,2024-11-19
1305,109,September 2020,176067,2000,1821,176246,2025-11-29
1306,109,October 2020,176067,0,1002,175065,2025-07-23
1307,109,November 2020,176067,0,923,175144,2025-03-25
1308,109,December 2020,176067,2000,311,177756,2025-07-13
1309,110,January 2020,156941,3000,1744,158197,2022-12-09
1310,110,February 2020,156941,2000,1096,157845,2024-09-25
1311,110,March 2020,156941,0,1461,155480,2023-09-18
1312,110,April 2020,156941,0,1842,155099,2025-07-09
1313,110,May 2020,156941,2000,1253,157688,2024-01-20
1314,110,June 2020,156941,2000,1349,157592,2025-04-07
1315,110,July 2020,156941,1000,762,157179,2023-11-16
1316,110,August 2020,156941,2000,245,158696,2024-02-17
1317,110,September 2020,156941,2000,634,158307,2022-08-09
1318,110,October 2020,156941,3000,1803,158138,2024-07-18
1319,110,November 2020,156941,0,782,156159,2023-05-29
1320,110,December 2020,156941,2000,1434,157507,2023-02-17
1321,111,January 2020,141608,3000,1008,143600,2024-11-08
1322,111,February 2020,141608,0,1537,140071,2023-03-04
1323,111,March 2020,141608,0,1835,139773,2025-01-09
1324,111,April 2020,141608,2000,1732,141876,2024-09-22
1325,111,May 2020,141608,1000,936,141672,2024-09-15
1326,111,June 2020,141608,0,998,140610,2022-11-25
1327,111,July 2020,141608,2000,1083,142525,2023-12-03
1328,111,August 2020,141608,0,1183,140425,2022-01-01
1329,111,September 2020,141608,3000,401,144207,2022-04-10
1330,111,October 2020,141608,1000,1671,140937,2024-09-22
1331,111,November 2020,141608,2000,1782,141826,2024-01-26
1332,111,December 2020,141608,0,315,141293,2022-02-25
1333,112,January 2020,218386,1000,1023,218363,2025-09-27
1334,112,February 2020,218386,0,909,217477,2025-05-02
1335,112,March 2020,218386,3000,1036,220350,2023-05-08
1336,112,April 2020,218386,1000,989,218397,2023-04-25
1337,112,May 2020,218386,3000,300,221086,2025-02-10
1338,112,June 2020,218386,1000,170,219216,2023-05-28
1339,112,July 2020,218386,3000,283,221103,2025-05-03
1340,112,August 2020,218386,2000,592,219794,2022-11-20
1341,112,September 2020,218386,1000,1843,217543,2024-09-04
1342,112,October 2020,218386,1000,339,219047,2025-11-06
1343,112,November 2020,218386,0,521,217865,2023-11-13
1344,112,December 2020,218386,2000,496,219890,2023-12-16
1345,113,January 2020,156918,3000,1130,158788,2023-02-27
1346,113,February 2020,156918,3000,90,159828,2022-03-24
1347,113,March 2020,156918,0,1476,155442,2022-07-13
1348,113,April 2020,156918,1000,489,157429,2023-04-03
1349,113,May 2020,156918,2000,1728,157190,2022-07-18
1350,113,June 2020,156918,3000,1239,158679,2023-08-30
1351,113,July 2020,156918,2000,1401,157517,2023-02-17
1352,113,August 2020,156918,0,1275,155643,2025-07-11
1353,113,September 2020,156918,0,1077,155841,2022-07-07
1354,113,October 2020,156918,1000,1719,156199,2023-07-01
1355,113,November 2020,156918,2000,348,158570,2025-03-19
1356,113,December 2020,156918,0,1966,154952,2023-02-03
1357,114,January 2020,135740,0,1359,134381,2024-07-04
1358,114,February 2020,135740,2000,1330,136410,2025-06-19
1359,114,March 2020,135740,0,1211,134529,2025-12-08
1360,114,April 2020,135740,0,1186,134554,2023-12-23
1361,114,May 2020,135740,3000,820,137920,2022-09-11
1362,114,June 2020,135740,1000,1116,135624,2025-12-25
1363,114,July 2020,135740,0,715,135025,2024-06-16
1364,114,August 2020,135740,2000,1318,136422,2023-03-16
1365,114,September 2020,135740,1000,1965,134775,2023-11-03
1366,114,October 2020,135740,2000,665,137075,2022-05-12
1367,114,November 2020,135740,0,1305,134435,2023-05-04
1368,114,December 2020,135740,2000,969,136771,2025-05-29
1369,115,January 2020,172374,0,1438,170936,2022-10-21
1370,115,February 2020,172374,0,1835,170539,2025-11-13
1371,115,March 2020,172374,0,1834,170540,2022-02-17
1372,115,April 2020,172374,3000,1775,173599,2022-05-14
1373,115,May 2020,172374,3000,1235,174139,2025-02-11
1374,115,June 2020,172374,1000,693,172681,2023-04-25
1375,115,July 2020,172374,0,1408,170966,2025-08-12
1376,115,August 2020,172374,2000,411,173963,2023-03-05
1377,115,September 2020,172374,0,1944,170430,2023-09-07
1378,115,October 2020,172374,0,1425,170949,2022-08-29
1379,115,November 2020,172374,1000,238,173136,2024-11-16
1380,115,December 2020,172374,1000,179,173195,2022-06-20
1381,116,January 2020,140623,0,1284,139339,2024-09-07
1382,116,February 2020,140623,1000,31,141592,2025-02-24
1383,116,March 2020,140623,2000,228,142395,2023-05-10
1384,116,April 2020,140623,0,266,140357,2022-03-10
1385,116,May 2020,140623,0,40,140583,2022-10-27
1386,116,June 2020,140623,2000,1275,141348,2024-03-18
1387,116,July 2020,140623,0,1598,139025,2022-07-16
1388,116,August 2020,140623,3000,1228,142395,2024-10-24
1389,116,September 2020,140623,0,1203,139420,2023-09-27
1390,116,October 2020,140623,0,387,140236,2025-08-23
1391,116,November 2020,140623,2000,1863,140760,2022-09-14
1392,116,December 2020,140623,2000,1808,140815,2024-06-24
1393,117,January 2020,212936,1000,1874,212062,2025-02-05
1394,117,February 2020,212936,2000,668,214268,2023-07-15
1395,117,March 2020,212936,2000,954,213982,2025-10-05
1396,117,April 2020,212936,1000,1087,212849,2025-03-31
1397,117,May 2020,212936,1000,1910,212026,2022-08-03
1398,117,June 2020,212936,1000,420,213516,2023-04-24
1399,117,July 2020,212936,3000,529,215407,2023-07-15
1400,117,August 2020,212936,2000,1988,212948,2024-03-04
1401,117,September 2020,212936,0,34,212902,2024-09-22
1402,117,October 2020,212936,0,1044,211892,2023-08-16
1403,117,November 2020,212936,0,552,212384,2023-10-07
1404,117,December 2020,212936,0,143,212793,2025-02-08
1405,118,January 2020,187994,0,26,187968,2024-10-17
1406,118,February 2020,187994,3000,1517,189477,2023-06-23
1407,118,March 2020,187994,0,72,187922,2025-05-10
1408,118,April 2020,187994,1000,874,188120,2022-11-09
1409,118,May 2020,187994,0,1450,186544,2024-02-20
1410,118,June 2020,187994,3000,1738,189256,2024-04-25
1411,118,July 2020,187994,0,623,187371,2024-01-19
1412,118,August 2020,187994,1000,835,188159,2025-06-25
1413,118,September 2020,187994,3000,70,190924,2025-06-21
1414,118,October 2020,187994,3000,1133,189861,2023-01-25
1415,118,November 2020,187994,2000,1859,188135,2024-12-18
1416,118,December 2020,187994,2000,1034,188960,2022-04-22
1417,119,January 2020,281776,1000,1784,280992,2022-05-13
1418,119,February 2020,281776,0,25,281751,2024-01-13
1419,119,March 2020,281776,0,1966,279810,2022-08-10
1420,119,April 2020,281776,0,1489,280287,2025-01-18
1421,119,May 2020,281776,1000,314,282462,2022-06-23
1422,119,June 2020,281776,0,360,281416,2024-10-16
1423,119,July 2020,281776,3000,1733,283043,2022-03-16
1424,119,August 2020,281776,0,1450,280326,2023-02-02
1425,119,September 2020,281776,2000,1205,282571,2024-04-01
1426,119,October 2020,281776,3000,1859,282917,2024-06-04
1427,119,November 2020,281776,0,1836,279940,2023-02-18
1428,119,December 2020,281776,3000,522,284254,2025-07-29
1429,120,January 2020,205904,1000,818,206086,2024-06-08
1430,120,February 2020,205904,0,5,205899,2024-10-06
1431,120,March 2020,205904,1000,454,206450,2022-02-13
1432,120,April 2020,205904,0,974,204930,2022-07-12
1433,120,May 2020,205904,3000,1906,206998,2023-11-03
1434,120,June 2020,205904,1000,1585,205319,2025-08-17
1435,120,July 2020,205904,3000,868,208036,2025-07-21
1436,120,August 2020,205904,1000,871,206033,2023-06-17
1437,120,September 2020,205904,0,110,205794,2025-04-24
1438,120,October 2020,205904,0,1550,204354,2024-11-19
1439,120,November 2020,205904,2000,1674,206230,2022-02-10
1440,120,December 2020,205904,1000,1622,205282,2025-10-17
1441,121,January 2020,178946,0,678,178268,2023-07-12
1442,121,February 2020,178946,3000,823,181123,2024-01-16
1443,121,March 2020,178946,1000,762,179184,2022-12-04
1444,121,April 2020,178946,2000,11,180935,2022-10-19
1445,121,May 2020,178946,2000,626,180320,2024-10-06
1446,121,June 2020,178946,1000,590,179356,2024-06-17
1447,121,July 2020,178946,2000,1614,179332,2025-08-31
1448,121,August 2020,178946,0,1560,177386,2024-07-28
1449,121,September 2020,178946,1000,1061,178885,2023-08-17
1450,121,October 2020,178946,0,719,178227,2025-10-17
1451,121,November 2020,178946,2000,799,180147,2022-08-02
1452,121,December 2020,178946,3000,540,181406,2024-06-24
1453,122,January 2020,216488,2000,1679,216809,2024-07-30
1454,122,February 2020,216488,0,512,215976,2022-12-25
1455,122,March 2020,216488,2000,1139,217349,2023-09-14
1456,122,April 2020,216488,1000,650,216838,2024-08-10
1457,122,May 2020,216488,3000,28,219460,2023-12-23
1458,122,June 2020,216488,3000,1714,217774,2024-10-12
1459,122,July 2020,216488,3000,1572,217916,2025-04-10
1460,122,August 2020,216488,2000,1612,216876,2025-09-14
1461,122,September 2020,216488,1000,199,217289,2025-08-27
1462,122,October 2020,216488,1000,1917,215571,2025-02-11
1463,122,November 2020,216488,1000,877,216611,2022-10-06
1464,122,December 2020,216488,2000,648,217840,2023-01-20
1465,123,January 2020,184947,0,1979,182968,2022-03-16
1466,123,February 2020,184947,1000,1503,184444,2025-01-09
1467,123,March 2020,184947,3000,1768,186179,2022-01-28
1468,123,April 2020,184947,3000,474,187473,2022-04-04
1469,123,May 2020,184947,2000,557,186390,2024-01-31
1470,123,June 2020,184947,1000,944,185003,2025-11-30
1471,123,July 2020,184947,2000,1076,185871,2025-11-14
1472,123,August 2020,184947,2000,1250,185697,2022-07-24
1473,123,September 2020,184947,1000,1977,183970,2024-11-02
1474,123,October 2020,184947,2000,804,186143,2024-11-28
1475,123,November 2020,184947,3000,399,187548,2022-08-22
1476,123,December 2020,184947,1000,1019,184928,2022-02-01
1477,124,January 2020,282890,0,536,282354,2025-06-06
1478,124,February 2020,282890,2000,414,284476,2025-08-15
1479,124,March 2020,282890,1000,315,283575,2024-02-01
1480,124,April 2020,282890,2000,1182,283708,2024-12-21
1481,124,May 2020,282890,1000,1397,282493,2023-04-04
1482,124,June 2020,282890,1000,653,283237,2023-08-24
1483,124,July 2020,282890,1000,660,283230,2025-04-19
1484,124,August 2020,282890,0,1621,281269,2022-12-18
1485,124,September 2020,282890,0,1852,281038,2023-03-16
1486,124,October 2020,282890,1000,691,283199,2024-01-04
1487,124,November 2020,282890,3000,1345,284545,2024-12-05
1488,124,December 2020,282890,3000,1399,284491,2025-05-03
1489,125,January 2020,185931,0,936,184995,2025-08-06
1490,125,February 2020,185931,0,945,184986,2025-11-03
1491,125,March 2020,185931,3000,88,188843,2022-06-21
1492,125,April 2020,185931,2000,488,187443,2022-07-19
1493,125,May 2020,185931,2000,1896,186035,2025-03-25
1494,125,June 2020,185931,1000,1373,185558,2023-01-13
1495,125,July 2020,185931,2000,1547,186384,2023-07-19
1496,125,August 2020,185931,3000,1384,187547,2023-02-04
1497,125,September 2020,185931,2000,1727,186204,2025-08-25
1498,125,October 2020,185931,0,851,185080,2025-03-23
1499,125,November 2020,185931,0,468,185463,2025-02-23
1500,125,December 2020,185931,0,490,185441,2022-07-01
1501,126,January 2020,135548,2000,466,137082,2022-02-13
1502,126,February 2020,135548,1000,1826,134722,2023-04-12
1503,126,March 2020,135548,0,123,135425,2024-03-18
1504,126,April 2020,135548,2000,1483,136065,2022-02-26
1505,126,May 2020,135548,2000,417,137131,2024-12-03
1506,126,June 2020,135548,0,570,134978,2024-11-06
1507,126,July 2020,135548,0,1086,134462,2023-08-31
1508,126,August 2020,135548,2000,981,136567,2023-06-13
1509,126,September 2020,135548,1000,392,136156,2025-02-12
1510,126,October 2020,135548,0,921,134627,2025-06-07
1511,126,November 2020,135548,1000,635,135913,2024-08-05
1512,126,December 2020,135548,1000,1425,135123,2023-02-17
1513,127,January 2020,117193,1000,23,118170,2024-11-24
1514,127,February 2020,117193,2000,297,118896,2024-04-27
1515,127,March 2020,117193,3000,1448,118745,2024-05-04
1516,127,April 2020,117193,3000,999,119194,2025-10-16
1517,127,May 2020,117193,0,1777,115416,2024-09-10
1518,127,June 2020,117193,2000,44,119149,2023-07-29
1519,127,July 2020,117193,3000,1456,118737,2025-05-02
1520,127,August 2020,117193,0,461,116732,2022-04-07
1521,127,September 2020,117193,1000,1952,116241,2022-06-26
1522,127,October 2020,117193,2000,1716,117477,2025-03-09
1523,127,November 2020,117193,3000,1264,118929,2023-10-23
1524,127,December 2020,117193,3000,1569,118624,2025-08-17
1525,128,January 2020,270847,3000,97,273750,2024-02-18
1526,128,February 2020,270847,2000,1932,270915,2022-12-26
1527,128,March 2020,270847,2000,1728,271119,2023-07-09
1528,128,April 2020,270847,3000,68,273779,2024-12-11
1529,128,May 2020,270847,3000,865,272982,2025-11-26
1530,128,June 2020,270847,1000,790,271057,2025-01-08
1531,128,July 2020,270847,2000,1395,271452,2024-10-25
1532,128,August 2020,270847,1000,1040,270807,2025-02-07
1533,128,September 2020,270847,2000,1357,271490,2025-07-12
1534,128,October 2020,270847,0,631,270216,2025-08-30
1535,128,November 2020,270847,3000,1646,272201,2025-02-04
1536,128,December 2020,270847,0,338,270509,2022-10-12
1537,129,January 2020,277325,3000,1009,279316,2022-12-06
1538,129,February 2020,277325,2000,1868,277457,2025-04-15
1539,129,March 2020,277325,3000,1202,279123,2025-04-20
1540,129,April 2020,277325,0,1023,276302,2025-05-05
1541,129,May 2020,277325,3000,463,279862,2025-10-01
1542,129,June 2020,277325,0,1467,275858,2022-02-02
1543,129,July 2020,277325,1000,1495,276830,2023-05-07
1544,129,August 2020,277325,2000,1556,277769,2023-07-04
1545,129,September 2020,277325,3000,1005,279320,2022-09-30
1546,129,October 2020,277325,3000,1621,278704,2022-02-12
1547,129,November 2020,277325,3000,1309,279016,2025-06-17
1548,129,December 2020,277325,3000,884,279441,2024-07-21
1549,130,January 2020,144606,1000,1521,144085,2025-10-06
1550,130,February 2020,144606,1000,1031,144575,2024-11-05
1551,130,March 2020,144606,1000,878,144728,2022-07-03
1552,130,April 2020,144606,3000,891,146715,2023-12-28
1553,130,May 2020,144606,2000,1634,144972,2023-03-11
1554,130,June 2020,144606,0,209,144397,2025-08-13
1555,130,July 2020,144606,3000,614,146992,2023-08-26
1556,130,August 2020,144606,2000,685,145921,2024-12-23
1557,130,September 2020,144606,0,291,144315,2024-07-14
1558,130,October 2020,144606,3000,748,146858,2022-08-29
1559,130,November 2020,144606,1000,787,144819,2023-11-03
1560,130,December 2020,144606,1000,1574,144032,2022-09-25
1561,131,January 2020,249134,0,99,249035,2025-09-09
1562,131,February 2020,249134,3000,589,251545,2024-10-17
1563,131,March 2020,249134,0,130,249004,2022-08-15
1564,131,April 2020,249134,3000,518,251616,2023-01-04
1565,131,May 2020,249134,1000,1980,248154,2024-12-25
1566,131,June 2020,249134,1000,1662,248472,2024-12-15
1567,131,July 2020,249134,0,1346,247788,2025-07-29
1568,131,August 2020,249134,1000,1160,248974,2023-09-25
1569,131,September 2020,249134,2000,851,250283,2022-04-26
1570,131,October 2020,249134,0,1548,247586,2024-02-25
1571,131,November 2020,249134,3000,1320,250814,2023-08-20
1572,131,December 2020,249134,1000,1405,248729,2023-06-26
1573,132,January 2020,101422,1000,702,101720,2023-04-11
1574,132,February 2020,101422,3000,584,103838,2024-08-01
1575,132,March 2020,101422,3000,1537,102885,2022-07-14
1576,132,April 2020,101422,3000,430,103992,2023-02-06
1577,132,May 2020,101422,0,934,100488,2023-06-23
1578,132,June 2020,101422,1000,892,101530,2024-08-08
1579,132,July 2020,101422,0,1827,99595,2025-04-07
1580,132,August 2020,101422,3000,491,103931,2025-04-22
1581,132,September 2020,101422,1000,716,101706,2023-03-30
1582,132,October 2020,101422,3000,780,103642,2024-03-10
1583,132,November 2020,101422,3000,488,103934,2025-05-14
1584,132,December 2020,101422,2000,241,103181,2025-07-28
1585,133,January 2020,236559,1000,525,237034,2024-08-01
1586,133,February 2020,236559,3000,897,238662,2025-12-17
1587,133,March 2020,236559,3000,367,239192,2023-10-30
1588,133,April 2020,236559,1000,257,237302,2023-07-26
1589,133,May 2020,236559,2000,1031,237528,2023-11-14
1590,133,June 2020,236559,0,1141,235418,2024-12-20
1591,133,July 2020,236559,1000,1321,236238,2022-09-19
1592,133,August 2020,236559,1000,1544,236015,2025-07-15
1593,133,September 2020,236559,3000,893,238666,2023-08-25
1594,133,October 2020,236559,1000,302,237257,2024-08-02
1595,133,November 2020,236559,3000,689,238870,2022-11-12
1596,133,December 2020,236559,3000,679,238880,2025-01-23
1597,134,January 2020,128257,0,1766,126491,2022-04-03
1598,134,February 2020,128257,1000,158,129099,2022-10-06
1599,134,March 2020,128257,1000,1098,128159,2025-06-19
1600,134,April 2020,128257,0,752,127505,2022-08-05
1601,134,May 2020,128257,1000,373,128884,2022-06-14
1602,134,June 2020,128257,0,1874,126383,2023-09-05
1603,134,July 2020,128257,2000,1115,129142,2025-04-03
1604,134,August 2020,128257,3000,712,130545,2023-07-29
1605,134,September 2020,128257,2000,1038,129219,2023-09-20
1606,134,October 2020,128257,3000,974,130283,2024-10-17
1607,134,November 2020,128257,2000,749,129508,2025-05-30
1608,134,December 2020,128257,1000,1298,127959,2022-08-14
1609,135,January 2020,79731,3000,786,81945,2024-08-01
1610,135,February 2020,79731,0,877,78854,2024-11-29
1611,135,March 2020,79731,0,1313,78418,2023-08-07
1612,135,April 2020,79731,3000,1933,80798,2023-10-24
1613,135,May 2020,79731,2000,935,80796,2023-03-07
1614,135,June 2020,79731,0,1842,77889,2025-02-26
1615,135,July 2020,79731,3000,466,82265,2024-12-01
1616,135,August 2020,79731,3000,805,81926,2022-02-19
1617,135,September 2020,79731,1000,1834,78897,2022-04-03
1618,135,October 2020,79731,3000,648,82083,2022-01-04
1619,135,November 2020,79731,3000,974,81757,2024-01-13
1620,135,December 2020,79731,1000,1398,79333,2023-10-27
1621,136,January 2020,269928,2000,580,271348,2025-04-29
1622,136,February 2020,269928,3000,1239,271689,2024-10-30
1623,136,March 2020,269928,3000,1474,271454,2023-08-07
1624,136,April 2020,269928,2000,862,271066,2023-10-02
1625,136,May 2020,269928,1000,317,270611,2023-02-17
1626,136,June 2020,269928,3000,1916,271012,2023-12-24
1627,136,July 2020,269928,0,1606,268322,2024-07-03
1628,136,August 2020,269928,2000,17,271911,2023-11-21
1629,136,September 2020,269928,1000,1099,269829,2024-11-02
1630,136,October 2020,269928,1000,583,270345,2024-11-06
1631,136,November 2020,269928,3000,251,272677,2022-09-03
1632,136,December 2020,269928,1000,235,270693,2024-02-20
1633,137,January 2020,202400,3000,1017,204383,2025-04-14
1634,137,February 2020,202400,2000,277,204123,2025-11-16
1635,137,March 2020,202400,3000,888,204512,2023-03-01
1636,137,April 2020,202400,2000,1084,203316,2024-03-25
1637,137,May 2020,202400,2000,1888,202512,2025-08-19
1638,137,June 2020,202400,0,1425,200975,2025-08-15
1639,137,July 2020,202400,2000,467,203933,2025-07-13
1640,137,August 2020,202400,0,432,201968,2023-06-30
1641,137,September 2020,202400,2000,1971,202429,2022-05-28
1642,137,October 2020,202400,0,1937,200463,2022-10-21
1643,137,November 2020,202400,3000,1578,203822,2024-02-10
1644,137,December 2020,202400,2000,1066,203334,2023-01-11
1645,138,January 2020,218938,1000,1719,218219,2023-02-16
1646,138,February 2020,218938,0,191,218747,2022-04-28
1647,138,March 2020,218938,0,1479,217459,2023-03-07
1648,138,April 2020,218938,0,315,218623,2024-07-19
1649,138,May 2020,218938,3000,1756,220182,2022-10-20
1650,138,June 2020,218938,0,1839,217099,2022-12-07
1651,138,July 2020,218938,1000,56,219882,2025-03-25
1652,138,August 2020,218938,2000,1105,219833,2023-03-29
1653,138,September 2020,218938,0,1669,217269,2025-10-07
1654,138,October 2020,218938,2000,338,220600,2022-07-24
1655,138,November 2020,218938,0,260,218678,2023-12-08
1656,138,December 2020,218938,1000,1001,218937,2023-09-25
1657,139,January 2020,260791,1000,278,261513,2025-02-09
1658,139,February 2020,260791,3000,1983,261808,2024-01-31
1659,139,March 2020,260791,3000,1823,261968,2023-10-22
1660,139,April 2020,260791,1000,21,261770,2022-02-15
1661,139,May 2020,260791,1000,455,261336,2025-06-30
1662,139,June 2020,260791,1000,1414,260377,2024-12-26
1663,139,July 2020,260791,2000,1404,261387,2025-12-23
1664,139,August 2020,260791,2000,981,261810,2023-06-19
1665,139,September 2020,260791,3000,1253,262538,2023-11-11
1666,139,October 2020,260791,2000,190,262601,2024-06-10
1667,139,November 2020,260791,3000,1757,262034,2022-10-18
1668,139,December 2020,260791,1000,526,261265,2024-06-15
1669,140,January 2020,167699,0,1303,166396,2024-05-15
1670,140,February 2020,167699,2000,1484,168215,2025-12-29
1671,140,March 2020,167699,1000,972,167727,2023-01-22
1672,140,April 2020,167699,1000,33,168666,2024-05-10
1673,140,May 2020,167699,0,633,167066,2022-12-31
1674,140,June 2020,167699,3000,667,170032,2022-01-31
1675,140,July 2020,167699,1000,428,168271,2025-09-24
1676,140,August 2020,167699,1000,1153,167546,2023-12-01
1677,140,September 2020,167699,0,1421,166278,2023-02-08
1678,140,October 2020,167699,0,1822,165877,2023-11-27
1679,140,November 2020,167699,0,1693,166006,2025-03-16
1680,140,December 2020,167699,2000,1105,168594,2022-04-02
1681,141,January 2020,255040,3000,1692,256348,2022-12-01
1682,141,February 2020,255040,3000,1258,256782,2025-02-28
1683,141,March 2020,255040,0,1595,253445,2025-09-25
1684,141,April 2020,255040,1000,70,255970,2022-12-05
1685,141,May 2020,255040,3000,1340,256700,2025-06-16
1686,141,June 2020,255040,0,1772,253268,2024-02-11
1687,141,July 2020,255040,0,432,254608,2022-06-17
1688,141,August 2020,255040,2000,320,256720,2022-04-03
1689,141,September 2020,255040,2000,1676,255364,2023-11-29
1690,141,October 2020,255040,3000,849,257191,2024-07-04
1691,141,November 2020,255040,0,500,254540,2022-07-04
1692,141,December 2020,255040,0,516,254524,2025-12-11
1693,142,January 2020,139325,1000,392,139933,2023-08-08
1694,142,February 2020,139325,1000,1093,139232,2022-01-16
1695,142,March 2020,139325,0,743,138582,2023-10-21
1696,142,April 2020,139325,3000,1135,141190,2025-04-20
1697,142,May 2020,139325,3000,1755,140570,2024-10-13
1698,142,June 2020,139325,3000,1395,140930,2023-07-12
1699,142,July 2020,139325,3000,1860,140465,2024-03-18
1700,142,August 2020,139325,0,1823,137502,2025-04-28
1701,142,September 2020,139325,3000,1600,140725,2025-10-25
1702,142,October 2020,139325,1000,985,139340,2024-11-28
1703,142,November 2020,139325,3000,1379,140946,2023-03-07
1704,142,December 2020,139325,1000,380,139945,2022-10-19
1705,143,January 2020,139109,0,46,139063,2023-03-03
1706,143,February 2020,139109,3000,1202,140907,2023-04-16
1707,143,March 2020,139109,0,75,139034,2022-07-13
1708,143,April 2020,139109,3000,1596,140513,2022-01-01
1709,143,May 2020,139109,3000,1586,140523,2023-10-03
1710,143,June 2020,139109,2000,1519,139590,2023-11-06
1711,143,July 2020,139109,3000,1989,140120,2024-02-08
1712,143,August 2020,139109,2000,1850,139259,2023-11-30
1713,143,September 2020,139109,0,138,138971,2025-03-22
1714,143,October 2020,139109,0,648,138461,2024-09-12
1715,143,November 2020,139109,0,1916,137193,2023-11-30
1716,143,December 2020,139109,2000,989,140120,2022-12-29
1717,144,January 2020,78462,2000,1291,79171,2023-08-14
1718,144,February 2020,78462,2000,1896,78566,2022-04-17
1719,144,March 2020,78462,1000,1761,77701,2022-01-11
1720,144,April 2020,78462,0,294,78168,2024-10-24
1721,144,May 2020,78462,0,908,77554,2023-06-27
1722,144,June 2020,78462,3000,572,80890,2022-10-04
1723,144,July 2020,78462,0,1416,77046,2025-11-13
1724,144,August 2020,78462,0,1646,76816,2023-02-01
1725,144,September 2020,78462,0,1220,77242,2023-03-04
1726,144,October 2020,78462,1000,469,78993,2025-11-27
1727,144,November 2020,78462,1000,775,78687,2022-08-10
1728,144,December 2020,78462,2000,1377,79085,2023-10-05
1729,145,January 2020,203844,2000,1209,204635,2022-01-04
1730,145,February 2020,203844,2000,987,204857,2022-08-28
1731,145,March 2020,203844,3000,1823,205021,2023-06-06
1732,145,April 2020,203844,0,1996,201848,2025-08-16
1733,145,May 2020,203844,1000,1584,203260,2022-03-03
1734,145,June 2020,203844,1000,560,204284,2023-06-06
1735,145,July 2020,203844,1000,1918,202926,2025-06-02
1736,145,August 2020,203844,0,1022,202822,2025-02-15
1737,145,September 2020,203844,0,1544,202300,2023-07-19
1738,145,October 2020,203844,3000,555,206289,2022-03-06
1739,145,November 2020,203844,0,1551,202293,2022-12-24
1740,145,December 2020,203844,3000,1535,205309,2023-10-02
1741,146,January 2020,262985,3000,696,265289,2024-04-25
1742,146,February 2020,262985,3000,1694,264291,2023-08-25
1743,146,March 2020,262985,2000,437,264548,2024-12-05
1744,146,April 2020,262985,1000,1471,262514,2024-07-19
1745,146,May 2020,262985,1000,88,263897,2022-04-02
1746,146,June 2020,262985,2000,446,264539,2022-08-01
1747,146,July 2020,262985,1000,652,263333,2025-12-12
1748,146,August 2020,262985,2000,1551,263434,2023-02-01
1749,146,September 2020,262985,2000,104,264881,2024-11-13
1750,146,October 2020,262985,0,67,262918,2023-11-24
1751,146,November 2020,262985,1000,1950,262035,2025-08-07
1752,146,December 2020,262985,2000,1812,263173,2023-02-12
1753,147,January 2020,151036,3000,1098,152938,2024-06-16
1754,147,February 2020,151036,2000,1042,151994,2022-10-26
1755,147,March 2020,151036,0,576,150460,2024-05-14
1756,147,April 2020,151036,2000,1481,151555,2024-07-25
1757,147,May 2020,151036,0,1354,149682,2025-01-16
1758,147,June 2020,151036,3000,1428,152608,2024-05-22
1759,147,July 2020,151036,3000,500,153536,2022-01-27
1760,147,August 2020,151036,0,882,150154,2022-05-21
1761,147,September 2020,151036,3000,94,153942,2022-07-04
1762,147,October 2020,151036,1000,350,151686,2024-09-25
1763,147,November 2020,151036,1000,1488,150548,2024-12-20
1764,147,December 2020,151036,1000,1157,150879,2024-10-01
1765,148,January 2020,147947,0,222,147725,2024-03-05
1766,148,February 2020,147947,1000,318,148629,2023-04-19
1767,148,March 2020,147947,0,504,147443,2025-01-11
1768,148,April 2020,147947,2000,1892,148055,2022-04-14
1769,148,May 2020,147947,1000,1328,147619,2024-02-12
1770,148,June 2020,147947,2000,842,149105,2025-03-09
1771,148,July 2020,147947,2000,148,149799,2024-12-26
1772,148,August 2020,147947,1000,1550,147397,2023-03-14
1773,148,September 2020,147947,3000,1524,149423,2025-01-11
1774,148,October 2020,147947,0,472,147475,2025-12-10
1775,148,November 2020,147947,0,1279,146668,2025-03-19
1776,148,December 2020,147947,1000,648,148299,2025-12-11
1777,149,January 2020,261488,1000,1680,260808,2023-07-10
1778,149,February 2020,261488,1000,929,261559,2022-02-12
1779,149,March 2020,261488,2000,1299,262189,2024-02-26
1780,149,April 2020,261488,0,1348,260140,2024-08-29
1781,149,May 2020,261488,3000,1426,263062,2023-07-11
1782,149,June 2020,261488,3000,268,264220,2023-12-29
1783,149,July 2020,261488,0,1805,259683,2022-06-04
1784,149,August 2020,261488,3000,235,264253,2024-05-08
1785,149,September 2020,261488,3000,640,263848,2023-09-24
1786,149,October 2020,261488,3000,1443,263045,2023-11-29
1787,149,November 2020,261488,0,1943,259545,2023-09-01
1788,149,December 2020,261488,2000,699,262789,2022-05-10
1789,150,January 2020,225588,1000,1406,225182,2025-09-23
1790,150,February 2020,225588,0,1173,224415,2025-07-21
1791,150,March 2020,225588,3000,378,228210,2025-09-08
1792,150,April 2020,225588,2000,93,227495,2023-01-05
1793,150,May 2020,225588,2000,31,227557,2022-03-23
1794,150,June 2020,225588,3000,297,228291,2023-11-15
1795,150,July 2020,225588,0,278,225310,2022-01-29
1796,150,August 2020,225588,0,85,225503,2025-07-27
1797,150,September 2020,225588,1000,706,225882,2022-07-22
1798,150,October 2020,225588,0,179,225409,2025-04-27
1799,150,November 2020,225588,1000,1891,224697,2024-10-27
1800,150,December 2020,225588,3000,1665,226923,2022-10-28
1801,151,January 2020,156144,1000,1347,155797,2023-09-30
1802,151,February 2020,156144,2000,130,158014,2024-08-17
1803,151,March 2020,156144,1000,1074,156070,2025-02-09
1804,151,April 2020,156144,3000,636,158508,2024-12-07
1805,151,May 2020,156144,3000,1583,157561,2022-11-17
1806,151,June 2020,156144,3000,1366,157778,2024-01-26
1807,151,July 2020,156144,3000,1610,157534,2023-04-12
1808,151,August 2020,156144,2000,1615,156529,2022-06-04
1809,151,September 2020,156144,2000,1972,156172,2022-12-17
1810,151,October 2020,156144,1000,15,157129,2025-01-16
1811,151,November 2020,156144,2000,1779,156365,2023-02-22
1812,151,December 2020,156144,3000,1146,157998,2025-09-22
1813,152,January 2020,158731,1000,832,158899,2024-06-09
1814,152,February 2020,158731,3000,692,161039,2024-06-05
1815,152,March 2020,158731,1000,1860,157871,2025-11-23
1816,152,April 2020,158731,0,1130,157601,2023-01-16
1817,152,May 2020,158731,3000,163,161568,2023-06-09
1818,152,June 2020,158731,1000,423,159308,2022-09-30
1819,152,July 2020,158731,3000,306,161425,2022-06-14
1820,152,August 2020,158731,3000,823,160908,2022-08-01
1821,152,September 2020,158731,3000,1510,160221,2022-09-07
1822,152,October 2020,158731,1000,841,158890,2022-08-30
1823,152,November 2020,158731,1000,740,158991,2022-02-01
1824,152,December 2020,158731,2000,193,160538,2022-08-26
1825,153,January 2020,260976,2000,1517,261459,2025-04-24
1826,153,February 2020,260976,1000,66,261910,2023-11-28
1827,153,March 2020,260976,3000,29,263947,2025-06-20
1828,153,April 2020,260976,1000,1758,260218,2023-09-11
1829,153,May 2020,260976,3000,978,262998,2025-12-23
1830,153,June 2020,260976,3000,1359,262617,2022-12-26
1831,153,July 2020,260976,3000,555,263421,2025-05-23
1832,153,August 2020,260976,1000,368,261608,2025-09-25
1833,153,September 2020,260976,2000,1179,261797,2024-09-18
1834,153,October 2020,260976,1000,1311,260665,2024-08-29
1835,153,November 2020,260976,3000,1752,262224,2025-09-04
1836,153,December 2020,260976,1000,1909,260067,2025-08-14
1837,154,January 2020,129405,3000,705,131700,2023-11-19
1838,154,February 2020,129405,0,1330,128075,2023-12-18
1839,154,March 2020,129405,1000,1836,128569,2022-05-05
1840,154,April 2020,129405,1000,444,129961,2025-02-11
1841,154,May 2020,129405,3000,791,131614,2023-02-08
1842,154,June 2020,129405,0,704,128701,2025-07-04
1843,154,July 2020,129405,1000,1051,129354,2022-12-02
1844,154,August 2020,129405,2000,909,130496,2025-01-22
1845,154,September 2020,129405,1000,728,129677,2025-12-28
1846,154,October 2020,129405,1000,913,129492,2024-08-23
1847,154,November 2020,129405,2000,1146,130259,2025-10-30
1848,154,December 2020,129405,1000,961,129444,2024-11-21
1849,155,January 2020,239411,2000,1887,239524,2024-07-14
1850,155,February 2020,239411,0,477,238934,2022-02-06
1851,155,March 2020,239411,2000,1480,239931,2024-01-10
1852,155,April 2020,239411,0,330,239081,2024-10-22
1853,155,May 2020,239411,1000,31,240380,2022-08-13
1854,155,June 2020,239411,3000,949,241462,2024-04-29
1855,155,July 2020,239411,1000,664,239747,2025-08-31
1856,155,August 2020,239411,1000,1198,239213,2023-12-24
1857,155,September 2020,239411,3000,1545,240866,2024-11-30
1858,155,October 2020,239411,1000,1262,239149,2022-04-13
1859,155,November 2020,239411,0,582,238829,2025-07-07
1860,155,December 2020,239411,2000,1408,240003,2025-05-29
1861,156,January 2020,154219,3000,1356,155863,2024-06-10
1862,156,February 2020,154219,0,490,153729,2022-03-07
1863,156,March 2020,154219,0,172,154047,2022-05-19
1864,156,April 2020,154219,3000,147,157072,2022-08-25
1865,156,May 2020,154219,1000,1804,153415,2023-04-19
1866,156,June 2020,154219,1000,796,154423,2025-05-24
1867,156,July 2020,154219,2000,464,155755,2024-01-25
1868,156,August 2020,154219,1000,334,154885,2025-04-29
1869,156,September 2020,154219,0,1419,152800,2024-06-05
1870,156,October 2020,154219,1000,1427,153792,2025-11-20
1871,156,November 2020,154219,1000,1279,153940,2025-02-24
1872,156,December 2020,154219,1000,727,154492,2023-05-05
1873,157,January 2020,150823,3000,1204,152619,2022-12-02
1874,157,February 2020,150823,2000,289,152534,2025-07-19
1875,157,March 2020,150823,0,274,150549,2023-08-14
1876,157,April 2020,150823,2000,334,152489,2025-02-11
1877,157,May 2020,150823,2000,1869,150954,2025-08-25
1878,157,June 2020,150823,3000,1483,152340,2023-11-02
1879,157,July 2020,150823,1000,54,151769,2023-10-29
1880,157,August 2020,150823,0,416,150407,2024-07-11
1881,157,September 2020,150823,1000,1943,149880,2025-09-22
1882,157,October 2020,150823,1000,954,150869,2024-02-17
1883,157,November 2020,150823,1000,604,151219,2024-12-09
1884,157,December 2020,150823,0,1937,148886,2025-08-05
1885,158,January 2020,148629,3000,366,151263,2025-03-14
1886,158,February 2020,148629,2000,1150,149479,2023-04-23
1887,158,March 2020,148629,3000,1115,150514,2023-12-08
1888,158,April 2020,148629,3000,1934,149695,2022-02-23
1889,158,May 2020,148629,1000,523,149106,2022-12-29
1890,158,June 2020,148629,1000,1695,147934,2022-12-30
1891,158,July 2020,148629,0,1923,146706,2024-07-19
1892,158,August 2020,148629,1000,1607,148022,2025-01-11
1893,158,September 2020,148629,0,549,148080,2022-06-21
1894,158,October 2020,148629,1000,1545,148084,2024-10-08
1895,158,November 2020,148629,2000,911,149718,2022-09-05
1896,158,December 2020,148629,2000,847,149782,2023-03-01
1897,159,January 2020,247615,2000,373,249242,2023-07-05
1898,159,February 2020,247615,1000,1556,247059,2023-03-03
1899,159,March 2020,247615,1000,205,248410,2023-09-14
1900,159,April 2020,247615,3000,1724,248891,2022-06-14
1901,159,May 2020,247615,3000,375,250240,2023-09-24
1902,159,June 2020,247615,1000,219,248396,2023-06-13
1903,159,July 2020,247615,1000,1616,246999,2023-08-01
1904,159,August 2020,247615,3000,1368,249247,2022-08-13
1905,159,September 2020,247615,1000,345,248270,2025-11-14
1906,159,October 2020,247615,1000,1815,246800,2023-05-17
1907,159,November 2020,247615,2000,1308,248307,2025-05-18
1908,159,December 2020,247615,1000,1460,247155,2022-12-21
1909,160,January 2020,224229,1000,690,224539,2025-07-31
1910,160,February 2020,224229,1000,1215,224014,2022-01-24
1911,160,March 2020,224229,0,728,223501,2023-09-09
1912,160,April 2020,224229,0,621,223608,2023-12-17
1913,160,May 2020,224229,2000,1368,224861,2022-08-04
1914,160,June 2020,224229,1000,488,224741,2024-12-16
1915,160,July 2020,224229,3000,983,226246,2024-02-25
1916,160,August 2020,224229,0,1716,222513,2024-01-01
1917,160,September 2020,224229,1000,533,224696,2025-02-26
1918,160,October 2020,224229,0,1130,223099,2025-10-26
1919,160,November 2020,224229,2000,1040,225189,2023-06-20
1920,160,December 2020,224229,0,1055,223174,2022-05-05
1921,161,January 2020,105240,2000,1091,106149,2022-10-14
1922,161,February 2020,105240,0,232,105008,2023-02-19
1923,161,March 2020,105240,3000,8,108232,2023-03-26
1924,161,April 2020,105240,0,1647,103593,2022-06-08
1925,161,May 2020,105240,2000,1303,105937,2024-05-09
1926,161,June 2020,105240,1000,454,105786,2024-09-17
1927,161,July 2020,105240,2000,1131,106109,2022-05-05
1928,161,August 2020,105240,2000,258,106982,2023-03-20
1929,161,September 2020,105240,2000,744,106496,2022-05-23
1930,161,October 2020,105240,0,152,105088,2025-10-12
1931,161,November 2020,105240,1000,1688,104552,2022-05-03
1932,161,December 2020,105240,0,68,105172,2022-09-12
1933,162,January 2020,223213,2000,1834,223379,2022-09-21
1934,162,February 2020,223213,2000,281,224932,2023-06-19
1935,162,March 2020,223213,0,1232,221981,2023-01-07
1936,162,April 2020,223213,3000,721,225492,2023-10-30
1937,162,May 2020,223213,0,282,222931,2022-10-24
1938,162,June 2020,223213,1000,1486,222727,2024-01-15
1939,162,July 2020,223213,1000,1122,223091,2022-10-05
1940,162,August 2020,223213,0,1595,221618,2025-04-24
1941,162,September 2020,223213,0,1438,221775,2022-11-25
1942,162,October 2020,223213,1000,487,223726,2023-08-26
1943,162,November 2020,223213,3000,948,225265,2023-10-23
1944,162,December 2020,223213,0,1846,221367,2022-08-31
1945,163,January 2020,107817,2000,1481,108336,2024-07-23
1946,163,February 2020,107817,2000,97,109720,2024-04-24
1947,163,March 2020,107817,3000,733,110084,2022-11-09
1948,163,April 2020,107817,1000,1953,106864,2025-05-04
1949,163,May 2020,107817,3000,1043,109774,2025-02-19
1950,163,June 2020,107817,2000,2000,107817,2025-07-30
1951,163,July 2020,107817,1000,1134,107683,2025-11-08
1952,163,August 2020,107817,3000,1327,109490,2024-11-22
1953,163,September 2020,107817,2000,1797,108020,2025-02-17
1954,163,October 2020,107817,2000,1798,108019,2022-01-18
1955,163,November 2020,107817,3000,1760,109057,2023-02-18
1956,163,December 2020,107817,3000,304,110513,2025-08-22
1957,164,January 2020,139170,1000,65,140105,2022-08-06
1958,164,February 2020,139170,3000,1644,140526,2025-01-12
1959,164,March 2020,139170,0,373,138797,2022-07-18
1960,164,April 2020,139170,0,1559,137611,2025-03-26
1961,164,May 2020,139170,1000,1806,138364,2025-01-28
1962,164,June 2020,139170,1000,410,139760,2025-12-23
1963,164,July 2020,139170,1000,210,139960,2022-06-19
1964,164,August 2020,139170,1000,693,139477,2024-05-13
1965,164,September 2020,139170,0,1867,137303,2023-11-06
1966,164,October 2020,139170,3000,1135,141035,2023-01-24
1967,164,November 2020,139170,2000,634,140536,2022-07-06
1968,164,December 2020,139170,1000,1489,138681,2024-04-13
1969,165,January 2020,228052,3000,842,230210,2025-02-04
1970,165,February 2020,228052,1000,888,228164,2022-10-15
1971,165,March 2020,228052,0,1082,226970,2024-11-27
1972,165,April 2020,228052,1000,410,228642,2022-05-06
1973,165,May 2020,228052,0,1349,226703,2022-06-04
1974,165,June 2020,228052,2000,1721,228331,2023-03-25
1975,165,July 2020,228052,3000,1768,229284,2024-11-10
1976,165,August 2020,228052,0,699,227353,2025-01-03
1977,165,September 2020,228052,2000,570,229482,2024-09-03
1978,165,October 2020,228052,2000,188,229864,2022-11-01
1979,165,November 2020,228052,3000,1316,229736,2024-12-13
1980,165,December 2020,228052,1000,775,228277,2024-03-23
1981,166,January 2020,123239,3000,1905,124334,2024-03-17
1982,166,February 2020,123239,0,1233,122006,2025-05-25
1983,166,March 2020,123239,3000,126,126113,2024-03-08
1984,166,April 2020,123239,2000,131,125108,2023-09-12
1985,166,May 2020,123239,1000,70,124169,2024-04-17
1986,166,June 2020,123239,0,504,122735,2022-07-01
1987,166,July 2020,123239,1000,1404,122835,2022-03-31
1988,166,August 2020,123239,3000,1665,124574,2025-03-11
1989,166,September 2020,123239,3000,1389,124850,2024-09-02
1990,166,October 2020,123239,2000,1561,123678,2025-01-14
1991,166,November 2020,123239,1000,1737,122502,2025-10-18
1992,166,December 2020,123239,0,1284,121955,2022-06-20
1993,167,January 2020,144597,3000,1258,146339,2023-05-28
1994,167,February 2020,144597,2000,810,145787,2023-11-11
1995,167,March 2020,144597,3000,1627,145970,2022-01-04
1996,167,April 2020,144597,3000,891,146706,2022-08-13
1997,167,May 2020,144597,2000,845,145752,2023-06-21
1998,167,June 2020,144597,1000,1338,144259,2024-03-05
1999,167,July 2020,144597,0,233,144364,2022-07-11
2000,167,August 2020,144597,2000,236,146361,2022-10-27
2001,167,September 2020,144597,0,154,144443,2025-12-11
2002,167,October 2020,144597,3000,1682,145915,2025-01-15
2003,167,November 2020,144597,3000,1968,145629,2024-02-23
2004,167,December 2020,144597,2000,272,146325,2022-02-04
2005,168,January 2020,237528,3000,1810,238718,2023-02-12
2006,168,February 2020,237528,2000,1207,238321,2024-01-22
2007,168,March 2020,237528,1000,1964,236564,2025-05-22
2008,168,April 2020,237528,3000,1028,239500,2022-11-17
2009,168,May 2020,237528,1000,1364,237164,2025-12-22
2010,168,June 2020,237528,2000,1195,238333,2025-03-06
2011,168,July 2020,237528,2000,1297,238231,2023-12-21
2012,168,August 2020,237528,1000,1339,237189,2025-09-07
2013,168,September 2020,237528,3000,1587,238941,2022-09-18
2014,168,October 2020,237528,2000,941,238587,2025-12-02
2015,168,November 2020,237528,3000,1954,238574,2024-08-09
2016,168,December 2020,237528,3000,487,240041,2023-07-09
2017,169,January 2020,181989,3000,1427,183562,2022-12-07
2018,169,February 2020,181989,0,1221,180768,2024-07-11
2019,169,March 2020,181989,3000,591,184398,2023-03-05
2020,169,April 2020,181989,0,1616,180373,2024-11-06
2021,169,May 2020,181989,2000,1543,182446,2023-09-05
2022,169,June 2020,181989,3000,855,184134,2023-04-15
2023,169,July 2020,181989,1000,18,182971,2024-12-10
2024,169,August 2020,181989,3000,1389,183600,2025-09-07
2025,169,September 2020,181989,0,770,181219,2025-12-17
2026,169,October 2020,181989,1000,872,182117,2025-11-15
2027,169,November 2020,181989,3000,1712,183277,2024-11-19
2028,169,December 2020,181989,2000,739,183250,2023-12-15
2029,170,January 2020,92942,2000,85,94857,2023-06-19
2030,170,February 2020,92942,0,730,92212,2025-01-25
2031,170,March 2020,92942,3000,1344,94598,2023-12-06
2032,170,April 2020,92942,3000,944,94998,2025-08-27
2033,170,May 2020,92942,2000,1728,93214,2025-07-28
2034,170,June 2020,92942,3000,1428,94514,2022-12-16
2035,170,July 2020,92942,2000,92,94850,2022-09-29
2036,170,August 2020,92942,0,1547,91395,2024-07-19
2037,170,September 2020,92942,1000,498,93444,2022-09-28
2038,170,October 2020,92942,3000,1681,94261,2023-08-10
2039,170,November 2020,92942,0,534,92408,2025-07-23
2040,170,December 2020,92942,2000,1194,93748,2024-02-24
2041,171,January 2020,223445,2000,806,224639,2025-12-27
2042,171,February 2020,223445,1000,185,224260,2023-12-06
2043,171,March 2020,223445,1000,748,223697,2025-03-10
2044,171,April 2020,223445,1000,1369,223076,2024-05-05
2045,171,May 2020,223445,3000,1633,224812,2024-02-13
2046,171,June 2020,223445,0,102,223343,2022-06-11
2047,171,July 2020,223445,2000,1901,223544,2022-06-25
2048,171,August 2020,223445,1000,1446,222999,2022-02-26
2049,171,September 2020,223445,1000,977,223468,2025-09-08
2050,171,October 2020,223445,2000,689,224756,2024-01-23
2051,171,November 2020,223445,2000,1256,224189,2025-09-18
2052,171,December 2020,223445,1000,1982,222463,2023-05-27
2053,172,January 2020,89292,3000,1828,90464,2022-04-04
2054,172,February 2020,89292,1000,96,90196,2022-01-18
2055,172,March 2020,89292,3000,1720,90572,2023-01-12
2056,172,April 2020,89292,3000,268,92024,2024-03-14
2057,172,May 2020,89292,1000,1134,89158,2023-01-15
2058,172,June 2020,89292,3000,1693,90599,2024-10-06
2059,172,July 2020,89292,1000,1308,88984,2025-02-24
2060,172,August 2020,89292,1000,355,89937,2025-08-21
2061,172,September 2020,89292,1000,793,89499,2024-03-10
2062,172,October 2020,89292,1000,792,89500,2025-09-24
2063,172,November 2020,89292,1000,837,89455,2024-08-05
2064,172,December 2020,89292,1000,1748,88544,2022-11-03
2065,173,January 2020,239984,0,112,239872,2023-08-30
2066,173,February 2020,239984,1000,1015,239969,2022-03-11
2067,173,March 2020,239984,3000,1599,241385,2022-08-30
2068,173,April 2020,239984,2000,1298,240686,2025-02-01
2069,173,May 2020,239984,3000,1615,241369,2024-07-22
2070,173,June 2020,239984,1000,486,240498,2024-03-02
2071,173,July 2020,239984,2000,1709,240275,2022-05-13
2072,173,August 2020,239984,2000,1560,240424,2022-07-04
2073,173,September 2020,239984,0,1212,238772,2022-07-06
2074,173,October 2020,239984,3000,415,242569,2023-06-08
2075,173,November 2020,239984,0,0,239984,2024-05-07
2076,173,December 2020,239984,0,320,239664,2025-10-23
2077,174,January 2020,211763,3000,200,214563,2025-11-22
2078,174,February 2020,211763,3000,62,214701,2022-03-15
2079,174,March 2020,211763,0,931,210832,2022-12-11
2080,174,April 2020,211763,2000,848,212915,2025-06-24
2081,174,May 2020,211763,0,33,211730,2025-08-15
2082,174,June 2020,211763,1000,1282,211481,2023-06-11
2083,174,July 2020,211763,2000,67,213696,2022-04-10
2084,174,August 2020,211763,1000,1292,211471,2023-11-03
2085,174,September 2020,211763,0,900,210863,2022-10-02
2086,174,October 2020,211763,2000,1562,212201,2023-08-08
2087,174,November 2020,211763,3000,697,214066,2025-11-12
2088,174,December 2020,211763,1000,295,212468,2022-08-28
2089,175,January 2020,203799,0,872,202927,2023-12-28
2090,175,February 2020,203799,0,1521,202278,2025-03-23
2091,175,March 2020,203799,3000,1346,205453,2022-01-27
2092,175,April 2020,203799,0,1149,202650,2024-10-29
2093,175,May 2020,203799,0,1280,202519,2023-01-01
2094,175,June 2020,203799,3000,1655,205144,2025-04-09
2095,175,July 2020,203799,3000,282,206517,2024-05-17
2096,175,August 2020,203799,0,1300,202499,2022-12-10
2097,175,September 2020,203799,3000,168,206631,2024-12-05
2098,175,October 2020,203799,0,1993,201806,2024-06-12
2099,175,November 2020,203799,0,622,203177,2024-08-09
2100,175,December 2020,203799,2000,1796,204003,2024-06-25
2101,176,January 2020,143438,2000,373,145065,2022-09-22
2102,176,February 2020,143438,2000,1819,143619,2022-07-12
2103,176,March 2020,143438,0,1983,141455,2023-08-02
2104,176,April 2020,143438,2000,204,145234,2025-04-14
2105,176,May 2020,143438,2000,319,145119,2024-01-25
2106,176,June 2020,143438,2000,743,144695,2025-09-09
2107,176,July 2020,143438,0,26,143412,2023-12-31
2108,176,August 2020,143438,1000,1801,142637,2025-10-26
2109,176,September 2020,143438,3000,1103,145335,2022-10-18
2110,176,October 2020,143438,0,775,142663,2023-09-20
2111,176,November 2020,143438,2000,1778,143660,2025-08-11
2112,176,December 2020,143438,0,1444,141994,2024-05-17
2113,177,January 2020,196535,0,1243,195292,2025-02-02
2114,177,February 2020,196535,1000,1876,195659,2024-05-14
2115,177,March 2020,196535,2000,537,197998,2025-01-02
2116,177,April 2020,196535,0,1242,195293,2023-08-06
2117,177,May 2020,196535,2000,1011,197524,2024-07-28
2118,177,June 2020,196535,3000,978,198557,2023-12-04
2119,177,July 2020,196535,3000,1247,198288,2023-09-18
2120,177,August 2020,196535,1000,566,196969,2025-06-01
2121,177,September 2020,196535,3000,1272,198263,2024-03-20
2122,177,October 2020,196535,0,1043,195492,2022-10-04
2123,177,November 2020,196535,2000,715,197820,2025-08-05
2124,177,December 2020,196535,1000,1964,195571,2022-08-23
2125,178,January 2020,203842,2000,393,205449,2024-09-29
2126,178,February 2020,203842,1000,1112,203730,2022-08-04
2127,178,March 2020,203842,1000,801,204041,2022-01-26
2128,178,April 2020,203842,2000,321,205521,2023-07-11
2129,178,May 2020,203842,0,449,203393,2024-08-19
2130,178,June 2020,203842,3000,405,206437,2025-04-16
2131,178,July 2020,203842,0,1167,202675,2022-07-29
2132,178,August 2020,203842,2000,534,205308,2022-11-26
2133,178,September 2020,203842,3000,1507,205335,2025-02-28
2134,178,October 2020,203842,2000,1849,203993,2023-12-07
2135,178,November 2020,203842,3000,1767,205075,2024-11-29
2136,178,December 2020,203842,0,734,203108,2024-01-02
2137,179,January 2020,181032,2000,1032,182000,2022-12-13
2138,179,February 2020,181032,3000,90,183942,2024-11-21
2139,179,March 2020,181032,1000,567,181465,2025-12-24
2140,179,April 2020,181032,1000,83,181949,2024-11-21
2141,179,May 2020,181032,1000,1119,180913,2023-12-26
2142,179,June 2020,181032,3000,641,183391,2024-06-04
2143,179,July 2020,181032,1000,696,181336,2025-10-22
2144,179,August 2020,181032,0,84,180948,2024-11-14
2145,179,September 2020,181032,2000,1094,181938,2023-06-17
2146,179,October 2020,181032,2000,1010,182022,2024-12-02
2147,179,November 2020,181032,0,1361,179671,2025-02-23
2148,179,December 2020,181032,2000,1134,181898,2023-02-08
2149,180,January 2020,255773,0,100,255673,2025-10-02
2150,180,February 2020,255773,0,249,255524,2024-07-31
2151,180,March 2020,255773,0,1326,254447,2022-07-16
2152,180,April 2020,255773,3000,994,257779,2024-04-23
2153,180,May 2020,255773,0,1685,254088,2025-05-24
2154,180,June 2020,255773,3000,1988,256785,2025-05-14
2155,180,July 2020,255773,2000,231,257542,2022-02-15
2156,180,August 2020,255773,2000,37,257736,2024-05-06
2157,180,September 2020,255773,0,1546,254227,2025-05-29
2158,180,October 2020,255773,2000,1541,256232,2023-12-23
2159,180,November 2020,255773,1000,672,256101,2023-03-31
2160,180,December 2020,255773,1000,1054,255719,2024-07-10
2161,181,January 2020,74291,1000,601,74690,2025-02-06
2162,181,February 2020,74291,2000,613,75678,2022-02-17
2163,181,March 2020,74291,3000,264,77027,2022-12-15
2164,181,April 2020,74291,3000,1226,76065,2025-04-24
2165,181,May 2020,74291,2000,1013,75278,2025-04-25
2166,181,June 2020,74291,2000,739,75552,2024-05-31
2167,181,July 2020,74291,3000,1409,75882,2024-05-28
2168,181,August 2020,74291,1000,1171,74120,2023-05-18
2169,181,September 2020,74291,0,1380,72911,2023-09-22
2170,181,October 2020,74291,1000,1691,73600,2025-07-14
2171,181,November 2020,74291,3000,655,76636,2022-11-30
2172,181,December 2020,74291,2000,1101,75190,2022-10-05
2173,182,January 2020,152330,0,912,151418,2022-12-23
2174,182,February 2020,152330,1000,730,152600,2023-03-21
2175,182,March 2020,152330,0,94,152236,2024-07-28
2176,182,April 2020,152330,0,1341,150989,2024-10-30
2177,182,May 2020,152330,0,1506,150824,2022-04-22
2178,182,June 2020,152330,0,1273,151057,2023-06-20
2179,182,July 2020,152330,1000,1001,152329,2022-12-15
2180,182,August 2020,152330,3000,352,154978,2025-11-12
2181,182,September 2020,152330,1000,395,152935,2022-08-11
2182,182,October 2020,152330,2000,789,153541,2023-10-19
2183,182,November 2020,152330,1000,1244,152086,2024-01-02
2184,182,December 2020,152330,3000,1960,153370,2022-01-16
2185,183,January 2020,131124,3000,1304,132820,2023-05-06
2186,183,February 2020,131124,3000,1677,132447,2023-01-31
2187,183,March 2020,131124,1000,1508,130616,2025-01-19
2188,183,April 2020,131124,1000,1103,131021,2025-08-06
2189,183,May 2020,131124,2000,1008,132116,2022-11-10
2190,183,June 2020,131124,2000,1111,132013,2024-12-06
2191,183,July 2020,131124,1000,1876,130248,2025-03-11
2192,183,August 2020,131124,3000,800,133324,2025-08-31
2193,183,September 2020,131124,3000,381,133743,2023-05-16
2194,183,October 2020,131124,3000,595,133529,2023-03-11
2195,183,November 2020,131124,3000,976,133148,2024-02-29
2196,183,December 2020,131124,0,552,130572,2023-11-02
2197,184,January 2020,194235,1000,411,194824,2025-10-26
2198,184,February 2020,194235,0,1620,192615,2024-08-24
2199,184,March 2020,194235,1000,71,195164,2023-01-19
2200,184,April 2020,194235,0,1571,192664,2022-04-28
2201,184,May 2020,194235,3000,1364,195871,2025-09-18
2202,184,June 2020,194235,1000,500,194735,2025-08-07
2203,184,July 2020,194235,2000,1159,195076,2025-03-05
2204,184,August 2020,194235,3000,1962,195273,2022-03-04
2205,184,September 2020,194235,0,861,193374,2024-04-09
2206,184,October 2020,194235,0,770,193465,2023-10-12
2207,184,November 2020,194235,1000,1995,193240,2024-06-24
2208,184,December 2020,194235,1000,1471,193764,2025-02-22
2209,185,January 2020,248519,1000,1213,248306,2024-10-17
2210,185,February 2020,248519,0,761,247758,2025-01-12
2211,185,March 2020,248519,3000,136,251383,2024-07-08
2212,185,April 2020,248519,0,80,248439,2023-04-06
2213,185,May 2020,248519,3000,332,251187,2023-08-05
2214,185,June 2020,248519,1000,280,249239,2022-01-14
2215,185,July 2020,248519,1000,1831,247688,2022-01-22
2216,185,August 2020,248519,3000,515,251004,2024-12-29
2217,185,September 2020,248519,2000,1239,249280,2023-07-01
2218,185,October 2020,248519,0,1015,247504,2023-09-18
2219,185,November 2020,248519,2000,669,249850,2024-09-16
2220,185,December 2020,248519,0,589,247930,2025-06-21
2221,186,January 2020,161578,0,880,160698,2022-01-23
2222,186,February 2020,161578,3000,1638,162940,2024-09-23
2223,186,March 2020,161578,3000,803,163775,2022-08-29
2224,186,April 2020,161578,1000,1387,161191,2023-09-09
2225,186,May 2020,161578,2000,1344,162234,2025-09-23
2226,186,June 2020,161578,3000,1455,163123,2024-09-14
2227,186,July 2020,161578,0,382,161196,2023-10-23
2228,186,August 2020,161578,1000,750,161828,2025-01-08
2229,186,September 2020,161578,1000,286,162292,2022-07-16
2230,186,October 2020,161578,1000,1230,161348,2025-09-17
2231,186,November 2020,161578,2000,149,163429,2023-11-07
2232,186,December 2020,161578,2000,1716,161862,2025-12-28
2233,187,January 2020,240631,2000,518,242113,2023-07-20
2234,187,February 2020,240631,0,711,239920,2025-01-23
2235,187,March 2020,240631,3000,375,243256,2025-07-01
2236,187,April 2020,240631,1000,414,241217,2025-02-12
2237,187,May 2020,240631,3000,1394,242237,2023-05-09
2238,187,June 2020,240631,1000,1237,240394,2023-09-30
2239,187,July 2020,240631,2000,562,242069,2025-09-17
2240,187,August 2020,240631,1000,1157,240474,2024-05-23
2241,187,September 2020,240631,1000,1875,239756,2023-11-18
2242,187,October 2020,240631,2000,419,242212,2022-08-09
2243,187,November 2020,240631,1000,1621,240010,2023-09-30
2244,187,December 2020,240631,0,149,240482,2025-06-24
2245,188,January 2020,236870,1000,218,237652,2023-11-26
2246,188,February 2020,236870,2000,288,238582,2025-01-16
2247,188,March 2020,236870,1000,696,237174,2022-01-21
2248,188,April 2020,236870,3000,403,239467,2022-07-13
2249,188,May 2020,236870,0,1274,235596,2022-10-03
2250,188,June 2020,236870,0,1624,235246,2023-05-21
2251,188,July 2020,236870,1000,322,237548,2022-10-26
2252,188,August 2020,236870,2000,1115,237755,2024-04-16
2253,188,September 2020,236870,3000,649,239221,2022-10-27
2254,188,October 2020,236870,3000,1661,238209,2022-07-31
2255,188,November 2020,236870,1000,625,237245,2022-11-18
2256,188,December 2020,236870,1000,1607,236263,2023-07-13
2257,189,January 2020,186601,0,1091,185510,2022-04-07
2258,189,February 2020,186601,1000,1103,186498,2022-10-18
2259,189,March 2020,186601,2000,151,188450,2025-04-21
2260,189,April 2020,186601,0,866,185735,2024-02-09
2261,189,May 2020,186601,1000,164,187437,2025-08-12
2262,189,June 2020,186601,3000,368,189233,2023-04-08
2263,189,July 2020,186601,3000,1691,187910,2022-07-06
2264,189,August 2020,186601,2000,1131,187470,2025-03-26
2265,189,September 2020,186601,3000,887,188714,2022-09-16
2266,189,October 2020,186601,1000,1920,185681,2025-02-19
2267,189,November 2020,186601,0,239,186362,2023-11-29
2268,189,December 2020,186601,2000,1789,186812,2023-10-19
2269,190,January 2020,209318,3000,78,212240,2023-06-23
2270,190,February 2020,209318,1000,78,210240,2024-12-25
2271,190,March 2020,209318,2000,1228,210090,2025-08-28
2272,190,April 2020,209318,2000,258,211060,2022-11-26
2273,190,May 2020,209318,3000,1865,210453,2022-10-13
2274,190,June 2020,209318,1000,716,209602,2022-05-08
2275,190,July 2020,209318,1000,993,209325,2022-05-25
2276,190,August 2020,209318,1000,1158,209160,2025-11-16
2277,190,September 2020,209318,1000,1618,208700,2022-09-10
2278,190,October 2020,209318,2000,543,210775,2025-11-18
2279,190,November 2020,209318,3000,1977,210341,2023-02-15
2280,190,December 2020,209318,1000,114,210204,2025-02-20
2281,191,January 2020,134981,1000,141,135840,2024-06-19
2282,191,February 2020,134981,2000,1682,135299,2023-08-08
2283,191,March 2020,134981,2000,1978,135003,2024-07-15
2284,191,April 2020,134981,2000,1043,135938,2024-12-18
2285,191,May 2020,134981,2000,1747,135234,2025-02-08
2286,191,June 2020,134981,0,776,134205,2023-02-13
2287,191,July 2020,134981,1000,585,135396,2025-08-16
2288,191,August 2020,134981,0,152,134829,2024-09-11
2289,191,September 2020,134981,1000,1102,134879,2022-01-05
2290,191,October 2020,134981,0,1572,133409,2023-03-28
2291,191,November 2020,134981,2000,1907,135074,2023-03-12
2292,191,December 2020,134981,3000,335,137646,2023-06-13
2293,192,January 2020,102865,3000,418,105447,2023-05-10
2294,192,February 2020,102865,1000,1639,102226,2023-06-15
2295,192,March 2020,102865,1000,490,103375,2025-02-25
2296,192,April 2020,102865,1000,1359,102506,2024-09-25
2297,192,May 2020,102865,1000,1499,102366,2025-12-13
2298,192,June 2020,102865,1000,1292,102573,2025-04-18
2299,192,July 2020,102865,3000,685,105180,2023-06-17
2300,192,August 2020,102865,2000,1915,102950,2023-11-04
2301,192,September 2020,102865,0,36,102829,2024-06-02
2302,192,October 2020,102865,2000,469,104396,2023-11-28
2303,192,November 2020,102865,3000,1973,103892,2024-12-14
2304,192,December 2020,102865,3000,1737,104128,2023-03-27
2305,193,January 2020,127294,1000,1196,127098,2022-01-03
2306,193,February 2020,127294,2000,713,128581,2023-02-01
2307,193,March 2020,127294,1000,1799,126495,2024-07-18
2308,193,April 2020,127294,3000,1753,128541,2025-01-29
2309,193,May 2020,127294,1000,649,127645,2025-07-07
2310,193,June 2020,127294,3000,1606,128688,2022-03-17
2311,193,July 2020,127294,1000,293,128001,2024-09-30
2312,193,August 2020,127294,3000,356,129938,2024-03-19
2313,193,September 2020,127294,3000,499,129795,2022-06-27
2314,193,October 2020,127294,1000,1427,126867,2022-02-22
2315,193,November 2020,127294,3000,45,130249,2024-05-31
2316,193,December 2020,127294,2000,1989,127305,2024-04-12
2317,194,January 2020,162468,0,582,161886,2025-10-19
2318,194,February 2020,162468,2000,390,164078,2024-01-14
2319,194,March 2020,162468,0,481,161987,2024-02-08
2320,194,April 2020,162468,0,1455,161013,2022-08-11
2321,194,May 2020,162468,3000,705,164763,2023-09-23
2322,194,June 2020,162468,2000,1505,162963,2024-12-14
2323,194,July 2020,162468,0,1139,161329,2025-01-29
2324,194,August 2020,162468,3000,117,165351,2022-06-06
2325,194,September 2020,162468,2000,1017,163451,2023-03-30
2326,194,October 2020,162468,1000,1463,162005,2024-02-28
2327,194,November 2020,162468,0,853,161615,2022-12-12
2328,194,December 2020,162468,0,1168,161300,2024-01-20
2329,195,January 2020,79634,3000,1507,81127,2024-11-23
2330,195,February 2020,79634,2000,1509,80125,2025-07-08
2331,195,March 2020,79634,2000,669,80965,2022-06-20
2332,195,April 2020,79634,2000,1725,79909,2024-10-14
2333,195,May 2020,79634,2000,1858,79776,2024-11-27
2334,195,June 2020,79634,2000,568,81066,2024-05-01
2335,195,July 2020,79634,1000,1067,79567,2022-09-06
2336,195,August 2020,79634,1000,1310,79324,2024-08-22
2337,195,September 2020,79634,3000,227,82407,2022-09-16
2338,195,October 2020,79634,1000,1746,78888,2024-02-10
2339,195,November 2020,79634,0,840,78794,2025-02-03
2340,195,December 2020,79634,3000,1714,80920,2024-10-19
2341,196,January 2020,74431,0,1731,72700,2023-12-27
2342,196,February 2020,74431,3000,1974,75457,2024-05-23
2343,196,March 2020,74431,1000,449,74982,2023-12-13
2344,196,April 2020,74431,0,790,73641,2024-10-02
2345,196,May 2020,74431,1000,1378,74053,2022-11-08
2346,196,June 2020,74431,3000,1263,76168,2022-01-13
2347,196,July 2020,74431,2000,1217,75214,2023-11-24
2348,196,August 2020,74431,1000,1331,74100,2022-01-03
2349,196,September 2020,74431,3000,766,76665,2024-06-10
2350,196,October 2020,74431,0,187,74244,2023-11-20
2351,196,November 2020,74431,0,759,73672,2022-06-08
2352,196,December 2020,74431,0,234,74197,2022-04-20
2353,197,January 2020,201869,2000,1425,202444,2025-12-12
2354,197,February 2020,201869,1000,307,202562,2025-10-11
2355,197,March 2020,201869,0,1450,200419,2025-09-28
2356,197,April 2020,201869,1000,171,202698,2022-09-05
2357,197,May 2020,201869,3000,263,204606,2025-10-21
2358,197,June 2020,201869,2000,1711,202158,2022-03-13
2359,197,July 2020,201869,2000,916,202953,2022-10-28
2360,197,August 2020,201869,3000,1665,203204,2024-06-01
2361,197,September 2020,201869,2000,893,202976,2025-03-05
2362,197,October 2020,201869,1000,1429,201440,2025-04-26
2363,197,November 2020,201869,3000,637,204232,2022-09-27
2364,197,December 2020,201869,1000,432,202437,2023-06-20
2365,198,January 2020,148665,1000,281,149384,2023-10-03
2366,198,February 2020,148665,3000,577,151088,2022-10-23
2367,198,March 2020,148665,3000,918,150747,2024-11-26
2368,198,April 2020,148665,1000,704,148961,2024-09-15
2369,198,May 2020,148665,1000,293,149372,2024-09-29
2370,198,June 2020,148665,2000,1923,148742,2022-04-25
2371,198,July 2020,148665,2000,1376,149289,2023-11-01
2372,198,August 2020,148665,1000,1097,148568,2024-12-24
2373,198,September 2020,148665,1000,1688,147977,2023-04-09
2374,198,October 2020,148665,1000,1530,148135,2022-11-03
2375,198,November 2020,148665,1000,1048,148617,2022-03-10
2376,198,December 2020,148665,1000,1983,147682,2024-06-10
2377,199,January 2020,277962,2000,1276,278686,2023-06-10
2378,199,February 2020,277962,0,270,277692,2024-07-13
2379,199,March 2020,277962,3000,1110,279852,2022-05-24
2380,199,April 2020,277962,0,1625,276337,2022-08-29
2381,199,May 2020,277962,3000,1836,279126,2022-02-14
2382,199,June 2020,277962,3000,1434,279528,2025-07-17
2383,199,July 2020,277962,1000,897,278065,2025-07-06
2384,199,August 2020,277962,1000,846,278116,2024-10-07
2385,199,September 2020,277962,1000,1438,277524,2023-04-27
2386,199,October 2020,277962,3000,1072,279890,2023-08-21
2387,199,November 2020,277962,3000,210,280752,2024-12-03
2388,199,December 2020,277962,1000,1219,277743,2022-06-28
2389,200,January 2020,130013,3000,35,132978,2024-04-10
2390,200,February 2020,130013,2000,381,131632,2024-04-18
2391,200,March 2020,130013,1000,1242,129771,2023-04-12
2392,200,April 2020,130013,1000,402,130611,2024-03-19
2393,200,May 2020,130013,2000,996,131017,2024-11-04
2394,200,June 2020,130013,0,910,129103,2025-12-25
2395,200,July 2020,130013,2000,193,131820,2023-05-30
2396,200,August 2020,130013,2000,387,131626,2024-05-25
2397,200,September 2020,130013,2000,623,131390,2024-05-11
2398,200,October 2020,130013,2000,423,131590,2022-07-31
2399,200,November 2020,130013,3000,1325,131688,2022-07-09
2400,200,December 2020,130013,0,1790,128223,2025-09-29
2401,201,January 2020,120622,1000,973,120649,2023-04-17
2402,201,February 2020,120622,3000,344,123278,2025-07-20
2403,201,March 2020,120622,3000,1582,122040,2024-01-19
2404,201,April 2020,120622,1000,1594,120028,2023-03-26
2405,201,May 2020,120622,2000,1017,121605,2024-05-16
2406,201,June 2020,120622,2000,763,121859,2023-08-20
2407,201,July 2020,120622,3000,878,122744,2025-12-17
2408,201,August 2020,120622,1000,153,121469,2023-10-01
2409,201,September 2020,120622,0,632,119990,2024-07-14
2410,201,October 2020,120622,1000,1733,119889,2024-12-19
2411,201,November 2020,120622,1000,896,120726,2025-08-25
2412,201,December 2020,120622,2000,1766,120856,2025-11-14
2413,202,January 2020,98176,0,537,97639,2025-12-05
2414,202,February 2020,98176,1000,573,98603,2022-01-31
2415,202,March 2020,98176,2000,1423,98753,2025-10-06
2416,202,April 2020,98176,0,758,97418,2023-05-25
2417,202,May 2020,98176,0,1530,96646,2024-02-15
2418,202,June 2020,98176,3000,446,100730,2023-05-20
2419,202,July 2020,98176,1000,749,98427,2023-04-28
2420,202,August 2020,98176,3000,1462,99714,2022-08-15
2421,202,September 2020,98176,2000,1008,99168,2023-01-01
2422,202,October 2020,98176,0,1223,96953,2025-10-25
2423,202,November 2020,98176,1000,1219,97957,2024-12-08
2424,202,December 2020,98176,2000,36,100140,2025-04-23
2425,203,January 2020,87097,3000,1155,88942,2023-07-15
2426,203,February 2020,87097,2000,531,88566,2024-01-26
2427,203,March 2020,87097,0,263,86834,2022-06-27
2428,203,April 2020,87097,3000,43,90054,2022-12-31
2429,203,May 2020,87097,0,1889,85208,2024-11-26
2430,203,June 2020,87097,2000,413,88684,2023-08-19
2431,203,July 2020,87097,3000,341,89756,2025-08-06
2432,203,August 2020,87097,2000,152,88945,2022-12-08
2433,203,September 2020,87097,2000,273,88824,2025-11-23
2434,203,October 2020,87097,1000,667,87430,2024-07-16
2435,203,November 2020,87097,3000,1470,88627,2022-05-01
2436,203,December 2020,87097,1000,762,87335,2022-10-10
2437,204,January 2020,276043,1000,391,276652,2024-05-19
2438,204,February 2020,276043,3000,1007,278036,2024-02-18
2439,204,March 2020,276043,0,1269,274774,2022-09-25
2440,204,April 2020,276043,2000,175,277868,2022-04-22
2441,204,May 2020,276043,2000,207,277836,2023-10-19
2442,204,June 2020,276043,1000,1442,275601,2022-06-10
2443,204,July 2020,276043,2000,1683,276360,2024-03-29
2444,204,August 2020,276043,0,1208,274835,2022-03-19
2445,204,September 2020,276043,3000,739,278304,2022-06-24
2446,204,October 2020,276043,3000,556,278487,2022-04-20
2447,204,November 2020,276043,1000,1465,275578,2024-07-27
2448,204,December 2020,276043,1000,1615,275428,2022-01-16
2449,205,January 2020,118340,1000,1670,117670,2023-05-06
2450,205,February 2020,118340,3000,853,120487,2024-11-04
2451,205,March 2020,118340,0,452,117888,2022-06-22
2452,205,April 2020,118340,3000,1033,120307,2023-11-27
2453,205,May 2020,118340,1000,291,119049,2025-02-24
2454,205,June 2020,118340,3000,404,120936,2022-09-27
2455,205,July 2020,118340,0,1891,116449,2024-04-29
2456,205,August 2020,118340,3000,899,120441,2025-01-29
2457,205,September 2020,118340,3000,1852,119488,2024-09-01
2458,205,October 2020,118340,0,702,117638,2025-10-30
2459,205,November 2020,118340,1000,251,119089,2022-10-26
2460,205,December 2020,118340,1000,468,118872,2023-02-27
2461,206,January 2020,142123,3000,1482,143641,2022-04-14
2462,206,February 2020,142123,2000,783,143340,2023-02-19
2463,206,March 2020,142123,1000,184,142939,2024-12-29
2464,206,April 2020,142123,1000,131,142992,2022-06-01
2465,206,May 2020,142123,3000,287,144836,2025-01-25
2466,206,June 2020,142123,3000,1620,143503,2025-10-23
2467,206,July 2020,142123,2000,753,143370,2025-03-03
2468,206,August 2020,142123,2000,1468,142655,2022-12-01
2469,206,September 2020,142123,3000,288,144835,2023-10-30
2470,206,October 2020,142123,1000,1132,141991,2024-04-19
2471,206,November 2020,142123,2000,1215,142908,2022-08-30
2472,206,December 2020,142123,0,1202,140921,2023-12-13
2473,207,January 2020,163820,2000,715,165105,2025-07-11
2474,207,February 2020,163820,3000,951,165869,2024-01-20
2475,207,March 2020,163820,1000,121,164699,2022-10-09
2476,207,April 2020,163820,2000,1770,164050,2025-01-23
2477,207,May 2020,163820,0,1554,162266,2023-06-02
2478,207,June 2020,163820,1000,1306,163514,2025-03-29
2479,207,July 2020,163820,2000,1861,163959,2023-01-16
2480,207,August 2020,163820,2000,1890,163930,2023-04-22
2481,207,September 2020,163820,2000,1699,164121,2024-07-16
2482,207,October 2020,163820,1000,1099,163721,2022-10-19
2483,207,November 2020,163820,2000,1154,164666,2025-10-11
2484,207,December 2020,163820,2000,753,165067,2024-04-03
2485,208,January 2020,213451,0,43,213408,2024-12-22
2486,208,February 2020,213451,3000,956,215495,2025-07-11
2487,208,March 2020,213451,2000,1452,213999,2025-10-21
2488,208,April 2020,213451,1000,1001,213450,2024-02-22
2489,208,May 2020,213451,1000,673,213778,2022-05-19
2490,208,June 2020,213451,1000,289,214162,2025-08-03
2491,208,July 2020,213451,2000,1928,213523,2022-10-28
2492,208,August 2020,213451,1000,681,213770,2023-04-24
2493,208,September 2020,213451,2000,1163,214288,2022-11-14
2494,208,October 2020,213451,0,600,212851,2024-11-19
2495,208,November 2020,213451,0,1176,212275,2024-05-25
2496,208,December 2020,213451,2000,1540,213911,2025-11-22
2497,209,January 2020,77866,2000,1061,78805,2022-05-27
2498,209,February 2020,77866,2000,637,79229,2023-05-06
2499,209,March 2020,77866,3000,1779,79087,2024-11-22
2500,209,April 2020,77866,0,1466,76400,2022-12-01
2501,209,May 2020,77866,3000,680,80186,2025-05-20
2502,209,June 2020,77866,1000,624,78242,2025-06-12
2503,209,July 2020,77866,3000,247,80619,2025-08-27
2504,209,August 2020,77866,0,662,77204,2025-04-16
2505,209,September 2020,77866,0,294,77572,2025-06-14
2506,209,October 2020,77866,3000,497,80369,2024-07-28
2507,209,November 2020,77866,3000,1100,79766,2022-08-28
2508,209,December 2020,77866,2000,1141,78725,2023-11-05
2509,210,January 2020,142474,0,79,142395,2025-04-23
2510,210,February 2020,142474,2000,1879,142595,2022-04-25
2511,210,March 2020,142474,3000,1826,143648,2025-12-06
2512,210,April 2020,142474,0,1150,141324,2025-05-05
2513,210,May 2020,142474,3000,1402,144072,2022-01-17
2514,210,June 2020,142474,1000,1752,141722,2025-06-12
2515,210,July 2020,142474,3000,136,145338,2022-03-11
2516,210,August 2020,142474,1000,1304,142170,2025-12-30
2517,210,September 2020,142474,1000,1473,142001,2023-05-05
2518,210,October 2020,142474,3000,1662,143812,2024-06-14
2519,210,November 2020,142474,3000,584,144890,2024-10-07
2520,210,December 2020,142474,1000,1346,142128,2025-04-02
2521,211,January 2020,135129,2000,1615,135514,2024-04-29
2522,211,February 2020,135129,0,1121,134008,2023-01-12
2523,211,March 2020,135129,0,1322,133807,2023-08-04
2524,211,April 2020,135129,1000,1839,134290,2022-04-22
2525,211,May 2020,135129,1000,354,135775,2025-03-16
2526,211,June 2020,135129,2000,1307,135822,2024-07-22
2527,211,July 2020,135129,3000,114,138015,2025-06-26
2528,211,August 2020,135129,0,61,135068,2025-06-12
2529,211,September 2020,135129,0,1471,133658,2022-08-09
2530,211,October 2020,135129,3000,1300,136829,2025-07-02
2531,211,November 2020,135129,3000,1015,137114,2023-10-28
2532,211,December 2020,135129,0,1021,134108,2025-03-10
2533,212,January 2020,255908,1000,897,256011,2025-10-07
2534,212,February 2020,255908,2000,1892,256016,2025-09-05
2535,212,March 2020,255908,1000,1043,255865,2025-10-24
2536,212,April 2020,255908,2000,725,257183,2025-06-17
2537,212,May 2020,255908,1000,1060,255848,2023-05-27
2538,212,June 2020,255908,0,694,255214,2023-06-11
2539,212,July 2020,255908,2000,1519,256389,2025-10-20
2540,212,August 2020,255908,2000,1646,256262,2025-02-21
2541,212,September 2020,255908,2000,1762,256146,2023-11-17
2542,212,October 2020,255908,3000,1805,257103,2023-11-22
2543,212,November 2020,255908,0,1036,254872,2023-04-29
2544,212,December 2020,255908,1000,1862,255046,2025-11-21
2545,213,January 2020,249168,0,1270,247898,2025-03-23
2546,213,February 2020,249168,1000,706,249462,2024-02-05
2547,213,March 2020,249168,3000,415,251753,2025-01-26
2548,213,April 2020,249168,0,1734,247434,2025-11-28
2549,213,May 2020,249168,0,746,248422,2024-08-26
2550,213,June 2020,249168,3000,1618,250550,2024-12-20
2551,213,July 2020,249168,3000,1781,250387,2022-02-04
2552,213,August 2020,249168,3000,1621,250547,2023-02-02
2553,213,September 2020,249168,2000,578,250590,2023-05-30
2554,213,October 2020,249168,3000,475,251693,2025-06-15
2555,213,November 2020,249168,2000,1932,249236,2023-06-20
2556,213,December 2020,249168,0,243,248925,2025-06-15
2557,214,January 2020,97872,2000,1420,98452,2023-02-27
2558,214,February 2020,97872,1000,651,98221,2025-02-02
2559,214,March 2020,97872,1000,234,98638,2023-04-19
2560,214,April 2020,97872,2000,1929,97943,2023-08-04
2561,214,May 2020,97872,0,1651,96221,2025-02-28
2562,214,June 2020,97872,2000,1495,98377,2025-07-17
2563,214,July 2020,97872,1000,701,98171,2025-12-04
2564,214,August 2020,97872,2000,118,99754,2024-01-11
2565,214,September 2020,97872,0,441,97431,2024-11-25
2566,214,October 2020,97872,2000,1209,98663,2025-05-08
2567,214,November 2020,97872,3000,636,100236,2025-10-27
2568,214,December 2020,97872,0,565,97307,2024-02-17
2569,215,January 2020,259740,2000,1545,260195,2025-06-15
2570,215,February 2020,259740,0,1147,258593,2025-05-25
2571,215,March 2020,259740,2000,475,261265,2024-07-23
2572,215,April 2020,259740,1000,1670,259070,2025-10-12
2573,215,May 2020,259740,3000,507,262233,2025-06-14
2574,215,June 2020,259740,1000,371,260369,2022-12-06
2575,215,July 2020,259740,2000,989,260751,2023-10-15
2576,215,August 2020,259740,0,26,259714,2023-01-13
2577,215,September 2020,259740,1000,1655,259085,2022-11-05
2578,215,October 2020,259740,1000,1408,259332,2023-08-06
2579,215,November 2020,259740,0,1663,258077,2023-10-05
2580,215,December 2020,259740,3000,780,261960,2025-11-13
2581,216,January 2020,105705,3000,654,108051,2022-03-28
2582,216,February 2020,105705,1000,638,106067,2023-09-07
2583,216,March 2020,105705,1000,1843,104862,2022-06-17
2584,216,April 2020,105705,2000,671,107034,2023-02-04
2585,216,May 2020,105705,3000,1954,106751,2022-01-17
2586,216,June 2020,105705,1000,799,105906,2024-07-20
2587,216,July 2020,105705,1000,1634,105071,2025-11-24
2588,216,August 2020,105705,3000,678,108027,2024-07-09
2589,216,September 2020,105705,1000,1508,105197,2025-08-17
2590,216,October 2020,105705,0,1982,103723,2023-04-15
2591,216,November 2020,105705,3000,480,108225,2023-06-01
2592,216,December 2020,105705,0,26,105679,2023-12-15
2593,217,January 2020,114422,2000,173,116249,2022-10-01
2594,217,February 2020,114422,3000,903,116519,2022-03-29
2595,217,March 2020,114422,0,1727,112695,2023-04-26
2596,217,April 2020,114422,0,660,113762,2024-08-29
2597,217,May 2020,114422,3000,372,117050,2023-01-10
2598,217,June 2020,114422,0,905,113517,2025-08-06
2599,217,July 2020,114422,3000,1762,115660,2022-12-27
2600,217,August 2020,114422,3000,1864,115558,2024-01-03
2601,217,September 2020,114422,0,1628,112794,2023-12-19
2602,217,October 2020,114422,1000,1745,113677,2025-04-05
2603,217,November 2020,114422,1000,698,114724,2022-06-16
2604,217,December 2020,114422,3000,869,116553,2025-05-30
2605,218,January 2020,237550,1000,330,238220,2025-09-27
2606,218,February 2020,237550,2000,606,238944,2023-03-14
2607,218,March 2020,237550,0,1038,236512,2024-09-17
2608,218,April 2020,237550,3000,1644,238906,2022-10-25
2609,218,May 2020,237550,3000,322,240228,2023-06-18
2610,218,June 2020,237550,1000,75,238475,2022-01-08
2611,218,July 2020,237550,2000,821,238729,2024-02-05
2612,218,August 2020,237550,2000,527,239023,2025-09-11
2613,218,September 2020,237550,3000,108,240442,2024-08-10
2614,218,October 2020,237550,2000,1086,238464,2024-07-28
2615,218,November 2020,237550,3000,837,239713,2024-05-21
2616,218,December 2020,237550,2000,9,239541,2023-10-08
2617,219,January 2020,112565,3000,461,115104,2022-05-23
2618,219,February 2020,112565,1000,1979,111586,2022-03-10
2619,219,March 2020,112565,1000,772,112793,2024-07-09
2620,219,April 2020,112565,0,734,111831,2024-06-19
2621,219,May 2020,112565,1000,468,113097,2025-11-12
2622,219,June 2020,112565,3000,318,115247,2024-10-23
2623,219,July 2020,112565,3000,39,115526,2025-08-27
2624,219,August 2020,112565,2000,0,114565,2023-06-17
2625,219,September 2020,112565,0,1442,111123,2022-10-13
2626,219,October 2020,112565,1000,401,113164,2023-03-20
2627,219,November 2020,112565,1000,551,113014,2025-07-21
2628,219,December 2020,112565,3000,1375,114190,2024-06-23
2629,220,January 2020,185237,0,937,184300,2025-10-07
2630,220,February 2020,185237,2000,1497,185740,2022-01-09
2631,220,March 2020,185237,1000,134,186103,2022-09-20
2632,220,April 2020,185237,0,431,184806,2023-02-05
2633,220,May 2020,185237,2000,950,186287,2025-04-21
2634,220,June 2020,185237,3000,1168,187069,2023-10-16
2635,220,July 2020,185237,1000,115,186122,2022-07-16
2636,220,August 2020,185237,0,421,184816,2024-07-03
2637,220,September 2020,185237,2000,493,186744,2023-04-12
2638,220,October 2020,185237,2000,1936,185301,2023-08-03
2639,220,November 2020,185237,0,1757,183480,2025-10-04
2640,220,December 2020,185237,0,1741,183496,2023-06-30
2641,221,January 2020,183614,3000,942,185672,2022-12-02
2642,221,February 2020,183614,2000,447,185167,2022-11-15
2643,221,March 2020,183614,0,1762,181852,2023-06-18
2644,221,April 2020,183614,0,89,183525,2024-10-23
2645,221,May 2020,183614,2000,498,185116,2025-09-16
2646,221,June 2020,183614,1000,1531,183083,2024-12-06
2647,221,July 2020,183614,0,953,182661,2025-01-12
2648,221,August 2020,183614,2000,65,185549,2024-12-28
2649,221,September 2020,183614,0,672,182942,2024-05-01
2650,221,October 2020,183614,2000,1669,183945,2024-04-02
2651,221,November 2020,183614,0,1211,182403,2023-07-29
2652,221,December 2020,183614,2000,71,185543,2024-02-23
2653,222,January 2020,197082,3000,971,199111,2022-05-14
2654,222,February 2020,197082,0,1582,195500,2025-05-14
2655,222,March 2020,197082,3000,776,199306,2024-03-15
2656,222,April 2020,197082,3000,1189,198893,2022-06-16
2657,222,May 2020,197082,3000,677,199405,2023-09-08
2658,222,June 2020,197082,2000,886,198196,2024-08-14
2659,222,July 2020,197082,0,1462,195620,2022-07-12
2660,222,August 2020,197082,1000,1575,196507,2025-08-11
2661,222,September 2020,197082,0,1494,195588,2025-06-04
2662,222,October 2020,197082,3000,1816,198266,2025-07-25
2663,222,November 2020,197082,0,1692,195390,2023-06-08
2664,222,December 2020,197082,1000,1678,196404,2025-08-22
2665,223,January 2020,155944,1000,74,156870,2024-11-30
2666,223,February 2020,155944,2000,1469,156475,2023-06-13
2667,223,March 2020,155944,3000,612,158332,2022-04-25
2668,223,April 2020,155944,1000,1671,155273,2024-10-30
2669,223,May 2020,155944,0,395,155549,2023-05-16
2670,223,June 2020,155944,2000,1815,156129,2024-08-10
2671,223,July 2020,155944,3000,1418,157526,2024-09-08
2672,223,August 2020,155944,3000,1118,157826,2025-02-12
2673,223,September 2020,155944,2000,1180,156764,2023-08-13
2674,223,October 2020,155944,0,1524,154420,2025-05-10
2675,223,November 2020,155944,3000,293,158651,2022-08-15
2676,223,December 2020,155944,3000,1581,157363,2023-08-06
2677,224,January 2020,266655,3000,1110,268545,2023-01-06
2678,224,February 2020,266655,0,480,266175,2025-01-15
2679,224,March 2020,266655,3000,899,268756,2022-08-29
2680,224,April 2020,266655,0,642,266013,2025-06-08
2681,224,May 2020,266655,1000,990,266665,2024-01-16
2682,224,June 2020,266655,2000,1404,267251,2024-09-18
2683,224,July 2020,266655,1000,1030,266625,2025-05-18
2684,224,August 2020,266655,2000,964,267691,2025-05-12
2685,224,September 2020,266655,3000,450,269205,2025-03-02
2686,224,October 2020,266655,0,1793,264862,2024-07-02
2687,224,November 2020,266655,3000,380,269275,2022-11-10
2688,224,December 2020,266655,3000,932,268723,2024-08-21
2689,225,January 2020,249691,1000,265,250426,2025-08-27
2690,225,February 2020,249691,2000,1619,250072,2022-08-05
2691,225,March 2020,249691,2000,615,251076,2024-06-03
2692,225,April 2020,249691,2000,493,251198,2022-11-15
2693,225,May 2020,249691,2000,421,251270,2025-12-18
2694,225,June 2020,249691,1000,688,250003,2025-08-17
2695,225,July 2020,249691,3000,421,252270,2024-09-06
2696,225,August 2020,249691,3000,1124,251567,2025-02-24
2697,225,September 2020,249691,0,400,249291,2025-03-05
2698,225,October 2020,249691,1000,1967,248724,2025-04-12
2699,225,November 2020,249691,3000,401,252290,2023-07-05
2700,225,December 2020,249691,2000,893,250798,2024-12-18
2701,226,January 2020,122512,0,1898,120614,2024-07-05
2702,226,February 2020,122512,2000,1855,122657,2022-01-23
2703,226,March 2020,122512,0,638,121874,2022-03-18
2704,226,April 2020,122512,0,1370,121142,2023-12-11
2705,226,May 2020,122512,2000,1104,123408,2025-06-07
2706,226,June 2020,122512,2000,154,124358,2024-10-05
2707,226,July 2020,122512,1000,1405,122107,2025-02-20
2708,226,August 2020,122512,3000,1931,123581,2025-05-20
2709,226,September 2020,122512,1000,1859,121653,2025-07-17
2710,226,October 2020,122512,1000,1666,121846,2025-06-04
2711,226,November 2020,122512,1000,529,122983,2025-04-05
2712,226,December 2020,122512,1000,1641,121871,2022-04-04
2713,227,January 2020,233766,3000,1720,235046,2023-01-07
2714,227,February 2020,233766,1000,1624,233142,2023-09-01
2715,227,March 2020,233766,3000,1383,235383,2023-07-29
2716,227,April 2020,233766,0,593,233173,2024-08-16
2717,227,May 2020,233766,2000,1505,234261,2022-01-01
2718,227,June 2020,233766,3000,703,236063,2023-09-09
2719,227,July 2020,233766,2000,1616,234150,2022-10-12
2720,227,August 2020,233766,2000,1725,234041,2024-06-17
2721,227,September 2020,233766,2000,876,234890,2023-08-26
2722,227,October 2020,233766,1000,1452,233314,2023-08-07
2723,227,November 2020,233766,3000,1166,235600,2025-03-25
2724,227,December 2020,233766,0,1769,231997,2022-11-11
2725,228,January 2020,268136,1000,83,269053,2023-08-06
2726,228,February 2020,268136,2000,1282,268854,2022-01-30
2727,228,March 2020,268136,3000,999,270137,2024-01-07
2728,228,April 2020,268136,3000,1950,269186,2024-11-21
2729,228,May 2020,268136,0,238,267898,2024-05-08
2730,228,June 2020,268136,3000,1666,269470,2024-04-18
2731,228,July 2020,268136,0,852,267284,2022-01-15
2732,228,August 2020,268136,1000,891,268245,2025-08-11
2733,228,September 2020,268136,0,1375,266761,2024-08-27
2734,228,October 2020,268136,3000,446,270690,2025-11-22
2735,228,November 2020,268136,0,1280,266856,2023-08-15
2736,228,December 2020,268136,2000,571,269565,2023-08-31
2737,229,January 2020,189329,3000,1775,190554,2024-12-14
2738,229,February 2020,189329,1000,1730,188599,2025-04-05
2739,229,March 2020,189329,0,1295,188034,2022-08-21
2740,229,April 2020,189329,0,508,188821,2022-02-27
2741,229,May 2020,189329,0,1156,188173,2024-01-14
2742,229,June 2020,189329,1000,1619,188710,2025-05-24
2743,229,July 2020,189329,2000,526,190803,2025-10-29
2744,229,August 2020,189329,0,188,189141,2022-06-27
2745,229,September 2020,189329,0,1825,187504,2024-10-27
2746,229,October 2020,189329,0,1449,187880,2025-06-19
2747,229,November 2020,189329,3000,1387,190942,2024-03-18
2748,229,December 2020,189329,2000,1655,189674,2023-09-01
2749,230,January 2020,101929,2000,1918,102011,2023-04-20
2750,230,February 2020,101929,2000,1163,102766,2025-10-08
2751,230,March 2020,101929,0,361,101568,2024-06-22
2752,230,April 2020,101929,3000,52,104877,2025-02-25
2753,230,May 2020,101929,1000,216,102713,2023-04-02
2754,230,June 2020,101929,0,66,101863,2023-07-07
2755,230,July 2020,101929,1000,1727,101202,2022-07-24
2756,230,August 2020,101929,0,742,101187,2023-01-15
2757,230,September 2020,101929,3000,961,103968,2025-12-23
2758,230,October 2020,101929,1000,1198,101731,2024-06-25
2759,230,November 2020,101929,0,1311,100618,2024-12-28
2760,230,December 2020,101929,3000,706,104223,2024-06-20
2761,231,January 2020,248644,3000,97,251547,2025-09-04
2762,231,February 2020,248644,1000,1063,248581,2022-11-21
2763,231,March 2020,248644,3000,1588,250056,2023-03-04
2764,231,April 2020,248644,1000,1572,248072,2024-11-08
2765,231,May 2020,248644,2000,1596,249048,2025-04-25
2766,231,June 2020,248644,1000,1152,248492,2023-09-10
2767,231,July 2020,248644,3000,440,251204,2024-12-17
2768,231,August 2020,248644,2000,966,249678,2023-11-22
2769,231,September 2020,248644,1000,315,249329,2024-05-04
2770,231,October 2020,248644,1000,1143,248501,2023-07-23
2771,231,November 2020,248644,1000,519,249125,2023-04-12
2772,231,December 2020,248644,0,138,248506,2024-05-13
2773,232,January 2020,194567,1000,1170,194397,2024-02-04
2774,232,February 2020,194567,2000,349,196218,2024-05-12
2775,232,March 2020,194567,1000,1155,194412,2022-03-08
2776,232,April 2020,194567,1000,113,195454,2022-11-27
2777,232,May 2020,194567,3000,290,197277,2024-09-30
2778,232,June 2020,194567,0,1318,193249,2025-10-04
2779,232,July 2020,194567,0,1705,192862,2022-04-18
2780,232,August 2020,194567,2000,271,196296,2022-12-23
2781,232,September 2020,194567,3000,810,196757,2023-06-03
2782,232,October 2020,194567,2000,467,196100,2023-08-13
2783,232,November 2020,194567,1000,467,195100,2023-07-24
2784,232,December 2020,194567,2000,1738,194829,2024-05-01
2785,233,January 2020,235472,0,1369,234103,2022-06-23
2786,233,February 2020,235472,3000,1382,237090,2024-10-24
2787,233,March 2020,235472,0,885,234587,2023-10-19
2788,233,April 2020,235472,2000,1494,235978,2022-04-17
2789,233,May 2020,235472,1000,1408,235064,2023-06-05
2790,233,June 2020,235472,2000,1247,236225,2022-12-24
2791,233,July 2020,235472,3000,1274,237198,2022-09-05
2792,233,August 2020,235472,2000,1211,236261,2025-12-11
2793,233,September 2020,235472,0,1873,233599,2024-01-30
2794,233,October 2020,235472,3000,866,237606,2023-01-11
2795,233,November 2020,235472,3000,879,237593,2024-06-23
2796,233,December 2020,235472,0,708,234764,2024-01-30
2797,234,January 2020,143513,1000,304,144209,2022-07-18
2798,234,February 2020,143513,1000,1338,143175,2025-03-21
2799,234,March 2020,143513,3000,1062,145451,2023-09-01
2800,234,April 2020,143513,1000,1315,143198,2024-03-09
2801,234,May 2020,143513,1000,566,143947,2022-12-28
2802,234,June 2020,143513,2000,555,144958,2024-11-06
2803,234,July 2020,143513,3000,1339,145174,2022-12-20
2804,234,August 2020,143513,2000,1839,143674,2025-09-21
2805,234,September 2020,143513,3000,1061,145452,2023-08-10
2806,234,October 2020,143513,2000,528,144985,2024-01-25
2807,234,November 2020,143513,1000,980,143533,2024-01-13
2808,234,December 2020,143513,1000,460,144053,2025-06-09
2809,235,January 2020,119368,1000,434,119934,2025-10-03
2810,235,February 2020,119368,3000,1934,120434,2023-04-17
2811,235,March 2020,119368,2000,1945,119423,2025-06-06
2812,235,April 2020,119368,2000,446,120922,2022-01-16
2813,235,May 2020,119368,3000,880,121488,2023-11-27
2814,235,June 2020,119368,1000,49,120319,2025-09-24
2815,235,July 2020,119368,2000,1499,119869,2024-03-27
2816,235,August 2020,119368,0,1555,117813,2022-12-22
2817,235,September 2020,119368,0,69,119299,2023-04-04
2818,235,October 2020,119368,0,855,118513,2022-12-18
2819,235,November 2020,119368,0,1824,117544,2023-08-08
2820,235,December 2020,119368,0,817,118551,2024-11-18
2821,236,January 2020,204232,1000,553,204679,2024-05-19
2822,236,February 2020,204232,0,387,203845,2025-10-21
2823,236,March 2020,204232,2000,1430,204802,2024-09-05
2824,236,April 2020,204232,0,57,204175,2022-08-20
2825,236,May 2020,204232,0,1608,202624,2025-08-07
2826,236,June 2020,204232,1000,239,204993,2025-05-18
2827,236,July 2020,204232,3000,1998,205234,2025-09-03
2828,236,August 2020,204232,3000,115,207117,2022-11-13
2829,236,September 2020,204232,3000,389,206843,2025-02-18
2830,236,October 2020,204232,1000,153,205079,2025-08-28
2831,236,November 2020,204232,2000,930,205302,2023-10-10
2832,236,December 2020,204232,1000,1701,203531,2022-08-02
2833,237,January 2020,256190,1000,102,257088,2023-09-02
2834,237,February 2020,256190,2000,19,258171,2025-12-11
2835,237,March 2020,256190,0,238,255952,2023-09-13
2836,237,April 2020,256190,0,848,255342,2023-04-08
2837,237,May 2020,256190,2000,1296,256894,2025-03-05
2838,237,June 2020,256190,0,348,255842,2025-11-29
2839,237,July 2020,256190,0,984,255206,2022-04-08
2840,237,August 2020,256190,1000,1034,256156,2022-01-27
2841,237,September 2020,256190,0,169,256021,2022-12-18
2842,237,October 2020,256190,2000,1830,256360,2025-05-31
2843,237,November 2020,256190,1000,80,257110,2024-11-01
2844,237,December 2020,256190,0,367,255823,2025-06-04
2845,238,January 2020,256418,2000,1528,256890,2024-04-23
2846,238,February 2020,256418,1000,9,257409,2025-08-05
2847,238,March 2020,256418,1000,388,257030,2024-09-18
2848,238,April 2020,256418,0,252,256166,2022-05-11
2849,238,May 2020,256418,1000,1801,255617,2025-11-15
2850,238,June 2020,256418,2000,1399,257019,2022-09-28
2851,238,July 2020,256418,1000,1823,255595,2022-08-31
2852,238,August 2020,256418,3000,1963,257455,2022-07-17
2853,238,September 2020,256418,2000,1854,256564,2022-06-15
2854,238,October 2020,256418,1000,1344,256074,2024-02-15
2855,238,November 2020,256418,3000,59,259359,2023-08-20
2856,238,December 2020,256418,3000,1822,257596,2025-10-02
2857,239,January 2020,118161,0,1388,116773,2024-09-23
2858,239,February 2020,118161,0,1748,116413,2025-02-05
2859,239,March 2020,118161,3000,353,120808,2025-06-08
2860,239,April 2020,118161,1000,1644,117517,2025-02-09
2861,239,May 2020,118161,0,1917,116244,2024-08-31
2862,239,June 2020,118161,3000,307,120854,2024-01-07
2863,239,July 2020,118161,0,72,118089,2023-04-08
2864,239,August 2020,118161,3000,63,121098,2023-07-21
2865,239,September 2020,118161,0,1909,116252,2023-10-18
2866,239,October 2020,118161,2000,1368,118793,2024-10-24
2867,239,November 2020,118161,3000,1184,119977,2022-11-18
2868,239,December 2020,118161,2000,1415,118746,2023-07-24
2869,240,January 2020,274674,1000,1244,274430,2024-01-18
2870,240,February 2020,274674,2000,1260,275414,2025-07-07
2871,240,March 2020,274674,0,1882,272792,2024-08-30
2872,240,April 2020,274674,3000,136,277538,2022-08-29
2873,240,May 2020,274674,1000,920,274754,2022-06-28
2874,240,June 2020,274674,2000,565,276109,2024-02-03
2875,240,July 2020,274674,1000,1091,274583,2025-10-18
2876,240,August 2020,274674,1000,390,275284,2022-02-27
2877,240,September 2020,274674,0,1441,273233,2024-10-22
2878,240,October 2020,274674,2000,1060,275614,2022-08-18
2879,240,November 2020,274674,0,778,273896,2024-09-22
2880,240,December 2020,274674,1000,1782,273892,2024-07-26
2881,241,January 2020,123093,0,796,122297,2022-02-16
2882,241,February 2020,123093,0,502,122591,2025-07-21
2883,241,March 2020,123093,1000,924,123169,2024-11-14
2884,241,April 2020,123093,3000,1476,124617,2022-05-10
2885,241,May 2020,123093,2000,201,124892,2023-01-12
2886,241,June 2020,123093,1000,186,123907,2023-02-09
2887,241,July 2020,123093,3000,1604,124489,2023-07-08
2888,241,August 2020,123093,0,310,122783,2023-01-14
2889,241,September 2020,123093,3000,490,125603,2022-01-03
2890,241,October 2020,123093,3000,943,125150,2025-08-12
2891,241,November 2020,123093,1000,1382,122711,2024-05-15
2892,241,December 2020,123093,1000,832,123261,2025-01-16
2893,242,January 2020,209762,1000,1046,209716,2024-09-24
2894,242,February 2020,209762,2000,909,210853,2024-05-03
2895,242,March 2020,209762,3000,1819,210943,2023-01-27
2896,242,April 2020,209762,2000,1751,210011,2022-01-18
2897,242,May 2020,209762,2000,454,211308,2025-06-15
2898,242,June 2020,209762,3000,1639,211123,2022-08-14
2899,242,July 2020,209762,2000,1574,210188,2023-12-13
2900,242,August 2020,209762,0,239,209523,2022-01-07
2901,242,September 2020,209762,1000,1890,208872,2024-02-28
2902,242,October 2020,209762,1000,1340,209422,2024-04-19
2903,242,November 2020,209762,3000,1061,211701,2025-10-18
2904,242,December 2020,209762,3000,920,211842,2025-09-29
2905,243,January 2020,98824,0,610,98214,2024-10-19
2906,243,February 2020,98824,2000,1422,99402,2022-11-21
2907,243,March 2020,98824,0,1615,97209,2023-10-12
2908,243,April 2020,98824,3000,1648,100176,2023-09-09
2909,243,May 2020,98824,1000,1809,98015,2022-05-13
2910,243,June 2020,98824,2000,701,100123,2024-06-21
2911,243,July 2020,98824,3000,465,101359,2024-02-24
2912,243,August 2020,98824,2000,553,100271,2024-04-24
2913,243,September 2020,98824,1000,348,99476,2022-11-26
2914,243,October 2020,98824,0,25,98799,2022-01-10
2915,243,November 2020,98824,0,1852,96972,2024-02-25
2916,243,December 2020,98824,0,761,98063,2022-05-26
2917,244,January 2020,188179,3000,168,191011,2023-12-15
2918,244,February 2020,188179,3000,1699,189480,2023-10-31
2919,244,March 2020,188179,2000,1020,189159,2023-11-13
2920,244,April 2020,188179,1000,1067,188112,2023-02-23
2921,244,May 2020,188179,3000,1429,189750,2025-08-07
2922,244,June 2020,188179,2000,428,189751,2025-09-20
2923,244,July 2020,188179,0,223,187956,2022-10-02
2924,244,August 2020,188179,3000,47,191132,2022-10-10
2925,244,September 2020,188179,1000,926,188253,2025-01-27
2926,244,October 2020,188179,3000,105,191074,2024-04-28
2927,244,November 2020,188179,0,763,187416,2025-03-13
2928,244,December 2020,188179,0,1640,186539,2022-11-29
2929,245,January 2020,88772,0,1984,86788,2022-08-03
2930,245,February 2020,88772,2000,315,90457,2022-10-09
2931,245,March 2020,88772,3000,1021,90751,2022-01-31
2932,245,April 2020,88772,2000,311,90461,2023-06-19
2933,245,May 2020,88772,1000,1536,88236,2023-09-15
2934,245,June 2020,88772,3000,706,91066,2024-11-27
2935,245,July 2020,88772,0,215,88557,2024-04-23
2936,245,August 2020,88772,2000,228,90544,2024-07-12
2937,245,September 2020,88772,0,764,88008,2023-09-25
2938,245,October 2020,88772,2000,1666,89106,2023-11-17
2939,245,November 2020,88772,2000,189,90583,2024-01-19
2940,245,December 2020,88772,1000,1727,88045,2024-09-04
2941,246,January 2020,82857,0,1947,80910,2025-01-07
2942,246,February 2020,82857,0,299,82558,2022-12-12
2943,246,March 2020,82857,1000,992,82865,2025-07-17
2944,246,April 2020,82857,0,748,82109,2025-10-25
2945,246,May 2020,82857,1000,902,82955,2022-10-13
2946,246,June 2020,82857,0,106,82751,2025-07-13
2947,246,July 2020,82857,0,1971,80886,2024-08-22
2948,246,August 2020,82857,2000,1698,83159,2022-03-29
2949,246,September 2020,82857,2000,1927,82930,2023-03-15
2950,246,October 2020,82857,3000,1652,84205,2022-11-25
2951,246,November 2020,82857,1000,66,83791,2025-11-13
2952,246,December 2020,82857,1000,1003,82854,2023-01-22
2953,247,January 2020,195125,2000,1391,195734,2022-07-20
2954,247,February 2020,195125,0,1377,193748,2024-06-29
2955,247,March 2020,195125,3000,164,197961,2023-08-10
2956,247,April 2020,195125,1000,1810,194315,2023-11-14
2957,247,May 2020,195125,1000,1430,194695,2024-02-04
2958,247,June 2020,195125,2000,222,196903,2022-08-07
2959,247,July 2020,195125,3000,371,197754,2022-01-06
2960,247,August 2020,195125,1000,905,195220,2023-08-09
2961,247,September 2020,195125,2000,356,196769,2025-01-11
2962,247,October 2020,195125,1000,1459,194666,2022-12-27
2963,247,November 2020,195125,3000,1097,197028,2024-11-27
2964,247,December 2020,195125,0,845,194280,2023-10-21
2965,248,January 2020,200464,1000,1558,199906,2023-05-06
2966,248,February 2020,200464,0,671,199793,2025-09-16
2967,248,March 2020,200464,0,1887,198577,2024-02-20
2968,248,April 2020,200464,0,1082,199382,2023-10-05
2969,248,May 2020,200464,1000,87,201377,2024-10-08
2970,248,June 2020,200464,3000,846,202618,2024-06-18
2971,248,July 2020,200464,1000,28,201436,2024-04-06
2972,248,August 2020,200464,3000,1277,202187,2025-03-11
2973,248,September 2020,200464,0,520,199944,2023-03-04
2974,248,October 2020,200464,3000,985,202479,2022-05-12
2975,248,November 2020,200464,2000,1153,201311,2022-04-02
2976,248,December 2020,200464,2000,1906,200558,2024-10-09
2977,249,January 2020,121801,2000,1210,122591,2023-04-01
2978,249,February 2020,121801,0,1138,120663,2024-01-02
2979,249,March 2020,121801,2000,235,123566,2023-04-16
2980,249,April 2020,121801,0,697,121104,2023-11-21
2981,249,May 2020,121801,1000,43,122758,2024-03-29
2982,249,June 2020,121801,1000,595,122206,2023-05-06
2983,249,July 2020,121801,0,1965,119836,2023-09-24
2984,249,August 2020,121801,3000,1827,122974,2023-07-11
2985,249,September 2020,121801,1000,1357,121444,2022-10-14
2986,249,October 2020,121801,0,1944,119857,2024-04-19
2987,249,November 2020,121801,1000,990,121811,2024-05-25
2988,249,December 2020,121801,1000,1698,121103,2022-09-16
2989,250,January 2020,142162,1000,1996,141166,2022-09-05
2990,250,February 2020,142162,0,1728,140434,2022-03-19
2991,250,March 2020,142162,0,1117,141045,2023-11-11
2992,250,April 2020,142162,1000,950,142212,2023-08-06
2993,250,May 2020,142162,3000,684,144478,2024-07-27
2994,250,June 2020,142162,0,278,141884,2025-10-22
2995,250,July 2020,142162,1000,853,142309,2023-02-01
2996,250,August 2020,142162,1000,348,142814,2023-07-04
2997,250,September 2020,142162,1000,1215,141947,2022-04-12
2998,250,October 2020,142162,0,1601,140561,2024-11-28
2999,250,November 2020,142162,1000,684,142478,2024-01-04
3000,250,December 2020,142162,0,1180,140982,2022-04-09
3001,251,January 2020,132820,2000,1537,133283,2024-08-11
3002,251,February 2020,132820,0,623,132197,2025-09-26
3003,251,March 2020,132820,3000,297,135523,2022-09-10
3004,251,April 2020,132820,2000,1367,133453,2022-10-31
3005,251,May 2020,132820,0,1802,131018,2024-12-22
3006,251,June 2020,132820,1000,593,133227,2024-09-09
3007,251,July 2020,132820,0,440,132380,2022-04-09
3008,251,August 2020,132820,2000,24,134796,2022-04-05
3009,251,September 2020,132820,1000,1691,132129,2023-02-03
3010,251,October 2020,132820,2000,1406,133414,2023-07-25
3011,251,November 2020,132820,3000,162,135658,2025-03-14
3012,251,December 2020,132820,2000,1774,133046,2024-10-21
3013,252,January 2020,123185,0,1876,121309,2022-01-19
3014,252,February 2020,123185,0,269,122916,2022-02-03
3015,252,March 2020,123185,0,699,122486,2025-05-07
3016,252,April 2020,123185,0,601,122584,2022-06-21
3017,252,May 2020,123185,2000,1611,123574,2024-04-16
3018,252,June 2020,123185,2000,1201,123984,2023-12-23
3019,252,July 2020,123185,2000,383,124802,2024-12-04
3020,252,August 2020,123185,3000,1451,124734,2025-03-14
3021,252,September 2020,123185,0,1874,121311,2024-06-26
3022,252,October 2020,123185,2000,1659,123526,2022-01-24
3023,252,November 2020,123185,3000,1023,125162,2022-02-21
3024,252,December 2020,123185,2000,1347,123838,2024-05-16
3025,253,January 2020,246129,0,831,245298,2022-04-21
3026,253,February 2020,246129,1000,827,246302,2024-09-23
3027,253,March 2020,246129,3000,23,249106,2024-08-11
3028,253,April 2020,246129,2000,304,247825,2022-04-18
3029,253,May 2020,246129,1000,971,246158,2023-08-29
3030,253,June 2020,246129,3000,619,248510,2024-09-28
3031,253,July 2020,246129,3000,927,248202,2023-11-27
3032,253,August 2020,246129,0,1979,244150,2025-09-29
3033,253,September 2020,246129,3000,669,248460,2023-10-24
3034,253,October 2020,246129,3000,661,248468,2024-11-16
3035,253,November 2020,246129,0,1359,244770,2024-09-09
3036,253,December 2020,246129,3000,961,248168,2024-08-02
3037,254,January 2020,190229,3000,1225,192004,2025-07-19
3038,254,February 2020,190229,1000,329,190900,2024-05-12
3039,254,March 2020,190229,2000,1218,191011,2025-07-23
3040,254,April 2020,190229,3000,115,193114,2023-02-18
3041,254,May 2020,190229,1000,623,190606,2024-03-03
3042,254,June 2020,190229,0,1839,188390,2024-04-03
3043,254,July 2020,190229,0,149,190080,2024-06-20
3044,254,August 2020,190229,2000,1049,191180,2025-11-06
3045,254,September 2020,190229,3000,467,192762,2024-05-03
3046,254,October 2020,190229,3000,1375,191854,2024-08-21
3047,254,November 2020,190229,3000,1879,191350,2025-07-13
3048,254,December 2020,190229,2000,1876,190353,2024-03-03
3049,255,January 2020,201866,1000,832,202034,2025-09-28
3050,255,February 2020,201866,1000,1290,201576,2022-07-06
3051,255,March 2020,201866,1000,1566,201300,2025-06-30
3052,255,April 2020,201866,0,142,201724,2024-03-03
3053,255,May 2020,201866,1000,303,202563,2023-02-01
3054,255,June 2020,201866,0,1132,200734,2024-11-20
3055,255,July 2020,201866,2000,121,203745,2025-10-04
3056,255,August 2020,201866,0,1844,200022,2022-04-21
3057,255,September 2020,201866,3000,623,204243,2025-04-11
3058,255,October 2020,201866,3000,1210,203656,2024-12-17
3059,255,November 2020,201866,1000,1845,201021,2023-08-07
3060,255,December 2020,201866,2000,850,203016,2023-09-06
3061,256,January 2020,267093,2000,824,268269,2023-09-13
3062,256,February 2020,267093,2000,77,269016,2022-12-15
3063,256,March 2020,267093,0,1568,265525,2022-05-07
3064,256,April 2020,267093,0,1739,265354,2025-05-04
3065,256,May 2020,267093,0,434,266659,2023-04-24
3066,256,June 2020,267093,2000,640,268453,2023-10-06
3067,256,July 2020,267093,0,1494,265599,2023-08-05
3068,256,August 2020,267093,0,1124,265969,2022-09-13
3069,256,September 2020,267093,1000,1720,266373,2025-04-10
3070,256,October 2020,267093,1000,913,267180,2024-12-20
3071,256,November 2020,267093,1000,516,267577,2022-08-04
3072,256,December 2020,267093,2000,994,268099,2024-01-15
3073,257,January 2020,193325,3000,1358,194967,2023-02-14
3074,257,February 2020,193325,2000,1455,193870,2023-06-17
3075,257,March 2020,193325,3000,1617,194708,2023-05-16
3076,257,April 2020,193325,0,1295,192030,2024-07-10
3077,257,May 2020,193325,3000,1945,194380,2025-11-14
3078,257,June 2020,193325,0,1712,191613,2024-06-12
3079,257,July 2020,193325,0,1555,191770,2024-05-19
3080,257,August 2020,193325,0,1106,192219,2023-12-01
3081,257,September 2020,193325,3000,435,195890,2023-07-16
3082,257,October 2020,193325,2000,492,194833,2022-05-23
3083,257,November 2020,193325,1000,1363,192962,2025-04-11
3084,257,December 2020,193325,2000,1404,193921,2025-02-20
3085,258,January 2020,136574,1000,68,137506,2025-04-23
3086,258,February 2020,136574,2000,1149,137425,2022-03-02
3087,258,March 2020,136574,0,1131,135443,2022-12-09
3088,258,April 2020,136574,1000,1852,135722,2022-11-25
3089,258,May 2020,136574,3000,1336,138238,2022-07-01
3090,258,June 2020,136574,0,1901,134673,2024-03-04
3091,258,July 2020,136574,3000,378,139196,2023-02-01
3092,258,August 2020,136574,1000,1265,136309,2023-03-07
3093,258,September 2020,136574,2000,588,137986,2023-04-17
3094,258,October 2020,136574,3000,290,139284,2022-09-27
3095,258,November 2020,136574,2000,1660,136914,2023-05-17
3096,258,December 2020,136574,2000,1417,137157,2024-08-18
3097,259,January 2020,219411,2000,492,220919,2023-05-09
3098,259,February 2020,219411,1000,625,219786,2023-02-04
3099,259,March 2020,219411,2000,972,220439,2023-07-16
3100,259,April 2020,219411,3000,610,221801,2025-05-25
3101,259,May 2020,219411,2000,630,220781,2023-07-13
3102,259,June 2020,219411,3000,1012,221399,2023-01-05
3103,259,July 2020,219411,3000,175,222236,2023-08-19
3104,259,August 2020,219411,2000,1602,219809,2023-11-01
3105,259,September 2020,219411,0,1847,217564,2025-08-04
3106,259,October 2020,219411,1000,1495,218916,2025-10-19
3107,259,November 2020,219411,0,164,219247,2025-10-03
3108,259,December 2020,219411,3000,668,221743,2023-04-18
3109,260,January 2020,166681,2000,1587,167094,2025-04-05
3110,260,February 2020,166681,3000,1134,168547,2025-08-31
3111,260,March 2020,166681,1000,648,167033,2024-05-20
3112,260,April 2020,166681,3000,1978,167703,2022-01-20
3113,260,May 2020,166681,2000,832,167849,2025-09-06
3114,260,June 2020,166681,2000,1817,166864,2022-05-02
3115,260,July 2020,166681,3000,1539,168142,2024-10-14
3116,260,August 2020,166681,3000,1544,168137,2022-10-13
3117,260,September 2020,166681,1000,1937,165744,2025-12-09
3118,260,October 2020,166681,0,883,165798,2022-12-09
3119,260,November 2020,166681,1000,1493,166188,2025-07-15
3120,260,December 2020,166681,2000,883,167798,2025-06-08
3121,261,January 2020,242219,0,1466,240753,2024-09-14
3122,261,February 2020,242219,3000,1376,243843,2022-01-29
3123,261,March 2020,242219,1000,157,243062,2022-05-26
3124,261,April 2020,242219,1000,985,242234,2022-02-09
3125,261,May 2020,242219,3000,1647,243572,2025-01-21
3126,261,June 2020,242219,3000,992,244227,2025-01-21
3127,261,July 2020,242219,3000,1174,244045,2023-05-21
3128,261,August 2020,242219,0,186,242033,2025-05-24
3129,261,September 2020,242219,3000,600,244619,2025-10-01
3130,261,October 2020,242219,1000,1891,241328,2022-05-10
3131,261,November 2020,242219,2000,567,243652,2023-02-25
3132,261,December 2020,242219,2000,532,243687,2024-06-21
3133,262,January 2020,108572,3000,1052,110520,2022-06-27
3134,262,February 2020,108572,0,1685,106887,2023-10-28
3135,262,March 2020,108572,3000,1660,109912,2022-10-17
3136,262,April 2020,108572,1000,864,108708,2024-10-18
3137,262,May 2020,108572,0,641,107931,2025-01-18
3138,262,June 2020,108572,3000,1420,110152,2025-12-04
3139,262,July 2020,108572,3000,1940,109632,2022-01-15
3140,262,August 2020,108572,1000,1848,107724,2025-11-18
3141,262,September 2020,108572,2000,719,109853,2025-03-28
3142,262,October 2020,108572,2000,825,109747,2025-01-10
3143,262,November 2020,108572,1000,1553,108019,2023-05-02
3144,262,December 2020,108572,1000,66,109506,2024-12-25
3145,263,January 2020,217511,3000,885,219626,2024-02-04
3146,263,February 2020,217511,2000,1495,218016,2022-03-02
3147,263,March 2020,217511,1000,1920,216591,2022-06-16
3148,263,April 2020,217511,0,1090,216421,2023-02-15
3149,263,May 2020,217511,1000,1940,216571,2025-06-03
3150,263,June 2020,217511,0,1313,216198,2025-07-11
3151,263,July 2020,217511,0,925,216586,2025-06-15
3152,263,August 2020,217511,1000,1803,216708,2023-02-19
3153,263,September 2020,217511,2000,1203,218308,2024-04-06
3154,263,October 2020,217511,2000,1787,217724,2024-11-01
3155,263,November 2020,217511,3000,840,219671,2025-04-19
3156,263,December 2020,217511,3000,1969,218542,2024-12-13
3157,264,January 2020,106607,3000,791,108816,2025-05-30
3158,264,February 2020,106607,3000,223,109384,2024-03-28
3159,264,March 2020,106607,2000,1086,107521,2025-09-28
3160,264,April 2020,106607,1000,1028,106579,2022-03-19
3161,264,May 2020,106607,3000,1528,108079,2025-08-23
3162,264,June 2020,106607,3000,7,109600,2024-06-28
3163,264,July 2020,106607,3000,1149,108458,2025-12-15
3164,264,August 2020,106607,3000,1701,107906,2022-08-10
3165,264,September 2020,106607,2000,1419,107188,2023-01-11
3166,264,October 2020,106607,0,189,106418,2023-12-06
3167,264,November 2020,106607,0,1821,104786,2023-06-04
3168,264,December 2020,106607,0,537,106070,2023-04-07
3169,265,January 2020,163188,0,133,163055,2024-03-07
3170,265,February 2020,163188,2000,1348,163840,2024-04-19
3171,265,March 2020,163188,1000,1644,162544,2023-10-19
3172,265,April 2020,163188,0,66,163122,2024-08-03
3173,265,May 2020,163188,0,945,162243,2025-02-04
3174,265,June 2020,163188,2000,464,164724,2024-10-12
3175,265,July 2020,163188,1000,946,163242,2022-12-01
3176,265,August 2020,163188,2000,810,164378,2024-09-12
3177,265,September 2020,163188,0,1934,161254,2022-11-13
3178,265,October 2020,163188,0,47,163141,2024-12-09
3179,265,November 2020,163188,1000,518,163670,2024-11-29
3180,265,December 2020,163188,1000,374,163814,2024-05-04
3181,266,January 2020,133749,2000,1931,133818,2023-07-13
3182,266,February 2020,133749,1000,477,134272,2025-11-20
3183,266,March 2020,133749,2000,276,135473,2023-05-08
3184,266,April 2020,133749,3000,1682,135067,2022-04-29
3185,266,May 2020,133749,1000,1177,133572,2022-03-13
3186,266,June 2020,133749,2000,1380,134369,2022-12-13
3187,266,July 2020,133749,0,1201,132548,2023-08-31
3188,266,August 2020,133749,3000,1552,135197,2025-05-26
3189,266,September 2020,133749,1000,1436,133313,2025-12-29
3190,266,October 2020,133749,3000,67,136682,2024-09-11
3191,266,November 2020,133749,3000,698,136051,2025-04-17
3192,266,December 2020,133749,2000,1962,133787,2024-07-25
3193,267,January 2020,206534,1000,1220,206314,2022-03-04
3194,267,February 2020,206534,1000,870,206664,2025-03-14
3195,267,March 2020,206534,1000,623,206911,2025-08-18
3196,267,April 2020,206534,3000,1139,208395,2024-05-19
3197,267,May 2020,206534,1000,48,207486,2025-08-13
3198,267,June 2020,206534,1000,368,207166,2023-04-14
3199,267,July 2020,206534,2000,1946,206588,2022-04-20
3200,267,August 2020,206534,1000,977,206557,2024-10-02
3201,267,September 2020,206534,2000,1590,206944,2025-01-26
3202,267,October 2020,206534,1000,746,206788,2024-07-27
3203,267,November 2020,206534,2000,1981,206553,2022-12-07
3204,267,December 2020,206534,3000,1883,207651,2023-10-12
3205,268,January 2020,107323,2000,584,108739,2023-10-12
3206,268,February 2020,107323,1000,130,108193,2022-02-09
3207,268,March 2020,107323,3000,582,109741,2024-04-27
3208,268,April 2020,107323,2000,1625,107698,2023-10-30
3209,268,May 2020,107323,2000,1737,107586,2025-12-23
3210,268,June 2020,107323,3000,365,109958,2024-11-28
3211,268,July 2020,107323,1000,1829,106494,2024-05-03
3212,268,August 2020,107323,0,1937,105386,2024-04-04
3213,268,September 2020,107323,2000,1871,107452,2025-02-18
3214,268,October 2020,107323,3000,1705,108618,2024-04-11
3215,268,November 2020,107323,2000,727,108596,2024-11-27
3216,268,December 2020,107323,1000,1290,107033,2025-11-13
3217,269,January 2020,210464,0,1610,208854,2025-03-06
3218,269,February 2020,210464,1000,1359,210105,2024-12-20
3219,269,March 2020,210464,1000,407,211057,2025-03-15
3220,269,April 2020,210464,3000,1274,212190,2024-09-15
3221,269,May 2020,210464,1000,1049,210415,2024-07-17
3222,269,June 2020,210464,0,1380,209084,2023-02-23
3223,269,July 2020,210464,2000,1879,210585,2023-06-29
3224,269,August 2020,210464,0,1876,208588,2022-01-25
3225,269,September 2020,210464,1000,520,210944,2025-11-23
3226,269,October 2020,210464,0,997,209467,2022-03-15
3227,269,November 2020,210464,3000,438,213026,2025-08-07
3228,269,December 2020,210464,0,616,209848,2022-08-11
3229,270,January 2020,240803,3000,1597,242206,2025-07-21
3230,270,February 2020,240803,2000,178,242625,2024-10-08
3231,270,March 2020,240803,0,1266,239537,2022-09-06
3232,270,April 2020,240803,1000,1385,240418,2022-07-11
3233,270,May 2020,240803,1000,457,241346,2022-01-21
3234,270,June 2020,240803,2000,448,242355,2023-08-27
3235,270,July 2020,240803,3000,442,243361,2023-07-23
3236,270,August 2020,240803,2000,94,242709,2023-12-10
3237,270,September 2020,240803,2000,200,242603,2023-12-07
3238,270,October 2020,240803,2000,695,242108,2023-12-21
3239,270,November 2020,240803,0,463,240340,2025-07-26
3240,270,December 2020,240803,1000,234,241569,2025-10-01
3241,271,January 2020,248384,1000,118,249266,2025-12-30
3242,271,February 2020,248384,0,24,248360,2023-01-09
3243,271,March 2020,248384,1000,71,249313,2022-08-12
3244,271,April 2020,248384,0,13,248371,2024-02-22
3245,271,May 2020,248384,3000,1822,249562,2025-05-31
3246,271,June 2020,248384,2000,1752,248632,2023-07-01
3247,271,July 2020,248384,1000,210,249174,2022-02-20
3248,271,August 2020,248384,0,901,247483,2023-10-27
3249,271,September 2020,248384,2000,1639,248745,2023-10-12
3250,271,October 2020,248384,0,1030,247354,2025-03-07
3251,271,November 2020,248384,2000,1348,249036,2024-06-14
3252,271,December 2020,248384,2000,101,250283,2025-04-22
3253,272,January 2020,131683,3000,719,133964,2023-11-28
3254,272,February 2020,131683,0,62,131621,2024-12-07
3255,272,March 2020,131683,3000,758,133925,2022-01-31
3256,272,April 2020,131683,1000,469,132214,2024-03-30
3257,272,May 2020,131683,3000,313,134370,2023-11-22
3258,272,June 2020,131683,1000,1732,130951,2025-06-15
3259,272,July 2020,131683,3000,1210,133473,2025-10-05
3260,272,August 2020,131683,1000,1970,130713,2022-10-15
3261,272,September 2020,131683,3000,1765,132918,2024-02-15
3262,272,October 2020,131683,1000,755,131928,2022-03-04
3263,272,November 2020,131683,0,808,130875,2022-09-30
3264,272,December 2020,131683,2000,401,133282,2022-12-16
3265,273,January 2020,246202,1000,1045,246157,2024-10-09
3266,273,February 2020,246202,3000,1464,247738,2024-12-01
3267,273,March 2020,246202,0,990,245212,2022-09-03
3268,273,April 2020,246202,0,1466,244736,2024-11-10
3269,273,May 2020,246202,0,233,245969,2022-03-14
3270,273,June 2020,246202,3000,1816,247386,2025-11-27
3271,273,July 2020,246202,2000,257,247945,2025-11-06
3272,273,August 2020,246202,0,1970,244232,2022-01-17
3273,273,September 2020,246202,2000,1705,246497,2023-02-24
3274,273,October 2020,246202,0,1250,244952,2023-09-26
3275,273,November 2020,246202,0,1169,245033,2025-03-12
3276,273,December 2020,246202,0,1235,244967,2024-09-17
3277,274,January 2020,158287,0,1389,156898,2023-05-26
3278,274,February 2020,158287,3000,1876,159411,2023-01-22
3279,274,March 2020,158287,2000,900,159387,2024-01-22
3280,274,April 2020,158287,3000,825,160462,2022-08-01
3281,274,May 2020,158287,2000,1247,159040,2023-07-17
3282,274,June 2020,158287,1000,774,158513,2025-04-28
3283,274,July 2020,158287,3000,624,160663,2023-01-25
3284,274,August 2020,158287,1000,1077,158210,2023-08-04
3285,274,September 2020,158287,0,1097,157190,2024-11-29
3286,274,October 2020,158287,0,1016,157271,2022-12-09
3287,274,November 2020,158287,0,914,157373,2024-10-13
3288,274,December 2020,158287,1000,1170,158117,2022-03-30
3289,275,January 2020,133739,3000,183,136556,2024-04-28
3290,275,February 2020,133739,0,542,133197,2025-07-17
3291,275,March 2020,133739,2000,1237,134502,2024-04-30
3292,275,April 2020,133739,2000,276,135463,2023-08-15
3293,275,May 2020,133739,0,1293,132446,2024-04-29
3294,275,June 2020,133739,3000,355,136384,2022-02-12
3295,275,July 2020,133739,2000,1772,133967,2024-10-05
3296,275,August 2020,133739,1000,164,134575,2025-06-09
3297,275,September 2020,133739,1000,1885,132854,2022-09-26
3298,275,October 2020,133739,2000,1143,134596,2025-10-14
3299,275,November 2020,133739,2000,1472,134267,2024-06-12
3300,275,December 2020,133739,1000,1281,133458,2025-03-09
3301,276,January 2020,194514,3000,1455,196059,2024-11-28
3302,276,February 2020,194514,2000,1760,194754,2022-11-05
3303,276,March 2020,194514,0,523,193991,2024-06-17
3304,276,April 2020,194514,2000,286,196228,2023-04-30
3305,276,May 2020,194514,2000,1288,195226,2022-09-23
3306,276,June 2020,194514,0,1606,192908,2022-10-10
3307,276,July 2020,194514,2000,1786,194728,2022-01-27
3308,276,August 2020,194514,2000,1045,195469,2024-04-17
3309,276,September 2020,194514,0,1867,192647,2022-02-04
3310,276,October 2020,194514,0,1845,192669,2024-07-14
3311,276,November 2020,194514,0,653,193861,2022-03-08
3312,276,December 2020,194514,0,757,193757,2022-06-23
3313,277,January 2020,96484,1000,1556,95928,2024-11-02
3314,277,February 2020,96484,0,1859,94625,2024-12-24
3315,277,March 2020,96484,2000,1581,96903,2025-12-05
3316,277,April 2020,96484,3000,1426,98058,2025-05-22
3317,277,May 2020,96484,1000,1696,95788,2025-04-24
3318,277,June 2020,96484,0,1037,95447,2023-10-06
3319,277,July 2020,96484,1000,321,97163,2024-03-06
3320,277,August 2020,96484,0,1045,95439,2023-05-09
3321,277,September 2020,96484,2000,759,97725,2022-01-21
3322,277,October 2020,96484,2000,1001,97483,2025-02-28
3323,277,November 2020,96484,1000,1040,96444,2023-06-15
3324,277,December 2020,96484,0,829,95655,2022-09-04
3325,278,January 2020,186550,2000,1885,186665,2025-05-21
3326,278,February 2020,186550,1000,1748,185802,2022-02-20
3327,278,March 2020,186550,3000,463,189087,2023-07-30
3328,278,April 2020,186550,2000,1000,187550,2022-06-13
3329,278,May 2020,186550,2000,1054,187496,2023-04-13
3330,278,June 2020,186550,2000,1996,186554,2024-08-31
3331,278,July 2020,186550,1000,1428,186122,2024-12-15
3332,278,August 2020,186550,1000,9,187541,2025-08-07
3333,278,September 2020,186550,2000,1678,186872,2024-11-24
3334,278,October 2020,186550,3000,1002,188548,2022-05-08
3335,278,November 2020,186550,3000,675,188875,2023-08-30
3336,278,December 2020,186550,0,424,186126,2023-08-19
3337,279,January 2020,163875,3000,262,166613,2023-08-23
3338,279,February 2020,163875,3000,154,166721,2025-01-12
3339,279,March 2020,163875,0,481,163394,2022-06-08
3340,279,April 2020,163875,2000,90,165785,2022-07-08
3341,279,May 2020,163875,1000,1060,163815,2025-03-26
3342,279,June 2020,163875,3000,633,166242,2025-12-23
3343,279,July 2020,163875,0,171,163704,2024-08-21
3344,279,August 2020,163875,0,456,163419,2023-12-18
3345,279,September 2020,163875,1000,1567,163308,2024-07-02
3346,279,October 2020,163875,3000,815,166060,2022-09-07
3347,279,November 2020,163875,1000,796,164079,2023-10-20
3348,279,December 2020,163875,2000,975,164900,2025-03-17
3349,280,January 2020,77635,2000,1992,77643,2023-03-15
3350,280,February 2020,77635,3000,802,79833,2025-05-19
3351,280,March 2020,77635,3000,1868,78767,2024-03-12
3352,280,April 2020,77635,2000,441,79194,2022-08-06
3353,280,May 2020,77635,1000,1468,77167,2025-01-11
3354,280,June 2020,77635,3000,1277,79358,2022-09-20
3355,280,July 2020,77635,2000,1452,78183,2025-03-16
3356,280,August 2020,77635,0,1991,75644,2022-09-09
3357,280,September 2020,77635,1000,210,78425,2022-09-25
3358,280,October 2020,77635,0,99,77536,2022-02-13
3359,280,November 2020,77635,1000,1372,77263,2024-03-17
3360,280,December 2020,77635,0,1651,75984,2024-09-03
3361,281,January 2020,274910,0,1486,273424,2025-12-18
3362,281,February 2020,274910,0,647,274263,2022-08-19
3363,281,March 2020,274910,3000,609,277301,2025-10-07
3364,281,April 2020,274910,3000,348,277562,2025-12-19
3365,281,May 2020,274910,0,988,273922,2022-04-01
3366,281,June 2020,274910,0,936,273974,2023-04-10
3367,281,July 2020,274910,1000,284,275626,2025-06-16
3368,281,August 2020,274910,1000,399,275511,2023-07-22
3369,281,September 2020,274910,3000,476,277434,2025-04-19
3370,281,October 2020,274910,2000,1298,275612,2023-12-25
3371,281,November 2020,274910,3000,822,277088,2024-01-12
3372,281,December 2020,274910,1000,1560,274350,2022-09-30
3373,282,January 2020,139392,3000,84,142308,2024-05-21
3374,282,February 2020,139392,2000,811,140581,2023-06-07
3375,282,March 2020,139392,0,1400,137992,2023-01-20
3376,282,April 2020,139392,2000,310,141082,2024-02-12
3377,282,May 2020,139392,3000,885,141507,2022-04-24
3378,282,June 2020,139392,2000,1845,139547,2025-12-26
3379,282,July 2020,139392,1000,1675,138717,2023-10-31
3380,282,August 2020,139392,3000,1817,140575,2024-01-30
3381,282,September 2020,139392,2000,1437,139955,2024-05-27
3382,282,October 2020,139392,0,1426,137966,2024-07-21
3383,282,November 2020,139392,1000,1956,138436,2022-04-09
3384,282,December 2020,139392,3000,1585,140807,2025-04-06
3385,283,January 2020,155656,3000,464,158192,2025-02-23
3386,283,February 2020,155656,1000,677,155979,2022-11-06
3387,283,March 2020,155656,1000,677,155979,2023-09-02
3388,283,April 2020,155656,3000,1527,157129,2022-12-15
3389,283,May 2020,155656,3000,1767,156889,2025-11-11
3390,283,June 2020,155656,3000,1961,156695,2025-12-22
3391,283,July 2020,155656,2000,1338,156318,2025-12-20
3392,283,August 2020,155656,1000,1571,155085,2022-02-11
3393,283,September 2020,155656,1000,994,155662,2022-04-21
3394,283,October 2020,155656,2000,505,157151,2024-01-05
3395,283,November 2020,155656,1000,974,155682,2023-06-07
3396,283,December 2020,155656,3000,1856,156800,2023-05-20
3397,284,January 2020,149233,0,320,148913,2024-08-08
3398,284,February 2020,149233,2000,1124,150109,2025-07-18
3399,284,March 2020,149233,1000,969,149264,2024-07-22
3400,284,April 2020,149233,3000,1163,151070,2025-11-08
3401,284,May 2020,149233,1000,436,149797,2023-09-30
3402,284,June 2020,149233,1000,1127,149106,2025-01-04
3403,284,July 2020,149233,3000,654,151579,2022-09-06
3404,284,August 2020,149233,3000,701,151532,2023-01-24
3405,284,September 2020,149233,2000,1621,149612,2024-10-25
3406,284,October 2020,149233,1000,682,149551,2024-02-10
3407,284,November 2020,149233,3000,1520,150713,2025-04-22
3408,284,December 2020,149233,3000,742,151491,2023-04-28
3409,285,January 2020,178561,2000,439,180122,2024-11-26
3410,285,February 2020,178561,3000,1141,180420,2022-08-15
3411,285,March 2020,178561,3000,148,181413,2025-11-11
3412,285,April 2020,178561,3000,1069,180492,2025-08-29
3413,285,May 2020,178561,0,155,178406,2022-03-30
3414,285,June 2020,178561,3000,1737,179824,2022-02-18
3415,285,July 2020,178561,1000,434,179127,2023-02-03
3416,285,August 2020,178561,0,336,178225,2022-08-30
3417,285,September 2020,178561,0,1777,176784,2022-05-10
3418,285,October 2020,178561,2000,145,180416,2025-04-09
3419,285,November 2020,178561,1000,1059,178502,2022-09-21
3420,285,December 2020,178561,3000,1559,180002,2022-01-28
3421,286,January 2020,260793,3000,1853,261940,2022-10-05
3422,286,February 2020,260793,3000,1295,262498,2023-12-18
3423,286,March 2020,260793,3000,1912,261881,2024-11-05
3424,286,April 2020,260793,2000,317,262476,2023-09-29
3425,286,May 2020,260793,1000,1593,260200,2023-02-19
3426,286,June 2020,260793,2000,764,262029,2022-03-01
3427,286,July 2020,260793,2000,567,262226,2024-08-14
3428,286,August 2020,260793,3000,1582,262211,2022-02-28
3429,286,September 2020,260793,1000,143,261650,2024-10-08
3430,286,October 2020,260793,3000,1807,261986,2024-06-05
3431,286,November 2020,260793,1000,1163,260630,2023-01-15
3432,286,December 2020,260793,3000,733,263060,2023-01-06
3433,287,January 2020,190760,0,328,190432,2025-02-13
3434,287,February 2020,190760,1000,949,190811,2022-04-12
3435,287,March 2020,190760,3000,1965,191795,2023-01-26
3436,287,April 2020,190760,0,1317,189443,2022-09-16
3437,287,May 2020,190760,0,27,190733,2024-02-08
3438,287,June 2020,190760,1000,604,191156,2023-12-09
3439,287,July 2020,190760,0,1454,189306,2025-03-21
3440,287,August 2020,190760,3000,491,193269,2023-07-20
3441,287,September 2020,190760,2000,582,192178,2024-12-30
3442,287,October 2020,190760,2000,1528,191232,2023-09-08
3443,287,November 2020,190760,3000,143,193617,2025-09-26
3444,287,December 2020,190760,0,843,189917,2025-05-19
3445,288,January 2020,177748,3000,1230,179518,2024-04-05
3446,288,February 2020,177748,3000,68,180680,2024-02-16
3447,288,March 2020,177748,1000,568,178180,2023-10-09
3448,288,April 2020,177748,1000,1454,177294,2025-10-20
3449,288,May 2020,177748,2000,1100,178648,2022-01-19
3450,288,June 2020,177748,2000,1037,178711,2024-08-30
3451,288,July 2020,177748,0,882,176866,2022-07-17
3452,288,August 2020,177748,1000,1516,177232,2022-09-11
3453,288,September 2020,177748,0,55,177693,2023-06-10
3454,288,October 2020,177748,1000,1029,177719,2022-12-14
3455,288,November 2020,177748,3000,1602,179146,2025-08-10
3456,288,December 2020,177748,2000,1702,178046,2025-10-04
3457,289,January 2020,232535,0,1874,230661,2022-05-27
3458,289,February 2020,232535,3000,966,234569,2024-05-09
3459,289,March 2020,232535,1000,890,232645,2022-05-15
3460,289,April 2020,232535,1000,496,233039,2022-10-07
3461,289,May 2020,232535,1000,670,232865,2024-05-01
3462,289,June 2020,232535,3000,643,234892,2022-08-14
3463,289,July 2020,232535,3000,353,235182,2024-06-17
3464,289,August 2020,232535,0,920,231615,2023-06-07
3465,289,September 2020,232535,3000,1986,233549,2025-11-22
3466,289,October 2020,232535,1000,1711,231824,2024-10-24
3467,289,November 2020,232535,1000,157,233378,2025-12-30
3468,289,December 2020,232535,0,1440,231095,2022-05-30
3469,290,January 2020,219546,3000,774,221772,2024-04-24
3470,290,February 2020,219546,0,1860,217686,2025-10-29
3471,290,March 2020,219546,3000,1449,221097,2024-05-22
3472,290,April 2020,219546,3000,1965,220581,2022-07-12
3473,290,May 2020,219546,3000,503,222043,2025-03-27
3474,290,June 2020,219546,3000,1286,221260,2022-07-19
3475,290,July 2020,219546,3000,1161,221385,2023-08-25
3476,290,August 2020,219546,1000,1212,219334,2024-08-20
3477,290,September 2020,219546,2000,1572,219974,2022-06-04
3478,290,October 2020,219546,2000,484,221062,2022-01-02
3479,290,November 2020,219546,3000,246,222300,2024-10-28
3480,290,December 2020,219546,0,1609,217937,2022-02-04
3481,291,January 2020,192653,1000,1387,192266,2024-01-24
3482,291,February 2020,192653,1000,1739,191914,2024-08-21
3483,291,March 2020,192653,2000,1258,193395,2022-07-24
3484,291,April 2020,192653,1000,1424,192229,2025-10-10
3485,291,May 2020,192653,1000,522,193131,2024-06-18
3486,291,June 2020,192653,2000,1016,193637,2024-12-16
3487,291,July 2020,192653,1000,985,192668,2024-05-16
3488,291,August 2020,192653,2000,1613,193040,2025-04-06
3489,291,September 2020,192653,1000,666,192987,2022-01-12
3490,291,October 2020,192653,1000,156,193497,2024-03-07
3491,291,November 2020,192653,3000,1944,193709,2024-12-01
3492,291,December 2020,192653,1000,1263,192390,2024-09-15
3493,292,January 2020,231606,2000,193,233413,2023-01-22
3494,292,February 2020,231606,1000,1292,231314,2025-02-13
3495,292,March 2020,231606,3000,321,234285,2024-07-20
3496,292,April 2020,231606,2000,419,233187,2023-01-21
3497,292,May 2020,231606,2000,713,232893,2025-01-19
3498,292,June 2020,231606,2000,1460,232146,2025-07-28
3499,292,July 2020,231606,2000,182,233424,2022-09-09
3500,292,August 2020,231606,0,1719,229887,2025-04-10
3501,292,September 2020,231606,0,1004,230602,2022-10-04
3502,292,October 2020,231606,2000,202,233404,2024-08-03
3503,292,November 2020,231606,0,875,230731,2025-11-02
3504,292,December 2020,231606,3000,96,234510,2023-02-23
3505,293,January 2020,229210,3000,782,231428,2022-06-20
3506,293,February 2020,229210,1000,1094,229116,2025-01-20
3507,293,March 2020,229210,3000,185,232025,2023-04-06
3508,293,April 2020,229210,3000,176,232034,2022-10-04
3509,293,May 2020,229210,1000,369,229841,2025-12-20
3510,293,June 2020,229210,0,950,228260,2025-06-06
3511,293,July 2020,229210,1000,1494,228716,2025-03-10
3512,293,August 2020,229210,2000,1964,229246,2023-08-14
3513,293,September 2020,229210,3000,1886,230324,2024-09-06
3514,293,October 2020,229210,0,1154,228056,2022-10-16
3515,293,November 2020,229210,3000,577,231633,2023-01-05
3516,293,December 2020,229210,2000,413,230797,2022-04-18
3517,294,January 2020,95594,2000,118,97476,2022-11-02
3518,294,February 2020,95594,0,891,94703,2022-07-16
3519,294,March 2020,95594,3000,969,97625,2023-12-03
3520,294,April 2020,95594,2000,682,96912,2023-06-29
3521,294,May 2020,95594,0,536,95058,2024-04-05
3522,294,June 2020,95594,3000,1781,96813,2022-04-01
3523,294,July 2020,95594,0,1885,93709,2025-09-11
3524,294,August 2020,95594,2000,1067,96527,2025-12-13
3525,294,September 2020,95594,2000,630,96964,2022-03-09
3526,294,October 2020,95594,2000,1869,95725,2023-01-21
3527,294,November 2020,95594,1000,1333,95261,2022-06-10
3528,294,December 2020,95594,2000,1388,96206,2022-08-22
3529,295,January 2020,76116,0,949,75167,2023-10-08
3530,295,February 2020,76116,0,224,75892,2024-10-16
3531,295,March 2020,76116,0,834,75282,2024-01-07
3532,295,April 2020,76116,2000,194,77922,2025-01-29
3533,295,May 2020,76116,1000,404,76712,2024-10-27
3534,295,June 2020,76116,0,1044,75072,2023-09-06
3535,295,July 2020,76116,2000,271,77845,2023-01-05
3536,295,August 2020,76116,1000,1416,75700,2025-03-15
3537,295,September 2020,76116,1000,883,76233,2025-10-03
3538,295,October 2020,76116,0,243,75873,2022-10-09
3539,295,November 2020,76116,0,1991,74125,2024-08-07
3540,295,December 2020,76116,1000,1958,75158,2024-12-25
3541,296,January 2020,188531,1000,684,188847,2023-10-05
3542,296,February 2020,188531,0,520,188011,2024-09-27
3543,296,March 2020,188531,2000,1484,189047,2023-11-25
3544,296,April 2020,188531,1000,1537,187994,2024-11-14
3545,296,May 2020,188531,3000,1277,190254,2023-11-16
3546,296,June 2020,188531,2000,689,189842,2023-08-31
3547,296,July 2020,188531,3000,1315,190216,2024-05-21
3548,296,August 2020,188531,2000,1352,189179,2022-05-31
3549,296,September 2020,188531,3000,1856,189675,2024-10-06
3550,296,October 2020,188531,0,1446,187085,2024-03-19
3551,296,November 2020,188531,0,415,188116,2024-10-01
3552,296,December 2020,188531,1000,1847,187684,2022-01-01
3553,297,January 2020,276121,2000,186,277935,2023-10-10
3554,297,February 2020,276121,3000,1015,278106,2023-02-08
3555,297,March 2020,276121,2000,1009,277112,2022-04-02
3556,297,April 2020,276121,0,1575,274546,2025-11-04
3557,297,May 2020,276121,1000,1649,275472,2022-09-18
3558,297,June 2020,276121,2000,1377,276744,2025-11-30
3559,297,July 2020,276121,0,618,275503,2025-05-10
3560,297,August 2020,276121,1000,1351,275770,2025-03-08
3561,297,September 2020,276121,0,870,275251,2024-10-29
3562,297,October 2020,276121,0,954,275167,2025-03-14
3563,297,November 2020,276121,2000,272,277849,2023-11-15
3564,297,December 2020,276121,2000,223,277898,2025-09-19
3565,298,January 2020,83819,1000,908,83911,2023-09-16
3566,298,February 2020,83819,3000,561,86258,2025-03-25
3567,298,March 2020,83819,3000,1118,85701,2025-03-10
3568,298,April 2020,83819,2000,1824,83995,2023-09-12
3569,298,May 2020,83819,3000,702,86117,2024-02-06
3570,298,June 2020,83819,2000,981,84838,2023-06-07
3571,298,July 2020,83819,0,746,83073,2023-09-16
3572,298,August 2020,83819,2000,819,85000,2025-09-29
3573,298,September 2020,83819,3000,960,85859,2022-10-01
3574,298,October 2020,83819,0,989,82830,2023-10-03
3575,298,November 2020,83819,2000,144,85675,2024-06-16
3576,298,December 2020,83819,3000,516,86303,2025-06-16
3577,299,January 2020,222110,0,1719,220391,2022-05-11
3578,299,February 2020,222110,2000,170,223940,2024-05-03
3579,299,March 2020,222110,0,1689,220421,2025-01-03
3580,299,April 2020,222110,0,49,222061,2022-12-11
3581,299,May 2020,222110,1000,1593,221517,2025-08-10
3582,299,June 2020,222110,0,1796,220314,2024-01-06
3583,299,July 2020,222110,3000,1336,223774,2023-07-17
3584,299,August 2020,222110,3000,574,224536,2025-07-24
3585,299,September 2020,222110,1000,1385,221725,2023-08-12
3586,299,October 2020,222110,0,1674,220436,2022-12-11
3587,299,November 2020,222110,2000,668,223442,2024-04-08
3588,299,December 2020,222110,0,1999,220111,2025-12-18
3589,300,January 2020,125128,1000,474,125654,2025-11-15
3590,300,February 2020,125128,0,1883,123245,2023-11-05
3591,300,March 2020,125128,3000,1810,126318,2023-01-17
3592,300,April 2020,125128,3000,1259,126869,2025-10-08
3593,300,May 2020,125128,1000,1812,124316,2025-10-09
3594,300,June 2020,125128,0,1659,123469,2022-11-29
3595,300,July 2020,125128,2000,70,127058,2025-03-14
3596,300,August 2020,125128,1000,306,125822,2025-12-29
3597,300,September 2020,125128,0,378,124750,2023-02-24
3598,300,October 2020,125128,0,1064,124064,2025-11-29
3599,300,November 2020,125128,1000,1153,124975,2022-02-14
3600,300,December 2020,125128,1000,1765,124363,2024-02-02
3601,301,January 2020,156593,0,1413,155180,2024-10-08
3602,301,February 2020,156593,2000,92,158501,2025-09-20
3603,301,March 2020,156593,3000,1135,158458,2023-10-26
3604,301,April 2020,156593,0,1011,155582,2024-04-10
3605,301,May 2020,156593,0,519,156074,2023-03-17
3606,301,June 2020,156593,3000,301,159292,2024-07-20
3607,301,July 2020,156593,3000,1082,158511,2023-02-25
3608,301,August 2020,156593,3000,46,159547,2025-03-17
3609,301,September 2020,156593,1000,1108,156485,2023-03-24
3610,301,October 2020,156593,2000,1820,156773,2024-12-21
3611,301,November 2020,156593,2000,735,157858,2025-05-09
3612,301,December 2020,156593,3000,323,159270,2022-02-20
3613,302,January 2020,166508,1000,1187,166321,2024-05-22
3614,302,February 2020,166508,0,978,165530,2023-08-30
3615,302,March 2020,166508,1000,1697,165811,2023-08-31
3616,302,April 2020,166508,1000,1204,166304,2022-11-16
3617,302,May 2020,166508,1000,265,167243,2022-03-15
3618,302,June 2020,166508,0,556,165952,2022-10-25
3619,302,July 2020,166508,0,1869,164639,2023-09-19
3620,302,August 2020,166508,2000,1414,167094,2022-08-04
3621,302,September 2020,166508,0,801,165707,2023-11-19
3622,302,October 2020,166508,3000,287,169221,2024-11-08
3623,302,November 2020,166508,1000,374,167134,2022-10-28
3624,302,December 2020,166508,0,665,165843,2022-05-04
3625,303,January 2020,131020,3000,468,133552,2025-04-14
3626,303,February 2020,131020,1000,685,131335,2024-10-25
3627,303,March 2020,131020,2000,569,132451,2022-08-21
3628,303,April 2020,131020,0,503,130517,2024-05-05
3629,303,May 2020,131020,1000,1622,130398,2022-11-02
3630,303,June 2020,131020,0,1542,129478,2024-08-25
3631,303,July 2020,131020,3000,1896,132124,2025-05-02
3632,303,August 2020,131020,0,891,130129,2025-06-20
3633,303,September 2020,131020,3000,1956,132064,2023-11-27
3634,303,October 2020,131020,3000,21,133999,2022-01-10
3635,303,November 2020,131020,3000,783,133237,2023-10-11
3636,303,December 2020,131020,3000,1930,132090,2023-07-21
3637,304,January 2020,270305,2000,252,272053,2024-12-31
3638,304,February 2020,270305,1000,387,270918,2023-09-04
3639,304,March 2020,270305,0,338,269967,2024-04-08
3640,304,April 2020,270305,0,19,270286,2022-03-17
3641,304,May 2020,270305,2000,1054,271251,2022-09-06
3642,304,June 2020,270305,2000,209,272096,2025-04-08
3643,304,July 2020,270305,2000,1136,271169,2025-12-22
3644,304,August 2020,270305,1000,1464,269841,2024-11-26
3645,304,September 2020,270305,3000,1928,271377,2022-06-27
3646,304,October 2020,270305,1000,1639,269666,2025-11-07
3647,304,November 2020,270305,3000,856,272449,2023-02-14
3648,304,December 2020,270305,1000,66,271239,2023-11-11
3649,305,January 2020,179931,0,429,179502,2023-01-08
3650,305,February 2020,179931,0,1259,178672,2022-09-29
3651,305,March 2020,179931,3000,736,182195,2022-08-15
3652,305,April 2020,179931,2000,758,181173,2023-05-16
3653,305,May 2020,179931,2000,344,181587,2023-04-22
3654,305,June 2020,179931,1000,1175,179756,2025-05-26
3655,305,July 2020,179931,0,306,179625,2023-03-07
3656,305,August 2020,179931,1000,931,180000,2023-03-05
3657,305,September 2020,179931,0,634,179297,2023-11-14
3658,305,October 2020,179931,3000,1503,181428,2023-01-03
3659,305,November 2020,179931,3000,1254,181677,2023-08-11
3660,305,December 2020,179931,3000,475,182456,2022-01-19
3661,306,January 2020,168679,3000,1720,169959,2024-05-03
3662,306,February 2020,168679,0,1435,167244,2023-01-28
3663,306,March 2020,168679,1000,1034,168645,2022-05-24
3664,306,April 2020,168679,0,908,167771,2023-10-30
3665,306,May 2020,168679,0,400,168279,2022-09-08
3666,306,June 2020,168679,0,435,168244,2025-05-06
3667,306,July 2020,168679,0,352,168327,2023-12-08
3668,306,August 2020,168679,3000,670,171009,2023-03-09
3669,306,September 2020,168679,1000,1883,167796,2022-05-06
3670,306,October 2020,168679,1000,1629,168050,2022-10-06
3671,306,November 2020,168679,2000,996,169683,2023-08-27
3672,306,December 2020,168679,3000,64,171615,2025-11-22
3673,307,January 2020,92019,2000,1054,92965,2022-06-22
3674,307,February 2020,92019,0,200,91819,2023-04-15
3675,307,March 2020,92019,3000,1925,93094,2023-11-03
3676,307,April 2020,92019,0,654,91365,2023-03-12
3677,307,May 2020,92019,0,1852,90167,2024-11-19
3678,307,June 2020,92019,3000,346,94673,2023-10-23
3679,307,July 2020,92019,1000,728,92291,2025-08-22
3680,307,August 2020,92019,2000,144,93875,2025-04-29
3681,307,September 2020,92019,2000,1566,92453,2024-11-23
3682,307,October 2020,92019,2000,1752,92267,2024-11-19
3683,307,November 2020,92019,0,367,91652,2023-07-27
3684,307,December 2020,92019,0,64,91955,2024-06-05
3685,308,January 2020,108764,1000,1728,108036,2025-08-26
3686,308,February 2020,108764,3000,568,111196,2024-12-24
3687,308,March 2020,108764,2000,1256,109508,2023-01-29
3688,308,April 2020,108764,3000,1744,110020,2022-02-01
3689,308,May 2020,108764,3000,1344,110420,2023-07-05
3690,308,June 2020,108764,3000,60,111704,2025-01-27
3691,308,July 2020,108764,1000,1460,108304,2023-09-20
3692,308,August 2020,108764,2000,1736,109028,2025-10-12
3693,308,September 2020,108764,1000,1903,107861,2025-03-07
3694,308,October 2020,108764,3000,1924,109840,2023-11-28
3695,308,November 2020,108764,0,1138,107626,2022-05-31
3696,308,December 2020,108764,2000,1396,109368,2024-07-28
3697,309,January 2020,249846,1000,1915,248931,2023-04-16
3698,309,February 2020,249846,3000,1522,251324,2023-04-27
3699,309,March 2020,249846,3000,615,252231,2024-03-27
3700,309,April 2020,249846,0,1932,247914,2024-09-07
3701,309,May 2020,249846,0,860,248986,2024-12-08
3702,309,June 2020,249846,1000,1047,249799,2025-10-24
3703,309,July 2020,249846,1000,358,250488,2022-01-28
3704,309,August 2020,249846,3000,1772,251074,2025-04-08
3705,309,September 2020,249846,0,592,249254,2024-06-05
3706,309,October 2020,249846,0,1764,248082,2024-03-12
3707,309,November 2020,249846,2000,526,251320,2025-05-04
3708,309,December 2020,249846,1000,461,250385,2025-11-25
3709,310,January 2020,233228,1000,1090,233138,2025-12-17
3710,310,February 2020,233228,0,1971,231257,2023-04-18
3711,310,March 2020,233228,2000,567,234661,2023-01-19
3712,310,April 2020,233228,3000,1342,234886,2022-01-27
3713,310,May 2020,233228,0,234,232994,2025-02-20
3714,310,June 2020,233228,0,221,233007,2025-06-15
3715,310,July 2020,233228,0,339,232889,2024-07-18
3716,310,August 2020,233228,0,908,232320,2024-02-03
3717,310,September 2020,233228,2000,1733,233495,2024-03-02
3718,310,October 2020,233228,3000,531,235697,2024-12-01
3719,310,November 2020,233228,2000,791,234437,2025-11-19
3720,310,December 2020,233228,1000,1673,232555,2022-08-10
3721,311,January 2020,264089,2000,1422,264667,2022-11-16
3722,311,February 2020,264089,2000,978,265111,2025-06-05
3723,311,March 2020,264089,2000,1801,264288,2022-03-25
3724,311,April 2020,264089,1000,1708,263381,2024-09-03
3725,311,May 2020,264089,3000,714,266375,2024-07-01
3726,311,June 2020,264089,3000,1673,265416,2023-07-22
3727,311,July 2020,264089,3000,1671,265418,2022-09-18
3728,311,August 2020,264089,1000,1425,263664,2024-07-22
3729,311,September 2020,264089,3000,1083,266006,2025-01-04
3730,311,October 2020,264089,1000,4,265085,2024-11-05
3731,311,November 2020,264089,2000,1730,264359,2025-01-03
3732,311,December 2020,264089,3000,875,266214,2023-05-16
3733,312,January 2020,255620,3000,682,257938,2024-01-13
3734,312,February 2020,255620,3000,165,258455,2025-10-02
3735,312,March 2020,255620,2000,179,257441,2025-03-17
3736,312,April 2020,255620,1000,1207,255413,2024-05-21
3737,312,May 2020,255620,2000,1465,256155,2024-06-09
3738,312,June 2020,255620,3000,167,258453,2022-12-08
3739,312,July 2020,255620,3000,1905,256715,2024-10-14
3740,312,August 2020,255620,3000,448,258172,2022-10-25
3741,312,September 2020,255620,1000,217,256403,2024-09-14
3742,312,October 2020,255620,3000,695,257925,2023-05-15
3743,312,November 2020,255620,2000,846,256774,2025-10-16
3744,312,December 2020,255620,2000,1860,255760,2023-02-11
3745,313,January 2020,101251,2000,447,102804,2024-02-22
3746,313,February 2020,101251,1000,1544,100707,2024-08-18
3747,313,March 2020,101251,3000,259,103992,2025-03-22
3748,313,April 2020,101251,0,809,100442,2025-01-30
3749,313,May 2020,101251,2000,776,102475,2024-06-27
3750,313,June 2020,101251,3000,1867,102384,2024-11-05
3751,313,July 2020,101251,0,265,100986,2024-11-06
3752,313,August 2020,101251,2000,737,102514,2024-11-23
3753,313,September 2020,101251,3000,1746,102505,2025-06-07
3754,313,October 2020,101251,3000,1935,102316,2022-11-13
3755,313,November 2020,101251,0,852,100399,2025-05-16
3756,313,December 2020,101251,2000,1553,101698,2022-09-30
3757,314,January 2020,148999,2000,1451,149548,2023-09-01
3758,314,February 2020,148999,3000,1672,150327,2022-07-11
3759,314,March 2020,148999,1000,1000,148999,2023-08-26
3760,314,April 2020,148999,3000,757,151242,2025-09-17
3761,314,May 2020,148999,3000,1882,150117,2023-05-13
3762,314,June 2020,148999,3000,1885,150114,2022-09-02
3763,314,July 2020,148999,3000,1409,150590,2023-05-17
3764,314,August 2020,148999,3000,1597,150402,2025-03-24
3765,314,September 2020,148999,1000,1113,148886,2024-10-27
3766,314,October 2020,148999,0,298,148701,2024-06-23
3767,314,November 2020,148999,3000,70,151929,2023-08-24
3768,314,December 2020,148999,3000,286,151713,2022-10-24
3769,315,January 2020,277527,3000,1913,278614,2023-03-06
3770,315,February 2020,277527,3000,1581,278946,2023-09-10
3771,315,March 2020,277527,3000,1861,278666,2025-02-21
3772,315,April 2020,277527,2000,575,278952,2025-10-17
3773,315,May 2020,277527,1000,717,277810,2023-02-02
3774,315,June 2020,277527,3000,902,279625,2023-06-19
3775,315,July 2020,277527,3000,182,280345,2022-09-26
3776,315,August 2020,277527,1000,1094,277433,2023-01-14
3777,315,September 2020,277527,3000,801,279726,2023-10-17
3778,315,October 2020,277527,1000,588,277939,2025-03-09
3779,315,November 2020,277527,2000,1943,277584,2023-07-07
3780,315,December 2020,277527,1000,102,278425,2023-10-20
3781,316,January 2020,223518,0,1869,221649,2022-08-02
3782,316,February 2020,223518,3000,1208,225310,2022-10-15
3783,316,March 2020,223518,0,1272,222246,2024-08-06
3784,316,April 2020,223518,3000,1136,225382,2022-02-18
3785,316,May 2020,223518,1000,1557,222961,2025-05-22
3786,316,June 2020,223518,0,79,223439,2022-07-14
3787,316,July 2020,223518,3000,1825,224693,2024-09-25
3788,316,August 2020,223518,1000,1169,223349,2024-01-26
3789,316,September 2020,223518,0,227,223291,2023-11-22
3790,316,October 2020,223518,1000,648,223870,2022-10-08
3791,316,November 2020,223518,1000,1481,223037,2022-06-23
3792,316,December 2020,223518,0,792,222726,2022-12-17
3793,317,January 2020,205832,3000,1769,207063,2023-07-20
3794,317,February 2020,205832,0,521,205311,2025-09-05
3795,317,March 2020,205832,0,1729,204103,2025-06-27
3796,317,April 2020,205832,1000,510,206322,2025-09-22
3797,317,May 2020,205832,2000,972,206860,2022-09-19
3798,317,June 2020,205832,0,16,205816,2023-09-20
3799,317,July 2020,205832,0,8,205824,2024-04-21
3800,317,August 2020,205832,0,1424,204408,2022-12-07
3801,317,September 2020,205832,1000,644,206188,2024-09-22
3802,317,October 2020,205832,2000,761,207071,2023-02-11
3803,317,November 2020,205832,3000,1659,207173,2023-05-25
3804,317,December 2020,205832,0,224,205608,2023-11-07
3805,318,January 2020,95575,1000,1132,95443,2024-11-15
3806,318,February 2020,95575,2000,163,97412,2024-06-26
3807,318,March 2020,95575,0,1837,93738,2024-05-13
3808,318,April 2020,95575,1000,1359,95216,2023-04-11
3809,318,May 2020,95575,3000,1599,96976,2022-06-02
3810,318,June 2020,95575,0,533,95042,2023-11-11
3811,318,July 2020,95575,2000,516,97059,2024-10-03
3812,318,August 2020,95575,0,1372,94203,2024-03-30
3813,318,September 2020,95575,0,1461,94114,2024-04-13
3814,318,October 2020,95575,2000,171,97404,2024-08-12
3815,318,November 2020,95575,1000,1633,94942,2025-02-21
3816,318,December 2020,95575,0,1282,94293,2024-02-22
3817,319,January 2020,193470,3000,1003,195467,2022-09-18
3818,319,February 2020,193470,1000,85,194385,2022-07-18
3819,319,March 2020,193470,0,1560,191910,2023-04-11
3820,319,April 2020,193470,2000,1307,194163,2025-12-23
3821,319,May 2020,193470,1000,1672,192798,2025-01-02
3822,319,June 2020,193470,0,1803,191667,2023-05-26
3823,319,July 2020,193470,1000,582,193888,2024-01-19
3824,319,August 2020,193470,0,1417,192053,2024-08-27
3825,319,September 2020,193470,1000,171,194299,2022-09-26
3826,319,October 2020,193470,2000,1327,194143,2024-05-05
3827,319,November 2020,193470,2000,580,194890,2025-11-03
3828,319,December 2020,193470,1000,1260,193210,2022-07-10
3829,320,January 2020,167208,2000,581,168627,2022-05-31
3830,320,February 2020,167208,0,1544,165664,2022-11-14
3831,320,March 2020,167208,1000,860,167348,2022-05-13
3832,320,April 2020,167208,2000,608,168600,2024-09-24
3833,320,May 2020,167208,2000,1158,168050,2024-01-03
3834,320,June 2020,167208,3000,461,169747,2025-10-28
3835,320,July 2020,167208,3000,727,169481,2023-06-01
3836,320,August 2020,167208,1000,566,167642,2023-12-18
3837,320,September 2020,167208,0,460,166748,2022-06-24
3838,320,October 2020,167208,2000,1052,168156,2024-12-10
3839,320,November 2020,167208,3000,952,169256,2022-04-01
3840,320,December 2020,167208,1000,923,167285,2024-08-27
3841,321,January 2020,121340,3000,1337,123003,2022-10-19
3842,321,February 2020,121340,3000,1079,123261,2025-12-02
3843,321,March 2020,121340,3000,1081,123259,2022-07-03
3844,321,April 2020,121340,0,1231,120109,2022-05-18
3845,321,May 2020,121340,1000,1886,120454,2025-12-24
3846,321,June 2020,121340,0,1825,119515,2022-03-20
3847,321,July 2020,121340,3000,1565,122775,2023-09-14
3848,321,August 2020,121340,0,615,120725,2023-11-19
3849,321,September 2020,121340,3000,118,124222,2022-03-25
3850,321,October 2020,121340,0,681,120659,2022-10-22
3851,321,November 2020,121340,0,1327,120013,2024-06-14
3852,321,December 2020,121340,3000,367,123973,2022-03-27
3853,322,January 2020,175031,1000,118,175913,2022-05-07
3854,322,February 2020,175031,0,567,174464,2024-03-31
3855,322,March 2020,175031,3000,1498,176533,2023-05-19
3856,322,April 2020,175031,3000,387,177644,2024-01-29
3857,322,May 2020,175031,2000,946,176085,2025-06-27
3858,322,June 2020,175031,2000,1624,175407,2023-08-05
3859,322,July 2020,175031,3000,507,177524,2022-06-13
3860,322,August 2020,175031,3000,618,177413,2022-09-25
3861,322,September 2020,175031,3000,1580,176451,2022-01-28
3862,322,October 2020,175031,0,1107,173924,2023-03-29
3863,322,November 2020,175031,1000,684,175347,2022-10-20
3864,322,December 2020,175031,0,1332,173699,2024-12-15
3865,323,January 2020,257654,0,655,256999,2023-06-29
3866,323,February 2020,257654,0,895,256759,2022-05-12
3867,323,March 2020,257654,1000,1104,257550,2022-09-26
3868,323,April 2020,257654,1000,668,257986,2025-06-23
3869,323,May 2020,257654,1000,1818,256836,2024-01-09
3870,323,June 2020,257654,1000,373,258281,2024-12-26
3871,323,July 2020,257654,2000,1418,258236,2022-02-05
3872,323,August 2020,257654,1000,653,258001,2022-05-19
3873,323,September 2020,257654,1000,345,258309,2023-06-25
3874,323,October 2020,257654,2000,1138,258516,2025-09-03
3875,323,November 2020,257654,0,1573,256081,2025-09-01
3876,323,December 2020,257654,2000,305,259349,2024-02-15
3877,324,January 2020,103260,0,766,102494,2025-05-30
3878,324,February 2020,103260,3000,1893,104367,2025-01-06
3879,324,March 2020,103260,0,1637,101623,2022-06-20
3880,324,April 2020,103260,3000,272,105988,2023-11-17
3881,324,May 2020,103260,1000,1153,103107,2023-04-27
3882,324,June 2020,103260,2000,900,104360,2023-11-28
3883,324,July 2020,103260,1000,1920,102340,2025-05-05
3884,324,August 2020,103260,3000,139,106121,2024-03-09
3885,324,September 2020,103260,3000,1993,104267,2024-03-16
3886,324,October 2020,103260,2000,1432,103828,2024-05-13
3887,324,November 2020,103260,2000,684,104576,2025-04-04
3888,324,December 2020,103260,2000,698,104562,2022-06-29
3889,325,January 2020,167276,1000,1467,166809,2024-01-08
3890,325,February 2020,167276,3000,1587,168689,2024-06-11
3891,325,March 2020,167276,1000,473,167803,2022-10-31
3892,325,April 2020,167276,0,583,166693,2025-04-16
3893,325,May 2020,167276,0,613,166663,2024-11-27
3894,325,June 2020,167276,2000,1587,167689,2022-08-15
3895,325,July 2020,167276,1000,1320,166956,2024-05-18
3896,325,August 2020,167276,0,1495,165781,2024-09-15
3897,325,September 2020,167276,2000,822,168454,2023-03-14
3898,325,October 2020,167276,1000,27,168249,2024-07-23
3899,325,November 2020,167276,0,896,166380,2024-07-14
3900,325,December 2020,167276,0,1100,166176,2024-01-09
3901,326,January 2020,77019,1000,934,77085,2025-10-13
3902,326,February 2020,77019,2000,474,78545,2024-10-04
3903,326,March 2020,77019,1000,1677,76342,2023-05-25
3904,326,April 2020,77019,0,1018,76001,2022-05-04
3905,326,May 2020,77019,0,1809,75210,2024-01-11
3906,326,June 2020,77019,2000,1843,77176,2024-09-05
3907,326,July 2020,77019,0,1270,75749,2025-03-17
3908,326,August 2020,77019,2000,1216,77803,2025-11-28
3909,326,September 2020,77019,1000,479,77540,2022-08-17
3910,326,October 2020,77019,2000,1144,77875,2023-08-10
3911,326,November 2020,77019,3000,1427,78592,2022-08-17
3912,326,December 2020,77019,0,913,76106,2024-05-09
3913,327,January 2020,216400,1000,274,217126,2025-01-04
3914,327,February 2020,216400,3000,1945,217455,2023-01-09
3915,327,March 2020,216400,3000,1285,218115,2022-09-23
3916,327,April 2020,216400,2000,804,217596,2025-03-11
3917,327,May 2020,216400,2000,882,217518,2023-01-19
3918,327,June 2020,216400,0,1644,214756,2023-02-25
3919,327,July 2020,216400,1000,75,217325,2023-09-09
3920,327,August 2020,216400,3000,1873,217527,2022-04-27
3921,327,September 2020,216400,2000,1285,217115,2025-09-04
3922,327,October 2020,216400,2000,1854,216546,2023-03-31
3923,327,November 2020,216400,0,1821,214579,2025-05-28
3924,327,December 2020,216400,2000,1576,216824,2022-05-31
3925,328,January 2020,284160,3000,1456,285704,2024-05-25
3926,328,February 2020,284160,2000,333,285827,2022-06-10
3927,328,March 2020,284160,0,404,283756,2023-11-15
3928,328,April 2020,284160,3000,1513,285647,2022-11-25
3929,328,May 2020,284160,3000,1607,285553,2023-11-18
3930,328,June 2020,284160,0,310,283850,2022-01-15
3931,328,July 2020,284160,2000,161,285999,2022-06-23
3932,328,August 2020,284160,2000,719,285441,2024-03-15
3933,328,September 2020,284160,1000,1513,283647,2024-08-21
3934,328,October 2020,284160,3000,1548,285612,2022-05-15
3935,328,November 2020,284160,1000,1104,284056,2024-11-05
3936,328,December 2020,284160,2000,568,285592,2022-05-23
3937,329,January 2020,72364,2000,1866,72498,2024-05-20
3938,329,February 2020,72364,0,407,71957,2022-01-16
3939,329,March 2020,72364,1000,1603,71761,2025-02-04
3940,329,April 2020,72364,0,21,72343,2022-03-17
3941,329,May 2020,72364,1000,1595,71769,2022-09-01
3942,329,June 2020,72364,3000,609,74755,2023-01-21
3943,329,July 2020,72364,3000,755,74609,2025-01-05
3944,329,August 2020,72364,3000,86,75278,2025-05-08
3945,329,September 2020,72364,2000,1079,73285,2024-09-27
3946,329,October 2020,72364,3000,64,75300,2024-02-23
3947,329,November 2020,72364,2000,1181,73183,2025-08-24
3948,329,December 2020,72364,1000,942,72422,2022-05-28
3949,330,January 2020,135617,1000,1215,135402,2023-03-07
3950,330,February 2020,135617,1000,993,135624,2025-05-16
3951,330,March 2020,135617,0,1306,134311,2025-08-16
3952,330,April 2020,135617,2000,306,137311,2023-01-12
3953,330,May 2020,135617,3000,828,137789,2023-12-23
3954,330,June 2020,135617,0,866,134751,2023-01-10
3955,330,July 2020,135617,3000,359,138258,2022-12-14
3956,330,August 2020,135617,0,192,135425,2025-09-20
3957,330,September 2020,135617,3000,1771,136846,2025-11-07
3958,330,October 2020,135617,2000,432,137185,2022-08-07
3959,330,November 2020,135617,0,1465,134152,2024-02-13
3960,330,December 2020,135617,1000,346,136271,2022-04-11
3961,331,January 2020,133490,0,357,133133,2025-08-03
3962,331,February 2020,133490,1000,1666,132824,2024-07-28
3963,331,March 2020,133490,1000,330,134160,2024-07-01
3964,331,April 2020,133490,1000,298,134192,2024-08-15
3965,331,May 2020,133490,0,1819,131671,2025-02-12
3966,331,June 2020,133490,3000,1067,135423,2023-07-23
3967,331,July 2020,133490,3000,1484,135006,2024-12-17
3968,331,August 2020,133490,2000,1649,133841,2025-09-24
3969,331,September 2020,133490,1000,1970,132520,2025-09-17
3970,331,October 2020,133490,3000,491,135999,2023-12-31
3971,331,November 2020,133490,0,1357,132133,2022-09-28
3972,331,December 2020,133490,3000,1954,134536,2024-09-02
3973,332,January 2020,159210,1000,1789,158421,2022-09-27
3974,332,February 2020,159210,3000,1374,160836,2023-07-03
3975,332,March 2020,159210,2000,1447,159763,2023-01-19
3976,332,April 2020,159210,0,1970,157240,2025-07-13
3977,332,May 2020,159210,2000,69,161141,2025-06-02
3978,332,June 2020,159210,0,1289,157921,2025-08-04
3979,332,July 2020,159210,2000,1943,159267,2023-10-20
3980,332,August 2020,159210,1000,1144,159066,2024-11-30
3981,332,September 2020,159210,2000,1255,159955,2022-02-02
3982,332,October 2020,159210,3000,4,162206,2024-10-03
3983,332,November 2020,159210,3000,1430,160780,2025-10-13
3984,332,December 2020,159210,0,678,158532,2025-05-28
3985,333,January 2020,203260,3000,1362,204898,2024-05-30
3986,333,February 2020,203260,0,486,202774,2023-09-05
3987,333,March 2020,203260,0,696,202564,2024-08-14
3988,333,April 2020,203260,2000,1860,203400,2022-10-28
3989,333,May 2020,203260,2000,628,204632,2023-11-07
3990,333,June 2020,203260,3000,281,205979,2024-01-27
3991,333,July 2020,203260,0,48,203212,2022-03-18
3992,333,August 2020,203260,3000,1720,204540,2023-11-13
3993,333,September 2020,203260,2000,956,204304,2022-08-24
3994,333,October 2020,203260,3000,1006,205254,2023-02-23
3995,333,November 2020,203260,0,139,203121,2025-03-17
3996,333,December 2020,203260,0,623,202637,2022-12-16
3997,334,January 2020,215144,3000,288,217856,2024-12-30
3998,334,February 2020,215144,2000,1520,215624,2023-06-08
3999,334,March 2020,215144,1000,1131,215013,2022-08-28
4000,334,April 2020,215144,3000,1746,216398,2022-09-20
4001,334,May 2020,215144,1000,770,215374,2024-03-30
4002,334,June 2020,215144,2000,1638,215506,2022-01-19
4003,334,July 2020,215144,1000,791,215353,2022-10-03
4004,334,August 2020,215144,3000,1069,217075,2025-11-22
4005,334,September 2020,215144,2000,1333,215811,2024-02-23
4006,334,October 2020,215144,3000,1899,216245,2024-04-08
4007,334,November 2020,215144,1000,1147,214997,2023-06-24
4008,334,December 2020,215144,1000,1532,214612,2022-09-17
4009,335,January 2020,226129,0,404,225725,2022-09-06
4010,335,February 2020,226129,1000,1760,225369,2025-03-23
4011,335,March 2020,226129,3000,267,228862,2022-04-22
4012,335,April 2020,226129,2000,614,227515,2022-02-01
4013,335,May 2020,226129,0,184,225945,2023-03-17
4014,335,June 2020,226129,1000,1237,225892,2025-08-06
4015,335,July 2020,226129,3000,1199,227930,2023-05-16
4016,335,August 2020,226129,2000,903,227226,2022-06-25
4017,335,September 2020,226129,0,1412,224717,2024-03-08
4018,335,October 2020,226129,2000,1928,226201,2024-10-13
4019,335,November 2020,226129,3000,688,228441,2023-09-05
4020,335,December 2020,226129,3000,1079,228050,2025-09-07
4021,336,January 2020,218770,3000,1442,220328,2024-05-31
4022,336,February 2020,218770,3000,891,220879,2024-12-23
4023,336,March 2020,218770,0,109,218661,2024-11-14
4024,336,April 2020,218770,0,130,218640,2023-05-22
4025,336,May 2020,218770,3000,1122,220648,2024-07-02
4026,336,June 2020,218770,0,697,218073,2022-04-23
4027,336,July 2020,218770,3000,1038,220732,2023-08-20
4028,336,August 2020,218770,3000,1528,220242,2024-06-29
4029,336,September 2020,218770,3000,1261,220509,2024-11-18
4030,336,October 2020,218770,1000,1306,218464,2024-02-07
4031,336,November 2020,218770,1000,973,218797,2024-02-10
4032,336,December 2020,218770,2000,638,220132,2022-03-18
4033,337,January 2020,254264,1000,532,254732,2023-02-19
4034,337,February 2020,254264,3000,1033,256231,2024-03-24
4035,337,March 2020,254264,2000,272,255992,2023-09-25
4036,337,April 2020,254264,2000,1542,254722,2025-11-21
4037,337,May 2020,254264,3000,1929,255335,2025-12-10
4038,337,June 2020,254264,0,474,253790,2025-02-04
4039,337,July 2020,254264,3000,558,256706,2022-03-22
4040,337,August 2020,254264,2000,655,255609,2024-12-11
4041,337,September 2020,254264,2000,808,255456,2023-01-18
4042,337,October 2020,254264,0,1111,253153,2025-12-13
4043,337,November 2020,254264,0,1785,252479,2024-03-03
4044,337,December 2020,254264,0,1913,252351,2023-08-10
4045,338,January 2020,211335,0,1868,209467,2022-03-07
4046,338,February 2020,211335,1000,481,211854,2024-01-08
4047,338,March 2020,211335,3000,755,213580,2022-02-04
4048,338,April 2020,211335,2000,796,212539,2024-04-09
4049,338,May 2020,211335,0,832,210503,2022-05-31
4050,338,June 2020,211335,0,907,210428,2024-01-23
4051,338,July 2020,211335,0,831,210504,2024-11-10
4052,338,August 2020,211335,2000,1698,211637,2024-01-04
4053,338,September 2020,211335,1000,177,212158,2023-02-03
4054,338,October 2020,211335,3000,1952,212383,2024-04-28
4055,338,November 2020,211335,2000,46,213289,2023-10-30
4056,338,December 2020,211335,2000,126,213209,2022-10-20
4057,339,January 2020,207452,3000,1483,208969,2023-12-14
4058,339,February 2020,207452,3000,705,209747,2022-05-25
4059,339,March 2020,207452,0,1058,206394,2025-07-21
4060,339,April 2020,207452,2000,1765,207687,2022-09-04
4061,339,May 2020,207452,2000,1765,207687,2022-04-27
4062,339,June 2020,207452,1000,39,208413,2023-11-12
4063,339,July 2020,207452,1000,1049,207403,2022-12-14
4064,339,August 2020,207452,0,87,207365,2024-12-02
4065,339,September 2020,207452,3000,1418,209034,2025-11-25
4066,339,October 2020,207452,2000,1473,207979,2023-11-04
4067,339,November 2020,207452,3000,578,209874,2025-10-29
4068,339,December 2020,207452,1000,834,207618,2025-01-07
4069,340,January 2020,197807,2000,1982,197825,2023-09-17
4070,340,February 2020,197807,3000,1744,199063,2025-08-17
4071,340,March 2020,197807,1000,905,197902,2023-03-08
4072,340,April 2020,197807,1000,1684,197123,2023-11-10
4073,340,May 2020,197807,3000,1058,199749,2024-08-26
4074,340,June 2020,197807,3000,1758,199049,2022-06-21
4075,340,July 2020,197807,2000,262,199545,2023-01-19
4076,340,August 2020,197807,2000,442,199365,2025-01-23
4077,340,September 2020,197807,1000,1720,197087,2024-12-16
4078,340,October 2020,197807,0,1438,196369,2025-02-18
4079,340,November 2020,197807,2000,1190,198617,2024-11-22
4080,340,December 2020,197807,2000,1378,198429,2025-04-26
4081,341,January 2020,175690,2000,1554,176136,2022-11-19
4082,341,February 2020,175690,0,1445,174245,2024-12-10
4083,341,March 2020,175690,2000,458,177232,2024-08-06
4084,341,April 2020,175690,3000,1985,176705,2025-06-24
4085,341,May 2020,175690,0,1234,174456,2024-01-15
4086,341,June 2020,175690,2000,715,176975,2025-01-05
4087,341,July 2020,175690,1000,1412,175278,2025-02-03
4088,341,August 2020,175690,3000,128,178562,2022-08-31
4089,341,September 2020,175690,1000,331,176359,2024-01-31
4090,341,October 2020,175690,3000,48,178642,2023-02-08
4091,341,November 2020,175690,3000,1637,177053,2024-05-07
4092,341,December 2020,175690,1000,775,175915,2023-01-03
4093,342,January 2020,270170,1000,550,270620,2023-01-29
4094,342,February 2020,270170,0,1216,268954,2023-01-18
4095,342,March 2020,270170,0,950,269220,2022-02-20
4096,342,April 2020,270170,3000,1375,271795,2025-07-12
4097,342,May 2020,270170,0,356,269814,2023-12-27
4098,342,June 2020,270170,0,115,270055,2024-09-11
4099,342,July 2020,270170,3000,277,272893,2022-01-24
4100,342,August 2020,270170,1000,1289,269881,2022-11-08
4101,342,September 2020,270170,3000,462,272708,2023-03-10
4102,342,October 2020,270170,3000,749,272421,2024-07-05
4103,342,November 2020,270170,0,1849,268321,2025-07-19
4104,342,December 2020,270170,3000,821,272349,2025-11-18
4105,343,January 2020,77094,1000,1792,76302,2024-08-13
4106,343,February 2020,77094,3000,1155,78939,2024-08-27
4107,343,March 2020,77094,2000,1962,77132,2024-04-19
4108,343,April 2020,77094,0,1903,75191,2024-01-20
4109,343,May 2020,77094,3000,391,79703,2023-08-30
4110,343,June 2020,77094,1000,1645,76449,2022-02-12
4111,343,July 2020,77094,1000,1890,76204,2023-10-08
4112,343,August 2020,77094,1000,1140,76954,2022-06-03
4113,343,September 2020,77094,1000,1436,76658,2022-08-21
4114,343,October 2020,77094,0,1885,75209,2025-08-21
4115,343,November 2020,77094,2000,1910,77184,2022-07-13
4116,343,December 2020,77094,2000,1260,77834,2025-02-06
4117,344,January 2020,178301,2000,893,179408,2024-04-28
4118,344,February 2020,178301,1000,749,178552,2025-04-20
4119,344,March 2020,178301,1000,72,179229,2022-08-23
4120,344,April 2020,178301,2000,119,180182,2022-12-06
4121,344,May 2020,178301,2000,1655,178646,2023-02-05
4122,344,June 2020,178301,1000,1948,177353,2023-10-23
4123,344,July 2020,178301,0,1341,176960,2024-11-04
4124,344,August 2020,178301,3000,215,181086,2023-04-23
4125,344,September 2020,178301,1000,1712,177589,2023-05-29
4126,344,October 2020,178301,2000,973,179328,2024-07-13
4127,344,November 2020,178301,0,1868,176433,2025-09-30
4128,344,December 2020,178301,1000,1210,178091,2024-09-06
4129,345,January 2020,206781,1000,1924,205857,2025-08-04
4130,345,February 2020,206781,0,1422,205359,2024-02-05
4131,345,March 2020,206781,0,1172,205609,2025-08-04
4132,345,April 2020,206781,0,1572,205209,2023-01-13
4133,345,May 2020,206781,3000,760,209021,2023-03-26
4134,345,June 2020,206781,0,1630,205151,2025-09-07
4135,345,July 2020,206781,1000,68,207713,2024-06-17
4136,345,August 2020,206781,0,1671,205110,2025-10-24
4137,345,September 2020,206781,3000,708,209073,2025-12-24
4138,345,October 2020,206781,3000,1969,207812,2023-03-01
4139,345,November 2020,206781,3000,76,209705,2025-04-01
4140,345,December 2020,206781,0,1879,204902,2023-05-21
4141,346,January 2020,199101,2000,870,200231,2023-03-05
4142,346,February 2020,199101,0,857,198244,2024-07-19
4143,346,March 2020,199101,3000,564,201537,2023-04-18
4144,346,April 2020,199101,2000,159,200942,2022-03-13
4145,346,May 2020,199101,1000,1279,198822,2023-06-21
4146,346,June 2020,199101,2000,732,200369,2022-12-26
4147,346,July 2020,199101,2000,1343,199758,2022-01-15
4148,346,August 2020,199101,2000,1022,200079,2022-06-24
4149,346,September 2020,199101,3000,1970,200131,2024-12-31
4150,346,October 2020,199101,3000,672,201429,2023-03-31
4151,346,November 2020,199101,3000,785,201316,2023-02-24
4152,346,December 2020,199101,0,1761,197340,2022-12-14
4153,347,January 2020,223695,2000,175,225520,2025-05-16
4154,347,February 2020,223695,3000,1333,225362,2023-08-02
4155,347,March 2020,223695,2000,1069,224626,2025-04-16
4156,347,April 2020,223695,1000,1085,223610,2024-12-05
4157,347,May 2020,223695,0,1780,221915,2022-01-04
4158,347,June 2020,223695,0,1388,222307,2025-10-02
4159,347,July 2020,223695,0,274,223421,2025-04-08
4160,347,August 2020,223695,2000,1218,224477,2024-10-10
4161,347,September 2020,223695,0,484,223211,2022-02-16
4162,347,October 2020,223695,3000,598,226097,2022-04-09
4163,347,November 2020,223695,3000,1570,225125,2022-04-21
4164,347,December 2020,223695,3000,344,226351,2023-10-05
4165,348,January 2020,86346,2000,1429,86917,2022-03-05
4166,348,February 2020,86346,1000,1941,85405,2025-09-01
4167,348,March 2020,86346,0,9,86337,2022-07-06
4168,348,April 2020,86346,3000,1545,87801,2022-10-30
4169,348,May 2020,86346,1000,150,87196,2023-08-19
4170,348,June 2020,86346,3000,1102,88244,2025-08-13
4171,348,July 2020,86346,1000,429,86917,2023-07-07
4172,348,August 2020,86346,2000,877,87469,2022-12-25
4173,348,September 2020,86346,2000,1369,86977,2023-02-27
4174,348,October 2020,86346,0,1285,85061,2022-02-21
4175,348,November 2020,86346,1000,537,86809,2022-11-12
4176,348,December 2020,86346,0,733,85613,2024-02-06
4177,349,January 2020,76109,1000,156,76953,2022-02-24
4178,349,February 2020,76109,3000,1708,77401,2024-02-12
4179,349,March 2020,76109,2000,611,77498,2025-06-24
4180,349,April 2020,76109,3000,424,78685,2023-09-22
4181,349,May 2020,76109,1000,267,76842,2022-07-15
4182,349,June 2020,76109,0,1475,74634,2023-11-16
4183,349,July 2020,76109,0,653,75456,2025-11-09
4184,349,August 2020,76109,2000,1159,76950,2025-12-25
4185,349,September 2020,76109,3000,1387,77722,2022-05-31
4186,349,October 2020,76109,3000,81,79028,2022-10-24
4187,349,November 2020,76109,1000,599,76510,2024-02-09
4188,349,December 2020,76109,3000,1329,77780,2024-10-24
4189,350,January 2020,202375,3000,1175,204200,2024-06-21
4190,350,February 2020,202375,1000,1556,201819,2025-04-15
4191,350,March 2020,202375,0,755,201620,2023-11-08
4192,350,April 2020,202375,0,1338,201037,2022-03-17
4193,350,May 2020,202375,3000,993,204382,2025-06-22
4194,350,June 2020,202375,0,1764,200611,2023-08-20
4195,350,July 2020,202375,3000,979,204396,2025-07-30
4196,350,August 2020,202375,1000,685,202690,2025-03-27
4197,350,September 2020,202375,0,1020,201355,2024-11-16
4198,350,October 2020,202375,2000,305,204070,2023-10-22
4199,350,November 2020,202375,1000,1292,202083,2022-05-10
4200,350,December 2020,202375,0,1121,201254,2022-12-25
4201,351,January 2020,275430,2000,1722,275708,2025-04-24
4202,351,February 2020,275430,1000,552,275878,2023-06-26
4203,351,March 2020,275430,0,1930,273500,2025-08-30
4204,351,April 2020,275430,2000,1447,275983,2023-11-30
4205,351,May 2020,275430,1000,1059,275371,2023-03-29
4206,351,June 2020,275430,2000,1648,275782,2024-08-30
4207,351,July 2020,275430,3000,1189,277241,2025-06-24
4208,351,August 2020,275430,3000,1615,276815,2022-07-27
4209,351,September 2020,275430,1000,297,276133,2024-12-08
4210,351,October 2020,275430,1000,1565,274865,2024-02-01
4211,351,November 2020,275430,1000,1172,275258,2023-05-09
4212,351,December 2020,275430,2000,769,276661,2023-02-27
4213,352,January 2020,244851,3000,1907,245944,2023-03-05
4214,352,February 2020,244851,3000,1166,246685,2025-07-17
4215,352,March 2020,244851,0,1103,243748,2024-08-21
4216,352,April 2020,244851,2000,1194,245657,2022-07-27
4217,352,May 2020,244851,1000,943,244908,2023-09-07
4218,352,June 2020,244851,2000,306,246545,2025-07-10
4219,352,July 2020,244851,2000,698,246153,2023-08-23
4220,352,August 2020,244851,0,1222,243629,2025-07-12
4221,352,September 2020,244851,1000,214,245637,2025-11-30
4222,352,October 2020,244851,2000,810,246041,2022-11-22
4223,352,November 2020,244851,0,1682,243169,2025-02-22
4224,352,December 2020,244851,3000,256,247595,2024-03-02
4225,353,January 2020,233431,3000,1760,234671,2025-05-26
4226,353,February 2020,233431,2000,491,234940,2023-08-02
4227,353,March 2020,233431,0,1839,231592,2023-09-22
4228,353,April 2020,233431,2000,1673,233758,2025-07-20
4229,353,May 2020,233431,2000,1574,233857,2025-06-11
4230,353,June 2020,233431,0,1709,231722,2025-04-28
4231,353,July 2020,233431,2000,1623,233808,2024-03-04
4232,353,August 2020,233431,0,1318,232113,2025-08-04
4233,353,September 2020,233431,3000,1875,234556,2023-05-20
4234,353,October 2020,233431,1000,828,233603,2024-09-17
4235,353,November 2020,233431,0,1580,231851,2022-04-13
4236,353,December 2020,233431,0,990,232441,2023-11-21
4237,354,January 2020,186855,2000,1184,187671,2024-02-28
4238,354,February 2020,186855,2000,452,188403,2025-05-18
4239,354,March 2020,186855,3000,614,189241,2025-02-28
4240,354,April 2020,186855,3000,1157,188698,2024-05-12
4241,354,May 2020,186855,2000,1539,187316,2022-05-05
4242,354,June 2020,186855,2000,1706,187149,2025-03-21
4243,354,July 2020,186855,1000,682,187173,2022-11-05
4244,354,August 2020,186855,0,1492,185363,2024-03-11
4245,354,September 2020,186855,0,972,185883,2022-03-02
4246,354,October 2020,186855,0,1626,185229,2024-02-13
4247,354,November 2020,186855,3000,1162,188693,2022-08-17
4248,354,December 2020,186855,3000,565,189290,2024-07-03
4249,355,January 2020,175839,2000,1631,176208,2023-02-23
4250,355,February 2020,175839,0,42,175797,2025-03-31
4251,355,March 2020,175839,1000,590,176249,2025-02-18
4252,355,April 2020,175839,1000,1559,175280,2025-02-14
4253,355,May 2020,175839,3000,51,178788,2023-05-25
4254,355,June 2020,175839,3000,1702,177137,2022-06-03
4255,355,July 2020,175839,1000,1290,175549,2025-04-20
4256,355,August 2020,175839,3000,1380,177459,2025-09-19
4257,355,September 2020,175839,2000,806,177033,2022-02-23
4258,355,October 2020,175839,3000,538,178301,2025-08-07
4259,355,November 2020,175839,2000,1887,175952,2022-06-10
4260,355,December 2020,175839,2000,122,177717,2022-12-18
4261,356,January 2020,122346,1000,1304,122042,2023-10-19
4262,356,February 2020,122346,3000,859,124487,2024-07-26
4263,356,March 2020,122346,3000,1019,124327,2022-12-07
4264,356,April 2020,122346,3000,1934,123412,2023-04-17
4265,356,May 2020,122346,2000,430,123916,2024-08-01
4266,356,June 2020,122346,2000,1151,123195,2023-12-11
4267,356,July 2020,122346,0,926,121420,2023-02-07
4268,356,August 2020,122346,0,1914,120432,2022-08-13
4269,356,September 2020,122346,1000,897,122449,2022-04-20
4270,356,October 2020,122346,1000,904,122442,2024-07-29
4271,356,November 2020,122346,2000,435,123911,2024-09-30
4272,356,December 2020,122346,2000,1098,123248,2023-12-24
4273,357,January 2020,279991,1000,546,280445,2025-01-29
4274,357,February 2020,279991,3000,1578,281413,2023-12-03
4275,357,March 2020,279991,0,1630,278361,2023-05-05
4276,357,April 2020,279991,3000,433,282558,2024-12-15
4277,357,May 2020,279991,3000,1651,281340,2022-08-31
4278,357,June 2020,279991,3000,712,282279,2024-04-19
4279,357,July 2020,279991,0,1732,278259,2025-05-01
4280,357,August 2020,279991,3000,648,282343,2025-03-29
4281,357,September 2020,279991,2000,311,281680,2023-01-06
4282,357,October 2020,279991,0,1822,278169,2023-09-21
4283,357,November 2020,279991,3000,1587,281404,2023-02-02
4284,357,December 2020,279991,2000,1253,280738,2025-05-02
4285,358,January 2020,72107,0,48,72059,2024-09-13
4286,358,February 2020,72107,1000,1783,71324,2022-02-05
4287,358,March 2020,72107,3000,882,74225,2025-05-27
4288,358,April 2020,72107,3000,759,74348,2024-07-01
4289,358,May 2020,72107,0,1898,70209,2023-06-13
4290,358,June 2020,72107,2000,1873,72234,2022-04-27
4291,358,July 2020,72107,1000,822,72285,2025-09-25
4292,358,August 2020,72107,2000,390,73717,2023-11-22
4293,358,September 2020,72107,0,741,71366,2023-02-01
4294,358,October 2020,72107,1000,518,72589,2023-11-03
4295,358,November 2020,72107,2000,1021,73086,2023-05-06
4296,358,December 2020,72107,2000,668,73439,2022-09-07
4297,359,January 2020,203502,0,914,202588,2024-04-19
4298,359,February 2020,203502,1000,328,204174,2022-04-28
4299,359,March 2020,203502,1000,1347,203155,2022-07-14
4300,359,April 2020,203502,3000,1750,204752,2025-06-07
4301,359,May 2020,203502,3000,817,205685,2023-02-14
4302,359,June 2020,203502,3000,12,206490,2022-07-15
4303,359,July 2020,203502,1000,423,204079,2024-10-20
4304,359,August 2020,203502,1000,1421,203081,2025-12-11
4305,359,September 2020,203502,3000,201,206301,2022-11-01
4306,359,October 2020,203502,3000,598,205904,2025-08-04
4307,359,November 2020,203502,2000,1783,203719,2022-09-02
4308,359,December 2020,203502,1000,123,204379,2025-05-11
4309,360,January 2020,284661,3000,1335,286326,2023-09-11
4310,360,February 2020,284661,2000,1010,285651,2022-08-31
4311,360,March 2020,284661,2000,1634,285027,2025-05-11
4312,360,April 2020,284661,1000,1633,284028,2022-01-04
4313,360,May 2020,284661,0,476,284185,2024-01-19
4314,360,June 2020,284661,3000,73,287588,2024-08-01
4315,360,July 2020,284661,3000,1667,285994,2024-08-26
4316,360,August 2020,284661,0,606,284055,2024-05-04
4317,360,September 2020,284661,3000,1481,286180,2025-11-07
4318,360,October 2020,284661,1000,937,284724,2025-03-28
4319,360,November 2020,284661,3000,1780,285881,2025-11-30
4320,360,December 2020,284661,3000,751,286910,2025-08-16
4321,361,January 2020,259650,2000,597,261053,2025-08-30
4322,361,February 2020,259650,1000,1193,259457,2022-03-17
4323,361,March 2020,259650,2000,1876,259774,2025-03-14
4324,361,April 2020,259650,3000,1727,260923,2022-12-06
4325,361,May 2020,259650,3000,1280,261370,2024-04-08
4326,361,June 2020,259650,2000,861,260789,2025-05-17
4327,361,July 2020,259650,3000,1150,261500,2024-07-24
4328,361,August 2020,259650,1000,823,259827,2024-04-01
4329,361,September 2020,259650,3000,160,262490,2025-12-01
4330,361,October 2020,259650,2000,1099,260551,2023-04-16
4331,361,November 2020,259650,1000,1155,259495,2023-09-08
4332,361,December 2020,259650,1000,1090,259560,2022-09-18
4333,362,January 2020,188385,1000,380,189005,2022-03-31
4334,362,February 2020,188385,3000,212,191173,2024-04-11
4335,362,March 2020,188385,3000,1193,190192,2025-06-28
4336,362,April 2020,188385,3000,1280,190105,2022-11-13
4337,362,May 2020,188385,2000,1120,189265,2024-08-15
4338,362,June 2020,188385,2000,496,189889,2025-02-13
4339,362,July 2020,188385,1000,1750,187635,2024-05-20
4340,362,August 2020,188385,2000,1333,189052,2022-12-05
4341,362,September 2020,188385,3000,1475,189910,2023-05-11
4342,362,October 2020,188385,3000,307,191078,2022-03-03
4343,362,November 2020,188385,3000,746,190639,2024-08-02
4344,362,December 2020,188385,1000,736,188649,2023-05-04
4345,363,January 2020,211608,2000,1736,211872,2023-05-10
4346,363,February 2020,211608,1000,1452,211156,2023-08-22
4347,363,March 2020,211608,2000,471,213137,2022-06-29
4348,363,April 2020,211608,3000,444,214164,2024-07-18
4349,363,May 2020,211608,1000,1785,210823,2025-06-15
4350,363,June 2020,211608,3000,289,214319,2023-07-14
4351,363,July 2020,211608,0,1362,210246,2025-03-31
4352,363,August 2020,211608,3000,270,214338,2024-08-16
4353,363,September 2020,211608,2000,767,212841,2022-12-18
4354,363,October 2020,211608,1000,521,212087,2023-07-23
4355,363,November 2020,211608,3000,547,214061,2025-05-07
4356,363,December 2020,211608,3000,1816,212792,2025-09-14
4357,364,January 2020,90582,0,597,89985,2022-05-06
4358,364,February 2020,90582,2000,358,92224,2025-08-02
4359,364,March 2020,90582,1000,1940,89642,2023-07-14
4360,364,April 2020,90582,3000,853,92729,2023-11-28
4361,364,May 2020,90582,1000,194,91388,2024-03-06
4362,364,June 2020,90582,1000,1433,90149,2024-10-09
4363,364,July 2020,90582,3000,1990,91592,2024-04-08
4364,364,August 2020,90582,2000,756,91826,2025-05-26
4365,364,September 2020,90582,0,1455,89127,2025-07-17
4366,364,October 2020,90582,0,326,90256,2022-02-06
4367,364,November 2020,90582,3000,1573,92009,2024-06-18
4368,364,December 2020,90582,2000,410,92172,2025-01-07
4369,365,January 2020,192555,3000,901,194654,2024-06-12
4370,365,February 2020,192555,2000,842,193713,2022-05-24
4371,365,March 2020,192555,3000,1599,193956,2025-01-27
4372,365,April 2020,192555,1000,866,192689,2023-01-30
4373,365,May 2020,192555,1000,913,192642,2025-08-16
4374,365,June 2020,192555,0,1238,191317,2024-01-14
4375,365,July 2020,192555,0,425,192130,2022-09-12
4376,365,August 2020,192555,1000,743,192812,2023-08-08
4377,365,September 2020,192555,3000,1507,194048,2025-12-09
4378,365,October 2020,192555,3000,355,195200,2025-10-29
4379,365,November 2020,192555,0,736,191819,2025-03-06
4380,365,December 2020,192555,0,1186,191369,2025-08-20
4381,366,January 2020,131190,2000,1868,131322,2023-05-07
4382,366,February 2020,131190,0,683,130507,2022-04-10
4383,366,March 2020,131190,3000,223,133967,2024-07-25
4384,366,April 2020,131190,3000,40,134150,2024-09-23
4385,366,May 2020,131190,1000,1685,130505,2025-06-25
4386,366,June 2020,131190,0,830,130360,2023-11-08
4387,366,July 2020,131190,3000,781,133409,2023-08-17
4388,366,August 2020,131190,0,900,130290,2022-05-15
4389,366,September 2020,131190,3000,304,133886,2022-12-11
4390,366,October 2020,131190,3000,1448,132742,2025-01-24
4391,366,November 2020,131190,2000,1330,131860,2025-09-12
4392,366,December 2020,131190,0,463,130727,2022-03-02
4393,367,January 2020,91605,1000,60,92545,2025-03-22
4394,367,February 2020,91605,3000,356,94249,2024-07-18
4395,367,March 2020,91605,3000,854,93751,2023-11-30
4396,367,April 2020,91605,3000,1339,93266,2025-09-07
4397,367,May 2020,91605,3000,350,94255,2024-11-23
4398,367,June 2020,91605,3000,1114,93491,2025-05-07
4399,367,July 2020,91605,0,1443,90162,2023-05-15
4400,367,August 2020,91605,3000,502,94103,2024-04-14
4401,367,September 2020,91605,1000,1905,90700,2024-11-07
4402,367,October 2020,91605,3000,1243,93362,2022-12-13
4403,367,November 2020,91605,2000,1313,92292,2022-08-02
4404,367,December 2020,91605,3000,1156,93449,2022-07-31
4405,368,January 2020,77067,0,967,76100,2025-12-26
4406,368,February 2020,77067,3000,1414,78653,2022-02-21
4407,368,March 2020,77067,3000,785,79282,2022-07-29
4408,368,April 2020,77067,1000,102,77965,2023-11-05
4409,368,May 2020,77067,0,1095,75972,2023-12-24
4410,368,June 2020,77067,1000,1529,76538,2024-06-23
4411,368,July 2020,77067,0,106,76961,2023-06-26
4412,368,August 2020,77067,3000,303,79764,2023-10-11
4413,368,September 2020,77067,2000,768,78299,2025-10-16
4414,368,October 2020,77067,0,137,76930,2024-12-17
4415,368,November 2020,77067,1000,850,77217,2023-01-28
4416,368,December 2020,77067,2000,1915,77152,2022-03-08
4417,369,January 2020,161139,3000,742,163397,2025-10-16
4418,369,February 2020,161139,0,1891,159248,2022-05-16
4419,369,March 2020,161139,2000,840,162299,2025-08-12
4420,369,April 2020,161139,1000,1429,160710,2025-05-15
4421,369,May 2020,161139,0,497,160642,2023-12-08
4422,369,June 2020,161139,1000,662,161477,2024-01-18
4423,369,July 2020,161139,2000,364,162775,2025-05-07
4424,369,August 2020,161139,0,1796,159343,2022-08-21
4425,369,September 2020,161139,1000,882,161257,2023-07-28
4426,369,October 2020,161139,2000,1093,162046,2024-02-09
4427,369,November 2020,161139,3000,1352,162787,2025-12-30
4428,369,December 2020,161139,0,1775,159364,2024-01-16
4429,370,January 2020,87061,2000,1892,87169,2023-12-01
4430,370,February 2020,87061,1000,491,87570,2022-10-13
4431,370,March 2020,87061,2000,1311,87750,2025-03-15
4432,370,April 2020,87061,3000,414,89647,2024-05-27
4433,370,May 2020,87061,3000,1321,88740,2025-11-30
4434,370,June 2020,87061,1000,533,87528,2023-06-07
4435,370,July 2020,87061,3000,521,89540,2023-09-23
4436,370,August 2020,87061,2000,1304,87757,2023-09-07
4437,370,September 2020,87061,1000,108,87953,2025-09-12
4438,370,October 2020,87061,2000,1676,87385,2022-11-29
4439,370,November 2020,87061,3000,1520,88541,2022-02-13
4440,370,December 2020,87061,2000,889,88172,2022-04-10
4441,371,January 2020,173137,3000,523,175614,2023-02-05
4442,371,February 2020,173137,3000,1763,174374,2025-12-01
4443,371,March 2020,173137,3000,1027,175110,2022-01-27
4444,371,April 2020,173137,0,724,172413,2025-10-13
4445,371,May 2020,173137,2000,1421,173716,2024-09-29
4446,371,June 2020,173137,1000,284,173853,2025-03-30
4447,371,July 2020,173137,1000,715,173422,2022-10-21
4448,371,August 2020,173137,1000,108,174029,2022-04-19
4449,371,September 2020,173137,0,615,172522,2022-09-15
4450,371,October 2020,173137,0,869,172268,2025-09-15
4451,371,November 2020,173137,3000,1930,174207,2023-08-25
4452,371,December 2020,173137,1000,836,173301,2024-07-06
4453,372,January 2020,114877,0,612,114265,2025-09-09
4454,372,February 2020,114877,1000,1635,114242,2024-11-06
4455,372,March 2020,114877,2000,1937,114940,2024-06-24
4456,372,April 2020,114877,2000,521,116356,2025-02-20
4457,372,May 2020,114877,2000,1577,115300,2025-10-16
4458,372,June 2020,114877,1000,572,115305,2025-06-10
4459,372,July 2020,114877,1000,1064,114813,2025-12-01
4460,372,August 2020,114877,1000,50,115827,2023-09-23
4461,372,September 2020,114877,0,174,114703,2023-06-23
4462,372,October 2020,114877,3000,237,117640,2023-11-21
4463,372,November 2020,114877,2000,568,116309,2023-02-10
4464,372,December 2020,114877,2000,1843,115034,2022-05-06
4465,373,January 2020,252423,1000,1144,252279,2022-12-17
4466,373,February 2020,252423,2000,127,254296,2024-04-01
4467,373,March 2020,252423,0,794,251629,2022-11-06
4468,373,April 2020,252423,2000,535,253888,2022-06-23
4469,373,May 2020,252423,1000,850,252573,2025-10-24
4470,373,June 2020,252423,1000,1068,252355,2023-05-06
4471,373,July 2020,252423,3000,417,255006,2024-03-15
4472,373,August 2020,252423,1000,788,252635,2025-10-19
4473,373,September 2020,252423,3000,1883,253540,2022-07-03
4474,373,October 2020,252423,0,1326,251097,2025-10-03
4475,373,November 2020,252423,0,1472,250951,2025-01-27
4476,373,December 2020,252423,3000,590,254833,2023-06-14
4477,374,January 2020,88506,0,247,88259,2025-03-10
4478,374,February 2020,88506,0,1991,86515,2023-12-11
4479,374,March 2020,88506,2000,242,90264,2022-10-28
4480,374,April 2020,88506,2000,366,90140,2025-05-29
4481,374,May 2020,88506,0,284,88222,2024-04-30
4482,374,June 2020,88506,0,223,88283,2025-10-25
4483,374,July 2020,88506,0,9,88497,2023-12-23
4484,374,August 2020,88506,1000,1483,88023,2023-07-14
4485,374,September 2020,88506,0,593,87913,2024-09-23
4486,374,October 2020,88506,2000,1816,88690,2025-01-28
4487,374,November 2020,88506,2000,1809,88697,2024-08-25
4488,374,December 2020,88506,1000,303,89203,2023-08-02
4489,375,January 2020,208012,1000,1896,207116,2023-07-29
4490,375,February 2020,208012,2000,171,209841,2023-05-19
4491,375,March 2020,208012,3000,1727,209285,2022-11-05
4492,375,April 2020,208012,1000,113,208899,2025-02-19
4493,375,May 2020,208012,2000,58,209954,2024-04-29
4494,375,June 2020,208012,0,195,207817,2022-06-18
4495,375,July 2020,208012,1000,1040,207972,2025-01-04
4496,375,August 2020,208012,0,526,207486,2024-10-24
4497,375,September 2020,208012,0,1804,206208,2024-10-15
4498,375,October 2020,208012,3000,191,210821,2023-11-03
4499,375,November 2020,208012,3000,699,210313,2022-04-20
4500,375,December 2020,208012,1000,121,208891,2024-08-12
4501,376,January 2020,103458,0,1198,102260,2023-12-20
4502,376,February 2020,103458,1000,1002,103456,2025-08-29
4503,376,March 2020,103458,0,1833,101625,2024-09-30
4504,376,April 2020,103458,1000,1220,103238,2022-11-30
4505,376,May 2020,103458,3000,1683,104775,2025-01-13
4506,376,June 2020,103458,2000,637,104821,2023-05-27
4507,376,July 2020,103458,1000,644,103814,2023-02-17
4508,376,August 2020,103458,3000,1236,105222,2024-01-11
4509,376,September 2020,103458,3000,1335,105123,2022-04-22
4510,376,October 2020,103458,3000,243,106215,2022-07-15
4511,376,November 2020,103458,1000,953,103505,2025-07-23
4512,376,December 2020,103458,2000,1873,103585,2023-11-27
4513,377,January 2020,114246,3000,316,116930,2022-08-03
4514,377,February 2020,114246,2000,105,116141,2023-10-18
4515,377,March 2020,114246,1000,27,115219,2023-08-09
4516,377,April 2020,114246,1000,1979,113267,2023-07-18
4517,377,May 2020,114246,0,41,114205,2024-08-06
4518,377,June 2020,114246,0,1599,112647,2025-02-01
4519,377,July 2020,114246,2000,1774,114472,2024-05-22
4520,377,August 2020,114246,2000,159,116087,2025-10-02
4521,377,September 2020,114246,0,853,113393,2022-07-02
4522,377,October 2020,114246,1000,581,114665,2022-02-09
4523,377,November 2020,114246,2000,1373,114873,2025-02-06
4524,377,December 2020,114246,3000,758,116488,2022-07-25
4525,378,January 2020,105099,1000,465,105634,2022-03-22
4526,378,February 2020,105099,0,1279,103820,2022-02-15
4527,378,March 2020,105099,2000,1741,105358,2022-01-02
4528,378,April 2020,105099,0,697,104402,2023-11-28
4529,378,May 2020,105099,2000,1862,105237,2023-08-08
4530,378,June 2020,105099,3000,1338,106761,2023-12-22
4531,378,July 2020,105099,0,1105,103994,2023-02-28
4532,378,August 2020,105099,3000,552,107547,2022-10-06
4533,378,September 2020,105099,1000,1798,104301,2024-04-02
4534,378,October 2020,105099,0,1753,103346,2025-11-25
4535,378,November 2020,105099,1000,1271,104828,2025-11-29
4536,378,December 2020,105099,3000,1963,106136,2022-05-24
4537,379,January 2020,148684,0,825,147859,2025-09-23
4538,379,February 2020,148684,2000,1553,149131,2025-10-29
4539,379,March 2020,148684,1000,665,149019,2022-12-27
4540,379,April 2020,148684,2000,1814,148870,2024-02-15
4541,379,May 2020,148684,0,1446,147238,2025-07-22
4542,379,June 2020,148684,0,501,148183,2022-10-30
4543,379,July 2020,148684,1000,817,148867,2022-05-10
4544,379,August 2020,148684,1000,562,149122,2023-03-03
4545,379,September 2020,148684,3000,740,150944,2022-09-23
4546,379,October 2020,148684,2000,1896,148788,2022-10-28
4547,379,November 2020,148684,1000,1306,148378,2025-03-08
4548,379,December 2020,148684,0,1770,146914,2025-10-11
4549,380,January 2020,224932,0,1240,223692,2024-03-28
4550,380,February 2020,224932,0,386,224546,2022-02-26
4551,380,March 2020,224932,2000,963,225969,2024-05-13
4552,380,April 2020,224932,3000,1854,226078,2023-05-17
4553,380,May 2020,224932,2000,1366,225566,2025-10-06
4554,380,June 2020,224932,0,1455,223477,2024-12-09
4555,380,July 2020,224932,1000,1623,224309,2022-10-26
4556,380,August 2020,224932,3000,1243,226689,2024-08-15
4557,380,September 2020,224932,3000,1683,226249,2025-12-03
4558,380,October 2020,224932,1000,1525,224407,2023-06-08
4559,380,November 2020,224932,3000,1043,226889,2023-08-27
4560,380,December 2020,224932,2000,691,226241,2025-07-15
4561,381,January 2020,198942,3000,1271,200671,2024-05-10
4562,381,February 2020,198942,0,1444,197498,2022-06-26
4563,381,March 2020,198942,3000,883,201059,2022-03-12
4564,381,April 2020,198942,3000,1770,200172,2024-10-03
4565,381,May 2020,198942,2000,1385,199557,2024-07-10
4566,381,June 2020,198942,1000,1665,198277,2025-02-12
4567,381,July 2020,198942,0,621,198321,2023-03-09
4568,381,August 2020,198942,2000,1015,199927,2023-03-21
4569,381,September 2020,198942,1000,394,199548,2022-10-14
4570,381,October 2020,198942,2000,285,200657,2022-03-29
4571,381,November 2020,198942,3000,1704,200238,2024-01-06
4572,381,December 2020,198942,0,1931,197011,2022-11-17
4573,382,January 2020,204460,2000,1923,204537,2022-02-13
4574,382,February 2020,204460,0,328,204132,2022-10-15
4575,382,March 2020,204460,2000,667,205793,2023-01-18
4576,382,April 2020,204460,1000,40,205420,2022-06-11
4577,382,May 2020,204460,3000,674,206786,2024-03-06
4578,382,June 2020,204460,2000,146,206314,2022-08-29
4579,382,July 2020,204460,0,988,203472,2023-06-13
4580,382,August 2020,204460,3000,20,207440,2025-02-27
4581,382,September 2020,204460,2000,1190,205270,2024-08-11
4582,382,October 2020,204460,0,1113,203347,2022-06-24
4583,382,November 2020,204460,0,16,204444,2022-08-31
4584,382,December 2020,204460,2000,199,206261,2022-12-04
4585,383,January 2020,163743,1000,1444,163299,2025-03-20
4586,383,February 2020,163743,0,1830,161913,2023-11-23
4587,383,March 2020,163743,3000,1234,165509,2025-02-16
4588,383,April 2020,163743,1000,1229,163514,2022-02-09
4589,383,May 2020,163743,3000,1764,164979,2023-04-02
4590,383,June 2020,163743,0,619,163124,2022-08-02
4591,383,July 2020,163743,0,1793,161950,2023-04-20
4592,383,August 2020,163743,2000,444,165299,2024-05-20
4593,383,September 2020,163743,1000,1963,162780,2022-11-05
4594,383,October 2020,163743,3000,779,165964,2024-08-07
4595,383,November 2020,163743,1000,1810,162933,2023-02-18
4596,383,December 2020,163743,1000,219,164524,2023-04-27
4597,384,January 2020,102344,0,741,101603,2023-01-08
4598,384,February 2020,102344,3000,1043,104301,2023-08-16
4599,384,March 2020,102344,1000,161,103183,2022-12-23
4600,384,April 2020,102344,2000,470,103874,2024-02-01
4601,384,May 2020,102344,0,1061,101283,2023-05-26
4602,384,June 2020,102344,2000,48,104296,2024-12-27
4603,384,July 2020,102344,1000,1209,102135,2025-12-09
4604,384,August 2020,102344,0,458,101886,2022-10-26
4605,384,September 2020,102344,1000,570,102774,2023-07-19
4606,384,October 2020,102344,0,1026,101318,2024-09-13
4607,384,November 2020,102344,1000,516,102828,2025-05-13
4608,384,December 2020,102344,3000,758,104586,2024-06-23
4609,385,January 2020,177205,2000,1963,177242,2025-12-14
4610,385,February 2020,177205,2000,1675,177530,2025-05-08
4611,385,March 2020,177205,1000,1966,176239,2024-03-10
4612,385,April 2020,177205,1000,903,177302,2023-10-30
4613,385,May 2020,177205,3000,416,179789,2024-04-27
4614,385,June 2020,177205,3000,364,179841,2024-11-12
4615,385,July 2020,177205,0,1872,175333,2024-12-25
4616,385,August 2020,177205,1000,1662,176543,2022-12-15
4617,385,September 2020,177205,1000,274,177931,2025-08-13
4618,385,October 2020,177205,3000,820,179385,2022-11-03
4619,385,November 2020,177205,1000,598,177607,2025-06-22
4620,385,December 2020,177205,2000,409,178796,2025-09-05
4621,386,January 2020,180518,1000,1547,179971,2022-08-08
4622,386,February 2020,180518,0,326,180192,2025-10-24
4623,386,March 2020,180518,1000,1409,180109,2023-05-06
4624,386,April 2020,180518,0,541,179977,2023-12-22
4625,386,May 2020,180518,3000,870,182648,2023-01-17
4626,386,June 2020,180518,3000,1675,181843,2022-02-28
4627,386,July 2020,180518,1000,380,181138,2022-08-26
4628,386,August 2020,180518,3000,1504,182014,2022-03-13
4629,386,September 2020,180518,3000,1991,181527,2022-04-06
4630,386,October 2020,180518,0,626,179892,2023-02-18
4631,386,November 2020,180518,2000,597,181921,2023-09-13
4632,386,December 2020,180518,1000,1886,179632,2024-03-10
4633,387,January 2020,70582,3000,1347,72235,2025-09-18
4634,387,February 2020,70582,0,0,70582,2023-01-29
4635,387,March 2020,70582,1000,1912,69670,2025-02-22
4636,387,April 2020,70582,0,1246,69336,2025-02-24
4637,387,May 2020,70582,3000,1335,72247,2022-11-21
4638,387,June 2020,70582,0,1624,68958,2023-08-13
4639,387,July 2020,70582,1000,1432,70150,2024-01-07
4640,387,August 2020,70582,1000,871,70711,2022-06-02
4641,387,September 2020,70582,2000,523,72059,2023-08-31
4642,387,October 2020,70582,2000,595,71987,2022-02-13
4643,387,November 2020,70582,2000,1492,71090,2024-09-08
4644,387,December 2020,70582,3000,37,73545,2024-07-17
4645,388,January 2020,180333,2000,857,181476,2022-04-23
4646,388,February 2020,180333,2000,1115,181218,2022-06-28
4647,388,March 2020,180333,2000,1677,180656,2022-01-21
4648,388,April 2020,180333,0,1593,178740,2024-05-09
4649,388,May 2020,180333,1000,1360,179973,2024-04-22
4650,388,June 2020,180333,0,1566,178767,2022-11-25
4651,388,July 2020,180333,0,61,180272,2022-05-10
4652,388,August 2020,180333,1000,1215,180118,2022-05-20
4653,388,September 2020,180333,0,1505,178828,2024-09-16
4654,388,October 2020,180333,1000,500,180833,2025-11-09
4655,388,November 2020,180333,2000,96,182237,2025-08-26
4656,388,December 2020,180333,3000,1111,182222,2022-10-05
4657,389,January 2020,176136,0,257,175879,2024-12-02
4658,389,February 2020,176136,0,1484,174652,2023-05-12
4659,389,March 2020,176136,3000,705,178431,2025-03-08
4660,389,April 2020,176136,2000,969,177167,2023-08-11
4661,389,May 2020,176136,3000,1289,177847,2022-04-17
4662,389,June 2020,176136,1000,72,177064,2024-07-29
4663,389,July 2020,176136,3000,1271,177865,2024-01-20
4664,389,August 2020,176136,1000,917,176219,2025-11-02
4665,389,September 2020,176136,1000,1954,175182,2023-04-15
4666,389,October 2020,176136,1000,1374,175762,2022-07-14
4667,389,November 2020,176136,1000,802,176334,2024-09-18
4668,389,December 2020,176136,2000,73,178063,2022-09-09
4669,390,January 2020,174186,1000,1424,173762,2024-03-14
4670,390,February 2020,174186,2000,1832,174354,2023-08-01
4671,390,March 2020,174186,2000,1533,174653,2024-06-15
4672,390,April 2020,174186,1000,161,175025,2023-12-14
4673,390,May 2020,174186,1000,1738,173448,2025-05-31
4674,390,June 2020,174186,2000,1887,174299,2023-07-19
4675,390,July 2020,174186,0,1136,173050,2025-03-20
4676,390,August 2020,174186,3000,1367,175819,2025-07-30
4677,390,September 2020,174186,3000,788,176398,2024-02-04
4678,390,October 2020,174186,2000,694,175492,2023-10-17
4679,390,November 2020,174186,3000,594,176592,2024-07-04
4680,390,December 2020,174186,1000,164,175022,2025-06-11
4681,391,January 2020,236820,0,168,236652,2024-05-03
4682,391,February 2020,236820,3000,1530,238290,2022-08-06
4683,391,March 2020,236820,0,1803,235017,2023-12-01
4684,391,April 2020,236820,1000,419,237401,2023-11-08
4685,391,May 2020,236820,3000,280,239540,2025-04-30
4686,391,June 2020,236820,1000,1719,236101,2025-07-18
4687,391,July 2020,236820,2000,1070,237750,2024-07-29
4688,391,August 2020,236820,3000,1060,238760,2023-01-02
4689,391,September 2020,236820,3000,1111,238709,2025-05-31
4690,391,October 2020,236820,0,1049,235771,2022-01-15
4691,391,November 2020,236820,0,589,236231,2024-02-11
4692,391,December 2020,236820,1000,312,237508,2022-02-25
4693,392,January 2020,153744,1000,1100,153644,2025-10-10
4694,392,February 2020,153744,3000,235,156509,2023-07-06
4695,392,March 2020,153744,1000,659,154085,2025-01-14
4696,392,April 2020,153744,1000,1592,153152,2025-04-25
4697,392,May 2020,153744,3000,451,156293,2025-12-03
4698,392,June 2020,153744,0,1630,152114,2022-05-24
4699,392,July 2020,153744,0,541,153203,2024-07-07
4700,392,August 2020,153744,1000,1404,153340,2024-12-02
4701,392,September 2020,153744,2000,1470,154274,2024-04-14
4702,392,October 2020,153744,3000,1463,155281,2023-04-03
4703,392,November 2020,153744,1000,662,154082,2024-12-16
4704,392,December 2020,153744,3000,118,156626,2022-05-31
4705,393,January 2020,157433,1000,1653,156780,2024-10-16
4706,393,February 2020,157433,0,1857,155576,2025-05-22
4707,393,March 2020,157433,3000,407,160026,2024-10-09
4708,393,April 2020,157433,3000,374,160059,2024-12-08
4709,393,May 2020,157433,3000,501,159932,2025-07-31
4710,393,June 2020,157433,3000,1132,159301,2022-06-14
4711,393,July 2020,157433,3000,1988,158445,2023-02-20
4712,393,August 2020,157433,1000,596,157837,2022-09-22
4713,393,September 2020,157433,2000,674,158759,2023-01-11
4714,393,October 2020,157433,0,1914,155519,2022-02-14
4715,393,November 2020,157433,1000,158,158275,2023-10-07
4716,393,December 2020,157433,3000,297,160136,2022-12-02
4717,394,January 2020,238468,2000,1843,238625,2023-07-12
4718,394,February 2020,238468,0,1345,237123,2025-04-21
4719,394,March 2020,238468,1000,196,239272,2025-04-03
4720,394,April 2020,238468,1000,549,238919,2025-06-05
4721,394,May 2020,238468,3000,373,241095,2023-12-17
4722,394,June 2020,238468,2000,882,239586,2023-06-10
4723,394,July 2020,238468,3000,1028,240440,2024-01-09
4724,394,August 2020,238468,2000,1708,238760,2022-07-11
4725,394,September 2020,238468,2000,861,239607,2024-11-08
4726,394,October 2020,238468,0,42,238426,2022-08-10
4727,394,November 2020,238468,0,1861,236607,2025-07-27
4728,394,December 2020,238468,0,1484,236984,2024-08-13
4729,395,January 2020,156625,3000,1088,158537,2022-04-20
4730,395,February 2020,156625,3000,1961,157664,2025-11-27
4731,395,March 2020,156625,2000,863,157762,2023-11-26
4732,395,April 2020,156625,0,198,156427,2025-05-12
4733,395,May 2020,156625,3000,1446,158179,2022-12-28
4734,395,June 2020,156625,2000,1794,156831,2023-06-13
4735,395,July 2020,156625,3000,917,158708,2024-01-28
4736,395,August 2020,156625,2000,500,158125,2025-06-29
4737,395,September 2020,156625,1000,1960,155665,2025-10-26
4738,395,October 2020,156625,3000,507,159118,2025-04-09
4739,395,November 2020,156625,1000,1360,156265,2022-02-04
4740,395,December 2020,156625,2000,643,157982,2023-07-16
4741,396,January 2020,239464,2000,1314,240150,2023-02-13
4742,396,February 2020,239464,1000,50,240414,2023-09-09
4743,396,March 2020,239464,1000,1744,238720,2024-03-12
4744,396,April 2020,239464,2000,1317,240147,2022-04-06
4745,396,May 2020,239464,1000,118,240346,2025-02-08
4746,396,June 2020,239464,2000,699,240765,2023-09-23
4747,396,July 2020,239464,0,1451,238013,2025-09-23
4748,396,August 2020,239464,1000,199,240265,2023-12-15
4749,396,September 2020,239464,1000,117,240347,2023-01-07
4750,396,October 2020,239464,2000,663,240801,2024-03-02
4751,396,November 2020,239464,0,1770,237694,2023-03-10
4752,396,December 2020,239464,0,1939,237525,2022-05-28
4753,397,January 2020,184899,3000,1894,186005,2024-01-03
4754,397,February 2020,184899,2000,1935,184964,2022-06-07
4755,397,March 2020,184899,0,31,184868,2022-08-16
4756,397,April 2020,184899,3000,1913,185986,2023-06-16
4757,397,May 2020,184899,0,1111,183788,2023-05-23
4758,397,June 2020,184899,0,1974,182925,2023-04-11
4759,397,July 2020,184899,3000,867,187032,2025-09-03
4760,397,August 2020,184899,0,461,184438,2022-12-11
4761,397,September 2020,184899,3000,261,187638,2023-08-10
4762,397,October 2020,184899,1000,295,185604,2024-04-18
4763,397,November 2020,184899,2000,118,186781,2023-06-23
4764,397,December 2020,184899,1000,1782,184117,2025-07-07
4765,398,January 2020,233887,2000,1734,234153,2025-12-22
4766,398,February 2020,233887,2000,259,235628,2022-12-09
4767,398,March 2020,233887,1000,895,233992,2023-05-30
4768,398,April 2020,233887,0,950,232937,2023-05-08
4769,398,May 2020,233887,3000,74,236813,2022-03-02
4770,398,June 2020,233887,3000,1746,235141,2025-07-25
4771,398,July 2020,233887,0,325,233562,2024-09-01
4772,398,August 2020,233887,2000,672,235215,2022-05-29
4773,398,September 2020,233887,3000,1114,235773,2025-05-05
4774,398,October 2020,233887,1000,1484,233403,2022-04-22
4775,398,November 2020,233887,2000,938,234949,2023-07-07
4776,398,December 2020,233887,1000,1840,233047,2023-07-01
4777,399,January 2020,117997,3000,1938,119059,2025-09-29
4778,399,February 2020,117997,0,381,117616,2023-07-18
4779,399,March 2020,117997,0,190,117807,2024-08-25
4780,399,April 2020,117997,3000,782,120215,2022-02-06
4781,399,May 2020,117997,0,771,117226,2025-06-06
4782,399,June 2020,117997,3000,1746,119251,2023-08-25
4783,399,July 2020,117997,3000,1221,119776,2023-09-10
4784,399,August 2020,117997,0,997,117000,2024-07-29
4785,399,September 2020,117997,3000,585,120412,2025-02-17
4786,399,October 2020,117997,1000,720,118277,2022-02-17
4787,399,November 2020,117997,0,757,117240,2023-01-01
4788,399,December 2020,117997,1000,1067,117930,2025-02-11
4789,400,January 2020,235134,2000,734,236400,2022-05-24
4790,400,February 2020,235134,2000,257,236877,2023-12-27
4791,400,March 2020,235134,1000,459,235675,2022-05-26
4792,400,April 2020,235134,2000,1248,235886,2022-07-18
4793,400,May 2020,235134,2000,627,236507,2025-11-25
4794,400,June 2020,235134,0,550,234584,2025-01-13
4795,400,July 2020,235134,2000,840,236294,2023-06-26
4796,400,August 2020,235134,1000,481,235653,2023-05-28
4797,400,September 2020,235134,3000,1835,236299,2025-11-06
4798,400,October 2020,235134,0,72,235062,2025-11-13
4799,400,November 2020,235134,3000,750,237384,2024-05-22
4800,400,December 2020,235134,1000,943,235191,2024-07-11
4801,401,January 2020,195753,2000,1835,195918,2025-03-08
4802,401,February 2020,195753,2000,1461,196292,2025-02-08
4803,401,March 2020,195753,2000,1234,196519,2023-01-21
4804,401,April 2020,195753,1000,1194,195559,2022-02-25
4805,401,May 2020,195753,1000,534,196219,2024-12-01
4806,401,June 2020,195753,0,467,195286,2023-11-13
4807,401,July 2020,195753,2000,652,197101,2025-06-12
4808,401,August 2020,195753,1000,1131,195622,2023-03-21
4809,401,September 2020,195753,3000,1704,197049,2023-08-03
4810,401,October 2020,195753,2000,488,197265,2023-01-14
4811,401,November 2020,195753,2000,1336,196417,2023-07-07
4812,401,December 2020,195753,1000,1448,195305,2025-03-27
4813,402,January 2020,194813,0,992,193821,2024-01-04
4814,402,February 2020,194813,0,1447,193366,2024-09-22
4815,402,March 2020,194813,3000,162,197651,2022-10-29
4816,402,April 2020,194813,2000,1477,195336,2025-07-12
4817,402,May 2020,194813,1000,561,195252,2024-01-11
4818,402,June 2020,194813,2000,818,195995,2025-02-06
4819,402,July 2020,194813,3000,1449,196364,2025-01-15
4820,402,August 2020,194813,2000,223,196590,2024-05-26
4821,402,September 2020,194813,2000,1321,195492,2025-04-24
4822,402,October 2020,194813,3000,494,197319,2025-01-17
4823,402,November 2020,194813,0,543,194270,2025-01-09
4824,402,December 2020,194813,1000,1028,194785,2025-02-24
4825,403,January 2020,235117,1000,1394,234723,2023-11-12
4826,403,February 2020,235117,3000,350,237767,2024-04-01
4827,403,March 2020,235117,1000,1074,235043,2024-12-02
4828,403,April 2020,235117,1000,369,235748,2025-11-06
4829,403,May 2020,235117,2000,395,236722,2022-05-20
4830,403,June 2020,235117,3000,811,237306,2023-04-23
4831,403,July 2020,235117,1000,1005,235112,2024-06-15
4832,403,August 2020,235117,1000,429,235688,2024-03-04
4833,403,September 2020,235117,1000,1423,234694,2023-04-23
4834,403,October 2020,235117,0,1668,233449,2025-08-07
4835,403,November 2020,235117,2000,531,236586,2024-11-19
4836,403,December 2020,235117,0,8,235109,2025-04-28
4837,404,January 2020,180232,3000,409,182823,2022-01-04
4838,404,February 2020,180232,1000,1190,180042,2023-06-14
4839,404,March 2020,180232,2000,424,181808,2024-02-02
4840,404,April 2020,180232,0,1455,178777,2023-06-17
4841,404,May 2020,180232,3000,282,182950,2022-09-22
4842,404,June 2020,180232,1000,1555,179677,2022-02-26
4843,404,July 2020,180232,2000,1956,180276,2024-12-13
4844,404,August 2020,180232,2000,1422,180810,2024-05-06
4845,404,September 2020,180232,3000,659,182573,2023-03-08
4846,404,October 2020,180232,1000,1779,179453,2023-07-03
4847,404,November 2020,180232,1000,434,180798,2023-05-06
4848,404,December 2020,180232,1000,1152,180080,2022-03-04
4849,405,January 2020,242638,1000,1827,241811,2023-10-24
4850,405,February 2020,242638,1000,1046,242592,2022-10-26
4851,405,March 2020,242638,0,1191,241447,2025-11-29
4852,405,April 2020,242638,3000,1534,244104,2022-01-23
4853,405,May 2020,242638,2000,1905,242733,2023-05-02
4854,405,June 2020,242638,0,1363,241275,2022-10-06
4855,405,July 2020,242638,3000,1015,244623,2022-06-02
4856,405,August 2020,242638,1000,1622,242016,2023-10-17
4857,405,September 2020,242638,1000,832,242806,2024-04-21
4858,405,October 2020,242638,1000,262,243376,2023-07-19
4859,405,November 2020,242638,0,677,241961,2025-02-14
4860,405,December 2020,242638,0,376,242262,2025-02-09
4861,406,January 2020,190938,0,1949,188989,2022-09-01
4862,406,February 2020,190938,3000,1875,192063,2024-10-02
4863,406,March 2020,190938,3000,1435,192503,2022-07-09
4864,406,April 2020,190938,3000,78,193860,2024-09-01
4865,406,May 2020,190938,1000,1817,190121,2022-05-17
4866,406,June 2020,190938,1000,634,191304,2022-03-16
4867,406,July 2020,190938,2000,794,192144,2022-05-28
4868,406,August 2020,190938,1000,84,191854,2023-03-22
4869,406,September 2020,190938,2000,1353,191585,2024-12-31
4870,406,October 2020,190938,0,373,190565,2022-05-04
4871,406,November 2020,190938,1000,1753,190185,2023-09-24
4872,406,December 2020,190938,2000,705,192233,2024-08-28
4873,407,January 2020,271838,3000,1183,273655,2023-10-13
4874,407,February 2020,271838,3000,694,274144,2023-12-02
4875,407,March 2020,271838,1000,625,272213,2025-06-07
4876,407,April 2020,271838,2000,1623,272215,2022-07-02
4877,407,May 2020,271838,0,129,271709,2025-07-10
4878,407,June 2020,271838,3000,1883,272955,2022-10-20
4879,407,July 2020,271838,1000,1146,271692,2022-02-05
4880,407,August 2020,271838,0,799,271039,2025-05-28
4881,407,September 2020,271838,1000,1705,271133,2024-05-22
4882,407,October 2020,271838,3000,1491,273347,2023-03-18
4883,407,November 2020,271838,1000,181,272657,2022-12-03
4884,407,December 2020,271838,2000,1114,272724,2022-06-12
4885,408,January 2020,130243,0,1233,129010,2024-07-08
4886,408,February 2020,130243,0,743,129500,2025-07-05
4887,408,March 2020,130243,0,47,130196,2022-08-17
4888,408,April 2020,130243,3000,1120,132123,2023-04-27
4889,408,May 2020,130243,0,1249,128994,2025-02-22
4890,408,June 2020,130243,3000,849,132394,2024-07-30
4891,408,July 2020,130243,0,997,129246,2023-01-08
4892,408,August 2020,130243,3000,19,133224,2025-11-12
4893,408,September 2020,130243,2000,79,132164,2025-08-28
4894,408,October 2020,130243,3000,1399,131844,2025-07-13
4895,408,November 2020,130243,0,1936,128307,2025-02-06
4896,408,December 2020,130243,0,1218,129025,2023-12-28
4897,409,January 2020,225029,2000,1084,225945,2024-03-31
4898,409,February 2020,225029,2000,533,226496,2025-03-30
4899,409,March 2020,225029,0,1240,223789,2022-01-26
4900,409,April 2020,225029,3000,779,227250,2023-07-01
4901,409,May 2020,225029,0,437,224592,2022-02-12
4902,409,June 2020,225029,3000,1183,226846,2022-08-28
4903,409,July 2020,225029,0,1230,223799,2023-11-07
4904,409,August 2020,225029,3000,161,227868,2024-10-04
4905,409,September 2020,225029,0,612,224417,2024-06-02
4906,409,October 2020,225029,2000,1267,225762,2025-01-06
4907,409,November 2020,225029,1000,1104,224925,2025-10-13
4908,409,December 2020,225029,0,1382,223647,2025-03-16
4909,410,January 2020,215171,1000,1030,215141,2024-01-09
4910,410,February 2020,215171,2000,271,216900,2025-03-27
4911,410,March 2020,215171,2000,633,216538,2025-01-14
4912,410,April 2020,215171,1000,991,215180,2024-06-12
4913,410,May 2020,215171,0,31,215140,2025-09-05
4914,410,June 2020,215171,2000,1625,215546,2024-05-20
4915,410,July 2020,215171,2000,1344,215827,2022-03-01
4916,410,August 2020,215171,1000,1387,214784,2024-10-12
4917,410,September 2020,215171,2000,798,216373,2025-04-06
4918,410,October 2020,215171,2000,221,216950,2022-01-17
4919,410,November 2020,215171,1000,595,215576,2022-12-24
4920,410,December 2020,215171,1000,846,215325,2025-06-01
4921,411,January 2020,263040,3000,1027,265013,2024-01-23
4922,411,February 2020,263040,0,517,262523,2023-06-28
4923,411,March 2020,263040,0,548,262492,2023-08-15
4924,411,April 2020,263040,3000,432,265608,2023-01-14
4925,411,May 2020,263040,2000,1033,264007,2024-12-03
4926,411,June 2020,263040,1000,679,263361,2024-03-01
4927,411,July 2020,263040,3000,1169,264871,2023-06-18
4928,411,August 2020,263040,3000,1403,264637,2024-01-11
4929,411,September 2020,263040,1000,379,263661,2025-12-25
4930,411,October 2020,263040,1000,749,263291,2023-02-27
4931,411,November 2020,263040,1000,1243,262797,2023-08-23
4932,411,December 2020,263040,0,1900,261140,2024-02-05
4933,412,January 2020,239097,1000,358,239739,2024-11-22
4934,412,February 2020,239097,0,1818,237279,2024-08-08
4935,412,March 2020,239097,0,1309,237788,2022-01-05
4936,412,April 2020,239097,3000,574,241523,2022-10-16
4937,412,May 2020,239097,3000,395,241702,2024-09-18
4938,412,June 2020,239097,1000,398,239699,2024-10-21
4939,412,July 2020,239097,3000,167,241930,2025-11-29
4940,412,August 2020,239097,2000,653,240444,2023-06-25
4941,412,September 2020,239097,1000,1,240096,2025-08-25
4942,412,October 2020,239097,1000,1770,238327,2025-01-27
4943,412,November 2020,239097,3000,1030,241067,2024-11-02
4944,412,December 2020,239097,1000,726,239371,2023-04-11
4945,413,January 2020,215523,1000,1643,214880,2022-05-08
4946,413,February 2020,215523,2000,672,216851,2024-10-18
4947,413,March 2020,215523,0,1542,213981,2022-03-11
4948,413,April 2020,215523,2000,1301,216222,2025-03-11
4949,413,May 2020,215523,1000,208,216315,2024-03-31
4950,413,June 2020,215523,2000,845,216678,2022-06-06
4951,413,July 2020,215523,3000,903,217620,2022-02-16
4952,413,August 2020,215523,1000,565,215958,2025-08-13
4953,413,September 2020,215523,1000,532,215991,2022-08-13
4954,413,October 2020,215523,1000,1692,214831,2023-11-16
4955,413,November 2020,215523,3000,174,218349,2024-10-16
4956,413,December 2020,215523,2000,1214,216309,2024-01-18
4957,414,January 2020,156267,2000,1895,156372,2024-08-19
4958,414,February 2020,156267,3000,227,159040,2022-10-05
4959,414,March 2020,156267,0,250,156017,2022-10-12
4960,414,April 2020,156267,0,515,155752,2025-06-09
4961,414,May 2020,156267,1000,1740,155527,2023-08-24
4962,414,June 2020,156267,3000,985,158282,2023-12-08
4963,414,July 2020,156267,2000,1245,157022,2025-07-13
4964,414,August 2020,156267,3000,435,158832,2023-04-27
4965,414,September 2020,156267,3000,1018,158249,2022-08-19
4966,414,October 2020,156267,3000,971,158296,2023-11-12
4967,414,November 2020,156267,2000,289,157978,2024-11-04
4968,414,December 2020,156267,1000,1899,155368,2025-09-10
4969,415,January 2020,147607,0,559,147048,2023-06-23
4970,415,February 2020,147607,3000,1588,149019,2022-02-12
4971,415,March 2020,147607,3000,871,149736,2024-04-21
4972,415,April 2020,147607,1000,1382,147225,2024-01-28
4973,415,May 2020,147607,0,262,147345,2024-01-16
4974,415,June 2020,147607,1000,1579,147028,2025-06-20
4975,415,July 2020,147607,2000,276,149331,2025-06-10
4976,415,August 2020,147607,1000,93,148514,2025-03-20
4977,415,September 2020,147607,1000,1457,147150,2024-08-10
4978,415,October 2020,147607,1000,1809,146798,2025-07-09
4979,415,November 2020,147607,3000,785,149822,2023-10-03
4980,415,December 2020,147607,3000,239,150368,2024-02-22
4981,416,January 2020,216249,2000,779,217470,2024-06-21
4982,416,February 2020,216249,2000,824,217425,2022-03-12
4983,416,March 2020,216249,1000,1287,215962,2023-03-16
4984,416,April 2020,216249,1000,1713,215536,2023-10-13
4985,416,May 2020,216249,0,835,215414,2024-02-21
4986,416,June 2020,216249,2000,380,217869,2025-03-31
4987,416,July 2020,216249,0,290,215959,2025-06-01
4988,416,August 2020,216249,0,1148,215101,2024-10-02
4989,416,September 2020,216249,3000,1603,217646,2023-07-22
4990,416,October 2020,216249,0,1887,214362,2022-06-04
4991,416,November 2020,216249,3000,1348,217901,2025-07-21
4992,416,December 2020,216249,2000,149,218100,2022-02-12
4993,417,January 2020,279384,3000,671,281713,2025-08-15
4994,417,February 2020,279384,3000,1470,280914,2022-06-02
4995,417,March 2020,279384,1000,20,280364,2024-05-09
4996,417,April 2020,279384,3000,954,281430,2022-05-23
4997,417,May 2020,279384,2000,1806,279578,2022-10-08
4998,417,June 2020,279384,1000,410,279974,2024-10-26
4999,417,July 2020,279384,1000,1060,279324,2023-06-22
5000,417,August 2020,279384,2000,1945,279439,2025-04-20
5001,417,September 2020,279384,0,61,279323,2022-05-18
5002,417,October 2020,279384,1000,1605,278779,2022-07-15
5003,417,November 2020,279384,1000,1205,279179,2025-02-13
5004,417,December 2020,279384,0,425,278959,2022-03-21
5005,418,January 2020,188883,3000,1971,189912,2023-04-11
5006,418,February 2020,188883,2000,812,190071,2025-05-11
5007,418,March 2020,188883,1000,1860,188023,2024-05-20
5008,418,April 2020,188883,2000,1168,189715,2024-01-25
5009,418,May 2020,188883,1000,509,189374,2023-01-18
5010,418,June 2020,188883,3000,1114,190769,2023-12-31
5011,418,July 2020,188883,3000,1902,189981,2024-09-17
5012,418,August 2020,188883,2000,1085,189798,2024-04-11
5013,418,September 2020,188883,1000,1173,188710,2023-06-28
5014,418,October 2020,188883,2000,53,190830,2023-03-25
5015,418,November 2020,188883,2000,1696,189187,2025-10-13
5016,418,December 2020,188883,3000,1763,190120,2022-02-28
5017,419,January 2020,101720,2000,855,102865,2025-06-09
5018,419,February 2020,101720,0,1913,99807,2023-06-05
5019,419,March 2020,101720,2000,160,103560,2024-10-08
5020,419,April 2020,101720,2000,983,102737,2025-02-26
5021,419,May 2020,101720,1000,497,102223,2024-11-28
5022,419,June 2020,101720,3000,668,104052,2024-10-26
5023,419,July 2020,101720,0,209,101511,2022-06-19
5024,419,August 2020,101720,2000,1560,102160,2025-08-09
5025,419,September 2020,101720,0,1657,100063,2025-05-27
5026,419,October 2020,101720,2000,265,103455,2024-01-05
5027,419,November 2020,101720,1000,993,101727,2024-03-14
5028,419,December 2020,101720,3000,1613,103107,2024-02-13
5029,420,January 2020,277880,2000,1932,277948,2024-12-16
5030,420,February 2020,277880,1000,9,278871,2024-09-08
5031,420,March 2020,277880,1000,875,278005,2024-10-02
5032,420,April 2020,277880,0,1973,275907,2025-11-07
5033,420,May 2020,277880,1000,1362,277518,2022-11-17
5034,420,June 2020,277880,2000,857,279023,2025-02-11
5035,420,July 2020,277880,3000,1485,279395,2023-09-20
5036,420,August 2020,277880,1000,1680,277200,2023-04-16
5037,420,September 2020,277880,0,1320,276560,2024-12-22
5038,420,October 2020,277880,3000,1543,279337,2022-05-07
5039,420,November 2020,277880,2000,1126,278754,2023-08-01
5040,420,December 2020,277880,1000,805,278075,2023-05-10
5041,421,January 2020,117704,0,881,116823,2023-05-05
5042,421,February 2020,117704,3000,339,120365,2023-10-06
5043,421,March 2020,117704,2000,647,119057,2023-09-21
5044,421,April 2020,117704,3000,1206,119498,2024-09-07
5045,421,May 2020,117704,3000,1241,119463,2024-02-09
5046,421,June 2020,117704,0,1367,116337,2022-03-17
5047,421,July 2020,117704,0,3,117701,2022-08-24
5048,421,August 2020,117704,3000,45,120659,2022-07-26
5049,421,September 2020,117704,0,1152,116552,2025-01-29
5050,421,October 2020,117704,0,1291,116413,2023-01-06
5051,421,November 2020,117704,0,1805,115899,2022-05-06
5052,421,December 2020,117704,3000,1425,119279,2023-11-27
5053,422,January 2020,254191,2000,160,256031,2023-09-15
5054,422,February 2020,254191,0,230,253961,2023-07-31
5055,422,March 2020,254191,2000,395,255796,2023-05-16
5056,422,April 2020,254191,0,1359,252832,2023-01-29
5057,422,May 2020,254191,3000,106,257085,2024-09-21
5058,422,June 2020,254191,0,1127,253064,2023-10-06
5059,422,July 2020,254191,2000,1279,254912,2024-06-20
5060,422,August 2020,254191,3000,589,256602,2023-04-14
5061,422,September 2020,254191,2000,833,255358,2024-04-07
5062,422,October 2020,254191,2000,1432,254759,2025-11-05
5063,422,November 2020,254191,0,1735,252456,2022-09-30
5064,422,December 2020,254191,2000,1147,255044,2025-01-08
5065,423,January 2020,113618,0,1284,112334,2025-05-12
5066,423,February 2020,113618,3000,1815,114803,2024-12-20
5067,423,March 2020,113618,2000,376,115242,2024-01-21
5068,423,April 2020,113618,2000,1332,114286,2024-06-30
5069,423,May 2020,113618,3000,1810,114808,2022-04-05
5070,423,June 2020,113618,2000,614,115004,2025-04-05
5071,423,July 2020,113618,1000,368,114250,2024-04-05
5072,423,August 2020,113618,3000,1889,114729,2022-05-06
5073,423,September 2020,113618,3000,1716,114902,2025-04-07
5074,423,October 2020,113618,0,571,113047,2024-12-06
5075,423,November 2020,113618,3000,879,115739,2025-11-05
5076,423,December 2020,113618,3000,1445,115173,2025-09-14
5077,424,January 2020,282302,2000,672,283630,2024-05-09
5078,424,February 2020,282302,0,1816,280486,2022-09-19
5079,424,March 2020,282302,1000,584,282718,2023-04-04
5080,424,April 2020,282302,1000,822,282480,2022-11-28
5081,424,May 2020,282302,3000,1104,284198,2023-02-01
5082,424,June 2020,282302,0,1928,280374,2025-01-11
5083,424,July 2020,282302,1000,30,283272,2023-03-06
5084,424,August 2020,282302,1000,1681,281621,2023-08-10
5085,424,September 2020,282302,0,897,281405,2022-11-26
5086,424,October 2020,282302,2000,1113,283189,2024-07-10
5087,424,November 2020,282302,0,98,282204,2022-02-07
5088,424,December 2020,282302,0,512,281790,2024-09-04
5089,425,January 2020,249378,1000,1436,248942,2024-03-22
5090,425,February 2020,249378,2000,936,250442,2023-01-09
5091,425,March 2020,249378,1000,404,249974,2025-10-17
5092,425,April 2020,249378,2000,881,250497,2022-08-29
5093,425,May 2020,249378,2000,1083,250295,2024-09-16
5094,425,June 2020,249378,2000,639,250739,2022-11-17
5095,425,July 2020,249378,2000,970,250408,2023-10-21
5096,425,August 2020,249378,1000,358,250020,2023-09-07
5097,425,September 2020,249378,0,107,249271,2025-10-09
5098,425,October 2020,249378,1000,2000,248378,2024-04-02
5099,425,November 2020,249378,3000,946,251432,2022-10-10
5100,425,December 2020,249378,0,21,249357,2022-05-10
5101,426,January 2020,176499,2000,829,177670,2022-10-21
5102,426,February 2020,176499,0,531,175968,2024-03-18
5103,426,March 2020,176499,1000,1257,176242,2022-04-10
5104,426,April 2020,176499,0,1593,174906,2024-06-09
5105,426,May 2020,176499,2000,1142,177357,2024-06-30
5106,426,June 2020,176499,0,604,175895,2022-06-27
5107,426,July 2020,176499,0,448,176051,2024-10-23
5108,426,August 2020,176499,1000,1700,175799,2024-09-05
5109,426,September 2020,176499,2000,817,177682,2024-03-17
5110,426,October 2020,176499,3000,586,178913,2024-11-01
5111,426,November 2020,176499,3000,1675,177824,2022-09-24
5112,426,December 2020,176499,2000,553,177946,2024-03-16
5113,427,January 2020,175650,1000,1084,175566,2025-01-26
5114,427,February 2020,175650,3000,679,177971,2022-02-19
5115,427,March 2020,175650,0,1759,173891,2025-05-27
5116,427,April 2020,175650,3000,723,177927,2023-03-05
5117,427,May 2020,175650,3000,99,178551,2023-05-01
5118,427,June 2020,175650,2000,1909,175741,2025-08-16
5119,427,July 2020,175650,3000,1823,176827,2025-06-01
5120,427,August 2020,175650,3000,1479,177171,2022-02-05
5121,427,September 2020,175650,2000,562,177088,2022-08-01
5122,427,October 2020,175650,1000,759,175891,2024-07-14
5123,427,November 2020,175650,2000,906,176744,2022-06-07
5124,427,December 2020,175650,3000,748,177902,2022-12-05
5125,428,January 2020,73410,3000,614,75796,2024-02-13
5126,428,February 2020,73410,1000,577,73833,2023-03-29
5127,428,March 2020,73410,0,644,72766,2024-01-04
5128,428,April 2020,73410,3000,442,75968,2025-10-11
5129,428,May 2020,73410,1000,70,74340,2023-01-07
5130,428,June 2020,73410,1000,1516,72894,2025-01-21
5131,428,July 2020,73410,0,1766,71644,2023-09-01
5132,428,August 2020,73410,2000,1662,73748,2022-11-05
5133,428,September 2020,73410,3000,1426,74984,2022-02-26
5134,428,October 2020,73410,0,334,73076,2022-11-25
5135,428,November 2020,73410,0,476,72934,2025-06-23
5136,428,December 2020,73410,1000,544,73866,2023-12-14
5137,429,January 2020,96023,2000,817,97206,2022-10-11
5138,429,February 2020,96023,2000,1819,96204,2024-02-14
5139,429,March 2020,96023,3000,384,98639,2025-04-18
5140,429,April 2020,96023,3000,1150,97873,2023-11-27
5141,429,May 2020,96023,3000,453,98570,2023-04-16
5142,429,June 2020,96023,3000,413,98610,2022-08-27
5143,429,July 2020,96023,3000,299,98724,2023-02-07
5144,429,August 2020,96023,3000,418,98605,2024-04-26
5145,429,September 2020,96023,1000,1542,95481,2024-01-16
5146,429,October 2020,96023,3000,1619,97404,2024-03-03
5147,429,November 2020,96023,3000,1987,97036,2024-12-10
5148,429,December 2020,96023,1000,776,96247,2022-08-15
5149,430,January 2020,264745,1000,246,265499,2025-01-28
5150,430,February 2020,264745,1000,1402,264343,2024-09-16
5151,430,March 2020,264745,3000,1035,266710,2024-06-22
5152,430,April 2020,264745,1000,1167,264578,2025-12-26
5153,430,May 2020,264745,0,1346,263399,2025-04-19
5154,430,June 2020,264745,3000,1931,265814,2023-06-08
5155,430,July 2020,264745,1000,310,265435,2024-06-30
5156,430,August 2020,264745,3000,119,267626,2024-07-29
5157,430,September 2020,264745,3000,1512,266233,2025-08-30
5158,430,October 2020,264745,2000,1195,265550,2022-01-05
5159,430,November 2020,264745,3000,363,267382,2023-04-30
5160,430,December 2020,264745,2000,263,266482,2024-01-24
5161,431,January 2020,268379,0,1200,267179,2023-04-25
5162,431,February 2020,268379,3000,1831,269548,2022-02-03
5163,431,March 2020,268379,3000,236,271143,2024-06-27
5164,431,April 2020,268379,2000,515,269864,2025-10-29
5165,431,May 2020,268379,1000,1230,268149,2022-11-30
5166,431,June 2020,268379,3000,1819,269560,2023-03-18
5167,431,July 2020,268379,1000,703,268676,2025-11-14
5168,431,August 2020,268379,2000,588,269791,2022-10-27
5169,431,September 2020,268379,0,881,267498,2022-11-29
5170,431,October 2020,268379,1000,219,269160,2024-12-26
5171,431,November 2020,268379,0,1351,267028,2025-01-25
5172,431,December 2020,268379,3000,769,270610,2022-12-23
5173,432,January 2020,147303,2000,753,148550,2022-11-28
5174,432,February 2020,147303,3000,161,150142,2023-12-16
5175,432,March 2020,147303,2000,1790,147513,2022-04-27
5176,432,April 2020,147303,1000,39,148264,2025-04-10
5177,432,May 2020,147303,3000,577,149726,2023-04-04
5178,432,June 2020,147303,0,1987,145316,2025-03-02
5179,432,July 2020,147303,2000,1717,147586,2022-11-18
5180,432,August 2020,147303,3000,1917,148386,2024-04-05
5181,432,September 2020,147303,2000,73,149230,2023-08-15
5182,432,October 2020,147303,1000,1901,146402,2023-08-08
5183,432,November 2020,147303,3000,1308,148995,2022-07-31
5184,432,December 2020,147303,2000,111,149192,2024-02-14
5185,433,January 2020,70619,0,1505,69114,2024-10-19
5186,433,February 2020,70619,0,448,70171,2025-08-12
5187,433,March 2020,70619,0,136,70483,2023-12-17
5188,433,April 2020,70619,3000,130,73489,2022-08-23
5189,433,May 2020,70619,0,1455,69164,2025-12-24
5190,433,June 2020,70619,0,1679,68940,2022-03-11
5191,433,July 2020,70619,0,191,70428,2024-08-02
5192,433,August 2020,70619,3000,1861,71758,2023-10-28
5193,433,September 2020,70619,3000,113,73506,2022-07-14
5194,433,October 2020,70619,0,38,70581,2022-08-31
5195,433,November 2020,70619,3000,1018,72601,2025-01-31
5196,433,December 2020,70619,3000,1585,72034,2023-01-17
5197,434,January 2020,261511,3000,1865,262646,2023-03-21
5198,434,February 2020,261511,0,1116,260395,2024-05-21
5199,434,March 2020,261511,2000,1364,262147,2023-06-15
5200,434,April 2020,261511,2000,1567,261944,2022-09-11
5201,434,May 2020,261511,3000,1383,263128,2023-06-28
5202,434,June 2020,261511,2000,1188,262323,2023-08-10
5203,434,July 2020,261511,3000,670,263841,2024-10-18
5204,434,August 2020,261511,3000,1583,262928,2025-07-20
5205,434,September 2020,261511,2000,1737,261774,2024-10-09
5206,434,October 2020,261511,2000,1600,261911,2023-01-16
5207,434,November 2020,261511,0,1894,259617,2023-10-21
5208,434,December 2020,261511,3000,1923,262588,2024-03-04
5209,435,January 2020,124022,0,1616,122406,2025-09-04
5210,435,February 2020,124022,1000,1290,123732,2025-03-31
5211,435,March 2020,124022,2000,504,125518,2022-03-31
5212,435,April 2020,124022,3000,1129,125893,2023-08-26
5213,435,May 2020,124022,0,1046,122976,2023-05-03
5214,435,June 2020,124022,3000,533,126489,2023-05-21
5215,435,July 2020,124022,1000,906,124116,2023-04-12
5216,435,August 2020,124022,3000,1140,125882,2025-03-09
5217,435,September 2020,124022,3000,1347,125675,2023-09-10
5218,435,October 2020,124022,3000,493,126529,2022-11-09
5219,435,November 2020,124022,0,1620,122402,2022-08-09
5220,435,December 2020,124022,1000,175,124847,2022-06-03
5221,436,January 2020,256487,2000,74,258413,2022-02-25
5222,436,February 2020,256487,1000,1127,256360,2025-08-22
5223,436,March 2020,256487,1000,807,256680,2023-12-03
5224,436,April 2020,256487,1000,97,257390,2024-03-03
5225,436,May 2020,256487,2000,514,257973,2023-12-19
5226,436,June 2020,256487,1000,384,257103,2023-11-02
5227,436,July 2020,256487,1000,1631,255856,2023-03-07
5228,436,August 2020,256487,1000,88,257399,2022-01-09
5229,436,September 2020,256487,0,167,256320,2022-07-16
5230,436,October 2020,256487,3000,910,258577,2025-02-12
5231,436,November 2020,256487,0,1324,255163,2023-07-28
5232,436,December 2020,256487,0,881,255606,2023-08-09
5233,437,January 2020,159295,1000,694,159601,2025-06-25
5234,437,February 2020,159295,3000,1747,160548,2024-05-28
5235,437,March 2020,159295,2000,1268,160027,2024-11-15
5236,437,April 2020,159295,1000,1698,158597,2024-12-05
5237,437,May 2020,159295,0,1923,157372,2023-08-26
5238,437,June 2020,159295,0,380,158915,2022-08-27
5239,437,July 2020,159295,0,1630,157665,2025-09-17
5240,437,August 2020,159295,0,1831,157464,2023-04-15
5241,437,September 2020,159295,1000,1703,158592,2022-11-19
5242,437,October 2020,159295,2000,1275,160020,2025-03-31
5243,437,November 2020,159295,3000,525,161770,2023-04-26
5244,437,December 2020,159295,0,1812,157483,2022-02-08
5245,438,January 2020,272402,0,932,271470,2025-06-15
5246,438,February 2020,272402,2000,581,273821,2023-11-12
5247,438,March 2020,272402,1000,245,273157,2022-08-26
5248,438,April 2020,272402,2000,1741,272661,2023-06-07
5249,438,May 2020,272402,0,1558,270844,2024-05-09
5250,438,June 2020,272402,1000,1907,271495,2024-03-06
5251,438,July 2020,272402,1000,722,272680,2024-12-26
5252,438,August 2020,272402,1000,451,272951,2023-01-23
5253,438,September 2020,272402,2000,144,274258,2022-03-04
5254,438,October 2020,272402,2000,1836,272566,2022-07-23
5255,438,November 2020,272402,3000,1692,273710,2023-06-27
5256,438,December 2020,272402,1000,1089,272313,2023-06-30
5257,439,January 2020,177868,2000,1858,178010,2023-09-02
5258,439,February 2020,177868,1000,1817,177051,2023-05-03
5259,439,March 2020,177868,2000,1842,178026,2024-11-05
5260,439,April 2020,177868,2000,631,179237,2025-01-02
5261,439,May 2020,177868,0,91,177777,2025-09-26
5262,439,June 2020,177868,1000,736,178132,2022-06-15
5263,439,July 2020,177868,0,1269,176599,2025-11-23
5264,439,August 2020,177868,0,1029,176839,2024-11-22
5265,439,September 2020,177868,0,195,177673,2023-09-25
5266,439,October 2020,177868,2000,1039,178829,2022-08-02
5267,439,November 2020,177868,2000,1859,178009,2024-10-06
5268,439,December 2020,177868,1000,821,178047,2024-03-13
5269,440,January 2020,104786,0,777,104009,2025-03-11
5270,440,February 2020,104786,1000,638,105148,2022-05-27
5271,440,March 2020,104786,2000,1560,105226,2025-08-30
5272,440,April 2020,104786,1000,933,104853,2024-11-21
5273,440,May 2020,104786,2000,1519,105267,2023-11-13
5274,440,June 2020,104786,2000,533,106253,2022-02-26
5275,440,July 2020,104786,2000,564,106222,2023-02-24
5276,440,August 2020,104786,3000,1298,106488,2025-09-11
5277,440,September 2020,104786,1000,1101,104685,2022-05-19
5278,440,October 2020,104786,3000,1019,106767,2024-02-14
5279,440,November 2020,104786,0,1068,103718,2023-05-31
5280,440,December 2020,104786,1000,1841,103945,2022-02-10
5281,441,January 2020,103598,3000,1129,105469,2024-12-27
5282,441,February 2020,103598,2000,133,105465,2025-08-20
5283,441,March 2020,103598,2000,1230,104368,2025-03-01
5284,441,April 2020,103598,3000,733,105865,2022-03-31
5285,441,May 2020,103598,0,1494,102104,2023-03-29
5286,441,June 2020,103598,1000,763,103835,2025-10-15
5287,441,July 2020,103598,0,71,103527,2022-09-27
5288,441,August 2020,103598,3000,1565,105033,2022-03-31
5289,441,September 2020,103598,1000,865,103733,2024-11-03
5290,441,October 2020,103598,2000,1902,103696,2024-02-05
5291,441,November 2020,103598,3000,927,105671,2023-08-12
5292,441,December 2020,103598,2000,1268,104330,2023-10-20
5293,442,January 2020,116809,3000,1270,118539,2023-07-14
5294,442,February 2020,116809,3000,1435,118374,2023-12-16
5295,442,March 2020,116809,2000,1479,117330,2025-02-01
5296,442,April 2020,116809,2000,1561,117248,2022-03-26
5297,442,May 2020,116809,3000,1627,118182,2023-06-28
5298,442,June 2020,116809,1000,1045,116764,2024-02-05
5299,442,July 2020,116809,0,65,116744,2024-10-12
5300,442,August 2020,116809,1000,958,116851,2024-08-26
5301,442,September 2020,116809,3000,807,119002,2024-10-28
5302,442,October 2020,116809,1000,646,117163,2023-10-30
5303,442,November 2020,116809,0,1924,114885,2022-10-05
5304,442,December 2020,116809,0,279,116530,2024-11-28
5305,443,January 2020,272605,2000,1060,273545,2022-07-03
5306,443,February 2020,272605,1000,551,273054,2022-03-04
5307,443,March 2020,272605,3000,1007,274598,2023-11-08
5308,443,April 2020,272605,1000,1547,272058,2025-05-02
5309,443,May 2020,272605,2000,1275,273330,2022-04-08
5310,443,June 2020,272605,3000,220,275385,2024-09-25
5311,443,July 2020,272605,3000,1823,273782,2022-03-15
5312,443,August 2020,272605,2000,1349,273256,2025-11-21
5313,443,September 2020,272605,0,1340,271265,2024-05-24
5314,443,October 2020,272605,1000,1668,271937,2024-11-07
5315,443,November 2020,272605,0,319,272286,2025-10-02
5316,443,December 2020,272605,0,1732,270873,2022-11-03
5317,444,January 2020,223729,2000,1277,224452,2024-03-09
5318,444,February 2020,223729,1000,629,224100,2025-04-07
5319,444,March 2020,223729,0,970,222759,2025-08-25
5320,444,April 2020,223729,3000,204,226525,2025-11-27
5321,444,May 2020,223729,2000,1425,224304,2023-10-01
5322,444,June 2020,223729,1000,1667,223062,2025-07-23
5323,444,July 2020,223729,3000,1289,225440,2022-11-27
5324,444,August 2020,223729,1000,1823,222906,2022-11-29
5325,444,September 2020,223729,0,546,223183,2023-09-09
5326,444,October 2020,223729,0,547,223182,2025-03-28
5327,444,November 2020,223729,0,805,222924,2025-09-06
5328,444,December 2020,223729,3000,1318,225411,2025-08-05
5329,445,January 2020,164817,0,1035,163782,2023-09-12
5330,445,February 2020,164817,0,725,164092,2024-11-22
5331,445,March 2020,164817,3000,1596,166221,2022-06-03
5332,445,April 2020,164817,3000,139,167678,2024-01-30
5333,445,May 2020,164817,0,204,164613,2022-04-17
5334,445,June 2020,164817,2000,644,166173,2025-04-30
5335,445,July 2020,164817,1000,810,165007,2022-02-08
5336,445,August 2020,164817,0,1976,162841,2023-05-04
5337,445,September 2020,164817,1000,834,164983,2024-01-22
5338,445,October 2020,164817,1000,1573,164244,2024-08-22
5339,445,November 2020,164817,2000,1483,165334,2022-08-19
5340,445,December 2020,164817,2000,70,166747,2025-06-27
5341,446,January 2020,76512,2000,368,78144,2023-06-16
5342,446,February 2020,76512,1000,731,76781,2022-11-27
5343,446,March 2020,76512,1000,153,77359,2023-06-27
5344,446,April 2020,76512,3000,1491,78021,2025-12-26
5345,446,May 2020,76512,2000,1727,76785,2024-08-10
5346,446,June 2020,76512,1000,438,77074,2022-04-13
5347,446,July 2020,76512,1000,1655,75857,2025-07-04
5348,446,August 2020,76512,0,1954,74558,2024-02-20
5349,446,September 2020,76512,0,1582,74930,2023-04-05
5350,446,October 2020,76512,1000,1661,75851,2022-06-28
5351,446,November 2020,76512,1000,314,77198,2025-07-17
5352,446,December 2020,76512,2000,1484,77028,2023-02-24
5353,447,January 2020,232913,1000,942,232971,2025-11-11
5354,447,February 2020,232913,0,1616,231297,2022-04-05
5355,447,March 2020,232913,3000,691,235222,2023-12-20
5356,447,April 2020,232913,0,225,232688,2023-03-16
5357,447,May 2020,232913,3000,1630,234283,2025-10-15
5358,447,June 2020,232913,2000,207,234706,2024-09-23
5359,447,July 2020,232913,2000,908,234005,2023-02-03
5360,447,August 2020,232913,3000,276,235637,2023-02-04
5361,447,September 2020,232913,3000,233,235680,2023-09-18
5362,447,October 2020,232913,0,1366,231547,2022-07-24
5363,447,November 2020,232913,0,1826,231087,2023-05-16
5364,447,December 2020,232913,3000,403,235510,2023-07-09
5365,448,January 2020,132561,0,96,132465,2024-07-22
5366,448,February 2020,132561,1000,1806,131755,2024-08-04
5367,448,March 2020,132561,1000,661,132900,2025-09-16
5368,448,April 2020,132561,1000,553,133008,2024-12-26
5369,448,May 2020,132561,2000,898,133663,2025-07-20
5370,448,June 2020,132561,0,487,132074,2022-10-28
5371,448,July 2020,132561,2000,1578,132983,2024-05-19
5372,448,August 2020,132561,1000,349,133212,2022-10-19
5373,448,September 2020,132561,3000,489,135072,2023-08-23
5374,448,October 2020,132561,2000,1013,133548,2024-03-29
5375,448,November 2020,132561,3000,1526,134035,2024-08-17
5376,448,December 2020,132561,2000,1441,133120,2023-03-19
5377,449,January 2020,158797,2000,1920,158877,2024-03-05
5378,449,February 2020,158797,1000,732,159065,2025-12-21
5379,449,March 2020,158797,2000,16,160781,2022-06-20
5380,449,April 2020,158797,3000,1574,160223,2022-06-24
5381,449,May 2020,158797,3000,569,161228,2023-06-07
5382,449,June 2020,158797,3000,994,160803,2022-01-13
5383,449,July 2020,158797,1000,491,159306,2025-12-28
5384,449,August 2020,158797,2000,1993,158804,2025-11-21
5385,449,September 2020,158797,2000,1025,159772,2024-09-20
5386,449,October 2020,158797,3000,697,161100,2024-11-15
5387,449,November 2020,158797,3000,597,161200,2025-09-28
5388,449,December 2020,158797,2000,160,160637,2024-12-23
5389,450,January 2020,256929,3000,413,259516,2023-11-12
5390,450,February 2020,256929,3000,1894,258035,2023-09-11
5391,450,March 2020,256929,2000,1582,257347,2022-11-27
5392,450,April 2020,256929,0,94,256835,2023-04-22
5393,450,May 2020,256929,0,1814,255115,2022-01-01
5394,450,June 2020,256929,3000,1301,258628,2025-03-28
5395,450,July 2020,256929,0,963,255966,2023-12-16
5396,450,August 2020,256929,0,1474,255455,2024-05-02
5397,450,September 2020,256929,0,1338,255591,2025-10-09
5398,450,October 2020,256929,3000,2000,257929,2024-09-14
5399,450,November 2020,256929,2000,1608,257321,2023-12-30
5400,450,December 2020,256929,1000,1031,256898,2025-12-07
5401,451,January 2020,197514,2000,482,199032,2025-06-25
5402,451,February 2020,197514,3000,1414,199100,2024-01-28
5403,451,March 2020,197514,3000,482,200032,2022-09-24
5404,451,April 2020,197514,1000,1869,196645,2022-10-03
5405,451,May 2020,197514,0,1818,195696,2024-11-03
5406,451,June 2020,197514,3000,1396,199118,2023-01-29
5407,451,July 2020,197514,2000,1084,198430,2022-01-20
5408,451,August 2020,197514,2000,1049,198465,2022-11-25
5409,451,September 2020,197514,3000,178,200336,2022-11-26
5410,451,October 2020,197514,2000,1182,198332,2024-09-30
5411,451,November 2020,197514,3000,775,199739,2022-01-08
5412,451,December 2020,197514,2000,1321,198193,2025-05-02
5413,452,January 2020,200710,1000,1740,199970,2023-12-15
5414,452,February 2020,200710,0,337,200373,2022-10-04
5415,452,March 2020,200710,0,181,200529,2024-10-27
5416,452,April 2020,200710,3000,1542,202168,2023-03-20
5417,452,May 2020,200710,3000,387,203323,2025-04-04
5418,452,June 2020,200710,1000,1318,200392,2025-10-03
5419,452,July 2020,200710,2000,1142,201568,2025-05-23
5420,452,August 2020,200710,0,1747,198963,2023-11-25
5421,452,September 2020,200710,2000,873,201837,2024-06-06
5422,452,October 2020,200710,0,1731,198979,2024-07-31
5423,452,November 2020,200710,1000,532,201178,2022-08-05
5424,452,December 2020,200710,3000,1838,201872,2025-05-14
5425,453,January 2020,178084,1000,170,178914,2022-09-01
5426,453,February 2020,178084,0,1611,176473,2025-11-17
5427,453,March 2020,178084,3000,1324,179760,2025-04-26
5428,453,April 2020,178084,3000,398,180686,2025-03-21
5429,453,May 2020,178084,1000,1796,177288,2022-12-15
5430,453,June 2020,178084,2000,79,180005,2024-10-22
5431,453,July 2020,178084,1000,976,178108,2022-09-04
5432,453,August 2020,178084,0,1810,176274,2025-10-29
5433,453,September 2020,178084,2000,1391,178693,2023-02-07
5434,453,October 2020,178084,1000,415,178669,2025-06-28
5435,453,November 2020,178084,3000,1964,179120,2022-12-15
5436,453,December 2020,178084,3000,1960,179124,2023-07-05
5437,454,January 2020,105803,2000,1703,106100,2023-05-01
5438,454,February 2020,105803,2000,530,107273,2022-01-19
5439,454,March 2020,105803,1000,294,106509,2023-02-03
5440,454,April 2020,105803,3000,1988,106815,2024-05-21
5441,454,May 2020,105803,2000,1984,105819,2025-06-02
5442,454,June 2020,105803,1000,1263,105540,2025-11-15
5443,454,July 2020,105803,2000,1148,106655,2024-07-20
5444,454,August 2020,105803,2000,1048,106755,2024-10-01
5445,454,September 2020,105803,0,1950,103853,2024-02-22
5446,454,October 2020,105803,1000,1149,105654,2024-01-04
5447,454,November 2020,105803,1000,1824,104979,2022-05-11
5448,454,December 2020,105803,2000,1945,105858,2022-11-03
5449,455,January 2020,286324,2000,181,288143,2024-08-23
5450,455,February 2020,286324,3000,1782,287542,2023-10-30
5451,455,March 2020,286324,2000,99,288225,2022-04-03
5452,455,April 2020,286324,2000,1042,287282,2024-12-14
5453,455,May 2020,286324,0,735,285589,2024-10-13
5454,455,June 2020,286324,2000,1701,286623,2025-10-31
5455,455,July 2020,286324,2000,238,288086,2023-02-10
5456,455,August 2020,286324,3000,1632,287692,2022-10-11
5457,455,September 2020,286324,1000,1426,285898,2024-12-18
5458,455,October 2020,286324,3000,1728,287596,2023-08-08
5459,455,November 2020,286324,2000,319,288005,2024-02-13
5460,455,December 2020,286324,0,660,285664,2023-02-26
5461,456,January 2020,264974,3000,448,267526,2022-07-08
5462,456,February 2020,264974,1000,292,265682,2023-07-19
5463,456,March 2020,264974,0,848,264126,2025-10-24
5464,456,April 2020,264974,2000,1968,265006,2024-10-03
5465,456,May 2020,264974,1000,1050,264924,2022-01-20
5466,456,June 2020,264974,1000,1455,264519,2022-01-19
5467,456,July 2020,264974,2000,1484,265490,2025-08-23
5468,456,August 2020,264974,1000,310,265664,2022-05-22
5469,456,September 2020,264974,1000,1269,264705,2022-05-26
5470,456,October 2020,264974,3000,1730,266244,2023-12-26
5471,456,November 2020,264974,2000,1881,265093,2024-10-19
5472,456,December 2020,264974,3000,419,267555,2023-09-09
5473,457,January 2020,86175,1000,1777,85398,2024-04-09
5474,457,February 2020,86175,0,996,85179,2025-01-06
5475,457,March 2020,86175,2000,186,87989,2025-09-28
5476,457,April 2020,86175,1000,1696,85479,2022-12-17
5477,457,May 2020,86175,2000,1024,87151,2022-01-24
5478,457,June 2020,86175,2000,925,87250,2022-03-18
5479,457,July 2020,86175,0,1731,84444,2022-06-29
5480,457,August 2020,86175,1000,1826,85349,2025-03-23
5481,457,September 2020,86175,1000,1825,85350,2024-02-04
5482,457,October 2020,86175,2000,1896,86279,2024-12-20
5483,457,November 2020,86175,2000,979,87196,2024-01-09
5484,457,December 2020,86175,1000,25,87150,2024-03-03
5485,458,January 2020,239933,3000,412,242521,2022-12-25
5486,458,February 2020,239933,1000,230,240703,2024-11-05
5487,458,March 2020,239933,1000,1745,239188,2022-08-16
5488,458,April 2020,239933,0,741,239192,2025-10-13
5489,458,May 2020,239933,2000,1733,240200,2024-06-11
5490,458,June 2020,239933,1000,1930,239003,2025-07-19
5491,458,July 2020,239933,3000,1403,241530,2025-08-04
5492,458,August 2020,239933,1000,11,240922,2022-11-10
5493,458,September 2020,239933,2000,1719,240214,2025-12-10
5494,458,October 2020,239933,3000,1033,241900,2024-03-10
5495,458,November 2020,239933,0,325,239608,2022-03-18
5496,458,December 2020,239933,2000,1826,240107,2023-01-05
5497,459,January 2020,147461,3000,135,150326,2024-05-03
5498,459,February 2020,147461,0,1821,145640,2025-06-28
5499,459,March 2020,147461,2000,1868,147593,2023-03-02
5500,459,April 2020,147461,0,1909,145552,2025-12-07
5501,459,May 2020,147461,1000,1265,147196,2023-04-11
5502,459,June 2020,147461,2000,773,148688,2025-02-01
5503,459,July 2020,147461,0,287,147174,2022-05-08
5504,459,August 2020,147461,2000,1994,147467,2024-10-21
5505,459,September 2020,147461,0,1431,146030,2025-09-21
5506,459,October 2020,147461,0,1963,145498,2022-09-11
5507,459,November 2020,147461,2000,257,149204,2024-03-19
5508,459,December 2020,147461,0,800,146661,2025-03-10
5509,460,January 2020,283669,0,701,282968,2024-11-23
5510,460,February 2020,283669,0,839,282830,2025-02-01
5511,460,March 2020,283669,3000,1529,285140,2023-01-16
5512,460,April 2020,283669,2000,1746,283923,2025-08-09
5513,460,May 2020,283669,2000,717,284952,2024-09-05
5514,460,June 2020,283669,0,603,283066,2023-05-24
5515,460,July 2020,283669,1000,883,283786,2025-06-18
5516,460,August 2020,283669,1000,1045,283624,2025-04-14
5517,460,September 2020,283669,0,836,282833,2023-02-04
5518,460,October 2020,283669,1000,309,284360,2024-01-16
5519,460,November 2020,283669,2000,604,285065,2024-09-07
5520,460,December 2020,283669,0,80,283589,2022-08-22
5521,461,January 2020,115260,2000,478,116782,2023-02-12
5522,461,February 2020,115260,0,345,114915,2022-11-24
5523,461,March 2020,115260,2000,1480,115780,2022-01-03
5524,461,April 2020,115260,2000,462,116798,2024-03-02
5525,461,May 2020,115260,3000,1943,116317,2023-08-03
5526,461,June 2020,115260,0,370,114890,2023-10-17
5527,461,July 2020,115260,1000,1519,114741,2025-12-19
5528,461,August 2020,115260,1000,1269,114991,2022-03-11
5529,461,September 2020,115260,0,931,114329,2024-11-02
5530,461,October 2020,115260,3000,1199,117061,2025-12-21
5531,461,November 2020,115260,1000,1023,115237,2025-03-16
5532,461,December 2020,115260,3000,1745,116515,2025-10-28
5533,462,January 2020,104331,0,780,103551,2022-07-24
5534,462,February 2020,104331,1000,1873,103458,2025-11-28
5535,462,March 2020,104331,0,1792,102539,2023-09-29
5536,462,April 2020,104331,1000,414,104917,2025-08-01
5537,462,May 2020,104331,3000,989,106342,2022-10-01
5538,462,June 2020,104331,3000,602,106729,2024-02-11
5539,462,July 2020,104331,1000,1842,103489,2025-04-14
5540,462,August 2020,104331,1000,1640,103691,2022-10-26
5541,462,September 2020,104331,1000,1445,103886,2025-05-03
5542,462,October 2020,104331,3000,932,106399,2023-03-19
5543,462,November 2020,104331,3000,57,107274,2025-09-25
5544,462,December 2020,104331,3000,1562,105769,2024-05-10
5545,463,January 2020,262987,0,663,262324,2022-05-02
5546,463,February 2020,262987,1000,62,263925,2022-10-19
5547,463,March 2020,262987,3000,859,265128,2023-10-02
5548,463,April 2020,262987,2000,114,264873,2024-07-29
5549,463,May 2020,262987,2000,251,264736,2023-04-13
5550,463,June 2020,262987,1000,324,263663,2025-06-30
5551,463,July 2020,262987,1000,1630,262357,2023-12-12
5552,463,August 2020,262987,1000,563,263424,2023-03-09
5553,463,September 2020,262987,0,980,262007,2024-06-30
5554,463,October 2020,262987,3000,321,265666,2024-08-19
5555,463,November 2020,262987,2000,1712,263275,2025-09-02
5556,463,December 2020,262987,1000,1751,262236,2022-05-26
5557,464,January 2020,223793,2000,90,225703,2023-08-30
5558,464,February 2020,223793,0,1358,222435,2024-08-03
5559,464,March 2020,223793,0,1072,222721,2025-02-02
5560,464,April 2020,223793,0,203,223590,2023-10-15
5561,464,May 2020,223793,0,617,223176,2023-08-31
5562,464,June 2020,223793,2000,85,225708,2025-06-27
5563,464,July 2020,223793,3000,1487,225306,2023-04-06
5564,464,August 2020,223793,0,867,222926,2023-07-22
5565,464,September 2020,223793,2000,295,225498,2025-03-16
5566,464,October 2020,223793,2000,147,225646,2024-03-21
5567,464,November 2020,223793,1000,244,224549,2025-12-29
5568,464,December 2020,223793,3000,143,226650,2024-04-28
5569,465,January 2020,152011,1000,643,152368,2023-10-15
5570,465,February 2020,152011,3000,851,154160,2022-06-08
5571,465,March 2020,152011,2000,1072,152939,2022-08-19
5572,465,April 2020,152011,2000,1363,152648,2023-10-17
5573,465,May 2020,152011,2000,1087,152924,2023-01-08
5574,465,June 2020,152011,2000,1274,152737,2025-06-11
5575,465,July 2020,152011,0,689,151322,2024-03-18
5576,465,August 2020,152011,1000,1886,151125,2023-08-10
5577,465,September 2020,152011,0,1678,150333,2022-04-28
5578,465,October 2020,152011,0,1881,150130,2024-12-27
5579,465,November 2020,152011,3000,994,154017,2022-09-01
5580,465,December 2020,152011,3000,1883,153128,2025-03-28
5581,466,January 2020,244445,0,395,244050,2023-09-15
5582,466,February 2020,244445,2000,277,246168,2023-10-24
5583,466,March 2020,244445,1000,20,245425,2023-12-27
5584,466,April 2020,244445,2000,736,245709,2025-01-21
5585,466,May 2020,244445,2000,1686,244759,2023-10-16
5586,466,June 2020,244445,3000,1098,246347,2025-05-25
5587,466,July 2020,244445,2000,993,245452,2025-05-23
5588,466,August 2020,244445,0,3,244442,2024-06-05
5589,466,September 2020,244445,3000,1563,245882,2023-12-16
5590,466,October 2020,244445,0,218,244227,2023-05-06
5591,466,November 2020,244445,1000,86,245359,2025-07-28
5592,466,December 2020,244445,0,1566,242879,2024-03-31
5593,467,January 2020,215056,2000,1600,215456,2025-08-15
5594,467,February 2020,215056,2000,2,217054,2024-01-19
5595,467,March 2020,215056,2000,637,216419,2022-01-21
5596,467,April 2020,215056,1000,1488,214568,2023-10-09
5597,467,May 2020,215056,3000,422,217634,2025-09-19
5598,467,June 2020,215056,1000,1053,215003,2023-10-26
5599,467,July 2020,215056,3000,1959,216097,2024-06-18
5600,467,August 2020,215056,1000,1168,214888,2025-05-04
5601,467,September 2020,215056,0,416,214640,2023-10-29
5602,467,October 2020,215056,3000,1663,216393,2022-01-23
5603,467,November 2020,215056,3000,1326,216730,2023-09-28
5604,467,December 2020,215056,1000,1552,214504,2024-12-23
5605,468,January 2020,78125,2000,1835,78290,2024-06-22
5606,468,February 2020,78125,3000,1037,80088,2025-09-11
5607,468,March 2020,78125,0,1482,76643,2022-11-09
5608,468,April 2020,78125,2000,1759,78366,2025-05-30
5609,468,May 2020,78125,0,325,77800,2023-08-09
5610,468,June 2020,78125,3000,280,80845,2024-01-29
5611,468,July 2020,78125,1000,395,78730,2022-07-10
5612,468,August 2020,78125,0,1339,76786,2025-08-03
5613,468,September 2020,78125,0,981,77144,2023-09-03
5614,468,October 2020,78125,0,812,77313,2022-02-28
5615,468,November 2020,78125,1000,953,78172,2023-06-13
5616,468,December 2020,78125,0,927,77198,2023-08-03
5617,469,January 2020,114618,3000,798,116820,2024-09-17
5618,469,February 2020,114618,0,82,114536,2022-10-08
5619,469,March 2020,114618,0,66,114552,2024-06-07
5620,469,April 2020,114618,1000,210,115408,2024-06-27
5621,469,May 2020,114618,0,722,113896,2022-01-25
5622,469,June 2020,114618,2000,92,116526,2022-02-02
5623,469,July 2020,114618,1000,1379,114239,2023-07-25
5624,469,August 2020,114618,0,1922,112696,2024-11-07
5625,469,September 2020,114618,2000,1359,115259,2024-11-12
5626,469,October 2020,114618,1000,1317,114301,2022-07-24
5627,469,November 2020,114618,1000,52,115566,2022-07-20
5628,469,December 2020,114618,1000,407,115211,2022-08-02
5629,470,January 2020,266341,3000,1037,268304,2022-03-08
5630,470,February 2020,266341,1000,993,266348,2024-06-20
5631,470,March 2020,266341,1000,114,267227,2022-07-08
5632,470,April 2020,266341,2000,401,267940,2022-02-25
5633,470,May 2020,266341,0,215,266126,2022-03-16
5634,470,June 2020,266341,0,612,265729,2024-01-31
5635,470,July 2020,266341,3000,1964,267377,2023-02-28
5636,470,August 2020,266341,0,34,266307,2023-03-26
5637,470,September 2020,266341,2000,1017,267324,2025-04-04
5638,470,October 2020,266341,1000,1971,265370,2022-07-24
5639,470,November 2020,266341,2000,1638,266703,2023-09-11
5640,470,December 2020,266341,0,719,265622,2024-04-20
5641,471,January 2020,80202,3000,332,82870,2025-03-02
5642,471,February 2020,80202,1000,1298,79904,2023-12-19
5643,471,March 2020,80202,1000,343,80859,2023-09-06
5644,471,April 2020,80202,3000,1698,81504,2023-08-25
5645,471,May 2020,80202,1000,79,81123,2024-05-10
5646,471,June 2020,80202,3000,317,82885,2024-09-29
5647,471,July 2020,80202,2000,709,81493,2025-03-12
5648,471,August 2020,80202,3000,973,82229,2023-03-27
5649,471,September 2020,80202,0,1754,78448,2024-01-04
5650,471,October 2020,80202,2000,1477,80725,2024-06-03
5651,471,November 2020,80202,1000,229,80973,2025-01-11
5652,471,December 2020,80202,2000,746,81456,2024-10-19
5653,472,January 2020,70612,1000,1930,69682,2023-09-05
5654,472,February 2020,70612,3000,1886,71726,2024-09-13
5655,472,March 2020,70612,2000,1457,71155,2024-10-20
5656,472,April 2020,70612,2000,424,72188,2025-01-02
5657,472,May 2020,70612,0,124,70488,2024-02-29
5658,472,June 2020,70612,2000,1002,71610,2022-09-27
5659,472,July 2020,70612,2000,834,71778,2024-06-06
5660,472,August 2020,70612,0,393,70219,2024-12-04
5661,472,September 2020,70612,1000,1910,69702,2025-09-13
5662,472,October 2020,70612,1000,847,70765,2022-06-16
5663,472,November 2020,70612,1000,1151,70461,2025-02-11
5664,472,December 2020,70612,0,432,70180,2025-04-15
5665,473,January 2020,185574,1000,486,186088,2024-11-09
5666,473,February 2020,185574,2000,201,187373,2022-07-18
5667,473,March 2020,185574,0,1536,184038,2022-08-11
5668,473,April 2020,185574,3000,882,187692,2022-10-12
5669,473,May 2020,185574,2000,1305,186269,2023-08-18
5670,473,June 2020,185574,2000,983,186591,2022-02-02
5671,473,July 2020,185574,3000,1273,187301,2022-08-31
5672,473,August 2020,185574,1000,356,186218,2024-11-29
5673,473,September 2020,185574,2000,135,187439,2024-06-25
5674,473,October 2020,185574,3000,293,188281,2023-04-03
5675,473,November 2020,185574,2000,1407,186167,2023-10-02
5676,473,December 2020,185574,1000,1334,185240,2023-06-14
5677,474,January 2020,204331,2000,294,206037,2022-08-20
5678,474,February 2020,204331,0,858,203473,2025-03-27
5679,474,March 2020,204331,2000,519,205812,2022-12-17
5680,474,April 2020,204331,0,1745,202586,2022-04-07
5681,474,May 2020,204331,2000,877,205454,2023-03-22
5682,474,June 2020,204331,0,1099,203232,2025-10-16
5683,474,July 2020,204331,2000,1072,205259,2022-12-26
5684,474,August 2020,204331,0,1580,202751,2025-10-23
5685,474,September 2020,204331,3000,608,206723,2023-07-02
5686,474,October 2020,204331,1000,1971,203360,2025-03-30
5687,474,November 2020,204331,3000,1526,205805,2023-08-14
5688,474,December 2020,204331,0,1407,202924,2022-02-06
5689,475,January 2020,159992,0,493,159499,2023-10-25
5690,475,February 2020,159992,3000,1091,161901,2025-07-14
5691,475,March 2020,159992,1000,726,160266,2022-08-10
5692,475,April 2020,159992,0,1729,158263,2024-11-24
5693,475,May 2020,159992,1000,1479,159513,2022-08-07
5694,475,June 2020,159992,3000,1415,161577,2024-08-08
5695,475,July 2020,159992,2000,1047,160945,2025-05-22
5696,475,August 2020,159992,3000,251,162741,2025-09-05
5697,475,September 2020,159992,0,324,159668,2022-01-03
5698,475,October 2020,159992,1000,933,160059,2024-06-20
5699,475,November 2020,159992,1000,1527,159465,2022-04-05
5700,475,December 2020,159992,2000,696,161296,2022-11-04
5701,476,January 2020,96851,1000,1070,96781,2022-11-08
5702,476,February 2020,96851,2000,171,98680,2022-01-10
5703,476,March 2020,96851,3000,1542,98309,2025-01-12
5704,476,April 2020,96851,0,1484,95367,2022-02-08
5705,476,May 2020,96851,0,1596,95255,2024-09-13
5706,476,June 2020,96851,2000,1749,97102,2025-01-17
5707,476,July 2020,96851,2000,1634,97217,2025-05-02
5708,476,August 2020,96851,2000,245,98606,2025-08-11
5709,476,September 2020,96851,0,1242,95609,2022-06-29
5710,476,October 2020,96851,3000,1600,98251,2025-12-30
5711,476,November 2020,96851,0,1470,95381,2025-03-13
5712,476,December 2020,96851,3000,941,98910,2024-12-24
5713,477,January 2020,131511,0,567,130944,2025-04-16
5714,477,February 2020,131511,2000,914,132597,2025-11-22
5715,477,March 2020,131511,0,1049,130462,2023-05-21
5716,477,April 2020,131511,0,712,130799,2023-04-28
5717,477,May 2020,131511,0,864,130647,2023-04-18
5718,477,June 2020,131511,2000,1707,131804,2024-04-07
5719,477,July 2020,131511,0,1972,129539,2024-11-15
5720,477,August 2020,131511,2000,219,133292,2025-04-20
5721,477,September 2020,131511,3000,1918,132593,2024-06-19
5722,477,October 2020,131511,2000,675,132836,2023-09-15
5723,477,November 2020,131511,3000,527,133984,2024-11-21
5724,477,December 2020,131511,2000,1924,131587,2025-07-03
5725,478,January 2020,250544,2000,1167,251377,2023-04-03
5726,478,February 2020,250544,3000,1061,252483,2023-11-22
5727,478,March 2020,250544,0,271,250273,2025-06-05
5728,478,April 2020,250544,2000,1956,250588,2023-02-05
5729,478,May 2020,250544,0,651,249893,2022-08-30
5730,478,June 2020,250544,2000,1509,251035,2022-04-11
5731,478,July 2020,250544,3000,736,252808,2022-05-17
5732,478,August 2020,250544,2000,980,251564,2025-05-12
5733,478,September 2020,250544,1000,623,250921,2025-07-21
5734,478,October 2020,250544,1000,1582,249962,2025-02-02
5735,478,November 2020,250544,2000,1640,250904,2023-11-28
5736,478,December 2020,250544,2000,791,251753,2022-05-29
5737,479,January 2020,84576,1000,1060,84516,2023-10-04
5738,479,February 2020,84576,1000,1680,83896,2024-09-06
5739,479,March 2020,84576,2000,1521,85055,2022-02-09
5740,479,April 2020,84576,2000,1851,84725,2022-01-05
5741,479,May 2020,84576,2000,1943,84633,2022-01-31
5742,479,June 2020,84576,3000,1731,85845,2024-02-26
5743,479,July 2020,84576,2000,1352,85224,2022-04-16
5744,479,August 2020,84576,2000,51,86525,2022-12-04
5745,479,September 2020,84576,2000,294,86282,2023-11-16
5746,479,October 2020,84576,3000,1650,85926,2024-03-20
5747,479,November 2020,84576,2000,1899,84677,2024-08-08
5748,479,December 2020,84576,0,1253,83323,2023-05-13
5749,480,January 2020,240996,3000,550,243446,2023-12-07
5750,480,February 2020,240996,1000,23,241973,2025-03-19
5751,480,March 2020,240996,3000,1193,242803,2025-04-11
5752,480,April 2020,240996,1000,622,241374,2022-09-13
5753,480,May 2020,240996,1000,1941,240055,2024-05-02
5754,480,June 2020,240996,2000,1164,241832,2022-01-09
5755,480,July 2020,240996,3000,1321,242675,2024-03-01
5756,480,August 2020,240996,1000,1489,240507,2025-05-29
5757,480,September 2020,240996,3000,1934,242062,2023-03-18
5758,480,October 2020,240996,1000,1031,240965,2022-11-18
5759,480,November 2020,240996,0,121,240875,2024-05-12
5760,480,December 2020,240996,0,192,240804,2025-11-18
5761,481,January 2020,191080,0,703,190377,2025-03-21
5762,481,February 2020,191080,2000,579,192501,2024-04-06
5763,481,March 2020,191080,2000,1635,191445,2022-06-11
5764,481,April 2020,191080,3000,1366,192714,2024-12-30
5765,481,May 2020,191080,0,1016,190064,2023-04-05
5766,481,June 2020,191080,0,1862,189218,2023-01-13
5767,481,July 2020,191080,1000,396,191684,2024-01-18
5768,481,August 2020,191080,3000,196,193884,2025-01-29
5769,481,September 2020,191080,0,380,190700,2023-11-06
5770,481,October 2020,191080,2000,1279,191801,2023-10-31
5771,481,November 2020,191080,0,103,190977,2024-11-08
5772,481,December 2020,191080,2000,1289,191791,2024-02-14
5773,482,January 2020,266409,2000,225,268184,2022-04-30
5774,482,February 2020,266409,3000,1176,268233,2024-09-19
5775,482,March 2020,266409,1000,1378,266031,2022-08-28
5776,482,April 2020,266409,1000,1244,266165,2024-02-06
5777,482,May 2020,266409,3000,162,269247,2024-06-10
5778,482,June 2020,266409,0,1513,264896,2023-08-18
5779,482,July 2020,266409,2000,1356,267053,2023-02-02
5780,482,August 2020,266409,1000,116,267293,2022-05-14
5781,482,September 2020,266409,1000,1345,266064,2025-08-26
5782,482,October 2020,266409,0,1520,264889,2024-06-05
5783,482,November 2020,266409,1000,583,266826,2025-10-26
5784,482,December 2020,266409,2000,266,268143,2022-09-20
5785,483,January 2020,235923,3000,847,238076,2022-06-06
5786,483,February 2020,235923,0,1508,234415,2024-05-08
5787,483,March 2020,235923,1000,1071,235852,2025-01-30
5788,483,April 2020,235923,0,361,235562,2022-05-19
5789,483,May 2020,235923,3000,1334,237589,2025-04-16
5790,483,June 2020,235923,0,1266,234657,2024-02-06
5791,483,July 2020,235923,2000,229,237694,2022-06-30
5792,483,August 2020,235923,2000,305,237618,2025-04-25
5793,483,September 2020,235923,0,1439,234484,2024-01-21
5794,483,October 2020,235923,1000,721,236202,2023-12-25
5795,483,November 2020,235923,1000,411,236512,2024-04-10
5796,483,December 2020,235923,0,1643,234280,2025-08-01
5797,484,January 2020,93504,0,616,92888,2025-09-22
5798,484,February 2020,93504,0,1692,91812,2024-06-22
5799,484,March 2020,93504,1000,505,93999,2025-01-03
5800,484,April 2020,93504,3000,463,96041,2025-07-28
5801,484,May 2020,93504,1000,1038,93466,2025-09-09
5802,484,June 2020,93504,2000,851,94653,2025-08-03
5803,484,July 2020,93504,3000,1042,95462,2024-09-29
5804,484,August 2020,93504,1000,1404,93100,2023-06-18
5805,484,September 2020,93504,1000,1103,93401,2022-06-26
5806,484,October 2020,93504,0,809,92695,2024-01-18
5807,484,November 2020,93504,2000,1245,94259,2022-05-18
5808,484,December 2020,93504,0,1073,92431,2023-07-23
5809,485,January 2020,133983,3000,63,136920,2022-12-11
5810,485,February 2020,133983,0,917,133066,2025-01-28
5811,485,March 2020,133983,3000,1497,135486,2024-08-24
5812,485,April 2020,133983,0,452,133531,2022-10-07
5813,485,May 2020,133983,1000,1192,133791,2022-07-20
5814,485,June 2020,133983,1000,1923,133060,2024-03-11
5815,485,July 2020,133983,2000,1409,134574,2024-04-22
5816,485,August 2020,133983,1000,1422,133561,2025-04-06
5817,485,September 2020,133983,1000,1574,133409,2025-07-06
5818,485,October 2020,133983,1000,1878,133105,2023-03-08
5819,485,November 2020,133983,3000,940,136043,2024-04-29
5820,485,December 2020,133983,0,1084,132899,2024-06-15
5821,486,January 2020,105360,0,862,104498,2025-06-22
5822,486,February 2020,105360,0,76,105284,2025-09-03
5823,486,March 2020,105360,0,678,104682,2022-07-17
5824,486,April 2020,105360,3000,1724,106636,2025-01-08
5825,486,May 2020,105360,1000,337,106023,2022-08-13
5826,486,June 2020,105360,3000,1363,106997,2025-05-17
5827,486,July 2020,105360,2000,682,106678,2025-10-21
5828,486,August 2020,105360,2000,1444,105916,2024-02-24
5829,486,September 2020,105360,3000,748,107612,2022-12-08
5830,486,October 2020,105360,1000,67,106293,2024-05-06
5831,486,November 2020,105360,1000,1647,104713,2022-07-29
5832,486,December 2020,105360,0,1597,103763,2024-06-12
5833,487,January 2020,174886,3000,1234,176652,2025-04-04
5834,487,February 2020,174886,0,174,174712,2025-01-01
5835,487,March 2020,174886,1000,640,175246,2025-12-16
5836,487,April 2020,174886,2000,779,176107,2023-03-05
5837,487,May 2020,174886,1000,1072,174814,2024-02-04
5838,487,June 2020,174886,2000,1012,175874,2022-05-24
5839,487,July 2020,174886,1000,50,175836,2022-11-18
5840,487,August 2020,174886,3000,627,177259,2024-05-13
5841,487,September 2020,174886,3000,1529,176357,2024-08-04
5842,487,October 2020,174886,0,379,174507,2024-06-01
5843,487,November 2020,174886,2000,1313,175573,2025-12-18
5844,487,December 2020,174886,2000,571,176315,2024-05-13
5845,488,January 2020,92872,2000,1495,93377,2022-04-09
5846,488,February 2020,92872,0,1482,91390,2024-12-24
5847,488,March 2020,92872,3000,1892,93980,2024-06-29
5848,488,April 2020,92872,3000,1702,94170,2024-09-30
5849,488,May 2020,92872,2000,899,93973,2024-07-02
5850,488,June 2020,92872,3000,1598,94274,2022-04-27
5851,488,July 2020,92872,1000,1448,92424,2025-02-07
5852,488,August 2020,92872,1000,1888,91984,2025-04-18
5853,488,September 2020,92872,0,1072,91800,2023-06-08
5854,488,October 2020,92872,2000,1665,93207,2025-06-07
5855,488,November 2020,92872,0,929,91943,2024-05-22
5856,488,December 2020,92872,3000,377,95495,2025-07-10
5857,489,January 2020,208629,3000,1113,210516,2022-05-04
5858,489,February 2020,208629,1000,1939,207690,2024-04-09
5859,489,March 2020,208629,2000,1173,209456,2022-04-06
5860,489,April 2020,208629,3000,1989,209640,2022-12-01
5861,489,May 2020,208629,2000,365,210264,2024-03-30
5862,489,June 2020,208629,2000,1630,208999,2023-09-02
5863,489,July 2020,208629,1000,1260,208369,2025-03-19
5864,489,August 2020,208629,0,65,208564,2022-05-05
5865,489,September 2020,208629,3000,1400,210229,2024-05-09
5866,489,October 2020,208629,2000,1952,208677,2025-06-12
5867,489,November 2020,208629,0,927,207702,2025-05-01
5868,489,December 2020,208629,1000,1950,207679,2022-07-15
5869,490,January 2020,230568,2000,295,232273,2024-04-11
5870,490,February 2020,230568,1000,1501,230067,2022-09-12
5871,490,March 2020,230568,0,552,230016,2024-10-22
5872,490,April 2020,230568,2000,1480,231088,2024-09-03
5873,490,May 2020,230568,3000,1512,232056,2022-04-09
5874,490,June 2020,230568,2000,44,232524,2022-11-22
5875,490,July 2020,230568,0,1340,229228,2022-08-20
5876,490,August 2020,230568,1000,44,231524,2023-01-27
5877,490,September 2020,230568,3000,506,233062,2023-07-01
5878,490,October 2020,230568,3000,1650,231918,2023-02-18
5879,490,November 2020,230568,3000,1216,232352,2022-06-16
5880,490,December 2020,230568,2000,318,232250,2022-06-07
5881,491,January 2020,236400,3000,332,239068,2024-09-19
5882,491,February 2020,236400,3000,863,238537,2023-02-03
5883,491,March 2020,236400,3000,1751,237649,2025-07-04
5884,491,April 2020,236400,1000,1706,235694,2025-07-13
5885,491,May 2020,236400,1000,361,237039,2022-03-19
5886,491,June 2020,236400,3000,332,239068,2023-10-15
5887,491,July 2020,236400,0,233,236167,2023-01-21
5888,491,August 2020,236400,2000,1796,236604,2025-04-30
5889,491,September 2020,236400,0,380,236020,2025-07-04
5890,491,October 2020,236400,3000,1104,238296,2023-04-25
5891,491,November 2020,236400,3000,1813,237587,2024-10-16
5892,491,December 2020,236400,1000,1581,235819,2024-06-06
5893,492,January 2020,156946,0,1830,155116,2022-05-22
5894,492,February 2020,156946,1000,334,157612,2025-09-09
5895,492,March 2020,156946,1000,989,156957,2023-10-29
5896,492,April 2020,156946,0,993,155953,2022-02-15
5897,492,May 2020,156946,3000,1547,158399,2023-07-17
5898,492,June 2020,156946,0,1315,155631,2022-01-17
5899,492,July 2020,156946,3000,726,159220,2023-08-25
5900,492,August 2020,156946,3000,1872,158074,2022-05-09
5901,492,September 2020,156946,2000,1531,157415,2025-11-12
5902,492,October 2020,156946,0,616,156330,2022-12-13
5903,492,November 2020,156946,3000,1138,158808,2024-04-09
5904,492,December 2020,156946,3000,1568,158378,2025-09-12
5905,493,January 2020,166354,0,750,165604,2022-04-21
5906,493,February 2020,166354,2000,620,167734,2022-02-05
5907,493,March 2020,166354,1000,1924,165430,2023-12-22
5908,493,April 2020,166354,0,734,165620,2024-12-28
5909,493,May 2020,166354,2000,1246,167108,2025-07-21
5910,493,June 2020,166354,0,1540,164814,2022-08-04
5911,493,July 2020,166354,2000,839,167515,2024-02-20
5912,493,August 2020,166354,2000,1720,166634,2022-12-15
5913,493,September 2020,166354,1000,1770,165584,2025-07-02
5914,493,October 2020,166354,0,1122,165232,2025-03-24
5915,493,November 2020,166354,0,1770,164584,2023-05-30
5916,493,December 2020,166354,2000,1171,167183,2024-12-16
5917,494,January 2020,229509,2000,1306,230203,2023-10-14
5918,494,February 2020,229509,0,1297,228212,2024-12-12
5919,494,March 2020,229509,0,1995,227514,2023-07-05
5920,494,April 2020,229509,1000,219,230290,2022-05-10
5921,494,May 2020,229509,0,436,229073,2023-07-14
5922,494,June 2020,229509,3000,26,232483,2022-06-23
5923,494,July 2020,229509,1000,1938,228571,2023-09-10
5924,494,August 2020,229509,0,1178,228331,2024-02-22
5925,494,September 2020,229509,3000,1588,230921,2023-09-01
5926,494,October 2020,229509,3000,636,231873,2024-04-08
5927,494,November 2020,229509,3000,834,231675,2025-01-20
5928,494,December 2020,229509,1000,1372,229137,2025-04-02
5929,495,January 2020,155066,3000,516,157550,2025-05-09
5930,495,February 2020,155066,3000,1358,156708,2023-08-11
5931,495,March 2020,155066,0,1347,153719,2023-10-01
5932,495,April 2020,155066,1000,927,155139,2022-02-24
5933,495,May 2020,155066,1000,981,155085,2022-06-10
5934,495,June 2020,155066,0,71,154995,2022-03-06
5935,495,July 2020,155066,2000,1959,155107,2025-07-05
5936,495,August 2020,155066,2000,876,156190,2024-10-02
5937,495,September 2020,155066,0,1557,153509,2024-01-12
5938,495,October 2020,155066,0,689,154377,2024-01-05
5939,495,November 2020,155066,1000,437,155629,2022-11-04
5940,495,December 2020,155066,0,997,154069,2024-02-10
5941,496,January 2020,74498,3000,1523,75975,2024-06-30
5942,496,February 2020,74498,1000,366,75132,2025-09-23
5943,496,March 2020,74498,3000,1344,76154,2022-01-27
5944,496,April 2020,74498,0,287,74211,2023-12-19
5945,496,May 2020,74498,0,413,74085,2023-02-22
5946,496,June 2020,74498,1000,1795,73703,2025-12-03
5947,496,July 2020,74498,3000,770,76728,2024-06-29
5948,496,August 2020,74498,2000,1427,75071,2024-10-20
5949,496,September 2020,74498,3000,157,77341,2022-06-11
5950,496,October 2020,74498,3000,143,77355,2022-07-03
5951,496,November 2020,74498,0,1556,72942,2024-02-21
5952,496,December 2020,74498,0,585,73913,2025-07-18
5953,497,January 2020,246796,0,1933,244863,2024-05-29
5954,497,February 2020,246796,2000,1085,247711,2024-09-18
5955,497,March 2020,246796,1000,131,247665,2022-12-08
5956,497,April 2020,246796,1000,1185,246611,2025-08-12
5957,497,May 2020,246796,0,739,246057,2024-10-27
5958,497,June 2020,246796,2000,824,247972,2022-12-09
5959,497,July 2020,246796,0,378,246418,2022-03-09
5960,497,August 2020,246796,0,1493,245303,2025-02-18
5961,497,September 2020,246796,1000,1745,246051,2022-06-12
5962,497,October 2020,246796,0,31,246765,2024-08-18
5963,497,November 2020,246796,0,346,246450,2022-06-24
5964,497,December 2020,246796,1000,1751,246045,2024-05-23
5965,498,January 2020,81501,0,1420,80081,2024-06-08
5966,498,February 2020,81501,3000,566,83935,2022-09-17
5967,498,March 2020,81501,0,330,81171,2024-09-11
5968,498,April 2020,81501,3000,1708,82793,2022-06-03
5969,498,May 2020,81501,1000,1128,81373,2022-05-21
5970,498,June 2020,81501,3000,1750,82751,2025-05-23
5971,498,July 2020,81501,1000,271,82230,2024-02-02
5972,498,August 2020,81501,0,1340,80161,2025-12-25
5973,498,September 2020,81501,0,438,81063,2025-08-13
5974,498,October 2020,81501,0,921,80580,2022-07-14
5975,498,November 2020,81501,2000,949,82552,2024-03-08
5976,498,December 2020,81501,3000,1024,83477,2023-07-12
5977,499,January 2020,80032,2000,1302,80730,2023-08-03
5978,499,February 2020,80032,0,1458,78574,2023-07-02
5979,499,March 2020,80032,1000,1708,79324,2025-11-29
5980,499,April 2020,80032,3000,367,82665,2022-02-11
5981,499,May 2020,80032,3000,1442,81590,2025-11-26
5982,499,June 2020,80032,2000,978,81054,2024-06-28
5983,499,July 2020,80032,3000,1297,81735,2023-03-18
5984,499,August 2020,80032,2000,236,81796,2022-08-01
5985,499,September 2020,80032,1000,581,80451,2022-08-09
5986,499,October 2020,80032,3000,1718,81314,2025-06-15
5987,499,November 2020,80032,2000,611,81421,2022-05-14
5988,499,December 2020,80032,1000,575,80457,2024-07-25
5989,500,January 2020,241960,1000,1067,241893,2024-09-08
5990,500,February 2020,241960,0,769,241191,2025-02-07
5991,500,March 2020,241960,0,1457,240503,2023-09-10
5992,500,April 2020,241960,3000,1578,243382,2022-11-27
5993,500,May 2020,241960,3000,49,244911,2023-07-29
5994,500,June 2020,241960,3000,506,244454,2022-11-28
5995,500,July 2020,241960,1000,639,242321,2023-12-02
5996,500,August 2020,241960,2000,1024,242936,2022-08-25
5997,500,September 2020,241960,3000,1293,243667,2023-11-29
5998,500,October 2020,241960,2000,1589,242371,2023-05-02
5999,500,November 2020,241960,0,1483,240477,2022-10-19
6000,500,December 2020,241960,0,1455,240505,2023-03-19
6001,501,January 2020,223560,0,475,223085,2025-05-30
6002,501,February 2020,223560,2000,881,224679,2024-11-26
6003,501,March 2020,223560,1000,1099,223461,2022-05-22
6004,501,April 2020,223560,2000,1693,223867,2022-05-13
6005,501,May 2020,223560,0,1024,222536,2025-06-18
6006,501,June 2020,223560,3000,531,226029,2023-01-25
6007,501,July 2020,223560,1000,686,223874,2022-06-15
6008,501,August 2020,223560,2000,1138,224422,2024-09-25
6009,501,September 2020,223560,0,1989,221571,2022-10-20
6010,501,October 2020,223560,1000,952,223608,2023-12-07
6011,501,November 2020,223560,2000,1230,224330,2022-01-04
6012,501,December 2020,223560,2000,681,224879,2023-02-02
6013,502,January 2020,258852,0,826,258026,2023-07-13
6014,502,February 2020,258852,3000,566,261286,2023-01-03
6015,502,March 2020,258852,2000,1866,258986,2024-09-22
6016,502,April 2020,258852,0,1366,257486,2022-01-05
6017,502,May 2020,258852,3000,798,261054,2024-11-11
6018,502,June 2020,258852,3000,1866,259986,2024-07-16
6019,502,July 2020,258852,3000,172,261680,2023-07-28
6020,502,August 2020,258852,3000,1781,260071,2022-07-02
6021,502,September 2020,258852,3000,558,261294,2023-10-13
6022,502,October 2020,258852,0,1592,257260,2025-07-30
6023,502,November 2020,258852,1000,246,259606,2025-08-13
6024,502,December 2020,258852,3000,494,261358,2024-12-13
6025,503,January 2020,225787,3000,1334,227453,2025-04-19
6026,503,February 2020,225787,0,1245,224542,2024-05-27
6027,503,March 2020,225787,0,912,224875,2023-08-24
6028,503,April 2020,225787,3000,1868,226919,2024-08-22
6029,503,May 2020,225787,0,183,225604,2023-02-27
6030,503,June 2020,225787,1000,666,226121,2025-05-17
6031,503,July 2020,225787,0,1566,224221,2025-06-30
6032,503,August 2020,225787,3000,288,228499,2023-04-12
6033,503,September 2020,225787,0,328,225459,2024-08-30
6034,503,October 2020,225787,0,1541,224246,2023-06-05
6035,503,November 2020,225787,2000,827,226960,2024-09-02
6036,503,December 2020,225787,3000,1106,227681,2022-01-18
6037,504,January 2020,189242,2000,1742,189500,2023-04-05
6038,504,February 2020,189242,0,1504,187738,2025-04-08
6039,504,March 2020,189242,0,24,189218,2022-08-13
6040,504,April 2020,189242,3000,692,191550,2024-05-05
6041,504,May 2020,189242,2000,407,190835,2025-03-28
6042,504,June 2020,189242,1000,1607,188635,2023-12-28
6043,504,July 2020,189242,1000,950,189292,2025-09-27
6044,504,August 2020,189242,0,208,189034,2022-12-07
6045,504,September 2020,189242,2000,1273,189969,2022-12-02
6046,504,October 2020,189242,2000,1712,189530,2023-03-06
6047,504,November 2020,189242,3000,582,191660,2023-01-19
6048,504,December 2020,189242,2000,1277,189965,2024-10-11
6049,505,January 2020,132611,3000,38,135573,2025-04-24
6050,505,February 2020,132611,2000,1765,132846,2023-10-08
6051,505,March 2020,132611,3000,414,135197,2023-05-16
6052,505,April 2020,132611,2000,1606,133005,2023-03-04
6053,505,May 2020,132611,1000,820,132791,2025-02-14
6054,505,June 2020,132611,0,512,132099,2024-11-14
6055,505,July 2020,132611,2000,533,134078,2025-01-29
6056,505,August 2020,132611,2000,1890,132721,2023-02-06
6057,505,September 2020,132611,2000,1744,132867,2024-10-07
6058,505,October 2020,132611,2000,1718,132893,2025-06-04
6059,505,November 2020,132611,2000,482,134129,2022-04-29
6060,505,December 2020,132611,3000,784,134827,2025-01-20
6061,506,January 2020,81160,1000,911,81249,2025-02-09
6062,506,February 2020,81160,0,290,80870,2025-07-30
6063,506,March 2020,81160,3000,204,83956,2024-11-02
6064,506,April 2020,81160,0,1696,79464,2023-08-13
6065,506,May 2020,81160,0,523,80637,2022-11-29
6066,506,June 2020,81160,0,320,80840,2022-02-07
6067,506,July 2020,81160,1000,1884,80276,2024-04-30
6068,506,August 2020,81160,1000,988,81172,2022-07-07
6069,506,September 2020,81160,1000,321,81839,2025-04-10
6070,506,October 2020,81160,0,463,80697,2024-04-11
6071,506,November 2020,81160,0,441,80719,2023-07-26
6072,506,December 2020,81160,1000,763,81397,2024-08-25
6073,507,January 2020,170498,2000,1447,171051,2024-02-24
6074,507,February 2020,170498,3000,669,172829,2022-07-09
6075,507,March 2020,170498,0,967,169531,2023-06-18
6076,507,April 2020,170498,3000,946,172552,2024-06-30
6077,507,May 2020,170498,2000,384,172114,2022-11-20
6078,507,June 2020,170498,0,310,170188,2024-10-10
6079,507,July 2020,170498,0,912,169586,2025-12-16
6080,507,August 2020,170498,0,1755,168743,2022-08-05
6081,507,September 2020,170498,1000,1364,170134,2023-10-29
6082,507,October 2020,170498,2000,1566,170932,2025-11-03
6083,507,November 2020,170498,3000,613,172885,2022-12-24
6084,507,December 2020,170498,0,872,169626,2023-04-06
6085,508,January 2020,195656,1000,71,196585,2023-08-26
6086,508,February 2020,195656,3000,1269,197387,2025-08-28
6087,508,March 2020,195656,1000,143,196513,2023-06-22
6088,508,April 2020,195656,0,503,195153,2025-08-20
6089,508,May 2020,195656,1000,1461,195195,2025-11-10
6090,508,June 2020,195656,2000,1202,196454,2024-04-28
6091,508,July 2020,195656,2000,1941,195715,2022-05-26
6092,508,August 2020,195656,2000,684,196972,2024-07-30
6093,508,September 2020,195656,2000,1792,195864,2024-12-25
6094,508,October 2020,195656,0,642,195014,2023-12-13
6095,508,November 2020,195656,3000,544,198112,2022-10-04
6096,508,December 2020,195656,1000,183,196473,2024-04-16
6097,509,January 2020,278302,3000,1871,279431,2024-02-04
6098,509,February 2020,278302,2000,490,279812,2023-06-15
6099,509,March 2020,278302,0,26,278276,2024-03-18
6100,509,April 2020,278302,0,282,278020,2023-10-11
6101,509,May 2020,278302,2000,932,279370,2022-05-25
6102,509,June 2020,278302,0,664,277638,2025-04-11
6103,509,July 2020,278302,1000,492,278810,2023-07-28
6104,509,August 2020,278302,0,1958,276344,2022-01-25
6105,509,September 2020,278302,2000,1733,278569,2024-05-19
6106,509,October 2020,278302,0,636,277666,2023-10-06
6107,509,November 2020,278302,2000,793,279509,2023-10-29
6108,509,December 2020,278302,1000,1760,277542,2025-12-06
6109,510,January 2020,111384,3000,282,114102,2023-02-01
6110,510,February 2020,111384,1000,120,112264,2025-05-29
6111,510,March 2020,111384,3000,1107,113277,2025-10-11
6112,510,April 2020,111384,1000,138,112246,2023-05-12
6113,510,May 2020,111384,0,190,111194,2022-10-04
6114,510,June 2020,111384,2000,1651,111733,2025-03-01
6115,510,July 2020,111384,0,1876,109508,2025-03-07
6116,510,August 2020,111384,1000,130,112254,2023-10-09
6117,510,September 2020,111384,2000,1631,111753,2024-06-10
6118,510,October 2020,111384,0,338,111046,2024-09-03
6119,510,November 2020,111384,3000,978,113406,2024-06-29
6120,510,December 2020,111384,1000,460,111924,2024-09-14
6121,511,January 2020,273086,2000,584,274502,2025-10-24
6122,511,February 2020,273086,2000,131,274955,2022-12-20
6123,511,March 2020,273086,0,945,272141,2025-08-25
6124,511,April 2020,273086,2000,1011,274075,2025-01-22
6125,511,May 2020,273086,3000,19,276067,2024-05-13
6126,511,June 2020,273086,3000,416,275670,2024-10-01
6127,511,July 2020,273086,0,1784,271302,2024-11-07
6128,511,August 2020,273086,3000,1721,274365,2022-08-25
6129,511,September 2020,273086,3000,547,275539,2022-09-25
6130,511,October 2020,273086,0,1345,271741,2023-12-18
6131,511,November 2020,273086,2000,1288,273798,2023-02-01
6132,511,December 2020,273086,3000,1132,274954,2023-01-07
6133,512,January 2020,268310,2000,1853,268457,2022-01-26
6134,512,February 2020,268310,2000,1642,268668,2023-10-01
6135,512,March 2020,268310,1000,1473,267837,2025-02-16
6136,512,April 2020,268310,0,844,267466,2025-01-06
6137,512,May 2020,268310,3000,1008,270302,2023-07-02
6138,512,June 2020,268310,0,1796,266514,2024-11-11
6139,512,July 2020,268310,2000,1038,269272,2025-02-19
6140,512,August 2020,268310,3000,895,270415,2023-03-10
6141,512,September 2020,268310,0,842,267468,2022-04-18
6142,512,October 2020,268310,2000,1802,268508,2022-12-04
6143,512,November 2020,268310,1000,582,268728,2025-05-02
6144,512,December 2020,268310,3000,505,270805,2023-10-30
6145,513,January 2020,210280,3000,777,212503,2023-11-09
6146,513,February 2020,210280,1000,111,211169,2022-07-11
6147,513,March 2020,210280,3000,961,212319,2024-12-20
6148,513,April 2020,210280,2000,1373,210907,2022-11-01
6149,513,May 2020,210280,2000,293,211987,2023-05-02
6150,513,June 2020,210280,0,904,209376,2025-10-14
6151,513,July 2020,210280,0,1327,208953,2022-11-11
6152,513,August 2020,210280,0,626,209654,2024-09-12
6153,513,September 2020,210280,2000,468,211812,2022-08-01
6154,513,October 2020,210280,2000,1092,211188,2024-05-06
6155,513,November 2020,210280,1000,1596,209684,2023-01-04
6156,513,December 2020,210280,0,1702,208578,2024-04-12
6157,514,January 2020,232129,0,386,231743,2025-08-20
6158,514,February 2020,232129,1000,1288,231841,2025-10-09
6159,514,March 2020,232129,3000,1979,233150,2025-02-20
6160,514,April 2020,232129,0,84,232045,2024-07-10
6161,514,May 2020,232129,0,1098,231031,2023-10-20
6162,514,June 2020,232129,1000,67,233062,2022-12-28
6163,514,July 2020,232129,1000,741,232388,2022-03-10
6164,514,August 2020,232129,2000,624,233505,2023-12-21
6165,514,September 2020,232129,2000,653,233476,2025-09-15
6166,514,October 2020,232129,0,658,231471,2023-03-18
6167,514,November 2020,232129,0,910,231219,2024-04-06
6168,514,December 2020,232129,2000,497,233632,2025-04-25
6169,515,January 2020,267360,2000,357,269003,2024-09-26
6170,515,February 2020,267360,1000,1236,267124,2022-01-27
6171,515,March 2020,267360,3000,1031,269329,2024-05-11
6172,515,April 2020,267360,2000,281,269079,2025-08-06
6173,515,May 2020,267360,2000,983,268377,2023-04-22
6174,515,June 2020,267360,2000,1237,268123,2025-09-08
6175,515,July 2020,267360,1000,1960,266400,2024-04-14
6176,515,August 2020,267360,0,810,266550,2025-03-20
6177,515,September 2020,267360,1000,1846,266514,2023-04-13
6178,515,October 2020,267360,0,1816,265544,2024-08-02
6179,515,November 2020,267360,2000,1212,268148,2023-07-13
6180,515,December 2020,267360,0,314,267046,2022-07-04
6181,516,January 2020,188478,1000,1776,187702,2024-04-01
6182,516,February 2020,188478,3000,129,191349,2023-06-15
6183,516,March 2020,188478,0,510,187968,2025-03-04
6184,516,April 2020,188478,2000,573,189905,2025-04-13
6185,516,May 2020,188478,1000,1277,188201,2022-05-06
6186,516,June 2020,188478,0,1970,186508,2025-07-09
6187,516,July 2020,188478,1000,1572,187906,2024-05-12
6188,516,August 2020,188478,0,906,187572,2024-09-23
6189,516,September 2020,188478,3000,1596,189882,2022-03-10
6190,516,October 2020,188478,3000,9,191469,2025-02-14
6191,516,November 2020,188478,0,783,187695,2023-09-27
6192,516,December 2020,188478,1000,1104,188374,2025-03-03
6193,517,January 2020,84676,2000,1947,84729,2022-04-25
6194,517,February 2020,84676,1000,557,85119,2024-12-29
6195,517,March 2020,84676,1000,1191,84485,2025-07-04
6196,517,April 2020,84676,1000,1282,84394,2025-09-11
6197,517,May 2020,84676,0,1402,83274,2024-05-24
6198,517,June 2020,84676,3000,360,87316,2022-10-07
6199,517,July 2020,84676,3000,1251,86425,2023-02-22
6200,517,August 2020,84676,1000,1141,84535,2024-10-22
6201,517,September 2020,84676,3000,430,87246,2023-03-15
6202,517,October 2020,84676,2000,1216,85460,2022-07-26
6203,517,November 2020,84676,3000,859,86817,2023-09-02
6204,517,December 2020,84676,1000,38,85638,2023-05-01
6205,518,January 2020,187389,2000,832,188557,2022-03-19
6206,518,February 2020,187389,2000,772,188617,2022-01-08
6207,518,March 2020,187389,2000,1974,187415,2022-03-31
6208,518,April 2020,187389,0,1127,186262,2023-10-04
6209,518,May 2020,187389,3000,456,189933,2024-07-14
6210,518,June 2020,187389,1000,1317,187072,2023-07-30
6211,518,July 2020,187389,0,907,186482,2025-12-14
6212,518,August 2020,187389,1000,430,187959,2023-04-21
6213,518,September 2020,187389,1000,55,188334,2023-11-09
6214,518,October 2020,187389,2000,762,188627,2023-01-25
6215,518,November 2020,187389,1000,1513,186876,2023-05-29
6216,518,December 2020,187389,0,1293,186096,2023-07-17
6217,519,January 2020,193908,2000,863,195045,2023-08-05
6218,519,February 2020,193908,1000,223,194685,2023-12-21
6219,519,March 2020,193908,2000,1821,194087,2023-09-03
6220,519,April 2020,193908,3000,49,196859,2025-08-16
6221,519,May 2020,193908,0,913,192995,2025-12-25
6222,519,June 2020,193908,2000,730,195178,2025-05-23
6223,519,July 2020,193908,1000,375,194533,2022-03-28
6224,519,August 2020,193908,3000,371,196537,2022-08-11
6225,519,September 2020,193908,3000,1142,195766,2022-09-27
6226,519,October 2020,193908,3000,1645,195263,2025-09-30
6227,519,November 2020,193908,3000,842,196066,2023-09-21
6228,519,December 2020,193908,2000,1733,194175,2025-03-20
6229,520,January 2020,269860,1000,744,270116,2025-10-20
6230,520,February 2020,269860,0,1494,268366,2025-08-18
6231,520,March 2020,269860,3000,1884,270976,2023-04-09
6232,520,April 2020,269860,2000,1546,270314,2024-06-18
6233,520,May 2020,269860,0,228,269632,2024-12-25
6234,520,June 2020,269860,1000,887,269973,2022-06-14
6235,520,July 2020,269860,3000,1845,271015,2023-07-21
6236,520,August 2020,269860,0,693,269167,2022-11-18
6237,520,September 2020,269860,0,228,269632,2024-04-15
6238,520,October 2020,269860,2000,668,271192,2024-02-11
6239,520,November 2020,269860,3000,1461,271399,2024-06-01
6240,520,December 2020,269860,3000,389,272471,2023-05-23
6241,521,January 2020,142022,2000,352,143670,2022-10-20
6242,521,February 2020,142022,2000,56,143966,2023-10-18
6243,521,March 2020,142022,2000,1760,142262,2025-04-05
6244,521,April 2020,142022,1000,315,142707,2022-01-19
6245,521,May 2020,142022,0,530,141492,2024-06-12
6246,521,June 2020,142022,2000,1729,142293,2025-11-13
6247,521,July 2020,142022,0,1166,140856,2025-12-24
6248,521,August 2020,142022,1000,1661,141361,2024-05-31
6249,521,September 2020,142022,0,1528,140494,2022-11-04
6250,521,October 2020,142022,3000,1892,143130,2025-05-29
6251,521,November 2020,142022,1000,973,142049,2023-09-22
6252,521,December 2020,142022,2000,511,143511,2022-06-22
6253,522,January 2020,218760,0,280,218480,2024-12-24
6254,522,February 2020,218760,0,1923,216837,2023-06-25
6255,522,March 2020,218760,0,946,217814,2023-01-11
6256,522,April 2020,218760,1000,7,219753,2024-09-20
6257,522,May 2020,218760,1000,2,219758,2024-02-20
6258,522,June 2020,218760,1000,788,218972,2022-05-07
6259,522,July 2020,218760,0,1621,217139,2023-04-09
6260,522,August 2020,218760,1000,452,219308,2024-01-05
6261,522,September 2020,218760,3000,943,220817,2024-09-08
6262,522,October 2020,218760,1000,429,219331,2025-02-20
6263,522,November 2020,218760,1000,76,219684,2025-09-19
6264,522,December 2020,218760,1000,1215,218545,2022-11-03
6265,523,January 2020,165857,3000,234,168623,2025-12-12
6266,523,February 2020,165857,3000,1351,167506,2024-02-10
6267,523,March 2020,165857,2000,626,167231,2022-04-16
6268,523,April 2020,165857,3000,1180,167677,2024-09-18
6269,523,May 2020,165857,2000,1293,166564,2022-09-10
6270,523,June 2020,165857,1000,1832,165025,2022-09-04
6271,523,July 2020,165857,1000,1336,165521,2022-11-17
6272,523,August 2020,165857,1000,1437,165420,2025-12-15
6273,523,September 2020,165857,1000,629,166228,2025-10-20
6274,523,October 2020,165857,1000,483,166374,2024-07-01
6275,523,November 2020,165857,2000,203,167654,2025-10-30
6276,523,December 2020,165857,3000,733,168124,2023-01-27
6277,524,January 2020,197985,1000,1429,197556,2024-02-16
6278,524,February 2020,197985,3000,1961,199024,2022-06-17
6279,524,March 2020,197985,0,205,197780,2025-03-12
6280,524,April 2020,197985,1000,34,198951,2024-07-27
6281,524,May 2020,197985,0,882,197103,2023-07-21
6282,524,June 2020,197985,2000,151,199834,2023-04-11
6283,524,July 2020,197985,3000,311,200674,2023-01-08
6284,524,August 2020,197985,1000,375,198610,2022-07-06
6285,524,September 2020,197985,2000,472,199513,2025-09-07
6286,524,October 2020,197985,3000,617,200368,2023-01-28
6287,524,November 2020,197985,2000,1536,198449,2024-02-26
6288,524,December 2020,197985,2000,466,199519,2022-12-07
6289,525,January 2020,101725,3000,1712,103013,2023-07-26
6290,525,February 2020,101725,3000,1338,103387,2022-05-17
6291,525,March 2020,101725,1000,371,102354,2025-05-05
6292,525,April 2020,101725,1000,248,102477,2022-06-25
6293,525,May 2020,101725,3000,1417,103308,2023-07-26
6294,525,June 2020,101725,3000,887,103838,2023-01-07
6295,525,July 2020,101725,2000,574,103151,2025-05-30
6296,525,August 2020,101725,1000,1743,100982,2024-07-18
6297,525,September 2020,101725,3000,254,104471,2023-01-01
6298,525,October 2020,101725,3000,593,104132,2024-04-07
6299,525,November 2020,101725,2000,434,103291,2022-05-15
6300,525,December 2020,101725,3000,202,104523,2024-10-12
6301,526,January 2020,148169,0,1418,146751,2022-02-13
6302,526,February 2020,148169,3000,295,150874,2024-02-01
6303,526,March 2020,148169,1000,824,148345,2025-06-28
6304,526,April 2020,148169,0,585,147584,2025-01-19
6305,526,May 2020,148169,2000,1544,148625,2025-10-19
6306,526,June 2020,148169,3000,722,150447,2023-06-21
6307,526,July 2020,148169,3000,373,150796,2025-01-03
6308,526,August 2020,148169,3000,1211,149958,2022-06-20
6309,526,September 2020,148169,2000,1385,148784,2022-03-11
6310,526,October 2020,148169,2000,1719,148450,2025-04-28
6311,526,November 2020,148169,2000,516,149653,2023-05-21
6312,526,December 2020,148169,3000,405,150764,2024-10-29
6313,527,January 2020,276630,2000,1092,277538,2023-10-15
6314,527,February 2020,276630,1000,1354,276276,2022-08-20
6315,527,March 2020,276630,3000,941,278689,2023-05-30
6316,527,April 2020,276630,0,953,275677,2024-12-10
6317,527,May 2020,276630,3000,761,278869,2025-02-04
6318,527,June 2020,276630,1000,621,277009,2024-05-30
6319,527,July 2020,276630,3000,1502,278128,2024-03-23
6320,527,August 2020,276630,2000,1332,277298,2024-01-22
6321,527,September 2020,276630,3000,1131,278499,2024-09-02
6322,527,October 2020,276630,0,1238,275392,2023-11-02
6323,527,November 2020,276630,2000,363,278267,2025-12-23
6324,527,December 2020,276630,2000,804,277826,2024-11-14
6325,528,January 2020,208244,3000,137,211107,2023-06-07
6326,528,February 2020,208244,2000,225,210019,2023-04-06
6327,528,March 2020,208244,2000,1518,208726,2024-11-23
6328,528,April 2020,208244,0,672,207572,2022-04-22
6329,528,May 2020,208244,3000,1882,209362,2022-12-03
6330,528,June 2020,208244,0,1051,207193,2023-08-28
6331,528,July 2020,208244,3000,1557,209687,2022-07-31
6332,528,August 2020,208244,3000,846,210398,2024-03-04
6333,528,September 2020,208244,0,1955,206289,2025-10-07
6334,528,October 2020,208244,0,1142,207102,2022-04-29
6335,528,November 2020,208244,2000,1249,208995,2024-11-27
6336,528,December 2020,208244,1000,491,208753,2023-07-15
6337,529,January 2020,71646,3000,608,74038,2025-03-28
6338,529,February 2020,71646,1000,1239,71407,2025-05-23
6339,529,March 2020,71646,3000,1271,73375,2024-06-24
6340,529,April 2020,71646,0,106,71540,2022-11-22
6341,529,May 2020,71646,1000,141,72505,2025-02-10
6342,529,June 2020,71646,1000,1430,71216,2023-02-21
6343,529,July 2020,71646,0,1459,70187,2022-05-20
6344,529,August 2020,71646,1000,1701,70945,2025-04-14
6345,529,September 2020,71646,2000,1139,72507,2025-01-03
6346,529,October 2020,71646,1000,1963,70683,2022-09-24
6347,529,November 2020,71646,0,895,70751,2025-05-07
6348,529,December 2020,71646,2000,1750,71896,2024-02-12
6349,530,January 2020,128989,2000,630,130359,2025-08-14
6350,530,February 2020,128989,0,400,128589,2023-03-20
6351,530,March 2020,128989,0,1144,127845,2024-09-08
6352,530,April 2020,128989,0,1424,127565,2023-08-02
6353,530,May 2020,128989,0,1145,127844,2022-07-12
6354,530,June 2020,128989,1000,331,129658,2025-03-11
6355,530,July 2020,128989,2000,589,130400,2024-01-21
6356,530,August 2020,128989,3000,807,131182,2024-03-18
6357,530,September 2020,128989,1000,641,129348,2025-05-27
6358,530,October 2020,128989,3000,1890,130099,2023-05-27
6359,530,November 2020,128989,1000,1162,128827,2023-08-17
6360,530,December 2020,128989,1000,1523,128466,2023-02-03
6361,531,January 2020,133888,0,886,133002,2024-06-18
6362,531,February 2020,133888,1000,370,134518,2024-01-02
6363,531,March 2020,133888,2000,182,135706,2024-04-29
6364,531,April 2020,133888,1000,1637,133251,2022-11-03
6365,531,May 2020,133888,1000,1875,133013,2024-12-03
6366,531,June 2020,133888,3000,1888,135000,2024-06-24
6367,531,July 2020,133888,2000,629,135259,2023-08-23
6368,531,August 2020,133888,0,1917,131971,2025-04-15
6369,531,September 2020,133888,2000,1795,134093,2024-05-10
6370,531,October 2020,133888,3000,1781,135107,2025-07-12
6371,531,November 2020,133888,3000,1963,134925,2023-11-17
6372,531,December 2020,133888,1000,1334,133554,2025-06-23
6373,532,January 2020,112420,3000,140,115280,2022-04-19
6374,532,February 2020,112420,3000,714,114706,2022-10-01
6375,532,March 2020,112420,1000,537,112883,2025-12-28
6376,532,April 2020,112420,3000,1851,113569,2025-09-30
6377,532,May 2020,112420,1000,73,113347,2022-09-18
6378,532,June 2020,112420,2000,1029,113391,2022-05-24
6379,532,July 2020,112420,1000,589,112831,2024-05-31
6380,532,August 2020,112420,0,1880,110540,2023-12-20
6381,532,September 2020,112420,0,751,111669,2025-04-02
6382,532,October 2020,112420,0,1370,111050,2022-09-08
6383,532,November 2020,112420,2000,140,114280,2024-10-31
6384,532,December 2020,112420,2000,749,113671,2025-01-08
6385,533,January 2020,139959,0,652,139307,2023-03-28
6386,533,February 2020,139959,2000,416,141543,2022-11-01
6387,533,March 2020,139959,2000,259,141700,2025-08-10
6388,533,April 2020,139959,2000,161,141798,2024-06-11
6389,533,May 2020,139959,0,510,139449,2022-02-26
6390,533,June 2020,139959,1000,1459,139500,2025-06-15
6391,533,July 2020,139959,2000,1968,139991,2022-06-16
6392,533,August 2020,139959,0,1828,138131,2022-06-22
6393,533,September 2020,139959,2000,771,141188,2024-09-24
6394,533,October 2020,139959,1000,1651,139308,2024-02-18
6395,533,November 2020,139959,3000,1009,141950,2022-07-25
6396,533,December 2020,139959,1000,438,140521,2025-09-26
6397,534,January 2020,145438,2000,309,147129,2022-12-30
6398,534,February 2020,145438,0,1100,144338,2023-01-27
6399,534,March 2020,145438,2000,971,146467,2025-08-06
6400,534,April 2020,145438,3000,1689,146749,2024-11-27
6401,534,May 2020,145438,1000,641,145797,2025-05-30
6402,534,June 2020,145438,2000,1399,146039,2024-02-22
6403,534,July 2020,145438,2000,1901,145537,2022-12-02
6404,534,August 2020,145438,0,1813,143625,2025-08-18
6405,534,September 2020,145438,3000,1215,147223,2022-03-21
6406,534,October 2020,145438,2000,1898,145540,2023-06-18
6407,534,November 2020,145438,2000,1323,146115,2023-02-10
6408,534,December 2020,145438,2000,992,146446,2023-04-17
6409,535,January 2020,274448,3000,457,276991,2025-04-24
6410,535,February 2020,274448,2000,1065,275383,2024-09-25
6411,535,March 2020,274448,0,1099,273349,2022-09-15
6412,535,April 2020,274448,3000,1558,275890,2024-12-27
6413,535,May 2020,274448,2000,1561,274887,2023-12-05
6414,535,June 2020,274448,0,971,273477,2023-05-19
6415,535,July 2020,274448,0,742,273706,2024-06-05
6416,535,August 2020,274448,1000,367,275081,2024-09-28
6417,535,September 2020,274448,0,979,273469,2024-12-12
6418,535,October 2020,274448,0,1790,272658,2025-04-28
6419,535,November 2020,274448,1000,1503,273945,2024-08-21
6420,535,December 2020,274448,3000,1897,275551,2022-12-09
6421,536,January 2020,192344,2000,909,193435,2022-11-09
6422,536,February 2020,192344,3000,1572,193772,2024-02-16
6423,536,March 2020,192344,2000,618,193726,2025-11-28
6424,536,April 2020,192344,2000,55,194289,2025-02-13
6425,536,May 2020,192344,3000,1332,194012,2025-12-19
6426,536,June 2020,192344,1000,1958,191386,2022-11-25
6427,536,July 2020,192344,2000,140,194204,2023-05-26
6428,536,August 2020,192344,0,1503,190841,2024-09-10
6429,536,September 2020,192344,1000,557,192787,2022-03-13
6430,536,October 2020,192344,3000,854,194490,2022-07-16
6431,536,November 2020,192344,3000,1555,193789,2023-05-31
6432,536,December 2020,192344,0,281,192063,2024-12-15
6433,537,January 2020,222227,1000,801,222426,2023-08-02
6434,537,February 2020,222227,0,4,222223,2025-11-28
6435,537,March 2020,222227,1000,1715,221512,2024-12-15
6436,537,April 2020,222227,0,1861,220366,2024-08-23
6437,537,May 2020,222227,1000,873,222354,2025-10-19
6438,537,June 2020,222227,0,1057,221170,2022-11-06
6439,537,July 2020,222227,1000,1749,221478,2024-06-19
6440,537,August 2020,222227,2000,1283,222944,2025-09-29
6441,537,September 2020,222227,0,1841,220386,2023-11-10
6442,537,October 2020,222227,3000,651,224576,2022-02-21
6443,537,November 2020,222227,0,1539,220688,2024-02-14
6444,537,December 2020,222227,2000,795,223432,2024-03-14
6445,538,January 2020,233456,3000,74,236382,2023-11-01
6446,538,February 2020,233456,1000,1187,233269,2025-01-21
6447,538,March 2020,233456,0,1010,232446,2023-11-17
6448,538,April 2020,233456,0,1374,232082,2024-02-07
6449,538,May 2020,233456,1000,1909,232547,2024-04-14
6450,538,June 2020,233456,1000,891,233565,2024-07-17
6451,538,July 2020,233456,2000,1105,234351,2022-09-29
6452,538,August 2020,233456,2000,1822,233634,2025-09-13
6453,538,September 2020,233456,1000,1812,232644,2024-12-03
6454,538,October 2020,233456,2000,1679,233777,2024-02-29
6455,538,November 2020,233456,3000,136,236320,2023-07-16
6456,538,December 2020,233456,1000,1120,233336,2023-07-14
6457,539,January 2020,283855,1000,1692,283163,2023-10-01
6458,539,February 2020,283855,2000,555,285300,2024-03-22
6459,539,March 2020,283855,1000,75,284780,2024-07-17
6460,539,April 2020,283855,0,661,283194,2022-10-23
6461,539,May 2020,283855,0,556,283299,2023-04-20
6462,539,June 2020,283855,3000,1343,285512,2025-12-26
6463,539,July 2020,283855,0,1910,281945,2025-08-03
6464,539,August 2020,283855,2000,1423,284432,2024-02-25
6465,539,September 2020,283855,0,542,283313,2025-09-24
6466,539,October 2020,283855,3000,1255,285600,2024-12-14
6467,539,November 2020,283855,2000,1744,284111,2023-11-04
6468,539,December 2020,283855,0,148,283707,2023-07-21
6469,540,January 2020,191257,2000,1709,191548,2024-09-24
6470,540,February 2020,191257,1000,1535,190722,2022-02-04
6471,540,March 2020,191257,1000,1583,190674,2024-06-24
6472,540,April 2020,191257,1000,569,191688,2022-06-13
6473,540,May 2020,191257,2000,1821,191436,2023-03-01
6474,540,June 2020,191257,3000,443,193814,2022-08-26
6475,540,July 2020,191257,3000,1014,193243,2022-09-20
6476,540,August 2020,191257,1000,1286,190971,2024-02-13
6477,540,September 2020,191257,2000,1615,191642,2024-06-28
6478,540,October 2020,191257,1000,230,192027,2025-03-03
6479,540,November 2020,191257,1000,1418,190839,2025-09-07
6480,540,December 2020,191257,0,832,190425,2025-05-12
6481,541,January 2020,142798,2000,1856,142942,2022-12-19
6482,541,February 2020,142798,2000,1611,143187,2025-03-23
6483,541,March 2020,142798,0,1328,141470,2023-03-29
6484,541,April 2020,142798,0,1627,141171,2023-12-19
6485,541,May 2020,142798,3000,1196,144602,2022-09-13
6486,541,June 2020,142798,3000,1705,144093,2023-12-30
6487,541,July 2020,142798,0,1222,141576,2025-02-27
6488,541,August 2020,142798,3000,1913,143885,2024-04-01
6489,541,September 2020,142798,2000,565,144233,2024-05-16
6490,541,October 2020,142798,3000,1388,144410,2023-04-27
6491,541,November 2020,142798,3000,232,145566,2022-11-16
6492,541,December 2020,142798,3000,514,145284,2023-05-13
6493,542,January 2020,114560,1000,1994,113566,2024-06-12
6494,542,February 2020,114560,0,44,114516,2023-11-22
6495,542,March 2020,114560,3000,1726,115834,2025-12-12
6496,542,April 2020,114560,0,1054,113506,2024-03-15
6497,542,May 2020,114560,0,801,113759,2024-10-14
6498,542,June 2020,114560,2000,970,115590,2023-08-02
6499,542,July 2020,114560,0,713,113847,2023-09-22
6500,542,August 2020,114560,3000,480,117080,2024-11-25
6501,542,September 2020,114560,0,1289,113271,2023-07-23
6502,542,October 2020,114560,1000,762,114798,2022-12-28
6503,542,November 2020,114560,2000,1144,115416,2023-04-30
6504,542,December 2020,114560,0,798,113762,2023-04-19
6505,543,January 2020,113820,2000,1653,114167,2023-12-04
6506,543,February 2020,113820,0,302,113518,2025-07-05
6507,543,March 2020,113820,2000,1226,114594,2025-10-21
6508,543,April 2020,113820,0,1386,112434,2022-04-14
6509,543,May 2020,113820,0,1188,112632,2022-10-05
6510,543,June 2020,113820,3000,795,116025,2025-02-26
6511,543,July 2020,113820,3000,1694,115126,2022-11-11
6512,543,August 2020,113820,2000,1277,114543,2023-11-23
6513,543,September 2020,113820,1000,1171,113649,2022-07-27
6514,543,October 2020,113820,1000,1193,113627,2025-12-18
6515,543,November 2020,113820,0,844,112976,2022-01-02
6516,543,December 2020,113820,0,490,113330,2025-11-20
6517,544,January 2020,154163,1000,1276,153887,2025-02-06
6518,544,February 2020,154163,3000,841,156322,2024-05-30
6519,544,March 2020,154163,3000,969,156194,2023-01-31
6520,544,April 2020,154163,1000,574,154589,2022-12-23
6521,544,May 2020,154163,1000,672,154491,2022-04-04
6522,544,June 2020,154163,0,644,153519,2024-11-23
6523,544,July 2020,154163,1000,59,155104,2024-12-17
6524,544,August 2020,154163,2000,1077,155086,2024-06-03
6525,544,September 2020,154163,1000,693,154470,2022-04-03
6526,544,October 2020,154163,1000,11,155152,2023-03-11
6527,544,November 2020,154163,3000,1363,155800,2025-02-20
6528,544,December 2020,154163,2000,1936,154227,2024-12-09
6529,545,January 2020,226871,3000,1164,228707,2024-07-10
6530,545,February 2020,226871,2000,389,228482,2024-11-17
6531,545,March 2020,226871,3000,366,229505,2022-05-09
6532,545,April 2020,226871,1000,989,226882,2025-11-18
6533,545,May 2020,226871,2000,1930,226941,2022-05-08
6534,545,June 2020,226871,3000,1891,227980,2022-01-01
6535,545,July 2020,226871,2000,1515,227356,2025-07-06
6536,545,August 2020,226871,2000,1545,227326,2025-11-10
6537,545,September 2020,226871,0,724,226147,2023-05-13
6538,545,October 2020,226871,3000,1884,227987,2025-12-21
6539,545,November 2020,226871,0,785,226086,2025-06-21
6540,545,December 2020,226871,1000,533,227338,2025-10-13
6541,546,January 2020,216164,2000,389,217775,2025-08-12
6542,546,February 2020,216164,3000,1039,218125,2023-08-14
6543,546,March 2020,216164,1000,760,216404,2025-11-12
6544,546,April 2020,216164,0,508,215656,2023-01-24
6545,546,May 2020,216164,0,755,215409,2023-10-27
6546,546,June 2020,216164,0,1529,214635,2022-05-16
6547,546,July 2020,216164,3000,579,218585,2024-07-18
6548,546,August 2020,216164,0,499,215665,2023-07-12
6549,546,September 2020,216164,3000,88,219076,2025-03-12
6550,546,October 2020,216164,2000,776,217388,2025-11-30
6551,546,November 2020,216164,2000,835,217329,2025-08-17
6552,546,December 2020,216164,2000,1251,216913,2025-06-18
6553,547,January 2020,115816,0,561,115255,2022-08-06
6554,547,February 2020,115816,2000,1930,115886,2025-06-09
6555,547,March 2020,115816,1000,415,116401,2022-12-02
6556,547,April 2020,115816,3000,995,117821,2023-09-12
6557,547,May 2020,115816,1000,1581,115235,2023-08-11
6558,547,June 2020,115816,2000,1320,116496,2023-06-26
6559,547,July 2020,115816,3000,1493,117323,2025-02-03
6560,547,August 2020,115816,2000,755,117061,2023-11-24
6561,547,September 2020,115816,3000,394,118422,2022-09-25
6562,547,October 2020,115816,0,1648,114168,2025-10-22
6563,547,November 2020,115816,1000,699,116117,2023-10-02
6564,547,December 2020,115816,0,560,115256,2024-06-29
6565,548,January 2020,176020,2000,1588,176432,2025-09-13
6566,548,February 2020,176020,0,1326,174694,2022-06-02
6567,548,March 2020,176020,0,1959,174061,2022-11-25
6568,548,April 2020,176020,0,226,175794,2023-07-11
6569,548,May 2020,176020,0,352,175668,2022-11-05
6570,548,June 2020,176020,3000,974,178046,2023-01-16
6571,548,July 2020,176020,2000,1475,176545,2022-05-10
6572,548,August 2020,176020,0,1492,174528,2024-01-07
6573,548,September 2020,176020,2000,1284,176736,2024-09-14
6574,548,October 2020,176020,0,1161,174859,2024-06-02
6575,548,November 2020,176020,3000,1502,177518,2022-11-30
6576,548,December 2020,176020,1000,266,176754,2025-07-31
6577,549,January 2020,227749,1000,1109,227640,2023-08-28
6578,549,February 2020,227749,1000,1894,226855,2022-10-08
6579,549,March 2020,227749,1000,1547,227202,2024-05-16
6580,549,April 2020,227749,3000,1462,229287,2022-10-15
6581,549,May 2020,227749,2000,180,229569,2025-08-15
6582,549,June 2020,227749,3000,298,230451,2024-06-29
6583,549,July 2020,227749,0,1,227748,2025-12-21
6584,549,August 2020,227749,3000,715,230034,2023-06-14
6585,549,September 2020,227749,0,1560,226189,2025-02-18
6586,549,October 2020,227749,0,224,227525,2025-05-15
6587,549,November 2020,227749,3000,1996,228753,2025-06-29
6588,549,December 2020,227749,2000,305,229444,2022-10-23
6589,550,January 2020,144308,3000,1980,145328,2024-08-29
6590,550,February 2020,144308,3000,625,146683,2024-12-01
6591,550,March 2020,144308,0,605,143703,2023-07-26
6592,550,April 2020,144308,1000,1823,143485,2025-11-15
6593,550,May 2020,144308,2000,1323,144985,2023-12-07
6594,550,June 2020,144308,1000,515,144793,2022-12-06
6595,550,July 2020,144308,3000,916,146392,2023-09-30
6596,550,August 2020,144308,1000,254,145054,2024-08-25
6597,550,September 2020,144308,0,1418,142890,2025-08-18
6598,550,October 2020,144308,2000,1985,144323,2022-09-10
6599,550,November 2020,144308,3000,1881,145427,2025-06-11
6600,550,December 2020,144308,1000,480,144828,2024-12-06
6601,551,January 2020,286315,0,429,285886,2022-01-04
6602,551,February 2020,286315,2000,1623,286692,2025-10-30
6603,551,March 2020,286315,1000,1886,285429,2023-03-20
6604,551,April 2020,286315,1000,560,286755,2023-09-25
6605,551,May 2020,286315,0,1674,284641,2022-12-27
6606,551,June 2020,286315,3000,1643,287672,2024-06-30
6607,551,July 2020,286315,1000,1091,286224,2022-07-26
6608,551,August 2020,286315,3000,464,288851,2022-01-29
6609,551,September 2020,286315,3000,807,288508,2024-05-05
6610,551,October 2020,286315,3000,1074,288241,2022-10-23
6611,551,November 2020,286315,3000,214,289101,2024-03-01
6612,551,December 2020,286315,1000,1138,286177,2025-02-10
6613,552,January 2020,169763,2000,1828,169935,2025-01-13
6614,552,February 2020,169763,1000,856,169907,2023-04-23
6615,552,March 2020,169763,3000,939,171824,2024-10-13
6616,552,April 2020,169763,3000,1092,171671,2022-12-03
6617,552,May 2020,169763,1000,1151,169612,2025-03-28
6618,552,June 2020,169763,0,1459,168304,2024-08-26
6619,552,July 2020,169763,2000,1910,169853,2024-03-13
6620,552,August 2020,169763,1000,1006,169757,2024-01-07
6621,552,September 2020,169763,3000,1680,171083,2025-12-03
6622,552,October 2020,169763,3000,609,172154,2025-05-30
6623,552,November 2020,169763,0,839,168924,2022-11-30
6624,552,December 2020,169763,1000,179,170584,2025-09-21
6625,553,January 2020,198940,3000,1878,200062,2025-04-27
6626,553,February 2020,198940,1000,1812,198128,2025-04-13
6627,553,March 2020,198940,2000,671,200269,2022-05-27
6628,553,April 2020,198940,1000,1944,197996,2025-12-01
6629,553,May 2020,198940,0,1407,197533,2022-09-09
6630,553,June 2020,198940,0,501,198439,2023-01-17
6631,553,July 2020,198940,1000,1882,198058,2025-08-09
6632,553,August 2020,198940,3000,1120,200820,2024-01-01
6633,553,September 2020,198940,2000,1374,199566,2024-12-10
6634,553,October 2020,198940,2000,1409,199531,2022-07-29
6635,553,November 2020,198940,0,219,198721,2022-03-10
6636,553,December 2020,198940,3000,1665,200275,2023-12-25
6637,554,January 2020,109477,1000,0,110477,2024-02-03
6638,554,February 2020,109477,0,1918,107559,2024-11-30
6639,554,March 2020,109477,2000,1340,110137,2022-11-07
6640,554,April 2020,109477,0,1984,107493,2025-08-26
6641,554,May 2020,109477,0,1726,107751,2023-01-15
6642,554,June 2020,109477,2000,1832,109645,2022-03-11
6643,554,July 2020,109477,3000,595,111882,2023-08-17
6644,554,August 2020,109477,2000,1829,109648,2025-09-29
6645,554,September 2020,109477,0,1942,107535,2023-06-07
6646,554,October 2020,109477,2000,1831,109646,2024-08-12
6647,554,November 2020,109477,3000,939,111538,2022-03-13
6648,554,December 2020,109477,1000,1845,108632,2025-06-20
6649,555,January 2020,247903,2000,311,249592,2025-02-22
6650,555,February 2020,247903,0,694,247209,2025-02-27
6651,555,March 2020,247903,0,996,246907,2022-06-16
6652,555,April 2020,247903,3000,892,250011,2024-10-18
6653,555,May 2020,247903,1000,1541,247362,2025-10-06
6654,555,June 2020,247903,2000,1734,248169,2024-03-19
6655,555,July 2020,247903,1000,1180,247723,2024-12-18
6656,555,August 2020,247903,1000,163,248740,2025-12-21
6657,555,September 2020,247903,3000,1836,249067,2025-12-10
6658,555,October 2020,247903,0,1869,246034,2025-07-06
6659,555,November 2020,247903,2000,1473,248430,2024-06-27
6660,555,December 2020,247903,0,504,247399,2023-04-15
6661,556,January 2020,273140,2000,1195,273945,2024-05-01
6662,556,February 2020,273140,2000,1418,273722,2022-04-27
6663,556,March 2020,273140,3000,1479,274661,2024-11-17
6664,556,April 2020,273140,2000,889,274251,2024-05-21
6665,556,May 2020,273140,3000,1775,274365,2023-02-01
6666,556,June 2020,273140,0,379,272761,2025-07-22
6667,556,July 2020,273140,2000,909,274231,2022-10-13
6668,556,August 2020,273140,1000,121,274019,2025-12-14
6669,556,September 2020,273140,1000,728,273412,2025-03-27
6670,556,October 2020,273140,0,18,273122,2023-10-11
6671,556,November 2020,273140,3000,998,275142,2022-09-02
6672,556,December 2020,273140,1000,1867,272273,2023-08-02
6673,557,January 2020,70566,2000,1747,70819,2024-05-15
6674,557,February 2020,70566,3000,1983,71583,2022-04-10
6675,557,March 2020,70566,0,1652,68914,2025-08-15
6676,557,April 2020,70566,2000,1858,70708,2023-07-29
6677,557,May 2020,70566,2000,1661,70905,2022-08-08
6678,557,June 2020,70566,2000,438,72128,2024-01-08
6679,557,July 2020,70566,1000,335,71231,2022-10-06
6680,557,August 2020,70566,3000,1875,71691,2025-06-12
6681,557,September 2020,70566,2000,403,72163,2024-03-18
6682,557,October 2020,70566,0,394,70172,2025-10-11
6683,557,November 2020,70566,2000,559,72007,2022-01-17
6684,557,December 2020,70566,0,335,70231,2024-09-18
6685,558,January 2020,253642,2000,1109,254533,2025-08-04
6686,558,February 2020,253642,1000,949,253693,2025-11-27
6687,558,March 2020,253642,2000,1884,253758,2022-12-03
6688,558,April 2020,253642,2000,1190,254452,2022-05-18
6689,558,May 2020,253642,0,593,253049,2024-09-08
6690,558,June 2020,253642,3000,318,256324,2022-03-24
6691,558,July 2020,253642,1000,1886,252756,2024-07-11
6692,558,August 2020,253642,1000,1780,252862,2022-07-19
6693,558,September 2020,253642,2000,26,255616,2023-04-29
6694,558,October 2020,253642,3000,1640,255002,2022-05-13
6695,558,November 2020,253642,0,905,252737,2022-02-25
6696,558,December 2020,253642,3000,70,256572,2023-02-07
6697,559,January 2020,250048,3000,467,252581,2022-11-03
6698,559,February 2020,250048,3000,1437,251611,2025-01-02
6699,559,March 2020,250048,2000,1843,250205,2023-05-22
6700,559,April 2020,250048,0,30,250018,2024-01-17
6701,559,May 2020,250048,1000,1091,249957,2024-06-10
6702,559,June 2020,250048,2000,1936,250112,2024-11-19
6703,559,July 2020,250048,0,1066,248982,2025-10-26
6704,559,August 2020,250048,2000,516,251532,2025-03-06
6705,559,September 2020,250048,2000,936,251112,2023-05-19
6706,559,October 2020,250048,0,1208,248840,2023-03-25
6707,559,November 2020,250048,0,1322,248726,2022-10-13
6708,559,December 2020,250048,1000,2,251046,2024-02-15
6709,560,January 2020,187708,2000,1682,188026,2023-12-23
6710,560,February 2020,187708,2000,932,188776,2023-11-30
6711,560,March 2020,187708,1000,971,187737,2025-10-30
6712,560,April 2020,187708,0,1266,186442,2025-07-30
6713,560,May 2020,187708,0,1974,185734,2025-01-20
6714,560,June 2020,187708,1000,1824,186884,2022-02-14
6715,560,July 2020,187708,1000,1205,187503,2024-07-05
6716,560,August 2020,187708,3000,113,190595,2025-08-04
6717,560,September 2020,187708,1000,1502,187206,2024-12-07
6718,560,October 2020,187708,3000,1471,189237,2022-03-27
6719,560,November 2020,187708,1000,334,188374,2023-02-18
6720,560,December 2020,187708,1000,1547,187161,2025-02-13
6721,561,January 2020,151984,2000,709,153275,2024-04-30
6722,561,February 2020,151984,3000,917,154067,2022-12-19
6723,561,March 2020,151984,3000,1787,153197,2024-07-22
6724,561,April 2020,151984,3000,491,154493,2024-10-26
6725,561,May 2020,151984,3000,777,154207,2023-05-04
6726,561,June 2020,151984,3000,1531,153453,2025-09-04
6727,561,July 2020,151984,1000,1969,151015,2025-03-09
6728,561,August 2020,151984,0,1166,150818,2025-09-02
6729,561,September 2020,151984,1000,1665,151319,2023-08-15
6730,561,October 2020,151984,2000,133,153851,2025-05-02
6731,561,November 2020,151984,3000,106,154878,2022-07-03
6732,561,December 2020,151984,0,1898,150086,2023-05-17
6733,562,January 2020,226568,0,1209,225359,2023-09-30
6734,562,February 2020,226568,1000,74,227494,2023-10-05
6735,562,March 2020,226568,0,470,226098,2024-04-28
6736,562,April 2020,226568,3000,26,229542,2022-06-08
6737,562,May 2020,226568,1000,284,227284,2025-11-20
6738,562,June 2020,226568,2000,623,227945,2025-07-25
6739,562,July 2020,226568,0,547,226021,2022-03-23
6740,562,August 2020,226568,0,1908,224660,2024-06-23
6741,562,September 2020,226568,1000,697,226871,2023-12-24
6742,562,October 2020,226568,0,125,226443,2024-02-13
6743,562,November 2020,226568,1000,452,227116,2024-01-02
6744,562,December 2020,226568,1000,1872,225696,2022-07-26
6745,563,January 2020,283839,2000,1776,284063,2022-11-10
6746,563,February 2020,283839,2000,580,285259,2022-03-18
6747,563,March 2020,283839,0,215,283624,2024-11-10
6748,563,April 2020,283839,2000,757,285082,2024-06-11
6749,563,May 2020,283839,0,437,283402,2022-12-10
6750,563,June 2020,283839,0,495,283344,2024-10-19
6751,563,July 2020,283839,0,1369,282470,2022-12-10
6752,563,August 2020,283839,3000,1309,285530,2024-03-19
6753,563,September 2020,283839,1000,1663,283176,2023-02-15
6754,563,October 2020,283839,1000,1925,282914,2022-09-19
6755,563,November 2020,283839,1000,1797,283042,2023-04-16
6756,563,December 2020,283839,1000,49,284790,2022-10-11
6757,564,January 2020,101122,3000,772,103350,2023-10-25
6758,564,February 2020,101122,1000,6,102116,2023-01-29
6759,564,March 2020,101122,2000,1741,101381,2024-01-20
6760,564,April 2020,101122,2000,1528,101594,2022-02-14
6761,564,May 2020,101122,2000,28,103094,2022-11-21
6762,564,June 2020,101122,0,214,100908,2023-07-12
6763,564,July 2020,101122,2000,1105,102017,2022-01-04
6764,564,August 2020,101122,2000,1292,101830,2025-08-31
6765,564,September 2020,101122,3000,471,103651,2024-11-08
6766,564,October 2020,101122,2000,1777,101345,2024-09-13
6767,564,November 2020,101122,0,1047,100075,2024-07-29
6768,564,December 2020,101122,3000,1527,102595,2022-06-01
6769,565,January 2020,144777,3000,1261,146516,2022-01-08
6770,565,February 2020,144777,0,701,144076,2024-08-06
6771,565,March 2020,144777,0,35,144742,2024-11-06
6772,565,April 2020,144777,3000,480,147297,2025-02-27
6773,565,May 2020,144777,0,1459,143318,2022-10-25
6774,565,June 2020,144777,1000,530,145247,2023-02-20
6775,565,July 2020,144777,1000,1690,144087,2023-02-19
6776,565,August 2020,144777,3000,1823,145954,2025-12-15
6777,565,September 2020,144777,1000,718,145059,2023-04-24
6778,565,October 2020,144777,3000,1119,146658,2022-04-05
6779,565,November 2020,144777,3000,589,147188,2023-11-11
6780,565,December 2020,144777,3000,1211,146566,2023-05-26
6781,566,January 2020,196883,2000,1184,197699,2025-12-13
6782,566,February 2020,196883,3000,1178,198705,2024-05-29
6783,566,March 2020,196883,0,937,195946,2025-06-05
6784,566,April 2020,196883,3000,1651,198232,2022-08-21
6785,566,May 2020,196883,1000,1776,196107,2023-05-08
6786,566,June 2020,196883,1000,1206,196677,2023-03-04
6787,566,July 2020,196883,3000,508,199375,2024-02-12
6788,566,August 2020,196883,1000,1643,196240,2023-01-26
6789,566,September 2020,196883,3000,1522,198361,2024-03-09
6790,566,October 2020,196883,0,1100,195783,2022-05-08
6791,566,November 2020,196883,2000,995,197888,2024-01-21
6792,566,December 2020,196883,2000,1402,197481,2024-11-06
6793,567,January 2020,149416,3000,1980,150436,2024-03-02
6794,567,February 2020,149416,2000,1986,149430,2023-07-13
6795,567,March 2020,149416,0,550,148866,2024-08-24
6796,567,April 2020,149416,3000,1347,151069,2025-11-20
6797,567,May 2020,149416,0,68,149348,2022-09-18
6798,567,June 2020,149416,3000,123,152293,2022-11-20
6799,567,July 2020,149416,1000,1230,149186,2023-05-17
6800,567,August 2020,149416,2000,740,150676,2025-08-28
6801,567,September 2020,149416,0,355,149061,2023-05-13
6802,567,October 2020,149416,0,692,148724,2025-04-02
6803,567,November 2020,149416,2000,44,151372,2022-04-30
6804,567,December 2020,149416,1000,1224,149192,2024-04-21
6805,568,January 2020,165929,1000,139,166790,2023-12-18
6806,568,February 2020,165929,0,1374,164555,2024-12-24
6807,568,March 2020,165929,3000,728,168201,2024-07-27
6808,568,April 2020,165929,0,1426,164503,2024-09-25
6809,568,May 2020,165929,1000,1459,165470,2025-12-01
6810,568,June 2020,165929,1000,1105,165824,2024-05-03
6811,568,July 2020,165929,0,1736,164193,2025-12-05
6812,568,August 2020,165929,3000,1290,167639,2024-08-19
6813,568,September 2020,165929,1000,1544,165385,2025-02-11
6814,568,October 2020,165929,0,300,165629,2022-04-09
6815,568,November 2020,165929,0,69,165860,2024-07-30
6816,568,December 2020,165929,0,1822,164107,2023-01-14
6817,569,January 2020,216475,0,341,216134,2023-10-02
6818,569,February 2020,216475,1000,1002,216473,2023-12-25
6819,569,March 2020,216475,0,216,216259,2025-07-16
6820,569,April 2020,216475,0,856,215619,2024-07-20
6821,569,May 2020,216475,2000,342,218133,2024-02-20
6822,569,June 2020,216475,1000,648,216827,2024-12-12
6823,569,July 2020,216475,1000,714,216761,2023-10-13
6824,569,August 2020,216475,1000,259,217216,2022-03-02
6825,569,September 2020,216475,1000,175,217300,2023-12-22
6826,569,October 2020,216475,3000,931,218544,2022-01-12
6827,569,November 2020,216475,2000,1208,217267,2022-07-18
6828,569,December 2020,216475,2000,761,217714,2023-05-25
6829,570,January 2020,201538,0,1391,200147,2022-07-09
6830,570,February 2020,201538,0,1603,199935,2025-03-05
6831,570,March 2020,201538,0,651,200887,2025-11-06
6832,570,April 2020,201538,2000,1453,202085,2023-12-27
6833,570,May 2020,201538,0,364,201174,2024-07-10
6834,570,June 2020,201538,1000,287,202251,2022-01-14
6835,570,July 2020,201538,0,1127,200411,2023-10-26
6836,570,August 2020,201538,3000,232,204306,2025-07-01
6837,570,September 2020,201538,3000,1251,203287,2024-03-19
6838,570,October 2020,201538,2000,768,202770,2025-04-27
6839,570,November 2020,201538,3000,453,204085,2024-11-16
6840,570,December 2020,201538,0,1611,199927,2024-10-24
6841,571,January 2020,107515,3000,1305,109210,2025-06-19
6842,571,February 2020,107515,1000,1914,106601,2023-02-08
6843,571,March 2020,107515,3000,287,110228,2023-10-26
6844,571,April 2020,107515,3000,1448,109067,2023-12-27
6845,571,May 2020,107515,1000,71,108444,2024-10-31
6846,571,June 2020,107515,3000,454,110061,2024-08-15
6847,571,July 2020,107515,0,227,107288,2023-05-29
6848,571,August 2020,107515,3000,177,110338,2023-12-01
6849,571,September 2020,107515,2000,730,108785,2025-12-06
6850,571,October 2020,107515,3000,1066,109449,2025-03-21
6851,571,November 2020,107515,0,1516,105999,2022-10-23
6852,571,December 2020,107515,3000,175,110340,2024-12-09
6853,572,January 2020,117584,3000,695,119889,2023-02-16
6854,572,February 2020,117584,2000,1407,118177,2022-04-15
6855,572,March 2020,117584,3000,585,119999,2022-12-28
6856,572,April 2020,117584,0,389,117195,2024-06-20
6857,572,May 2020,117584,2000,1400,118184,2024-02-24
6858,572,June 2020,117584,3000,712,119872,2023-02-09
6859,572,July 2020,117584,2000,122,119462,2022-08-18
6860,572,August 2020,117584,2000,651,118933,2022-04-19
6861,572,September 2020,117584,1000,980,117604,2025-02-07
6862,572,October 2020,117584,2000,1130,118454,2024-05-30
6863,572,November 2020,117584,2000,1009,118575,2024-09-04
6864,572,December 2020,117584,3000,417,120167,2025-05-06
6865,573,January 2020,128674,0,198,128476,2024-12-16
6866,573,February 2020,128674,0,1447,127227,2024-02-05
6867,573,March 2020,128674,0,1820,126854,2024-07-12
6868,573,April 2020,128674,3000,49,131625,2023-12-07
6869,573,May 2020,128674,2000,1485,129189,2024-11-27
6870,573,June 2020,128674,2000,459,130215,2025-04-21
6871,573,July 2020,128674,3000,744,130930,2023-06-21
6872,573,August 2020,128674,2000,1974,128700,2022-01-18
6873,573,September 2020,128674,2000,1679,128995,2025-12-05
6874,573,October 2020,128674,3000,1416,130258,2025-08-26
6875,573,November 2020,128674,1000,149,129525,2023-12-02
6876,573,December 2020,128674,2000,1567,129107,2024-03-19
6877,574,January 2020,206251,1000,1113,206138,2022-06-12
6878,574,February 2020,206251,2000,898,207353,2022-02-08
6879,574,March 2020,206251,3000,1136,208115,2025-12-22
6880,574,April 2020,206251,3000,1480,207771,2024-12-03
6881,574,May 2020,206251,3000,1083,208168,2024-12-08
6882,574,June 2020,206251,1000,787,206464,2024-09-16
6883,574,July 2020,206251,0,1075,205176,2025-09-20
6884,574,August 2020,206251,2000,1900,206351,2022-02-03
6885,574,September 2020,206251,2000,878,207373,2022-03-17
6886,574,October 2020,206251,2000,1033,207218,2025-07-29
6887,574,November 2020,206251,2000,1174,207077,2022-05-07
6888,574,December 2020,206251,1000,480,206771,2025-04-10
6889,575,January 2020,204548,3000,1829,205719,2023-11-25
6890,575,February 2020,204548,0,1526,203022,2025-09-20
6891,575,March 2020,204548,2000,548,206000,2024-06-28
6892,575,April 2020,204548,1000,982,204566,2025-03-24
6893,575,May 2020,204548,3000,571,206977,2023-11-29
6894,575,June 2020,204548,2000,1996,204552,2024-03-12
6895,575,July 2020,204548,1000,328,205220,2023-12-12
6896,575,August 2020,204548,0,1312,203236,2024-04-21
6897,575,September 2020,204548,0,1803,202745,2024-07-19
6898,575,October 2020,204548,1000,969,204579,2022-04-05
6899,575,November 2020,204548,1000,1207,204341,2023-07-04
6900,575,December 2020,204548,0,72,204476,2024-08-12
6901,576,January 2020,248818,1000,1984,247834,2025-04-28
6902,576,February 2020,248818,3000,1021,250797,2022-11-11
6903,576,March 2020,248818,1000,1746,248072,2024-02-06
6904,576,April 2020,248818,2000,1342,249476,2024-07-20
6905,576,May 2020,248818,3000,1117,250701,2023-09-28
6906,576,June 2020,248818,1000,678,249140,2023-08-26
6907,576,July 2020,248818,2000,1209,249609,2023-04-03
6908,576,August 2020,248818,0,893,247925,2022-06-17
6909,576,September 2020,248818,2000,1320,249498,2023-08-15
6910,576,October 2020,248818,3000,95,251723,2025-07-14
6911,576,November 2020,248818,1000,1086,248732,2022-03-31
6912,576,December 2020,248818,2000,758,250060,2023-10-08
6913,577,January 2020,178859,1000,472,179387,2025-04-13
6914,577,February 2020,178859,2000,1496,179363,2023-01-13
6915,577,March 2020,178859,0,721,178138,2025-03-18
6916,577,April 2020,178859,3000,808,181051,2024-04-23
6917,577,May 2020,178859,1000,533,179326,2025-07-11
6918,577,June 2020,178859,2000,1679,179180,2022-03-28
6919,577,July 2020,178859,2000,326,180533,2024-02-17
6920,577,August 2020,178859,2000,1832,179027,2025-06-01
6921,577,September 2020,178859,2000,1707,179152,2025-05-29
6922,577,October 2020,178859,1000,481,179378,2022-02-20
6923,577,November 2020,178859,3000,1464,180395,2025-02-22
6924,577,December 2020,178859,0,1258,177601,2023-07-11
6925,578,January 2020,146364,0,966,145398,2024-01-28
6926,578,February 2020,146364,2000,292,148072,2025-10-30
6927,578,March 2020,146364,2000,526,147838,2024-02-09
6928,578,April 2020,146364,0,884,145480,2022-01-11
6929,578,May 2020,146364,1000,1412,145952,2024-08-17
6930,578,June 2020,146364,1000,452,146912,2022-02-19
6931,578,July 2020,146364,2000,1516,146848,2024-07-20
6932,578,August 2020,146364,1000,1236,146128,2024-03-25
6933,578,September 2020,146364,0,628,145736,2024-12-13
6934,578,October 2020,146364,2000,1531,146833,2025-07-01
6935,578,November 2020,146364,0,808,145556,2023-10-20
6936,578,December 2020,146364,3000,269,149095,2024-11-08
6937,579,January 2020,252218,3000,1107,254111,2023-10-16
6938,579,February 2020,252218,1000,1143,252075,2022-06-22
6939,579,March 2020,252218,0,1637,250581,2025-04-29
6940,579,April 2020,252218,3000,1666,253552,2024-11-07
6941,579,May 2020,252218,3000,208,255010,2025-09-28
6942,579,June 2020,252218,0,1807,250411,2023-06-07
6943,579,July 2020,252218,0,768,251450,2025-03-19
6944,579,August 2020,252218,2000,1930,252288,2023-09-18
6945,579,September 2020,252218,2000,1933,252285,2023-05-08
6946,579,October 2020,252218,3000,578,254640,2025-10-07
6947,579,November 2020,252218,3000,1758,253460,2022-02-17
6948,579,December 2020,252218,0,844,251374,2023-02-15
6949,580,January 2020,181742,3000,363,184379,2023-07-23
6950,580,February 2020,181742,3000,208,184534,2022-01-01
6951,580,March 2020,181742,0,1654,180088,2025-07-13
6952,580,April 2020,181742,3000,1172,183570,2025-08-17
6953,580,May 2020,181742,3000,1512,183230,2023-03-30
6954,580,June 2020,181742,3000,1013,183729,2022-10-29
6955,580,July 2020,181742,0,828,180914,2025-03-29
6956,580,August 2020,181742,3000,1294,183448,2023-06-22
6957,580,September 2020,181742,0,25,181717,2022-01-20
6958,580,October 2020,181742,3000,282,184460,2024-02-15
6959,580,November 2020,181742,1000,212,182530,2024-02-21
6960,580,December 2020,181742,2000,276,183466,2024-08-08
6961,581,January 2020,179903,3000,879,182024,2022-08-06
6962,581,February 2020,179903,3000,265,182638,2023-04-23
6963,581,March 2020,179903,3000,749,182154,2023-11-08
6964,581,April 2020,179903,0,1076,178827,2022-03-23
6965,581,May 2020,179903,0,572,179331,2023-08-02
6966,581,June 2020,179903,2000,616,181287,2025-01-19
6967,581,July 2020,179903,2000,169,181734,2023-03-18
6968,581,August 2020,179903,1000,1808,179095,2022-02-05
6969,581,September 2020,179903,3000,181,182722,2024-02-07
6970,581,October 2020,179903,1000,988,179915,2024-07-13
6971,581,November 2020,179903,2000,694,181209,2024-12-03
6972,581,December 2020,179903,1000,557,180346,2025-01-26
6973,582,January 2020,101590,3000,739,103851,2024-07-12
6974,582,February 2020,101590,2000,1688,101902,2022-05-23
6975,582,March 2020,101590,2000,1073,102517,2024-03-05
6976,582,April 2020,101590,2000,1213,102377,2024-08-29
6977,582,May 2020,101590,3000,1368,103222,2023-10-31
6978,582,June 2020,101590,2000,712,102878,2023-07-01
6979,582,July 2020,101590,0,85,101505,2023-04-13
6980,582,August 2020,101590,1000,1880,100710,2025-01-19
6981,582,September 2020,101590,0,765,100825,2024-04-29
6982,582,October 2020,101590,2000,1661,101929,2022-10-25
6983,582,November 2020,101590,0,1492,100098,2023-01-14
6984,582,December 2020,101590,0,1549,100041,2024-10-16
6985,583,January 2020,157815,3000,1143,159672,2022-09-15
6986,583,February 2020,157815,0,316,157499,2022-02-17
6987,583,March 2020,157815,2000,176,159639,2024-12-08
6988,583,April 2020,157815,1000,860,157955,2023-06-20
6989,583,May 2020,157815,2000,1292,158523,2024-08-23
6990,583,June 2020,157815,0,1555,156260,2025-03-20
6991,583,July 2020,157815,1000,500,158315,2025-10-07
6992,583,August 2020,157815,3000,864,159951,2024-03-25
6993,583,September 2020,157815,1000,137,158678,2023-10-07
6994,583,October 2020,157815,1000,1008,157807,2022-05-30
6995,583,November 2020,157815,3000,994,159821,2022-11-28
6996,583,December 2020,157815,0,1813,156002,2024-01-07
6997,584,January 2020,181913,0,1948,179965,2022-05-05
6998,584,February 2020,181913,1000,241,182672,2023-06-24
6999,584,March 2020,181913,3000,1724,183189,2022-05-25
7000,584,April 2020,181913,2000,1900,182013,2024-11-02
7001,584,May 2020,181913,2000,480,183433,2022-09-12
7002,584,June 2020,181913,1000,571,182342,2022-05-05
7003,584,July 2020,181913,0,108,181805,2023-11-19
7004,584,August 2020,181913,1000,1797,181116,2024-09-05
7005,584,September 2020,181913,1000,821,182092,2022-12-18
7006,584,October 2020,181913,2000,362,183551,2025-06-04
7007,584,November 2020,181913,0,1667,180246,2023-03-13
7008,584,December 2020,181913,2000,1901,182012,2023-04-17
7009,585,January 2020,219230,3000,1272,220958,2024-01-12
7010,585,February 2020,219230,0,1610,217620,2023-12-01
7011,585,March 2020,219230,1000,484,219746,2023-04-01
7012,585,April 2020,219230,0,159,219071,2025-02-03
7013,585,May 2020,219230,0,216,219014,2024-04-07
7014,585,June 2020,219230,1000,761,219469,2025-07-10
7015,585,July 2020,219230,0,1603,217627,2022-09-09
7016,585,August 2020,219230,2000,398,220832,2024-12-03
7017,585,September 2020,219230,0,1021,218209,2025-05-14
7018,585,October 2020,219230,0,1114,218116,2024-03-28
7019,585,November 2020,219230,1000,1503,218727,2024-11-16
7020,585,December 2020,219230,0,514,218716,2023-11-07
7021,586,January 2020,181182,3000,1310,182872,2025-07-13
7022,586,February 2020,181182,2000,1977,181205,2024-03-18
7023,586,March 2020,181182,3000,717,183465,2024-05-06
7024,586,April 2020,181182,2000,411,182771,2023-01-31
7025,586,May 2020,181182,0,1452,179730,2023-10-25
7026,586,June 2020,181182,3000,840,183342,2022-05-10
7027,586,July 2020,181182,0,1839,179343,2024-01-17
7028,586,August 2020,181182,0,1512,179670,2022-12-01
7029,586,September 2020,181182,3000,274,183908,2023-01-26
7030,586,October 2020,181182,3000,1684,182498,2023-07-26
7031,586,November 2020,181182,1000,1555,180627,2022-01-20
7032,586,December 2020,181182,3000,1708,182474,2023-06-20
7033,587,January 2020,192134,0,51,192083,2023-10-01
7034,587,February 2020,192134,1000,196,192938,2024-05-01
7035,587,March 2020,192134,2000,1612,192522,2025-03-14
7036,587,April 2020,192134,1000,1434,191700,2024-05-07
7037,587,May 2020,192134,3000,1073,194061,2025-03-03
7038,587,June 2020,192134,0,1044,191090,2023-08-22
7039,587,July 2020,192134,0,1220,190914,2024-09-30
7040,587,August 2020,192134,3000,612,194522,2024-11-16
7041,587,September 2020,192134,0,1935,190199,2024-06-25
7042,587,October 2020,192134,3000,455,194679,2024-03-10
7043,587,November 2020,192134,0,378,191756,2023-08-13
7044,587,December 2020,192134,3000,1722,193412,2024-06-19
7045,588,January 2020,258489,2000,1229,259260,2024-08-16
7046,588,February 2020,258489,0,851,257638,2023-12-29
7047,588,March 2020,258489,0,1034,257455,2025-10-02
7048,588,April 2020,258489,0,269,258220,2023-04-25
7049,588,May 2020,258489,1000,1876,257613,2024-07-15
7050,588,June 2020,258489,1000,762,258727,2022-05-11
7051,588,July 2020,258489,0,597,257892,2024-10-07
7052,588,August 2020,258489,0,832,257657,2022-06-08
7053,588,September 2020,258489,0,843,257646,2025-06-29
7054,588,October 2020,258489,3000,1022,260467,2025-05-03
7055,588,November 2020,258489,2000,1369,259120,2022-08-07
7056,588,December 2020,258489,1000,1330,258159,2023-10-07
7057,589,January 2020,197973,2000,213,199760,2022-08-31
7058,589,February 2020,197973,3000,1294,199679,2025-03-04
7059,589,March 2020,197973,2000,1578,198395,2024-09-16
7060,589,April 2020,197973,0,1131,196842,2024-05-02
7061,589,May 2020,197973,1000,1700,197273,2024-08-30
7062,589,June 2020,197973,0,78,197895,2022-01-25
7063,589,July 2020,197973,0,292,197681,2025-09-26
7064,589,August 2020,197973,0,650,197323,2023-10-03
7065,589,September 2020,197973,1000,47,198926,2023-02-27
7066,589,October 2020,197973,0,1690,196283,2022-08-18
7067,589,November 2020,197973,0,1044,196929,2022-09-22
7068,589,December 2020,197973,1000,894,198079,2024-07-12
7069,590,January 2020,144432,2000,1132,145300,2022-10-03
7070,590,February 2020,144432,3000,1880,145552,2022-10-02
7071,590,March 2020,144432,0,77,144355,2024-12-21
7072,590,April 2020,144432,0,741,143691,2023-08-11
7073,590,May 2020,144432,3000,1346,146086,2025-06-23
7074,590,June 2020,144432,0,1576,142856,2022-11-20
7075,590,July 2020,144432,2000,855,145577,2024-12-07
7076,590,August 2020,144432,3000,1059,146373,2022-04-30
7077,590,September 2020,144432,3000,501,146931,2024-08-23
7078,590,October 2020,144432,1000,1558,143874,2023-12-28
7079,590,November 2020,144432,3000,72,147360,2024-02-17
7080,590,December 2020,144432,1000,73,145359,2022-11-15
7081,591,January 2020,232161,1000,1059,232102,2025-09-08
7082,591,February 2020,232161,1000,1670,231491,2023-03-16
7083,591,March 2020,232161,3000,1448,233713,2023-11-11
7084,591,April 2020,232161,3000,875,234286,2022-05-07
7085,591,May 2020,232161,1000,39,233122,2025-01-23
7086,591,June 2020,232161,2000,1133,233028,2025-12-28
7087,591,July 2020,232161,2000,1194,232967,2024-04-16
7088,591,August 2020,232161,2000,844,233317,2025-08-18
7089,591,September 2020,232161,2000,1942,232219,2022-12-09
7090,591,October 2020,232161,1000,352,232809,2024-06-01
7091,591,November 2020,232161,1000,111,233050,2022-05-23
7092,591,December 2020,232161,1000,392,232769,2025-04-18
7093,592,January 2020,151285,3000,1662,152623,2025-07-28
7094,592,February 2020,151285,3000,665,153620,2022-05-05
7095,592,March 2020,151285,1000,1632,150653,2024-03-03
7096,592,April 2020,151285,3000,1885,152400,2025-08-15
7097,592,May 2020,151285,0,908,150377,2024-01-27
7098,592,June 2020,151285,2000,645,152640,2022-02-04
7099,592,July 2020,151285,2000,331,152954,2022-04-23
7100,592,August 2020,151285,2000,1742,151543,2023-06-22
7101,592,September 2020,151285,3000,316,153969,2025-01-23
7102,592,October 2020,151285,3000,1553,152732,2023-07-28
7103,592,November 2020,151285,2000,731,152554,2024-03-30
7104,592,December 2020,151285,1000,1498,150787,2023-12-06
7105,593,January 2020,72397,3000,1070,74327,2023-05-31
7106,593,February 2020,72397,2000,1414,72983,2022-07-18
7107,593,March 2020,72397,3000,852,74545,2022-02-11
7108,593,April 2020,72397,0,1044,71353,2023-01-19
7109,593,May 2020,72397,2000,1053,73344,2022-07-05
7110,593,June 2020,72397,2000,1806,72591,2025-10-13
7111,593,July 2020,72397,1000,299,73098,2023-12-29
7112,593,August 2020,72397,1000,802,72595,2025-07-21
7113,593,September 2020,72397,1000,1430,71967,2022-11-06
7114,593,October 2020,72397,1000,52,73345,2025-04-03
7115,593,November 2020,72397,2000,1723,72674,2023-07-08
7116,593,December 2020,72397,1000,1679,71718,2025-08-15
7117,594,January 2020,106371,2000,1545,106826,2025-12-10
7118,594,February 2020,106371,0,666,105705,2024-09-02
7119,594,March 2020,106371,2000,1208,107163,2023-11-15
7120,594,April 2020,106371,2000,717,107654,2022-08-18
7121,594,May 2020,106371,0,1299,105072,2025-10-07
7122,594,June 2020,106371,1000,1223,106148,2024-07-22
7123,594,July 2020,106371,1000,1052,106319,2022-01-12
7124,594,August 2020,106371,1000,1753,105618,2023-10-19
7125,594,September 2020,106371,0,1601,104770,2023-10-02
7126,594,October 2020,106371,2000,698,107673,2024-06-26
7127,594,November 2020,106371,2000,1384,106987,2022-09-13
7128,594,December 2020,106371,2000,1959,106412,2022-08-09
7129,595,January 2020,74295,0,824,73471,2025-11-04
7130,595,February 2020,74295,2000,1445,74850,2022-12-14
7131,595,March 2020,74295,1000,1083,74212,2025-12-20
7132,595,April 2020,74295,0,545,73750,2023-08-22
7133,595,May 2020,74295,2000,1055,75240,2022-11-02
7134,595,June 2020,74295,3000,521,76774,2024-08-16
7135,595,July 2020,74295,3000,509,76786,2022-12-06
7136,595,August 2020,74295,0,571,73724,2024-08-02
7137,595,September 2020,74295,0,1908,72387,2023-01-09
7138,595,October 2020,74295,2000,1352,74943,2024-06-21
7139,595,November 2020,74295,2000,555,75740,2022-03-21
7140,595,December 2020,74295,0,907,73388,2022-06-13
7141,596,January 2020,78187,1000,85,79102,2025-09-16
7142,596,February 2020,78187,2000,1014,79173,2022-05-04
7143,596,March 2020,78187,3000,1610,79577,2023-09-26
7144,596,April 2020,78187,3000,546,80641,2024-06-11
7145,596,May 2020,78187,0,1151,77036,2023-05-18
7146,596,June 2020,78187,3000,439,80748,2023-10-03
7147,596,July 2020,78187,2000,941,79246,2025-05-03
7148,596,August 2020,78187,2000,1193,78994,2025-08-18
7149,596,September 2020,78187,3000,911,80276,2025-07-30
7150,596,October 2020,78187,2000,817,79370,2022-06-05
7151,596,November 2020,78187,1000,1951,77236,2023-03-07
7152,596,December 2020,78187,2000,507,79680,2025-10-23
7153,597,January 2020,236029,2000,671,237358,2024-06-30
7154,597,February 2020,236029,0,1056,234973,2023-11-09
7155,597,March 2020,236029,3000,1566,237463,2025-04-27
7156,597,April 2020,236029,2000,575,237454,2024-10-09
7157,597,May 2020,236029,2000,1254,236775,2024-10-14
7158,597,June 2020,236029,3000,977,238052,2023-12-29
7159,597,July 2020,236029,2000,1965,236064,2024-02-22
7160,597,August 2020,236029,0,1609,234420,2022-08-17
7161,597,September 2020,236029,2000,1658,236371,2025-03-22
7162,597,October 2020,236029,3000,1686,237343,2023-03-17
7163,597,November 2020,236029,2000,1212,236817,2025-09-25
7164,597,December 2020,236029,1000,1042,235987,2023-04-14
7165,598,January 2020,198320,3000,1786,199534,2025-04-14
7166,598,February 2020,198320,0,464,197856,2023-05-22
7167,598,March 2020,198320,1000,1915,197405,2023-05-06
7168,598,April 2020,198320,2000,154,200166,2023-12-21
7169,598,May 2020,198320,3000,68,201252,2023-07-29
7170,598,June 2020,198320,0,661,197659,2023-05-23
7171,598,July 2020,198320,1000,1356,197964,2023-02-03
7172,598,August 2020,198320,3000,448,200872,2023-07-04
7173,598,September 2020,198320,0,966,197354,2024-06-30
7174,598,October 2020,198320,0,1688,196632,2025-03-28
7175,598,November 2020,198320,0,1951,196369,2022-05-06
7176,598,December 2020,198320,1000,1621,197699,2023-01-18
7177,599,January 2020,245883,3000,417,248466,2024-06-26
7178,599,February 2020,245883,0,931,244952,2025-12-01
7179,599,March 2020,245883,0,1642,244241,2025-11-02
7180,599,April 2020,245883,1000,1876,245007,2023-10-28
7181,599,May 2020,245883,3000,575,248308,2022-10-20
7182,599,June 2020,245883,1000,157,246726,2023-06-20
7183,599,July 2020,245883,1000,594,246289,2022-12-13
7184,599,August 2020,245883,1000,72,246811,2023-06-15
7185,599,September 2020,245883,1000,1159,245724,2024-03-16
7186,599,October 2020,245883,3000,235,248648,2023-04-24
7187,599,November 2020,245883,0,885,244998,2022-08-18
7188,599,December 2020,245883,3000,1901,246982,2024-01-08
7189,600,January 2020,154808,0,424,154384,2022-05-31
7190,600,February 2020,154808,3000,1497,156311,2024-10-12
7191,600,March 2020,154808,1000,1267,154541,2022-05-07
7192,600,April 2020,154808,0,1610,153198,2022-10-25
7193,600,May 2020,154808,1000,1844,153964,2025-01-31
7194,600,June 2020,154808,2000,104,156704,2025-08-10
7195,600,July 2020,154808,0,1262,153546,2024-03-10
7196,600,August 2020,154808,1000,199,155609,2022-09-14
7197,600,September 2020,154808,3000,643,157165,2023-09-20
7198,600,October 2020,154808,1000,1046,154762,2025-07-13
7199,600,November 2020,154808,0,1738,153070,2025-04-30
7200,600,December 2020,154808,0,956,153852,2023-04-07
7201,601,January 2020,158365,3000,902,160463,2023-05-29
7202,601,February 2020,158365,2000,1186,159179,2024-08-28
7203,601,March 2020,158365,3000,1811,159554,2025-11-08
7204,601,April 2020,158365,3000,808,160557,2023-09-06
7205,601,May 2020,158365,3000,1763,159602,2025-12-18
7206,601,June 2020,158365,1000,114,159251,2025-11-26
7207,601,July 2020,158365,1000,1253,158112,2024-01-08
7208,601,August 2020,158365,1000,15,159350,2022-03-27
7209,601,September 2020,158365,2000,1206,159159,2023-07-10
7210,601,October 2020,158365,3000,1580,159785,2024-02-18
7211,601,November 2020,158365,0,843,157522,2022-10-01
7212,601,December 2020,158365,3000,1922,159443,2024-08-18
7213,602,January 2020,239662,3000,1476,241186,2022-08-03
7214,602,February 2020,239662,2000,1014,240648,2024-05-14
7215,602,March 2020,239662,0,1468,238194,2024-05-13
7216,602,April 2020,239662,1000,1487,239175,2025-03-14
7217,602,May 2020,239662,2000,1427,240235,2025-09-10
7218,602,June 2020,239662,0,1411,238251,2022-06-06
7219,602,July 2020,239662,3000,847,241815,2022-11-13
7220,602,August 2020,239662,1000,533,240129,2023-03-15
7221,602,September 2020,239662,2000,1089,240573,2025-11-24
7222,602,October 2020,239662,3000,1463,241199,2025-01-06
7223,602,November 2020,239662,0,144,239518,2023-01-21
7224,602,December 2020,239662,2000,1783,239879,2025-12-09
7225,603,January 2020,192728,2000,856,193872,2024-02-04
7226,603,February 2020,192728,1000,1470,192258,2023-07-16
7227,603,March 2020,192728,3000,535,195193,2023-06-08
7228,603,April 2020,192728,1000,651,193077,2024-11-12
7229,603,May 2020,192728,2000,793,193935,2025-07-29
7230,603,June 2020,192728,2000,221,194507,2024-03-21
7231,603,July 2020,192728,1000,995,192733,2022-06-06
7232,603,August 2020,192728,2000,326,194402,2022-06-30
7233,603,September 2020,192728,1000,1631,192097,2024-11-24
7234,603,October 2020,192728,3000,729,194999,2025-06-08
7235,603,November 2020,192728,1000,1148,192580,2022-12-22
7236,603,December 2020,192728,0,296,192432,2025-06-06
7237,604,January 2020,101538,1000,1305,101233,2025-03-01
7238,604,February 2020,101538,1000,1557,100981,2023-04-26
7239,604,March 2020,101538,3000,1259,103279,2023-02-11
7240,604,April 2020,101538,1000,885,101653,2023-10-08
7241,604,May 2020,101538,1000,724,101814,2022-03-04
7242,604,June 2020,101538,3000,452,104086,2025-02-26
7243,604,July 2020,101538,0,351,101187,2025-03-13
7244,604,August 2020,101538,1000,1521,101017,2022-07-12
7245,604,September 2020,101538,0,1222,100316,2023-06-13
7246,604,October 2020,101538,0,1262,100276,2024-11-19
7247,604,November 2020,101538,2000,1586,101952,2023-02-01
7248,604,December 2020,101538,3000,1597,102941,2023-01-18
7249,605,January 2020,84131,0,74,84057,2025-06-09
7250,605,February 2020,84131,0,764,83367,2024-06-25
7251,605,March 2020,84131,1000,603,84528,2023-03-17
7252,605,April 2020,84131,3000,1935,85196,2023-01-12
7253,605,May 2020,84131,1000,1016,84115,2024-10-31
7254,605,June 2020,84131,1000,940,84191,2025-01-14
7255,605,July 2020,84131,0,212,83919,2025-02-10
7256,605,August 2020,84131,1000,1688,83443,2023-10-08
7257,605,September 2020,84131,3000,840,86291,2022-10-10
7258,605,October 2020,84131,1000,908,84223,2024-06-30
7259,605,November 2020,84131,1000,1813,83318,2025-04-24
7260,605,December 2020,84131,3000,1904,85227,2025-09-06
7261,606,January 2020,76385,0,109,76276,2025-12-05
7262,606,February 2020,76385,1000,1206,76179,2025-03-17
7263,606,March 2020,76385,3000,135,79250,2023-10-20
7264,606,April 2020,76385,1000,1012,76373,2023-11-18
7265,606,May 2020,76385,0,1258,75127,2024-08-25
7266,606,June 2020,76385,2000,231,78154,2024-12-31
7267,606,July 2020,76385,2000,805,77580,2025-07-28
7268,606,August 2020,76385,1000,667,76718,2023-01-05
7269,606,September 2020,76385,0,291,76094,2023-12-18
7270,606,October 2020,76385,3000,1388,77997,2025-11-20
7271,606,November 2020,76385,0,673,75712,2025-04-17
7272,606,December 2020,76385,3000,1776,77609,2022-12-31
7273,607,January 2020,263539,3000,569,265970,2025-02-27
7274,607,February 2020,263539,0,819,262720,2023-10-25
7275,607,March 2020,263539,2000,122,265417,2025-02-14
7276,607,April 2020,263539,1000,1969,262570,2023-08-25
7277,607,May 2020,263539,3000,201,266338,2023-12-15
7278,607,June 2020,263539,1000,245,264294,2022-08-06
7279,607,July 2020,263539,0,363,263176,2025-02-19
7280,607,August 2020,263539,0,128,263411,2024-06-26
7281,607,September 2020,263539,2000,1778,263761,2022-02-02
7282,607,October 2020,263539,2000,1055,264484,2023-05-07
7283,607,November 2020,263539,3000,1783,264756,2022-03-04
7284,607,December 2020,263539,3000,1875,264664,2023-04-28
7285,608,January 2020,123323,0,1366,121957,2024-08-08
7286,608,February 2020,123323,3000,1147,125176,2024-05-21
7287,608,March 2020,123323,2000,1602,123721,2023-05-26
7288,608,April 2020,123323,2000,357,124966,2025-02-03
7289,608,May 2020,123323,3000,890,125433,2022-10-10
7290,608,June 2020,123323,0,296,123027,2023-04-17
7291,608,July 2020,123323,2000,606,124717,2024-06-05
7292,608,August 2020,123323,0,976,122347,2022-02-21
7293,608,September 2020,123323,1000,287,124036,2025-12-25
7294,608,October 2020,123323,2000,174,125149,2023-04-18
7295,608,November 2020,123323,2000,54,125269,2025-06-26
7296,608,December 2020,123323,3000,1322,125001,2022-04-17
7297,609,January 2020,238999,0,310,238689,2022-03-22
7298,609,February 2020,238999,0,1602,237397,2025-04-13
7299,609,March 2020,238999,2000,1843,239156,2022-01-16
7300,609,April 2020,238999,0,1977,237022,2023-12-26
7301,609,May 2020,238999,1000,1083,238916,2022-09-21
7302,609,June 2020,238999,3000,1501,240498,2022-02-22
7303,609,July 2020,238999,1000,379,239620,2024-05-05
7304,609,August 2020,238999,0,187,238812,2025-12-23
7305,609,September 2020,238999,2000,249,240750,2025-09-13
7306,609,October 2020,238999,3000,903,241096,2024-03-09
7307,609,November 2020,238999,1000,329,239670,2023-09-14
7308,609,December 2020,238999,2000,502,240497,2022-01-14
7309,610,January 2020,170497,0,396,170101,2025-06-24
7310,610,February 2020,170497,0,181,170316,2024-08-06
7311,610,March 2020,170497,0,790,169707,2023-08-27
7312,610,April 2020,170497,0,1985,168512,2025-11-26
7313,610,May 2020,170497,2000,249,172248,2024-11-23
7314,610,June 2020,170497,0,1361,169136,2024-01-15
7315,610,July 2020,170497,1000,1230,170267,2022-05-02
7316,610,August 2020,170497,2000,995,171502,2022-11-24
7317,610,September 2020,170497,0,1196,169301,2024-10-04
7318,610,October 2020,170497,0,491,170006,2025-03-14
7319,610,November 2020,170497,1000,1250,170247,2025-12-07
7320,610,December 2020,170497,2000,161,172336,2022-09-21
7321,611,January 2020,96932,3000,698,99234,2022-05-13
7322,611,February 2020,96932,1000,1654,96278,2025-08-24
7323,611,March 2020,96932,0,1976,94956,2022-10-18
7324,611,April 2020,96932,2000,1829,97103,2025-12-04
7325,611,May 2020,96932,0,1803,95129,2024-12-13
7326,611,June 2020,96932,0,920,96012,2025-12-13
7327,611,July 2020,96932,3000,1417,98515,2023-07-02
7328,611,August 2020,96932,3000,137,99795,2023-06-23
7329,611,September 2020,96932,3000,769,99163,2023-11-05
7330,611,October 2020,96932,1000,940,96992,2024-02-03
7331,611,November 2020,96932,1000,1421,96511,2025-05-16
7332,611,December 2020,96932,2000,1078,97854,2022-11-10
7333,612,January 2020,206782,0,1089,205693,2025-07-17
7334,612,February 2020,206782,0,866,205916,2025-11-09
7335,612,March 2020,206782,1000,828,206954,2023-02-15
7336,612,April 2020,206782,3000,1291,208491,2022-03-05
7337,612,May 2020,206782,0,715,206067,2024-01-21
7338,612,June 2020,206782,0,87,206695,2023-10-06
7339,612,July 2020,206782,0,1482,205300,2024-01-21
7340,612,August 2020,206782,3000,1487,208295,2024-04-28
7341,612,September 2020,206782,0,684,206098,2025-04-15
7342,612,October 2020,206782,3000,324,209458,2022-09-23
7343,612,November 2020,206782,2000,1576,207206,2024-10-30
7344,612,December 2020,206782,1000,439,207343,2024-01-08
7345,613,January 2020,142779,1000,1265,142514,2024-08-16
7346,613,February 2020,142779,3000,1863,143916,2022-09-21
7347,613,March 2020,142779,0,984,141795,2022-05-19
7348,613,April 2020,142779,3000,1092,144687,2022-11-18
7349,613,May 2020,142779,3000,1716,144063,2025-08-05
7350,613,June 2020,142779,2000,1000,143779,2022-03-18
7351,613,July 2020,142779,0,1607,141172,2025-05-20
7352,613,August 2020,142779,2000,748,144031,2025-12-26
7353,613,September 2020,142779,0,880,141899,2023-07-18
7354,613,October 2020,142779,1000,806,142973,2022-01-19
7355,613,November 2020,142779,2000,1947,142832,2022-08-16
7356,613,December 2020,142779,1000,76,143703,2023-04-27
7357,614,January 2020,73701,1000,440,74261,2022-05-16
7358,614,February 2020,73701,3000,1972,74729,2022-11-22
7359,614,March 2020,73701,1000,1022,73679,2025-06-19
7360,614,April 2020,73701,1000,131,74570,2023-09-12
7361,614,May 2020,73701,1000,845,73856,2022-06-28
7362,614,June 2020,73701,0,1974,71727,2025-06-26
7363,614,July 2020,73701,2000,1335,74366,2023-12-06
7364,614,August 2020,73701,2000,1397,74304,2025-09-03
7365,614,September 2020,73701,0,1767,71934,2024-06-26
7366,614,October 2020,73701,2000,299,75402,2024-04-19
7367,614,November 2020,73701,1000,1149,73552,2023-09-10
7368,614,December 2020,73701,3000,460,76241,2025-08-16
7369,615,January 2020,181487,3000,1371,183116,2025-05-01
7370,615,February 2020,181487,3000,1348,183139,2022-08-03
7371,615,March 2020,181487,3000,882,183605,2023-02-27
7372,615,April 2020,181487,0,1415,180072,2022-01-27
7373,615,May 2020,181487,0,635,180852,2022-09-04
7374,615,June 2020,181487,1000,1377,181110,2023-12-15
7375,615,July 2020,181487,3000,1985,182502,2022-12-28
7376,615,August 2020,181487,0,1272,180215,2023-10-13
7377,615,September 2020,181487,2000,337,183150,2024-09-27
7378,615,October 2020,181487,3000,775,183712,2025-01-15
7379,615,November 2020,181487,2000,855,182632,2023-08-03
7380,615,December 2020,181487,1000,1372,181115,2025-01-15
7381,616,January 2020,275206,2000,1828,275378,2025-04-17
7382,616,February 2020,275206,1000,778,275428,2025-01-31
7383,616,March 2020,275206,3000,141,278065,2025-11-06
7384,616,April 2020,275206,0,1192,274014,2025-06-07
7385,616,May 2020,275206,0,1245,273961,2023-10-12
7386,616,June 2020,275206,1000,908,275298,2024-09-18
7387,616,July 2020,275206,3000,1295,276911,2025-10-06
7388,616,August 2020,275206,3000,843,277363,2023-03-05
7389,616,September 2020,275206,3000,1763,276443,2022-11-28
7390,616,October 2020,275206,0,379,274827,2023-06-18
7391,616,November 2020,275206,0,1644,273562,2023-12-12
7392,616,December 2020,275206,2000,938,276268,2023-03-11
7393,617,January 2020,194140,1000,666,194474,2024-09-04
7394,617,February 2020,194140,2000,620,195520,2025-09-13
7395,617,March 2020,194140,3000,384,196756,2023-07-24
7396,617,April 2020,194140,0,1383,192757,2022-03-30
7397,617,May 2020,194140,1000,273,194867,2022-10-19
7398,617,June 2020,194140,0,896,193244,2022-11-20
7399,617,July 2020,194140,1000,1520,193620,2022-01-09
7400,617,August 2020,194140,3000,1730,195410,2024-11-07
7401,617,September 2020,194140,3000,1329,195811,2023-10-03
7402,617,October 2020,194140,1000,896,194244,2024-11-11
7403,617,November 2020,194140,3000,454,196686,2025-02-23
7404,617,December 2020,194140,2000,1579,194561,2025-10-13
7405,618,January 2020,70860,0,30,70830,2023-01-01
7406,618,February 2020,70860,2000,480,72380,2022-12-17
7407,618,March 2020,70860,0,938,69922,2024-03-03
7408,618,April 2020,70860,2000,335,72525,2025-03-13
7409,618,May 2020,70860,0,743,70117,2025-12-28
7410,618,June 2020,70860,0,920,69940,2023-02-25
7411,618,July 2020,70860,2000,687,72173,2024-10-17
7412,618,August 2020,70860,2000,562,72298,2024-09-20
7413,618,September 2020,70860,2000,1260,71600,2024-08-27
7414,618,October 2020,70860,1000,1335,70525,2023-09-19
7415,618,November 2020,70860,0,1460,69400,2023-02-04
7416,618,December 2020,70860,0,1840,69020,2025-03-19
7417,619,January 2020,113283,0,1444,111839,2025-12-21
7418,619,February 2020,113283,0,946,112337,2024-04-17
7419,619,March 2020,113283,1000,1040,113243,2025-03-18
7420,619,April 2020,113283,0,1120,112163,2024-04-14
7421,619,May 2020,113283,0,191,113092,2024-04-25
7422,619,June 2020,113283,1000,1512,112771,2024-01-02
7423,619,July 2020,113283,3000,174,116109,2022-06-24
7424,619,August 2020,113283,2000,1055,114228,2022-12-08
7425,619,September 2020,113283,3000,1548,114735,2025-12-02
7426,619,October 2020,113283,0,1826,111457,2023-04-30
7427,619,November 2020,113283,3000,1430,114853,2022-05-07
7428,619,December 2020,113283,2000,570,114713,2024-01-15
7429,620,January 2020,89353,3000,1623,90730,2025-06-09
7430,620,February 2020,89353,2000,435,90918,2024-03-04
7431,620,March 2020,89353,3000,1011,91342,2025-02-26
7432,620,April 2020,89353,0,522,88831,2024-11-16
7433,620,May 2020,89353,1000,489,89864,2025-09-09
7434,620,June 2020,89353,2000,896,90457,2024-07-10
7435,620,July 2020,89353,0,1987,87366,2022-01-21
7436,620,August 2020,89353,3000,1082,91271,2025-08-22
7437,620,September 2020,89353,1000,627,89726,2025-08-29
7438,620,October 2020,89353,1000,1248,89105,2024-03-29
7439,620,November 2020,89353,3000,572,91781,2023-09-14
7440,620,December 2020,89353,3000,1236,91117,2025-03-18
7441,621,January 2020,88231,2000,342,89889,2024-04-21
7442,621,February 2020,88231,3000,431,90800,2025-11-25
7443,621,March 2020,88231,1000,1408,87823,2022-01-21
7444,621,April 2020,88231,0,503,87728,2025-01-23
7445,621,May 2020,88231,2000,443,89788,2025-08-29
7446,621,June 2020,88231,3000,626,90605,2025-10-15
7447,621,July 2020,88231,3000,1706,89525,2022-10-02
7448,621,August 2020,88231,2000,1351,88880,2023-09-13
7449,621,September 2020,88231,2000,895,89336,2022-05-24
7450,621,October 2020,88231,2000,807,89424,2025-09-27
7451,621,November 2020,88231,0,1290,86941,2024-01-19
7452,621,December 2020,88231,0,995,87236,2022-04-03
7453,622,January 2020,108862,3000,1313,110549,2022-09-26
7454,622,February 2020,108862,3000,1484,110378,2024-09-12
7455,622,March 2020,108862,2000,1374,109488,2025-10-21
7456,622,April 2020,108862,3000,424,111438,2024-05-31
7457,622,May 2020,108862,1000,1159,108703,2023-04-13
7458,622,June 2020,108862,0,1696,107166,2023-04-26
7459,622,July 2020,108862,2000,1353,109509,2025-08-03
7460,622,August 2020,108862,0,832,108030,2023-12-07
7461,622,September 2020,108862,3000,1167,110695,2022-07-12
7462,622,October 2020,108862,0,497,108365,2025-08-09
7463,622,November 2020,108862,0,640,108222,2024-09-03
7464,622,December 2020,108862,0,282,108580,2025-04-30
7465,623,January 2020,209393,0,1785,207608,2025-12-02
7466,623,February 2020,209393,3000,192,212201,2022-05-08
7467,623,March 2020,209393,3000,1056,211337,2024-05-24
7468,623,April 2020,209393,2000,1602,209791,2024-10-19
7469,623,May 2020,209393,1000,1918,208475,2024-06-06
7470,623,June 2020,209393,1000,847,209546,2025-01-01
7471,623,July 2020,209393,3000,1151,211242,2025-11-30
7472,623,August 2020,209393,1000,1148,209245,2025-09-21
7473,623,September 2020,209393,3000,660,211733,2023-05-28
7474,623,October 2020,209393,3000,1181,211212,2023-08-19
7475,623,November 2020,209393,3000,1258,211135,2022-01-07
7476,623,December 2020,209393,2000,1014,210379,2024-12-11
7477,624,January 2020,108126,1000,1243,107883,2025-10-05
7478,624,February 2020,108126,3000,1231,109895,2025-06-04
7479,624,March 2020,108126,1000,1163,107963,2022-10-25
7480,624,April 2020,108126,2000,400,109726,2022-11-12
7481,624,May 2020,108126,2000,217,109909,2025-07-11
7482,624,June 2020,108126,0,98,108028,2024-07-21
7483,624,July 2020,108126,1000,1559,107567,2025-05-19
7484,624,August 2020,108126,0,278,107848,2024-02-11
7485,624,September 2020,108126,3000,63,111063,2024-12-26
7486,624,October 2020,108126,2000,1421,108705,2025-08-28
7487,624,November 2020,108126,3000,941,110185,2024-03-27
7488,624,December 2020,108126,1000,1931,107195,2022-07-11
7489,625,January 2020,124358,3000,1395,125963,2024-06-21
7490,625,February 2020,124358,1000,216,125142,2022-10-06
7491,625,March 2020,124358,1000,72,125286,2022-03-22
7492,625,April 2020,124358,1000,1852,123506,2024-07-07
7493,625,May 2020,124358,2000,1975,124383,2023-02-27
7494,625,June 2020,124358,1000,1509,123849,2025-03-10
7495,625,July 2020,124358,3000,1476,125882,2023-11-16
7496,625,August 2020,124358,1000,313,125045,2024-05-01
7497,625,September 2020,124358,2000,403,125955,2022-06-03
7498,625,October 2020,124358,3000,1805,125553,2023-06-28
7499,625,November 2020,124358,0,458,123900,2022-12-06
7500,625,December 2020,124358,0,900,123458,2022-09-03
7501,626,January 2020,211598,1000,1359,211239,2025-10-10
7502,626,February 2020,211598,2000,649,212949,2023-08-15
7503,626,March 2020,211598,2000,1626,211972,2025-09-12
7504,626,April 2020,211598,1000,519,212079,2024-06-05
7505,626,May 2020,211598,3000,855,213743,2024-03-15
7506,626,June 2020,211598,1000,1557,211041,2024-09-07
7507,626,July 2020,211598,2000,734,212864,2025-07-19
7508,626,August 2020,211598,0,1839,209759,2025-04-06
7509,626,September 2020,211598,0,1040,210558,2023-08-24
7510,626,October 2020,211598,3000,1133,213465,2023-10-02
7511,626,November 2020,211598,2000,1556,212042,2024-01-17
7512,626,December 2020,211598,0,220,211378,2024-07-04
7513,627,January 2020,165531,2000,1451,166080,2023-05-19
7514,627,February 2020,165531,2000,1019,166512,2023-01-06
7515,627,March 2020,165531,0,938,164593,2024-09-23
7516,627,April 2020,165531,1000,1138,165393,2023-07-14
7517,627,May 2020,165531,3000,1049,167482,2022-03-09
7518,627,June 2020,165531,1000,1550,164981,2025-11-08
7519,627,July 2020,165531,0,17,165514,2023-08-02
7520,627,August 2020,165531,2000,1360,166171,2024-10-19
7521,627,September 2020,165531,2000,1211,166320,2022-03-05
7522,627,October 2020,165531,3000,1772,166759,2023-08-17
7523,627,November 2020,165531,0,1239,164292,2023-07-01
7524,627,December 2020,165531,0,809,164722,2022-09-02
7525,628,January 2020,232070,1000,1864,231206,2025-01-28
7526,628,February 2020,232070,0,78,231992,2025-08-27
7527,628,March 2020,232070,0,1994,230076,2022-05-30
7528,628,April 2020,232070,1000,1059,232011,2022-03-29
7529,628,May 2020,232070,3000,827,234243,2022-02-26
7530,628,June 2020,232070,1000,1903,231167,2024-03-24
7531,628,July 2020,232070,0,1387,230683,2022-12-17
7532,628,August 2020,232070,3000,1225,233845,2022-07-16
7533,628,September 2020,232070,2000,593,233477,2024-03-28
7534,628,October 2020,232070,2000,1212,232858,2023-09-04
7535,628,November 2020,232070,3000,765,234305,2025-02-26
7536,628,December 2020,232070,1000,1514,231556,2022-03-09
7537,629,January 2020,89875,0,1975,87900,2023-09-30
7538,629,February 2020,89875,2000,1078,90797,2024-02-14
7539,629,March 2020,89875,1000,1318,89557,2023-01-11
7540,629,April 2020,89875,3000,1106,91769,2025-07-14
7541,629,May 2020,89875,1000,67,90808,2023-06-06
7542,629,June 2020,89875,2000,666,91209,2024-09-15
7543,629,July 2020,89875,1000,757,90118,2024-06-04
7544,629,August 2020,89875,0,185,89690,2025-08-24
7545,629,September 2020,89875,1000,950,89925,2022-12-07
7546,629,October 2020,89875,3000,103,92772,2023-07-07
7547,629,November 2020,89875,0,847,89028,2023-03-19
7548,629,December 2020,89875,1000,1458,89417,2025-02-20
7549,630,January 2020,236852,0,758,236094,2022-02-23
7550,630,February 2020,236852,1000,1494,236358,2023-09-16
7551,630,March 2020,236852,1000,622,237230,2025-05-24
7552,630,April 2020,236852,2000,1330,237522,2023-05-25
7553,630,May 2020,236852,1000,1188,236664,2024-02-08
7554,630,June 2020,236852,2000,790,238062,2025-05-01
7555,630,July 2020,236852,3000,441,239411,2023-07-29
7556,630,August 2020,236852,0,1283,235569,2024-06-08
7557,630,September 2020,236852,0,681,236171,2023-10-13
7558,630,October 2020,236852,2000,100,238752,2024-05-25
7559,630,November 2020,236852,0,765,236087,2023-11-16
7560,630,December 2020,236852,1000,1835,236017,2023-06-18
7561,631,January 2020,250221,3000,428,252793,2023-07-03
7562,631,February 2020,250221,1000,1329,249892,2022-04-18
7563,631,March 2020,250221,3000,1976,251245,2025-11-28
7564,631,April 2020,250221,1000,1762,249459,2023-09-05
7565,631,May 2020,250221,0,1319,248902,2024-01-07
7566,631,June 2020,250221,1000,892,250329,2023-07-20
7567,631,July 2020,250221,0,1633,248588,2022-08-25
7568,631,August 2020,250221,3000,6,253215,2023-08-07
7569,631,September 2020,250221,0,843,249378,2024-09-23
7570,631,October 2020,250221,1000,1574,249647,2023-04-21
7571,631,November 2020,250221,0,1784,248437,2023-07-31
7572,631,December 2020,250221,1000,272,250949,2024-07-22
7573,632,January 2020,194454,0,114,194340,2024-03-13
7574,632,February 2020,194454,2000,157,196297,2025-04-24
7575,632,March 2020,194454,0,458,193996,2024-02-24
7576,632,April 2020,194454,2000,387,196067,2022-04-12
7577,632,May 2020,194454,2000,1418,195036,2023-08-09
7578,632,June 2020,194454,0,1220,193234,2025-06-16
7579,632,July 2020,194454,2000,438,196016,2023-04-27
7580,632,August 2020,194454,3000,1912,195542,2024-04-01
7581,632,September 2020,194454,2000,222,196232,2022-11-26
7582,632,October 2020,194454,2000,1795,194659,2024-10-28
7583,632,November 2020,194454,2000,1210,195244,2022-02-06
7584,632,December 2020,194454,3000,1355,196099,2022-02-08
7585,633,January 2020,99583,3000,154,102429,2023-01-02
7586,633,February 2020,99583,0,1802,97781,2022-07-22
7587,633,March 2020,99583,1000,1368,99215,2025-07-07
7588,633,April 2020,99583,1000,1332,99251,2024-12-03
7589,633,May 2020,99583,2000,566,101017,2024-09-02
7590,633,June 2020,99583,3000,675,101908,2025-01-09
7591,633,July 2020,99583,0,1948,97635,2024-06-30
7592,633,August 2020,99583,0,664,98919,2025-09-28
7593,633,September 2020,99583,2000,1259,100324,2022-09-05
7594,633,October 2020,99583,3000,1742,100841,2022-06-06
7595,633,November 2020,99583,0,1565,98018,2023-09-05
7596,633,December 2020,99583,2000,920,100663,2024-06-09
7597,634,January 2020,125054,2000,1349,125705,2023-08-02
7598,634,February 2020,125054,0,327,124727,2022-01-17
7599,634,March 2020,125054,1000,454,125600,2025-03-03
7600,634,April 2020,125054,0,436,124618,2025-01-23
7601,634,May 2020,125054,1000,1469,124585,2023-02-27
7602,634,June 2020,125054,3000,1676,126378,2024-05-23
7603,634,July 2020,125054,3000,1830,126224,2023-03-14
7604,634,August 2020,125054,1000,1541,124513,2022-11-04
7605,634,September 2020,125054,3000,1980,126074,2024-03-04
7606,634,October 2020,125054,0,1939,123115,2022-03-21
7607,634,November 2020,125054,0,1780,123274,2024-11-27
7608,634,December 2020,125054,3000,549,127505,2023-05-04
7609,635,January 2020,147369,0,1019,146350,2023-05-08
7610,635,February 2020,147369,2000,906,148463,2022-04-14
7611,635,March 2020,147369,1000,1159,147210,2022-01-10
7612,635,April 2020,147369,2000,1662,147707,2024-08-01
7613,635,May 2020,147369,2000,578,148791,2022-01-22
7614,635,June 2020,147369,0,1809,145560,2024-04-07
7615,635,July 2020,147369,2000,390,148979,2024-03-23
7616,635,August 2020,147369,1000,814,147555,2024-04-30
7617,635,September 2020,147369,1000,603,147766,2025-01-24
7618,635,October 2020,147369,0,1713,145656,2025-12-02
7619,635,November 2020,147369,3000,319,150050,2022-03-14
7620,635,December 2020,147369,3000,1466,148903,2022-02-28
7621,636,January 2020,214674,0,1205,213469,2023-04-01
7622,636,February 2020,214674,0,517,214157,2022-09-06
7623,636,March 2020,214674,2000,1912,214762,2022-10-06
7624,636,April 2020,214674,1000,1254,214420,2022-11-21
7625,636,May 2020,214674,1000,179,215495,2024-03-21
7626,636,June 2020,214674,3000,1687,215987,2025-01-22
7627,636,July 2020,214674,0,549,214125,2025-10-19
7628,636,August 2020,214674,3000,1401,216273,2023-08-30
7629,636,September 2020,214674,0,1208,213466,2022-10-08
7630,636,October 2020,214674,1000,628,215046,2023-06-09
7631,636,November 2020,214674,2000,10,216664,2024-04-26
7632,636,December 2020,214674,0,50,214624,2024-02-20
7633,637,January 2020,229843,2000,662,231181,2024-04-25
7634,637,February 2020,229843,2000,1612,230231,2025-05-18
7635,637,March 2020,229843,2000,1277,230566,2023-07-23
7636,637,April 2020,229843,1000,539,230304,2022-12-04
7637,637,May 2020,229843,2000,1087,230756,2024-12-05
7638,637,June 2020,229843,1000,1454,229389,2023-03-19
7639,637,July 2020,229843,1000,775,230068,2024-10-25
7640,637,August 2020,229843,1000,1852,228991,2025-02-23
7641,637,September 2020,229843,2000,830,231013,2025-07-04
7642,637,October 2020,229843,1000,1720,229123,2023-04-14
7643,637,November 2020,229843,0,1922,227921,2022-06-24
7644,637,December 2020,229843,3000,1785,231058,2022-04-13
7645,638,January 2020,70586,2000,1253,71333,2023-12-12
7646,638,February 2020,70586,3000,1725,71861,2025-06-04
7647,638,March 2020,70586,2000,1559,71027,2024-12-30
7648,638,April 2020,70586,2000,113,72473,2023-01-12
7649,638,May 2020,70586,0,1693,68893,2023-07-26
7650,638,June 2020,70586,1000,581,71005,2023-10-15
7651,638,July 2020,70586,2000,587,71999,2022-06-29
7652,638,August 2020,70586,3000,1854,71732,2022-02-06
7653,638,September 2020,70586,2000,1063,71523,2024-11-15
7654,638,October 2020,70586,3000,1597,71989,2025-03-23
7655,638,November 2020,70586,1000,50,71536,2025-07-18
7656,638,December 2020,70586,0,1865,68721,2023-10-17
7657,639,January 2020,248643,2000,36,250607,2024-08-24
7658,639,February 2020,248643,0,1902,246741,2023-12-31
7659,639,March 2020,248643,0,1000,247643,2025-11-21
7660,639,April 2020,248643,0,1755,246888,2025-01-03
7661,639,May 2020,248643,0,63,248580,2023-07-09
7662,639,June 2020,248643,2000,912,249731,2024-08-04
7663,639,July 2020,248643,3000,487,251156,2023-10-26
7664,639,August 2020,248643,1000,743,248900,2024-05-09
7665,639,September 2020,248643,3000,1262,250381,2022-08-19
7666,639,October 2020,248643,3000,248,251395,2022-02-27
7667,639,November 2020,248643,0,1840,246803,2024-09-23
7668,639,December 2020,248643,1000,209,249434,2025-12-23
7669,640,January 2020,190915,0,1141,189774,2024-02-17
7670,640,February 2020,190915,1000,1312,190603,2022-01-21
7671,640,March 2020,190915,0,1323,189592,2023-10-18
7672,640,April 2020,190915,0,1088,189827,2022-10-11
7673,640,May 2020,190915,1000,1934,189981,2022-08-06
7674,640,June 2020,190915,2000,816,192099,2024-04-20
7675,640,July 2020,190915,1000,653,191262,2022-12-30
7676,640,August 2020,190915,3000,425,193490,2024-02-09
7677,640,September 2020,190915,3000,1901,192014,2025-05-31
7678,640,October 2020,190915,2000,1528,191387,2025-09-23
7679,640,November 2020,190915,3000,432,193483,2023-08-11
7680,640,December 2020,190915,1000,1846,190069,2025-08-11
7681,641,January 2020,238544,1000,1957,237587,2023-05-02
7682,641,February 2020,238544,2000,1214,239330,2024-09-12
7683,641,March 2020,238544,3000,1922,239622,2024-01-04
7684,641,April 2020,238544,1000,1780,237764,2025-08-05
7685,641,May 2020,238544,2000,1218,239326,2024-06-24
7686,641,June 2020,238544,2000,125,240419,2022-07-05
7687,641,July 2020,238544,2000,452,240092,2023-02-05
7688,641,August 2020,238544,3000,1766,239778,2023-05-01
7689,641,September 2020,238544,1000,479,239065,2024-09-14
7690,641,October 2020,238544,2000,813,239731,2023-11-10
7691,641,November 2020,238544,2000,1645,238899,2022-12-13
7692,641,December 2020,238544,0,1731,236813,2025-07-19
7693,642,January 2020,190815,2000,592,192223,2022-11-19
7694,642,February 2020,190815,2000,860,191955,2022-06-02
7695,642,March 2020,190815,2000,1989,190826,2025-02-09
7696,642,April 2020,190815,0,1900,188915,2024-04-15
7697,642,May 2020,190815,0,581,190234,2022-02-22
7698,642,June 2020,190815,0,424,190391,2024-01-09
7699,642,July 2020,190815,1000,1435,190380,2023-04-26
7700,642,August 2020,190815,2000,1406,191409,2022-12-04
7701,642,September 2020,190815,1000,468,191347,2024-12-12
7702,642,October 2020,190815,1000,189,191626,2025-03-18
7703,642,November 2020,190815,1000,54,191761,2024-11-20
7704,642,December 2020,190815,3000,1295,192520,2024-04-11
7705,643,January 2020,113132,1000,261,113871,2023-08-23
7706,643,February 2020,113132,2000,1250,113882,2024-01-04
7707,643,March 2020,113132,1000,1791,112341,2023-06-23
7708,643,April 2020,113132,0,1618,111514,2023-02-22
7709,643,May 2020,113132,3000,259,115873,2023-10-29
7710,643,June 2020,113132,3000,197,115935,2025-06-10
7711,643,July 2020,113132,0,1390,111742,2022-03-14
7712,643,August 2020,113132,0,575,112557,2023-05-12
7713,643,September 2020,113132,3000,16,116116,2024-03-30
7714,643,October 2020,113132,3000,74,116058,2022-12-13
7715,643,November 2020,113132,2000,364,114768,2022-11-27
7716,643,December 2020,113132,3000,894,115238,2024-07-26
7717,644,January 2020,236808,0,1652,235156,2024-09-20
7718,644,February 2020,236808,3000,774,239034,2023-12-11
7719,644,March 2020,236808,0,387,236421,2022-10-27
7720,644,April 2020,236808,1000,1302,236506,2023-02-03
7721,644,May 2020,236808,2000,905,237903,2024-09-13
7722,644,June 2020,236808,1000,1179,236629,2022-07-31
7723,644,July 2020,236808,0,977,235831,2023-08-16
7724,644,August 2020,236808,2000,1375,237433,2022-08-22
7725,644,September 2020,236808,0,401,236407,2023-08-10
7726,644,October 2020,236808,1000,623,237185,2025-05-06
7727,644,November 2020,236808,3000,1258,238550,2024-01-14
7728,644,December 2020,236808,2000,483,238325,2024-10-20
7729,645,January 2020,137305,3000,731,139574,2024-03-09
7730,645,February 2020,137305,0,1235,136070,2022-08-31
7731,645,March 2020,137305,3000,1251,139054,2022-05-02
7732,645,April 2020,137305,0,511,136794,2023-10-12
7733,645,May 2020,137305,0,1022,136283,2022-09-26
7734,645,June 2020,137305,2000,1686,137619,2022-03-09
7735,645,July 2020,137305,3000,908,139397,2022-02-19
7736,645,August 2020,137305,2000,468,138837,2023-05-04
7737,645,September 2020,137305,3000,1816,138489,2025-09-01
7738,645,October 2020,137305,2000,1870,137435,2022-09-26
7739,645,November 2020,137305,2000,375,138930,2022-12-14
7740,645,December 2020,137305,0,1839,135466,2025-10-10
7741,646,January 2020,213683,0,922,212761,2022-03-02
7742,646,February 2020,213683,3000,248,216435,2023-06-05
7743,646,March 2020,213683,1000,697,213986,2024-02-26
7744,646,April 2020,213683,2000,810,214873,2022-12-03
7745,646,May 2020,213683,1000,335,214348,2024-10-05
7746,646,June 2020,213683,2000,1645,214038,2024-12-03
7747,646,July 2020,213683,3000,1652,215031,2022-11-17
7748,646,August 2020,213683,3000,1867,214816,2025-11-26
7749,646,September 2020,213683,2000,505,215178,2022-10-07
7750,646,October 2020,213683,3000,994,215689,2022-08-04
7751,646,November 2020,213683,2000,1393,214290,2025-01-25
7752,646,December 2020,213683,2000,174,215509,2024-06-10
7753,647,January 2020,269736,0,1132,268604,2022-09-20
7754,647,February 2020,269736,3000,1809,270927,2023-04-11
7755,647,March 2020,269736,0,1007,268729,2022-02-25
7756,647,April 2020,269736,0,1717,268019,2024-04-03
7757,647,May 2020,269736,2000,1817,269919,2022-07-11
7758,647,June 2020,269736,3000,1253,271483,2023-03-19
7759,647,July 2020,269736,1000,801,269935,2025-12-17
7760,647,August 2020,269736,2000,509,271227,2023-06-22
7761,647,September 2020,269736,0,34,269702,2023-07-20
7762,647,October 2020,269736,2000,1138,270598,2025-05-05
7763,647,November 2020,269736,1000,1043,269693,2022-08-21
7764,647,December 2020,269736,1000,1972,268764,2025-03-30
7765,648,January 2020,103353,2000,768,104585,2023-11-26
7766,648,February 2020,103353,3000,1570,104783,2023-01-09
7767,648,March 2020,103353,3000,1227,105126,2022-02-18
7768,648,April 2020,103353,2000,39,105314,2024-09-06
7769,648,May 2020,103353,2000,1685,103668,2025-08-03
7770,648,June 2020,103353,2000,819,104534,2023-05-14
7771,648,July 2020,103353,1000,1836,102517,2023-11-03
7772,648,August 2020,103353,3000,1621,104732,2025-01-28
7773,648,September 2020,103353,0,4,103349,2023-06-12
7774,648,October 2020,103353,1000,1337,103016,2024-09-27
7775,648,November 2020,103353,1000,227,104126,2023-10-03
7776,648,December 2020,103353,0,1072,102281,2024-12-28
7777,649,January 2020,254786,3000,682,257104,2022-04-19
7778,649,February 2020,254786,0,127,254659,2025-10-17
7779,649,March 2020,254786,2000,1363,255423,2024-10-01
7780,649,April 2020,254786,1000,461,255325,2022-06-03
7781,649,May 2020,254786,2000,603,256183,2023-07-26
7782,649,June 2020,254786,2000,1264,255522,2022-08-10
7783,649,July 2020,254786,0,1798,252988,2023-09-17
7784,649,August 2020,254786,0,288,254498,2022-10-27
7785,649,September 2020,254786,1000,1811,253975,2022-06-11
7786,649,October 2020,254786,2000,1964,254822,2023-08-13
7787,649,November 2020,254786,2000,1714,255072,2024-10-19
7788,649,December 2020,254786,1000,1097,254689,2024-05-21
7789,650,January 2020,196408,1000,80,197328,2024-04-26
7790,650,February 2020,196408,0,113,196295,2023-01-06
7791,650,March 2020,196408,3000,49,199359,2025-08-11
7792,650,April 2020,196408,1000,1813,195595,2025-11-10
7793,650,May 2020,196408,3000,819,198589,2025-09-21
7794,650,June 2020,196408,2000,1988,196420,2025-05-16
7795,650,July 2020,196408,1000,1094,196314,2024-04-05
7796,650,August 2020,196408,0,1031,195377,2024-06-14
7797,650,September 2020,196408,2000,1828,196580,2022-02-07
7798,650,October 2020,196408,3000,1890,197518,2023-04-15
7799,650,November 2020,196408,3000,603,198805,2025-09-05
7800,650,December 2020,196408,1000,1020,196388,2022-02-02
7801,651,January 2020,127626,1000,1636,126990,2025-05-04
7802,651,February 2020,127626,0,42,127584,2022-11-30
7803,651,March 2020,127626,3000,1063,129563,2022-02-12
7804,651,April 2020,127626,2000,146,129480,2022-10-09
7805,651,May 2020,127626,1000,781,127845,2023-03-31
7806,651,June 2020,127626,3000,1081,129545,2025-03-18
7807,651,July 2020,127626,2000,749,128877,2024-03-29
7808,651,August 2020,127626,0,1392,126234,2022-03-02
7809,651,September 2020,127626,1000,383,128243,2024-05-17
7810,651,October 2020,127626,1000,1180,127446,2023-11-25
7811,651,November 2020,127626,2000,1758,127868,2024-06-03
7812,651,December 2020,127626,1000,1099,127527,2023-06-23
7813,652,January 2020,217812,2000,1731,218081,2025-10-17
7814,652,February 2020,217812,0,693,217119,2023-11-14
7815,652,March 2020,217812,3000,61,220751,2023-12-31
7816,652,April 2020,217812,1000,925,217887,2025-01-30
7817,652,May 2020,217812,2000,1956,217856,2025-03-23
7818,652,June 2020,217812,0,1319,216493,2022-11-12
7819,652,July 2020,217812,2000,333,219479,2024-12-29
7820,652,August 2020,217812,3000,1709,219103,2022-11-19
7821,652,September 2020,217812,2000,1722,218090,2024-09-07
7822,652,October 2020,217812,3000,749,220063,2022-01-29
7823,652,November 2020,217812,2000,673,219139,2025-01-24
7824,652,December 2020,217812,0,333,217479,2022-07-08
7825,653,January 2020,121648,2000,1843,121805,2022-09-10
7826,653,February 2020,121648,2000,836,122812,2022-10-29
7827,653,March 2020,121648,3000,115,124533,2024-09-28
7828,653,April 2020,121648,3000,622,124026,2024-02-28
7829,653,May 2020,121648,2000,1074,122574,2024-05-08
7830,653,June 2020,121648,1000,31,122617,2022-12-20
7831,653,July 2020,121648,0,1650,119998,2023-09-01
7832,653,August 2020,121648,1000,1036,121612,2022-11-12
7833,653,September 2020,121648,1000,879,121769,2023-03-14
7834,653,October 2020,121648,0,376,121272,2022-03-11
7835,653,November 2020,121648,2000,1273,122375,2023-06-06
7836,653,December 2020,121648,3000,1396,123252,2025-09-16
7837,654,January 2020,142595,2000,1502,143093,2025-08-15
7838,654,February 2020,142595,3000,225,145370,2024-04-29
7839,654,March 2020,142595,1000,1186,142409,2025-05-31
7840,654,April 2020,142595,3000,985,144610,2024-10-15
7841,654,May 2020,142595,1000,1376,142219,2022-03-20
7842,654,June 2020,142595,0,1875,140720,2024-03-12
7843,654,July 2020,142595,0,1968,140627,2023-01-16
7844,654,August 2020,142595,3000,952,144643,2024-09-16
7845,654,September 2020,142595,3000,1870,143725,2024-08-13
7846,654,October 2020,142595,1000,965,142630,2025-03-16
7847,654,November 2020,142595,2000,1541,143054,2025-07-26
7848,654,December 2020,142595,0,245,142350,2024-12-06
7849,655,January 2020,262472,2000,256,264216,2023-04-03
7850,655,February 2020,262472,3000,908,264564,2023-05-06
7851,655,March 2020,262472,0,605,261867,2025-06-25
7852,655,April 2020,262472,2000,866,263606,2024-02-07
7853,655,May 2020,262472,2000,1927,262545,2024-12-27
7854,655,June 2020,262472,1000,446,263026,2022-05-02
7855,655,July 2020,262472,3000,521,264951,2022-05-15
7856,655,August 2020,262472,3000,1161,264311,2022-03-18
7857,655,September 2020,262472,2000,307,264165,2025-09-09
7858,655,October 2020,262472,1000,730,262742,2025-08-15
7859,655,November 2020,262472,2000,928,263544,2024-09-19
7860,655,December 2020,262472,0,1657,260815,2024-12-11
7861,656,January 2020,271569,3000,1456,273113,2023-12-09
7862,656,February 2020,271569,1000,1021,271548,2023-10-19
7863,656,March 2020,271569,2000,902,272667,2024-11-25
7864,656,April 2020,271569,0,1860,269709,2023-08-12
7865,656,May 2020,271569,3000,190,274379,2022-12-27
7866,656,June 2020,271569,2000,140,273429,2022-07-25
7867,656,July 2020,271569,2000,621,272948,2024-03-08
7868,656,August 2020,271569,3000,645,273924,2023-01-06
7869,656,September 2020,271569,2000,1065,272504,2022-02-07
7870,656,October 2020,271569,3000,10,274559,2025-07-22
7871,656,November 2020,271569,2000,1216,272353,2023-04-22
7872,656,December 2020,271569,1000,1327,271242,2025-10-18
7873,657,January 2020,157594,0,1053,156541,2022-09-14
7874,657,February 2020,157594,2000,920,158674,2023-03-22
7875,657,March 2020,157594,1000,359,158235,2024-07-06
7876,657,April 2020,157594,3000,1423,159171,2023-10-22
7877,657,May 2020,157594,3000,29,160565,2023-08-23
7878,657,June 2020,157594,1000,1408,157186,2022-10-02
7879,657,July 2020,157594,1000,1188,157406,2025-05-21
7880,657,August 2020,157594,0,536,157058,2022-01-20
7881,657,September 2020,157594,0,1400,156194,2023-05-09
7882,657,October 2020,157594,1000,1942,156652,2024-10-14
7883,657,November 2020,157594,3000,627,159967,2022-07-13
7884,657,December 2020,157594,1000,327,158267,2024-06-17
7885,658,January 2020,158565,0,277,158288,2024-02-13
7886,658,February 2020,158565,2000,139,160426,2023-05-31
7887,658,March 2020,158565,2000,112,160453,2025-08-03
7888,658,April 2020,158565,2000,1332,159233,2022-11-15
7889,658,May 2020,158565,3000,449,161116,2024-02-17
7890,658,June 2020,158565,3000,804,160761,2024-06-13
7891,658,July 2020,158565,2000,1328,159237,2023-08-24
7892,658,August 2020,158565,3000,1283,160282,2023-10-21
7893,658,September 2020,158565,0,1238,157327,2022-02-26
7894,658,October 2020,158565,3000,1888,159677,2025-04-03
7895,658,November 2020,158565,2000,454,160111,2024-10-16
7896,658,December 2020,158565,3000,734,160831,2023-05-26
7897,659,January 2020,80854,3000,1369,82485,2024-09-22
7898,659,February 2020,80854,2000,1781,81073,2022-02-13
7899,659,March 2020,80854,0,660,80194,2023-11-20
7900,659,April 2020,80854,1000,806,81048,2025-01-01
7901,659,May 2020,80854,2000,515,82339,2022-07-30
7902,659,June 2020,80854,0,1065,79789,2023-07-01
7903,659,July 2020,80854,1000,1438,80416,2022-04-06
7904,659,August 2020,80854,3000,1776,82078,2022-11-23
7905,659,September 2020,80854,0,806,80048,2024-11-30
7906,659,October 2020,80854,1000,1968,79886,2024-05-20
7907,659,November 2020,80854,0,1271,79583,2022-03-15
7908,659,December 2020,80854,3000,102,83752,2025-12-23
7909,660,January 2020,104966,2000,752,106214,2023-02-01
7910,660,February 2020,104966,3000,908,107058,2024-09-04
7911,660,March 2020,104966,0,1863,103103,2025-08-09
7912,660,April 2020,104966,3000,1412,106554,2024-02-09
7913,660,May 2020,104966,2000,879,106087,2023-04-12
7914,660,June 2020,104966,1000,41,105925,2024-04-03
7915,660,July 2020,104966,1000,126,105840,2024-08-09
7916,660,August 2020,104966,3000,1304,106662,2023-07-18
7917,660,September 2020,104966,2000,1308,105658,2022-09-10
7918,660,October 2020,104966,1000,1174,104792,2023-02-16
7919,660,November 2020,104966,3000,43,107923,2023-08-12
7920,660,December 2020,104966,1000,681,105285,2022-02-11
7921,661,January 2020,189887,2000,612,191275,2024-07-17
7922,661,February 2020,189887,0,1584,188303,2025-08-17
7923,661,March 2020,189887,2000,1536,190351,2022-01-13
7924,661,April 2020,189887,3000,750,192137,2023-09-20
7925,661,May 2020,189887,2000,157,191730,2025-10-09
7926,661,June 2020,189887,3000,1751,191136,2025-03-04
7927,661,July 2020,189887,2000,198,191689,2025-09-14
7928,661,August 2020,189887,2000,1212,190675,2023-08-07
7929,661,September 2020,189887,1000,971,189916,2025-03-06
7930,661,October 2020,189887,0,541,189346,2024-01-22
7931,661,November 2020,189887,1000,1999,188888,2022-02-20
7932,661,December 2020,189887,3000,433,192454,2022-09-20
7933,662,January 2020,78503,3000,303,81200,2025-02-07
7934,662,February 2020,78503,1000,509,78994,2024-07-22
7935,662,March 2020,78503,0,1033,77470,2023-09-06
7936,662,April 2020,78503,2000,943,79560,2024-01-09
7937,662,May 2020,78503,2000,650,79853,2023-10-21
7938,662,June 2020,78503,2000,1654,78849,2024-11-30
7939,662,July 2020,78503,1000,1574,77929,2025-04-16
7940,662,August 2020,78503,3000,677,80826,2024-12-07
7941,662,September 2020,78503,0,491,78012,2024-03-28
7942,662,October 2020,78503,2000,1269,79234,2023-03-13
7943,662,November 2020,78503,2000,762,79741,2022-05-24
7944,662,December 2020,78503,2000,968,79535,2022-10-10
7945,663,January 2020,142773,1000,425,143348,2022-10-20
7946,663,February 2020,142773,3000,1830,143943,2023-09-20
7947,663,March 2020,142773,1000,1067,142706,2024-09-04
7948,663,April 2020,142773,3000,502,145271,2024-07-07
7949,663,May 2020,142773,0,1223,141550,2025-12-21
7950,663,June 2020,142773,1000,964,142809,2025-08-28
7951,663,July 2020,142773,1000,500,143273,2024-10-14
7952,663,August 2020,142773,0,1766,141007,2024-07-20
7953,663,September 2020,142773,2000,562,144211,2022-06-26
7954,663,October 2020,142773,2000,1161,143612,2025-06-23
7955,663,November 2020,142773,2000,890,143883,2024-01-30
7956,663,December 2020,142773,2000,78,144695,2024-06-02
7957,664,January 2020,77055,1000,574,77481,2025-12-11
7958,664,February 2020,77055,2000,940,78115,2023-07-06
7959,664,March 2020,77055,3000,1788,78267,2024-09-02
7960,664,April 2020,77055,2000,1628,77427,2022-04-29
7961,664,May 2020,77055,1000,497,77558,2022-05-22
7962,664,June 2020,77055,0,983,76072,2025-08-03
7963,664,July 2020,77055,1000,67,77988,2025-11-14
7964,664,August 2020,77055,2000,427,78628,2024-11-17
7965,664,September 2020,77055,2000,344,78711,2023-01-11
7966,664,October 2020,77055,3000,1454,78601,2023-12-05
7967,664,November 2020,77055,3000,1891,78164,2023-10-04
7968,664,December 2020,77055,0,911,76144,2024-06-15
7969,665,January 2020,220699,3000,904,222795,2025-07-16
7970,665,February 2020,220699,0,879,219820,2022-03-14
7971,665,March 2020,220699,1000,423,221276,2023-03-20
7972,665,April 2020,220699,0,461,220238,2024-12-31
7973,665,May 2020,220699,3000,175,223524,2023-03-04
7974,665,June 2020,220699,1000,1384,220315,2025-04-18
7975,665,July 2020,220699,2000,581,222118,2023-04-23
7976,665,August 2020,220699,0,1957,218742,2025-06-19
7977,665,September 2020,220699,2000,1347,221352,2023-10-28
7978,665,October 2020,220699,1000,694,221005,2024-07-06
7979,665,November 2020,220699,3000,817,222882,2022-11-23
7980,665,December 2020,220699,3000,957,222742,2025-12-02
7981,666,January 2020,238299,0,1095,237204,2023-09-09
7982,666,February 2020,238299,0,1423,236876,2022-05-04
7983,666,March 2020,238299,1000,1649,237650,2024-02-17
7984,666,April 2020,238299,2000,983,239316,2024-01-14
7985,666,May 2020,238299,3000,1422,239877,2023-03-04
7986,666,June 2020,238299,3000,1446,239853,2024-06-11
7987,666,July 2020,238299,0,600,237699,2024-04-24
7988,666,August 2020,238299,1000,273,239026,2024-06-20
7989,666,September 2020,238299,1000,104,239195,2022-01-24
7990,666,October 2020,238299,0,90,238209,2024-10-16
7991,666,November 2020,238299,1000,228,239071,2025-12-01
7992,666,December 2020,238299,3000,1999,239300,2022-12-06
7993,667,January 2020,204124,3000,371,206753,2024-01-29
7994,667,February 2020,204124,1000,1751,203373,2022-01-02
7995,667,March 2020,204124,2000,1676,204448,2022-08-24
7996,667,April 2020,204124,1000,1800,203324,2023-02-16
7997,667,May 2020,204124,2000,696,205428,2025-04-11
7998,667,June 2020,204124,2000,550,205574,2025-07-20
7999,667,July 2020,204124,3000,1381,205743,2025-11-15
8000,667,August 2020,204124,3000,664,206460,2022-11-20
8001,667,September 2020,204124,2000,1395,204729,2023-07-27
8002,667,October 2020,204124,2000,40,206084,2022-12-10
8003,667,November 2020,204124,3000,1238,205886,2024-09-28
8004,667,December 2020,204124,0,146,203978,2023-08-09
8005,668,January 2020,208993,0,144,208849,2025-12-10
8006,668,February 2020,208993,0,1096,207897,2023-11-08
8007,668,March 2020,208993,0,1670,207323,2025-10-02
8008,668,April 2020,208993,0,934,208059,2023-11-13
8009,668,May 2020,208993,3000,255,211738,2024-05-08
8010,668,June 2020,208993,3000,331,211662,2023-12-17
8011,668,July 2020,208993,1000,1411,208582,2024-08-04
8012,668,August 2020,208993,2000,1593,209400,2023-12-23
8013,668,September 2020,208993,2000,637,210356,2022-03-09
8014,668,October 2020,208993,2000,1819,209174,2025-07-20
8015,668,November 2020,208993,3000,407,211586,2023-03-01
8016,668,December 2020,208993,3000,102,211891,2023-05-23
8017,669,January 2020,163760,1000,1846,162914,2022-05-28
8018,669,February 2020,163760,1000,1841,162919,2024-10-03
8019,669,March 2020,163760,2000,417,165343,2025-03-12
8020,669,April 2020,163760,0,1848,161912,2022-02-18
8021,669,May 2020,163760,2000,1167,164593,2023-09-09
8022,669,June 2020,163760,2000,1330,164430,2025-03-20
8023,669,July 2020,163760,1000,1988,162772,2023-01-14
8024,669,August 2020,163760,1000,741,164019,2025-06-11
8025,669,September 2020,163760,1000,565,164195,2025-08-21
8026,669,October 2020,163760,3000,96,166664,2024-07-21
8027,669,November 2020,163760,1000,1021,163739,2025-01-15
8028,669,December 2020,163760,0,232,163528,2022-08-19
8029,670,January 2020,148894,0,458,148436,2024-06-13
8030,670,February 2020,148894,3000,1676,150218,2025-08-07
8031,670,March 2020,148894,3000,1582,150312,2024-07-18
8032,670,April 2020,148894,1000,766,149128,2022-12-04
8033,670,May 2020,148894,2000,1255,149639,2025-04-23
8034,670,June 2020,148894,0,1267,147627,2022-10-23
8035,670,July 2020,148894,0,1593,147301,2024-11-29
8036,670,August 2020,148894,1000,1558,148336,2022-11-08
8037,670,September 2020,148894,0,1540,147354,2025-12-17
8038,670,October 2020,148894,2000,1355,149539,2025-01-24
8039,670,November 2020,148894,0,1834,147060,2024-05-14
8040,670,December 2020,148894,0,1387,147507,2024-10-12
8041,671,January 2020,78405,3000,78,81327,2024-01-29
8042,671,February 2020,78405,3000,555,80850,2022-04-01
8043,671,March 2020,78405,3000,1408,79997,2024-08-15
8044,671,April 2020,78405,0,1770,76635,2024-10-18
8045,671,May 2020,78405,0,1798,76607,2022-02-14
8046,671,June 2020,78405,2000,1609,78796,2022-01-30
8047,671,July 2020,78405,3000,1479,79926,2025-03-27
8048,671,August 2020,78405,2000,1266,79139,2022-04-01
8049,671,September 2020,78405,1000,475,78930,2024-08-01
8050,671,October 2020,78405,0,1093,77312,2023-05-11
8051,671,November 2020,78405,1000,133,79272,2025-08-28
8052,671,December 2020,78405,0,939,77466,2023-03-22
8053,672,January 2020,70540,1000,572,70968,2023-04-08
8054,672,February 2020,70540,1000,362,71178,2022-03-21
8055,672,March 2020,70540,0,1931,68609,2023-11-20
8056,672,April 2020,70540,3000,833,72707,2022-03-15
8057,672,May 2020,70540,3000,1224,72316,2024-04-25
8058,672,June 2020,70540,0,304,70236,2024-12-10
8059,672,July 2020,70540,0,1391,69149,2022-08-09
8060,672,August 2020,70540,3000,364,73176,2025-09-19
8061,672,September 2020,70540,0,74,70466,2024-10-29
8062,672,October 2020,70540,1000,1246,70294,2022-12-15
8063,672,November 2020,70540,3000,56,73484,2024-04-29
8064,672,December 2020,70540,0,446,70094,2025-03-16
8065,673,January 2020,102207,3000,1587,103620,2022-04-22
8066,673,February 2020,102207,1000,897,102310,2024-06-28
8067,673,March 2020,102207,0,1664,100543,2022-10-19
8068,673,April 2020,102207,3000,864,104343,2023-03-10
8069,673,May 2020,102207,3000,1579,103628,2025-10-20
8070,673,June 2020,102207,2000,1690,102517,2025-08-01
8071,673,July 2020,102207,3000,1125,104082,2024-06-19
8072,673,August 2020,102207,0,1805,100402,2025-08-05
8073,673,September 2020,102207,3000,343,104864,2025-11-22
8074,673,October 2020,102207,0,1508,100699,2022-05-26
8075,673,November 2020,102207,3000,809,104398,2024-04-12
8076,673,December 2020,102207,3000,443,104764,2023-08-04
8077,674,January 2020,191391,3000,1859,192532,2023-07-31
8078,674,February 2020,191391,2000,15,193376,2023-04-02
8079,674,March 2020,191391,2000,1067,192324,2022-12-12
8080,674,April 2020,191391,2000,212,193179,2022-09-17
8081,674,May 2020,191391,1000,1142,191249,2022-06-30
8082,674,June 2020,191391,1000,1191,191200,2024-04-07
8083,674,July 2020,191391,3000,426,193965,2022-04-14
8084,674,August 2020,191391,2000,106,193285,2025-06-04
8085,674,September 2020,191391,3000,1,194390,2025-01-05
8086,674,October 2020,191391,0,1003,190388,2023-08-10
8087,674,November 2020,191391,3000,1454,192937,2025-09-16
8088,674,December 2020,191391,3000,1359,193032,2023-03-23
8089,675,January 2020,107930,0,967,106963,2023-11-25
8090,675,February 2020,107930,3000,295,110635,2025-06-19
8091,675,March 2020,107930,2000,1354,108576,2023-02-27
8092,675,April 2020,107930,3000,165,110765,2025-08-03
8093,675,May 2020,107930,3000,130,110800,2025-07-10
8094,675,June 2020,107930,3000,899,110031,2023-09-26
8095,675,July 2020,107930,3000,717,110213,2022-09-18
8096,675,August 2020,107930,2000,633,109297,2023-07-17
8097,675,September 2020,107930,2000,1972,107958,2024-02-24
8098,675,October 2020,107930,2000,1153,108777,2024-01-14
8099,675,November 2020,107930,0,181,107749,2025-08-14
8100,675,December 2020,107930,0,852,107078,2022-12-13
8101,676,January 2020,205497,1000,222,206275,2024-11-27
8102,676,February 2020,205497,0,1876,203621,2022-07-12
8103,676,March 2020,205497,2000,216,207281,2024-04-28
8104,676,April 2020,205497,2000,751,206746,2024-01-10
8105,676,May 2020,205497,2000,25,207472,2022-06-17
8106,676,June 2020,205497,1000,304,206193,2025-12-22
8107,676,July 2020,205497,1000,1094,205403,2024-08-26
8108,676,August 2020,205497,2000,1046,206451,2022-09-13
8109,676,September 2020,205497,3000,1293,207204,2025-05-27
8110,676,October 2020,205497,3000,917,207580,2023-02-10
8111,676,November 2020,205497,0,1289,204208,2025-04-05
8112,676,December 2020,205497,0,195,205302,2022-10-03
8113,677,January 2020,224064,3000,381,226683,2023-08-28
8114,677,February 2020,224064,3000,507,226557,2025-03-19
8115,677,March 2020,224064,0,1004,223060,2025-08-17
8116,677,April 2020,224064,3000,244,226820,2023-11-18
8117,677,May 2020,224064,0,1359,222705,2023-08-27
8118,677,June 2020,224064,1000,566,224498,2025-03-03
8119,677,July 2020,224064,3000,1373,225691,2022-02-10
8120,677,August 2020,224064,2000,1197,224867,2023-08-23
8121,677,September 2020,224064,2000,30,226034,2024-11-14
8122,677,October 2020,224064,1000,1,225063,2022-05-08
8123,677,November 2020,224064,0,1689,222375,2024-02-07
8124,677,December 2020,224064,2000,1268,224796,2023-08-24
8125,678,January 2020,178871,3000,474,181397,2024-02-24
8126,678,February 2020,178871,0,571,178300,2022-05-28
8127,678,March 2020,178871,3000,178,181693,2025-09-19
8128,678,April 2020,178871,2000,221,180650,2024-04-16
8129,678,May 2020,178871,3000,287,181584,2022-11-17
8130,678,June 2020,178871,3000,760,181111,2023-01-22
8131,678,July 2020,178871,2000,695,180176,2023-12-04
8132,678,August 2020,178871,0,820,178051,2023-04-11
8133,678,September 2020,178871,3000,824,181047,2023-10-18
8134,678,October 2020,178871,0,239,178632,2024-12-10
8135,678,November 2020,178871,0,841,178030,2023-12-06
8136,678,December 2020,178871,3000,1790,180081,2023-10-02
8137,679,January 2020,144955,3000,906,147049,2022-09-23
8138,679,February 2020,144955,3000,398,147557,2025-09-22
8139,679,March 2020,144955,2000,796,146159,2023-05-30
8140,679,April 2020,144955,0,209,144746,2023-01-07
8141,679,May 2020,144955,1000,609,145346,2025-12-19
8142,679,June 2020,144955,3000,1016,146939,2022-10-08
8143,679,July 2020,144955,1000,789,145166,2024-08-02
8144,679,August 2020,144955,1000,866,145089,2025-11-08
8145,679,September 2020,144955,1000,1294,144661,2025-04-09
8146,679,October 2020,144955,2000,862,146093,2023-10-24
8147,679,November 2020,144955,2000,200,146755,2022-01-13
8148,679,December 2020,144955,0,1964,142991,2023-10-28
8149,680,January 2020,238660,3000,941,240719,2025-06-10
8150,680,February 2020,238660,2000,753,239907,2025-08-28
8151,680,March 2020,238660,0,688,237972,2025-06-01
8152,680,April 2020,238660,0,1372,237288,2025-02-18
8153,680,May 2020,238660,2000,655,240005,2022-05-10
8154,680,June 2020,238660,2000,1915,238745,2022-10-20
8155,680,July 2020,238660,1000,1609,238051,2022-10-04
8156,680,August 2020,238660,1000,81,239579,2025-09-02
8157,680,September 2020,238660,2000,1292,239368,2022-07-25
8158,680,October 2020,238660,0,1767,236893,2024-01-05
8159,680,November 2020,238660,2000,1463,239197,2022-12-30
8160,680,December 2020,238660,0,1180,237480,2023-10-16
8161,681,January 2020,86633,3000,197,89436,2022-02-23
8162,681,February 2020,86633,0,1337,85296,2024-02-21
8163,681,March 2020,86633,0,865,85768,2022-09-26
8164,681,April 2020,86633,1000,1603,86030,2022-01-19
8165,681,May 2020,86633,2000,1093,87540,2025-07-27
8166,681,June 2020,86633,3000,1935,87698,2025-01-03
8167,681,July 2020,86633,0,1187,85446,2025-11-17
8168,681,August 2020,86633,2000,981,87652,2022-07-03
8169,681,September 2020,86633,0,15,86618,2022-02-15
8170,681,October 2020,86633,2000,1453,87180,2023-11-15
8171,681,November 2020,86633,2000,200,88433,2022-03-22
8172,681,December 2020,86633,2000,1344,87289,2025-07-21
8173,682,January 2020,87813,2000,1979,87834,2025-10-28
8174,682,February 2020,87813,3000,978,89835,2025-08-28
8175,682,March 2020,87813,2000,206,89607,2023-08-16
8176,682,April 2020,87813,1000,1655,87158,2022-05-14
8177,682,May 2020,87813,0,1198,86615,2024-06-15
8178,682,June 2020,87813,2000,872,88941,2025-06-16
8179,682,July 2020,87813,3000,1568,89245,2023-01-26
8180,682,August 2020,87813,0,543,87270,2024-01-30
8181,682,September 2020,87813,3000,1979,88834,2023-07-22
8182,682,October 2020,87813,0,819,86994,2023-04-05
8183,682,November 2020,87813,3000,1325,89488,2022-07-01
8184,682,December 2020,87813,1000,1784,87029,2024-12-02
8185,683,January 2020,250350,0,952,249398,2025-04-24
8186,683,February 2020,250350,1000,1200,250150,2025-11-09
8187,683,March 2020,250350,0,1573,248777,2023-01-06
8188,683,April 2020,250350,1000,1936,249414,2023-01-01
8189,683,May 2020,250350,1000,494,250856,2025-01-07
8190,683,June 2020,250350,3000,548,252802,2023-08-26
8191,683,July 2020,250350,0,1463,248887,2025-12-11
8192,683,August 2020,250350,2000,585,251765,2024-07-03
8193,683,September 2020,250350,0,519,249831,2022-06-30
8194,683,October 2020,250350,0,352,249998,2024-02-08
8195,683,November 2020,250350,1000,1709,249641,2024-01-09
8196,683,December 2020,250350,0,9,250341,2023-09-26
8197,684,January 2020,202595,0,1843,200752,2022-08-04
8198,684,February 2020,202595,0,772,201823,2022-06-26
8199,684,March 2020,202595,3000,1948,203647,2025-10-01
8200,684,April 2020,202595,0,1018,201577,2025-05-17
8201,684,May 2020,202595,2000,1862,202733,2025-04-19
8202,684,June 2020,202595,3000,481,205114,2022-11-12
8203,684,July 2020,202595,3000,1232,204363,2023-10-14
8204,684,August 2020,202595,3000,1744,203851,2023-08-04
8205,684,September 2020,202595,3000,1492,204103,2024-05-05
8206,684,October 2020,202595,0,1635,200960,2023-07-06
8207,684,November 2020,202595,3000,1791,203804,2025-12-28
8208,684,December 2020,202595,1000,350,203245,2023-07-11
8209,685,January 2020,267576,2000,1495,268081,2024-11-23
8210,685,February 2020,267576,0,1777,265799,2023-08-03
8211,685,March 2020,267576,2000,1739,267837,2023-09-08
8212,685,April 2020,267576,0,289,267287,2023-09-12
8213,685,May 2020,267576,3000,676,269900,2024-12-08
8214,685,June 2020,267576,0,1672,265904,2023-03-23
8215,685,July 2020,267576,1000,1783,266793,2025-06-27
8216,685,August 2020,267576,1000,766,267810,2025-02-28
8217,685,September 2020,267576,2000,1341,268235,2023-01-23
8218,685,October 2020,267576,1000,721,267855,2024-04-24
8219,685,November 2020,267576,2000,1362,268214,2024-02-21
8220,685,December 2020,267576,3000,179,270397,2023-01-03
8221,686,January 2020,140684,1000,880,140804,2022-12-08
8222,686,February 2020,140684,0,396,140288,2023-07-26
8223,686,March 2020,140684,0,1284,139400,2025-06-13
8224,686,April 2020,140684,0,499,140185,2022-03-31
8225,686,May 2020,140684,1000,742,140942,2024-03-24
8226,686,June 2020,140684,2000,577,142107,2023-02-28
8227,686,July 2020,140684,1000,1533,140151,2024-09-30
8228,686,August 2020,140684,1000,646,141038,2023-12-26
8229,686,September 2020,140684,0,218,140466,2023-11-08
8230,686,October 2020,140684,1000,1503,140181,2022-09-11
8231,686,November 2020,140684,3000,965,142719,2022-05-31
8232,686,December 2020,140684,3000,41,143643,2025-08-02
8233,687,January 2020,115651,3000,1781,116870,2023-04-03
8234,687,February 2020,115651,3000,1661,116990,2024-11-17
8235,687,March 2020,115651,0,362,115289,2023-04-08
8236,687,April 2020,115651,3000,1023,117628,2023-01-12
8237,687,May 2020,115651,3000,1046,117605,2023-05-07
8238,687,June 2020,115651,3000,1463,117188,2024-04-25
8239,687,July 2020,115651,2000,361,117290,2025-09-20
8240,687,August 2020,115651,1000,1415,115236,2024-03-17
8241,687,September 2020,115651,0,969,114682,2022-06-30
8242,687,October 2020,115651,1000,916,115735,2025-06-08
8243,687,November 2020,115651,3000,1340,117311,2024-03-12
8244,687,December 2020,115651,0,746,114905,2024-08-12
8245,688,January 2020,203823,3000,676,206147,2024-01-26
8246,688,February 2020,203823,2000,1504,204319,2022-05-12
8247,688,March 2020,203823,1000,1804,203019,2023-11-06
8248,688,April 2020,203823,2000,651,205172,2023-09-22
8249,688,May 2020,203823,0,961,202862,2023-12-28
8250,688,June 2020,203823,0,1175,202648,2025-11-22
8251,688,July 2020,203823,3000,714,206109,2022-03-25
8252,688,August 2020,203823,3000,260,206563,2025-01-11
8253,688,September 2020,203823,2000,1296,204527,2024-11-29
8254,688,October 2020,203823,0,155,203668,2022-04-17
8255,688,November 2020,203823,2000,914,204909,2022-06-23
8256,688,December 2020,203823,1000,731,204092,2024-04-25
8257,689,January 2020,182350,3000,575,184775,2024-05-18
8258,689,February 2020,182350,1000,1290,182060,2025-01-09
8259,689,March 2020,182350,1000,1628,181722,2022-09-24
8260,689,April 2020,182350,3000,294,185056,2025-12-26
8261,689,May 2020,182350,2000,345,184005,2024-11-21
8262,689,June 2020,182350,3000,982,184368,2024-04-24
8263,689,July 2020,182350,2000,338,184012,2025-07-20
8264,689,August 2020,182350,3000,803,184547,2023-02-22
8265,689,September 2020,182350,3000,1471,183879,2022-06-03
8266,689,October 2020,182350,0,1501,180849,2022-11-03
8267,689,November 2020,182350,1000,922,182428,2023-09-01
8268,689,December 2020,182350,0,1145,181205,2024-04-15
8269,690,January 2020,238799,3000,366,241433,2024-06-20
8270,690,February 2020,238799,3000,829,240970,2024-02-14
8271,690,March 2020,238799,2000,1509,239290,2025-04-07
8272,690,April 2020,238799,3000,1976,239823,2023-02-08
8273,690,May 2020,238799,0,320,238479,2023-09-04
8274,690,June 2020,238799,2000,1456,239343,2025-08-02
8275,690,July 2020,238799,3000,363,241436,2023-01-25
8276,690,August 2020,238799,2000,1367,239432,2025-07-16
8277,690,September 2020,238799,0,1235,237564,2024-03-11
8278,690,October 2020,238799,0,1208,237591,2022-03-14
8279,690,November 2020,238799,2000,1484,239315,2022-10-22
8280,690,December 2020,238799,1000,832,238967,2022-12-26
8281,691,January 2020,137417,0,1322,136095,2022-03-13
8282,691,February 2020,137417,1000,387,138030,2023-03-03
8283,691,March 2020,137417,2000,1453,137964,2023-06-27
8284,691,April 2020,137417,3000,157,140260,2025-02-19
8285,691,May 2020,137417,2000,831,138586,2023-03-28
8286,691,June 2020,137417,0,1136,136281,2024-05-22
8287,691,July 2020,137417,0,244,137173,2023-03-12
8288,691,August 2020,137417,0,42,137375,2024-08-30
8289,691,September 2020,137417,3000,751,139666,2025-05-19
8290,691,October 2020,137417,1000,1922,136495,2024-12-27
8291,691,November 2020,137417,0,1310,136107,2024-02-06
8292,691,December 2020,137417,0,239,137178,2025-05-07
8293,692,January 2020,91759,2000,965,92794,2025-11-03
8294,692,February 2020,91759,1000,1819,90940,2025-07-01
8295,692,March 2020,91759,1000,9,92750,2025-08-15
8296,692,April 2020,91759,0,425,91334,2024-06-25
8297,692,May 2020,91759,0,925,90834,2023-11-20
8298,692,June 2020,91759,1000,815,91944,2024-06-04
8299,692,July 2020,91759,2000,935,92824,2022-11-12
8300,692,August 2020,91759,3000,313,94446,2024-01-28
8301,692,September 2020,91759,0,676,91083,2023-10-29
8302,692,October 2020,91759,2000,1592,92167,2025-04-25
8303,692,November 2020,91759,0,1635,90124,2025-06-16
8304,692,December 2020,91759,0,893,90866,2022-10-06
8305,693,January 2020,241521,3000,938,243583,2025-10-18
8306,693,February 2020,241521,2000,1754,241767,2025-10-11
8307,693,March 2020,241521,2000,1175,242346,2022-04-09
8308,693,April 2020,241521,0,1708,239813,2025-10-12
8309,693,May 2020,241521,1000,1866,240655,2024-05-18
8310,693,June 2020,241521,1000,1328,241193,2022-02-17
8311,693,July 2020,241521,2000,1187,242334,2023-04-20
8312,693,August 2020,241521,1000,1777,240744,2024-03-04
8313,693,September 2020,241521,1000,367,242154,2025-03-19
8314,693,October 2020,241521,1000,626,241895,2024-01-15
8315,693,November 2020,241521,3000,226,244295,2024-10-05
8316,693,December 2020,241521,3000,642,243879,2023-12-24
8317,694,January 2020,108827,1000,1901,107926,2023-12-28
8318,694,February 2020,108827,2000,348,110479,2022-12-12
8319,694,March 2020,108827,1000,23,109804,2025-02-22
8320,694,April 2020,108827,3000,777,111050,2024-03-08
8321,694,May 2020,108827,2000,1340,109487,2022-04-11
8322,694,June 2020,108827,3000,636,111191,2024-07-14
8323,694,July 2020,108827,0,1816,107011,2023-02-22
8324,694,August 2020,108827,3000,157,111670,2024-03-24
8325,694,September 2020,108827,1000,431,109396,2022-02-26
8326,694,October 2020,108827,0,64,108763,2022-01-27
8327,694,November 2020,108827,1000,1140,108687,2023-05-06
8328,694,December 2020,108827,0,1387,107440,2024-06-18
8329,695,January 2020,163376,3000,284,166092,2022-03-23
8330,695,February 2020,163376,2000,1928,163448,2024-04-14
8331,695,March 2020,163376,0,1756,161620,2025-11-29
8332,695,April 2020,163376,1000,1964,162412,2022-10-05
8333,695,May 2020,163376,3000,1423,164953,2023-03-25
8334,695,June 2020,163376,0,1441,161935,2024-11-16
8335,695,July 2020,163376,3000,222,166154,2023-10-23
8336,695,August 2020,163376,0,1345,162031,2022-05-15
8337,695,September 2020,163376,0,684,162692,2023-02-03
8338,695,October 2020,163376,3000,778,165598,2025-12-04
8339,695,November 2020,163376,0,1896,161480,2025-01-29
8340,695,December 2020,163376,0,317,163059,2024-12-21
8341,696,January 2020,197713,2000,523,199190,2025-04-04
8342,696,February 2020,197713,1000,99,198614,2022-05-14
8343,696,March 2020,197713,2000,51,199662,2022-05-06
8344,696,April 2020,197713,0,1426,196287,2023-07-14
8345,696,May 2020,197713,0,306,197407,2024-01-22
8346,696,June 2020,197713,2000,521,199192,2023-08-15
8347,696,July 2020,197713,3000,902,199811,2023-09-05
8348,696,August 2020,197713,1000,1246,197467,2022-08-25
8349,696,September 2020,197713,1000,153,198560,2025-12-06
8350,696,October 2020,197713,0,840,196873,2024-09-15
8351,696,November 2020,197713,1000,452,198261,2024-10-19
8352,696,December 2020,197713,2000,941,198772,2023-09-08
8353,697,January 2020,187834,2000,958,188876,2024-10-07
8354,697,February 2020,187834,3000,1220,189614,2024-05-30
8355,697,March 2020,187834,0,166,187668,2025-11-07
8356,697,April 2020,187834,0,93,187741,2025-11-13
8357,697,May 2020,187834,0,198,187636,2025-08-23
8358,697,June 2020,187834,0,1143,186691,2025-03-19
8359,697,July 2020,187834,0,1347,186487,2024-07-17
8360,697,August 2020,187834,0,1872,185962,2022-07-18
8361,697,September 2020,187834,1000,1975,186859,2023-06-02
8362,697,October 2020,187834,1000,296,188538,2022-10-09
8363,697,November 2020,187834,2000,1894,187940,2024-01-14
8364,697,December 2020,187834,1000,482,188352,2025-09-14
8365,698,January 2020,288496,0,845,287651,2024-09-02
8366,698,February 2020,288496,2000,1221,289275,2025-03-05
8367,698,March 2020,288496,0,1740,286756,2025-12-25
8368,698,April 2020,288496,1000,1772,287724,2024-04-07
8369,698,May 2020,288496,3000,507,290989,2025-07-06
8370,698,June 2020,288496,0,1577,286919,2025-05-29
8371,698,July 2020,288496,3000,182,291314,2024-11-19
8372,698,August 2020,288496,0,1286,287210,2022-10-21
8373,698,September 2020,288496,1000,309,289187,2025-09-24
8374,698,October 2020,288496,3000,310,291186,2022-02-16
8375,698,November 2020,288496,2000,444,290052,2022-08-25
8376,698,December 2020,288496,1000,154,289342,2025-02-19
8377,699,January 2020,194612,1000,1115,194497,2025-05-21
8378,699,February 2020,194612,3000,1916,195696,2025-09-27
8379,699,March 2020,194612,2000,1079,195533,2025-03-27
8380,699,April 2020,194612,1000,1220,194392,2023-09-17
8381,699,May 2020,194612,1000,1459,194153,2025-09-08
8382,699,June 2020,194612,3000,860,196752,2022-10-18
8383,699,July 2020,194612,0,750,193862,2024-03-12
8384,699,August 2020,194612,1000,966,194646,2023-04-12
8385,699,September 2020,194612,3000,499,197113,2023-01-06
8386,699,October 2020,194612,1000,967,194645,2022-11-21
8387,699,November 2020,194612,1000,630,194982,2024-06-05
8388,699,December 2020,194612,3000,1972,195640,2023-06-05
8389,700,January 2020,162424,3000,543,164881,2023-05-21
8390,700,February 2020,162424,2000,1816,162608,2025-10-29
8391,700,March 2020,162424,0,8,162416,2022-01-14
8392,700,April 2020,162424,0,1656,160768,2024-08-28
8393,700,May 2020,162424,2000,294,164130,2025-12-08
8394,700,June 2020,162424,0,192,162232,2025-01-29
8395,700,July 2020,162424,2000,1135,163289,2023-04-15
8396,700,August 2020,162424,2000,858,163566,2022-08-18
8397,700,September 2020,162424,3000,955,164469,2025-08-27
8398,700,October 2020,162424,2000,100,164324,2023-06-03
8399,700,November 2020,162424,2000,1264,163160,2023-03-20
8400,700,December 2020,162424,3000,440,164984,2025-04-02
8401,701,January 2020,198329,0,1902,196427,2022-10-26
8402,701,February 2020,198329,3000,94,201235,2023-04-28
8403,701,March 2020,198329,0,700,197629,2023-08-27
8404,701,April 2020,198329,2000,870,199459,2022-03-02
8405,701,May 2020,198329,2000,1081,199248,2025-08-18
8406,701,June 2020,198329,2000,391,199938,2024-12-09
8407,701,July 2020,198329,1000,1926,197403,2024-03-12
8408,701,August 2020,198329,2000,423,199906,2022-01-03
8409,701,September 2020,198329,1000,1401,197928,2022-04-27
8410,701,October 2020,198329,1000,652,198677,2025-12-25
8411,701,November 2020,198329,0,1171,197158,2024-06-13
8412,701,December 2020,198329,0,1709,196620,2022-08-08
8413,702,January 2020,221651,0,1385,220266,2023-04-27
8414,702,February 2020,221651,3000,1998,222653,2025-12-16
8415,702,March 2020,221651,1000,902,221749,2024-04-15
8416,702,April 2020,221651,1000,1699,220952,2022-05-25
8417,702,May 2020,221651,1000,1011,221640,2025-03-22
8418,702,June 2020,221651,0,1615,220036,2023-05-17
8419,702,July 2020,221651,3000,1094,223557,2023-11-26
8420,702,August 2020,221651,0,559,221092,2022-01-03
8421,702,September 2020,221651,3000,1800,222851,2023-04-15
8422,702,October 2020,221651,1000,446,222205,2022-07-19
8423,702,November 2020,221651,1000,166,222485,2023-03-10
8424,702,December 2020,221651,1000,748,221903,2022-07-14
8425,703,January 2020,75705,1000,339,76366,2024-09-29
8426,703,February 2020,75705,2000,1431,76274,2024-06-13
8427,703,March 2020,75705,1000,88,76617,2022-08-26
8428,703,April 2020,75705,0,1050,74655,2025-05-25
8429,703,May 2020,75705,1000,296,76409,2024-01-10
8430,703,June 2020,75705,0,437,75268,2024-08-09
8431,703,July 2020,75705,0,1490,74215,2025-11-11
8432,703,August 2020,75705,1000,1984,74721,2022-04-07
8433,703,September 2020,75705,0,622,75083,2022-12-10
8434,703,October 2020,75705,1000,132,76573,2022-01-14
8435,703,November 2020,75705,0,1323,74382,2024-10-17
8436,703,December 2020,75705,0,614,75091,2025-08-01
8437,704,January 2020,91598,0,1441,90157,2024-02-21
8438,704,February 2020,91598,0,269,91329,2022-11-17
8439,704,March 2020,91598,1000,1787,90811,2023-03-11
8440,704,April 2020,91598,2000,1973,91625,2022-11-13
8441,704,May 2020,91598,2000,1706,91892,2024-05-19
8442,704,June 2020,91598,1000,1113,91485,2022-05-21
8443,704,July 2020,91598,3000,1522,93076,2025-08-16
8444,704,August 2020,91598,3000,48,94550,2025-11-15
8445,704,September 2020,91598,1000,825,91773,2022-01-09
8446,704,October 2020,91598,2000,1843,91755,2025-09-24
8447,704,November 2020,91598,1000,266,92332,2022-03-17
8448,704,December 2020,91598,3000,1432,93166,2023-03-02
8449,705,January 2020,109820,1000,1654,109166,2025-10-29
8450,705,February 2020,109820,2000,690,111130,2022-03-20
8451,705,March 2020,109820,1000,1234,109586,2024-06-05
8452,705,April 2020,109820,3000,1735,111085,2023-03-05
8453,705,May 2020,109820,2000,1688,110132,2024-09-15
8454,705,June 2020,109820,2000,363,111457,2024-07-16
8455,705,July 2020,109820,2000,339,111481,2023-05-11
8456,705,August 2020,109820,2000,348,111472,2022-10-15
8457,705,September 2020,109820,3000,1558,111262,2022-06-02
8458,705,October 2020,109820,0,1998,107822,2022-06-15
8459,705,November 2020,109820,2000,1498,110322,2023-02-03
8460,705,December 2020,109820,1000,1956,108864,2022-04-19
8461,706,January 2020,198508,3000,1428,200080,2024-06-27
8462,706,February 2020,198508,0,574,197934,2025-04-08
8463,706,March 2020,198508,2000,613,199895,2024-12-18
8464,706,April 2020,198508,1000,1370,198138,2024-04-30
8465,706,May 2020,198508,3000,102,201406,2023-04-07
8466,706,June 2020,198508,1000,1042,198466,2023-04-12
8467,706,July 2020,198508,2000,1964,198544,2022-11-22
8468,706,August 2020,198508,2000,1157,199351,2023-04-06
8469,706,September 2020,198508,3000,1177,200331,2023-11-25
8470,706,October 2020,198508,3000,1259,200249,2023-04-22
8471,706,November 2020,198508,0,570,197938,2024-07-14
8472,706,December 2020,198508,0,1710,196798,2023-01-28
8473,707,January 2020,192440,3000,873,194567,2022-03-15
8474,707,February 2020,192440,1000,1724,191716,2023-03-09
8475,707,March 2020,192440,3000,109,195331,2023-09-26
8476,707,April 2020,192440,3000,71,195369,2025-12-15
8477,707,May 2020,192440,0,199,192241,2024-11-12
8478,707,June 2020,192440,0,645,191795,2023-12-23
8479,707,July 2020,192440,1000,1291,192149,2022-01-22
8480,707,August 2020,192440,1000,1774,191666,2025-10-25
8481,707,September 2020,192440,2000,519,193921,2022-08-03
8482,707,October 2020,192440,2000,1510,192930,2023-01-20
8483,707,November 2020,192440,1000,758,192682,2025-02-04
8484,707,December 2020,192440,1000,216,193224,2024-10-14
8485,708,January 2020,273654,2000,1045,274609,2023-12-13
8486,708,February 2020,273654,0,1942,271712,2025-09-04
8487,708,March 2020,273654,3000,1319,275335,2023-01-21
8488,708,April 2020,273654,1000,695,273959,2023-04-27
8489,708,May 2020,273654,0,859,272795,2022-06-12
8490,708,June 2020,273654,2000,707,274947,2023-09-03
8491,708,July 2020,273654,3000,1898,274756,2022-10-04
8492,708,August 2020,273654,3000,331,276323,2025-06-14
8493,708,September 2020,273654,0,435,273219,2024-05-14
8494,708,October 2020,273654,3000,1950,274704,2025-10-05
8495,708,November 2020,273654,1000,759,273895,2022-10-19
8496,708,December 2020,273654,1000,1611,273043,2024-04-18
8497,709,January 2020,156074,0,1469,154605,2023-10-05
8498,709,February 2020,156074,0,828,155246,2022-12-08
8499,709,March 2020,156074,3000,1103,157971,2022-07-20
8500,709,April 2020,156074,0,1333,154741,2023-11-25
8501,709,May 2020,156074,1000,591,156483,2024-10-08
8502,709,June 2020,156074,1000,183,156891,2023-11-16
8503,709,July 2020,156074,3000,521,158553,2022-06-17
8504,709,August 2020,156074,3000,1067,158007,2025-08-26
8505,709,September 2020,156074,3000,947,158127,2023-10-09
8506,709,October 2020,156074,1000,841,156233,2022-05-13
8507,709,November 2020,156074,1000,1808,155266,2025-07-10
8508,709,December 2020,156074,0,1769,154305,2024-12-05
8509,710,January 2020,283001,3000,1358,284643,2025-09-15
8510,710,February 2020,283001,0,1414,281587,2023-05-09
8511,710,March 2020,283001,2000,139,284862,2022-12-30
8512,710,April 2020,283001,3000,863,285138,2024-10-16
8513,710,May 2020,283001,0,1322,281679,2023-10-18
8514,710,June 2020,283001,0,1014,281987,2025-12-20
8515,710,July 2020,283001,2000,748,284253,2025-08-14
8516,710,August 2020,283001,0,196,282805,2023-05-05
8517,710,September 2020,283001,3000,1312,284689,2022-03-16
8518,710,October 2020,283001,3000,573,285428,2025-11-13
8519,710,November 2020,283001,1000,1155,282846,2025-07-08
8520,710,December 2020,283001,2000,1416,283585,2025-02-26
8521,711,January 2020,285376,0,1250,284126,2025-07-02
8522,711,February 2020,285376,0,578,284798,2025-04-12
8523,711,March 2020,285376,1000,1958,284418,2023-03-17
8524,711,April 2020,285376,1000,1487,284889,2023-12-04
8525,711,May 2020,285376,1000,440,285936,2025-12-26
8526,711,June 2020,285376,3000,302,288074,2023-06-20
8527,711,July 2020,285376,1000,1464,284912,2024-12-03
8528,711,August 2020,285376,1000,221,286155,2022-12-26
8529,711,September 2020,285376,2000,1516,285860,2022-09-11
8530,711,October 2020,285376,2000,1343,286033,2025-03-08
8531,711,November 2020,285376,0,237,285139,2024-04-05
8532,711,December 2020,285376,0,1172,284204,2022-08-22
8533,712,January 2020,231155,1000,1824,230331,2023-12-09
8534,712,February 2020,231155,0,1429,229726,2024-01-26
8535,712,March 2020,231155,2000,1981,231174,2023-09-08
8536,712,April 2020,231155,2000,1568,231587,2023-10-28
8537,712,May 2020,231155,2000,1737,231418,2025-07-21
8538,712,June 2020,231155,0,204,230951,2025-03-10
8539,712,July 2020,231155,2000,1823,231332,2024-06-27
8540,712,August 2020,231155,3000,1795,232360,2022-04-01
8541,712,September 2020,231155,3000,354,233801,2023-06-21
8542,712,October 2020,231155,3000,491,233664,2025-04-26
8543,712,November 2020,231155,3000,819,233336,2022-03-19
8544,712,December 2020,231155,0,1328,229827,2022-10-13
8545,713,January 2020,288032,2000,639,289393,2022-04-11
8546,713,February 2020,288032,0,1439,286593,2023-12-08
8547,713,March 2020,288032,1000,1662,287370,2025-04-02
8548,713,April 2020,288032,2000,1668,288364,2024-07-25
8549,713,May 2020,288032,0,587,287445,2022-11-29
8550,713,June 2020,288032,2000,1938,288094,2025-08-22
8551,713,July 2020,288032,2000,1646,288386,2025-04-30
8552,713,August 2020,288032,1000,1194,287838,2023-03-13
8553,713,September 2020,288032,0,727,287305,2023-07-16
8554,713,October 2020,288032,2000,565,289467,2025-04-15
8555,713,November 2020,288032,3000,346,290686,2025-10-22
8556,713,December 2020,288032,3000,982,290050,2022-05-21
8557,714,January 2020,201679,2000,1292,202387,2022-07-14
8558,714,February 2020,201679,2000,1578,202101,2023-06-08
8559,714,March 2020,201679,2000,1065,202614,2024-05-21
8560,714,April 2020,201679,1000,1418,201261,2025-02-25
8561,714,May 2020,201679,0,169,201510,2024-11-20
8562,714,June 2020,201679,1000,1596,201083,2025-07-28
8563,714,July 2020,201679,0,1759,199920,2025-05-31
8564,714,August 2020,201679,3000,15,204664,2025-09-26
8565,714,September 2020,201679,1000,177,202502,2022-04-20
8566,714,October 2020,201679,0,512,201167,2023-01-29
8567,714,November 2020,201679,0,578,201101,2025-10-28
8568,714,December 2020,201679,2000,417,203262,2024-10-19
8569,715,January 2020,248432,3000,1696,249736,2024-10-25
8570,715,February 2020,248432,2000,1816,248616,2023-04-19
8571,715,March 2020,248432,3000,1009,250423,2025-02-09
8572,715,April 2020,248432,2000,441,249991,2022-06-21
8573,715,May 2020,248432,2000,1041,249391,2025-07-13
8574,715,June 2020,248432,0,1291,247141,2022-04-21
8575,715,July 2020,248432,1000,344,249088,2024-07-21
8576,715,August 2020,248432,3000,323,251109,2022-10-29
8577,715,September 2020,248432,1000,1301,248131,2022-01-26
8578,715,October 2020,248432,1000,86,249346,2022-06-07
8579,715,November 2020,248432,1000,1630,247802,2023-06-11
8580,715,December 2020,248432,2000,854,249578,2025-05-11
8581,716,January 2020,156642,2000,1702,156940,2024-09-24
8582,716,February 2020,156642,0,155,156487,2024-05-23
8583,716,March 2020,156642,2000,1930,156712,2025-08-04
8584,716,April 2020,156642,1000,997,156645,2023-09-27
8585,716,May 2020,156642,0,211,156431,2023-11-17
8586,716,June 2020,156642,0,243,156399,2025-09-25
8587,716,July 2020,156642,1000,777,156865,2025-08-28
8588,716,August 2020,156642,2000,1313,157329,2023-11-28
8589,716,September 2020,156642,1000,104,157538,2024-07-31
8590,716,October 2020,156642,0,1766,154876,2022-01-21
8591,716,November 2020,156642,2000,464,158178,2023-11-09
8592,716,December 2020,156642,1000,881,156761,2022-05-08
8593,717,January 2020,219204,3000,1002,221202,2025-07-30
8594,717,February 2020,219204,1000,335,219869,2024-12-24
8595,717,March 2020,219204,3000,531,221673,2024-12-14
8596,717,April 2020,219204,0,535,218669,2025-10-26
8597,717,May 2020,219204,0,418,218786,2022-07-01
8598,717,June 2020,219204,1000,1517,218687,2024-08-21
8599,717,July 2020,219204,3000,1588,220616,2024-05-02
8600,717,August 2020,219204,3000,1713,220491,2023-04-02
8601,717,September 2020,219204,0,571,218633,2022-02-07
8602,717,October 2020,219204,2000,138,221066,2023-06-26
8603,717,November 2020,219204,2000,1866,219338,2024-01-10
8604,717,December 2020,219204,1000,803,219401,2022-02-10
8605,718,January 2020,121255,1000,165,122090,2024-01-04
8606,718,February 2020,121255,1000,567,121688,2023-08-26
8607,718,March 2020,121255,1000,1357,120898,2022-02-13
8608,718,April 2020,121255,0,1868,119387,2025-02-19
8609,718,May 2020,121255,0,1587,119668,2025-07-29
8610,718,June 2020,121255,2000,1251,122004,2024-05-10
8611,718,July 2020,121255,2000,716,122539,2025-04-21
8612,718,August 2020,121255,2000,896,122359,2025-08-28
8613,718,September 2020,121255,1000,78,122177,2022-06-21
8614,718,October 2020,121255,3000,907,123348,2022-01-07
8615,718,November 2020,121255,2000,1293,121962,2025-03-17
8616,718,December 2020,121255,0,1421,119834,2024-12-22
8617,719,January 2020,70904,0,863,70041,2022-01-10
8618,719,February 2020,70904,3000,1529,72375,2024-07-23
8619,719,March 2020,70904,3000,1689,72215,2022-12-03
8620,719,April 2020,70904,0,663,70241,2024-01-09
8621,719,May 2020,70904,0,863,70041,2024-10-17
8622,719,June 2020,70904,3000,1866,72038,2022-02-21
8623,719,July 2020,70904,0,460,70444,2022-08-28
8624,719,August 2020,70904,0,1485,69419,2024-06-01
8625,719,September 2020,70904,2000,609,72295,2023-07-10
8626,719,October 2020,70904,1000,1993,69911,2024-04-25
8627,719,November 2020,70904,3000,754,73150,2022-05-07
8628,719,December 2020,70904,3000,1155,72749,2023-08-03
8629,720,January 2020,103435,3000,1196,105239,2022-10-27
8630,720,February 2020,103435,0,1017,102418,2024-04-18
8631,720,March 2020,103435,2000,1299,104136,2025-11-06
8632,720,April 2020,103435,3000,1446,104989,2025-05-16
8633,720,May 2020,103435,2000,56,105379,2023-11-13
8634,720,June 2020,103435,3000,396,106039,2022-11-20
8635,720,July 2020,103435,1000,1601,102834,2022-01-17
8636,720,August 2020,103435,2000,1843,103592,2025-09-25
8637,720,September 2020,103435,3000,1988,104447,2022-12-05
8638,720,October 2020,103435,2000,279,105156,2025-08-01
8639,720,November 2020,103435,0,1610,101825,2025-01-27
8640,720,December 2020,103435,2000,1788,103647,2025-02-19
8641,721,January 2020,147890,1000,1278,147612,2025-08-03
8642,721,February 2020,147890,0,1713,146177,2024-05-08
8643,721,March 2020,147890,0,1209,146681,2023-11-16
8644,721,April 2020,147890,3000,1312,149578,2023-12-23
8645,721,May 2020,147890,3000,135,150755,2023-07-14
8646,721,June 2020,147890,2000,481,149409,2022-06-08
8647,721,July 2020,147890,2000,305,149585,2025-08-26
8648,721,August 2020,147890,1000,1194,147696,2025-04-07
8649,721,September 2020,147890,0,1295,146595,2023-10-07
8650,721,October 2020,147890,0,961,146929,2025-02-13
8651,721,November 2020,147890,1000,188,148702,2022-08-26
8652,721,December 2020,147890,1000,426,148464,2024-02-13
8653,722,January 2020,237728,2000,1477,238251,2025-07-31
8654,722,February 2020,237728,1000,120,238608,2024-11-28
8655,722,March 2020,237728,2000,417,239311,2023-04-15
8656,722,April 2020,237728,0,946,236782,2023-04-23
8657,722,May 2020,237728,3000,385,240343,2024-01-07
8658,722,June 2020,237728,0,1994,235734,2023-08-14
8659,722,July 2020,237728,2000,368,239360,2024-02-10
8660,722,August 2020,237728,2000,1153,238575,2023-03-25
8661,722,September 2020,237728,3000,826,239902,2025-06-23
8662,722,October 2020,237728,0,85,237643,2024-05-23
8663,722,November 2020,237728,0,1755,235973,2022-08-02
8664,722,December 2020,237728,0,712,237016,2023-05-14
8665,723,January 2020,242710,0,725,241985,2025-05-07
8666,723,February 2020,242710,1000,1355,242355,2023-05-16
8667,723,March 2020,242710,1000,1944,241766,2023-05-11
8668,723,April 2020,242710,3000,1049,244661,2022-05-22
8669,723,May 2020,242710,3000,1663,244047,2022-04-08
8670,723,June 2020,242710,1000,571,243139,2023-09-28
8671,723,July 2020,242710,1000,328,243382,2022-11-03
8672,723,August 2020,242710,3000,1095,244615,2025-08-19
8673,723,September 2020,242710,2000,217,244493,2024-05-13
8674,723,October 2020,242710,3000,1000,244710,2024-01-18
8675,723,November 2020,242710,1000,687,243023,2022-01-04
8676,723,December 2020,242710,1000,1642,242068,2023-12-20
8677,724,January 2020,173886,1000,967,173919,2022-12-25
8678,724,February 2020,173886,2000,483,175403,2022-11-13
8679,724,March 2020,173886,0,486,173400,2024-06-23
8680,724,April 2020,173886,3000,202,176684,2024-01-19
8681,724,May 2020,173886,0,1251,172635,2024-10-11
8682,724,June 2020,173886,2000,603,175283,2025-08-10
8683,724,July 2020,173886,2000,290,175596,2024-02-09
8684,724,August 2020,173886,0,1872,172014,2025-07-19
8685,724,September 2020,173886,3000,1014,175872,2024-01-30
8686,724,October 2020,173886,1000,1482,173404,2025-02-18
8687,724,November 2020,173886,2000,400,175486,2022-10-25
8688,724,December 2020,173886,3000,566,176320,2025-11-18
8689,725,January 2020,245698,3000,1473,247225,2025-11-01
8690,725,February 2020,245698,2000,709,246989,2025-10-30
8691,725,March 2020,245698,1000,263,246435,2024-12-09
8692,725,April 2020,245698,3000,1722,246976,2025-11-12
8693,725,May 2020,245698,2000,933,246765,2023-05-27
8694,725,June 2020,245698,3000,848,247850,2022-08-23
8695,725,July 2020,245698,2000,584,247114,2025-12-04
8696,725,August 2020,245698,2000,889,246809,2022-07-21
8697,725,September 2020,245698,2000,933,246765,2025-09-04
8698,725,October 2020,245698,1000,762,245936,2025-10-15
8699,725,November 2020,245698,1000,55,246643,2025-11-22
8700,725,December 2020,245698,3000,1360,247338,2025-06-17
8701,726,January 2020,140694,0,1394,139300,2024-07-06
8702,726,February 2020,140694,1000,391,141303,2023-01-11
8703,726,March 2020,140694,2000,967,141727,2024-10-18
8704,726,April 2020,140694,2000,730,141964,2025-06-19
8705,726,May 2020,140694,2000,7,142687,2024-02-07
8706,726,June 2020,140694,0,297,140397,2024-04-13
8707,726,July 2020,140694,0,1220,139474,2025-07-08
8708,726,August 2020,140694,0,1178,139516,2025-02-07
8709,726,September 2020,140694,0,691,140003,2023-06-16
8710,726,October 2020,140694,3000,34,143660,2022-11-18
8711,726,November 2020,140694,0,554,140140,2025-02-17
8712,726,December 2020,140694,1000,1167,140527,2022-02-26
8713,727,January 2020,216170,2000,1439,216731,2022-05-04
8714,727,February 2020,216170,1000,643,216527,2022-07-21
8715,727,March 2020,216170,1000,1570,215600,2024-09-16
8716,727,April 2020,216170,2000,1147,217023,2025-06-17
8717,727,May 2020,216170,2000,1316,216854,2025-02-28
8718,727,June 2020,216170,0,545,215625,2023-06-23
8719,727,July 2020,216170,0,686,215484,2022-11-13
8720,727,August 2020,216170,1000,496,216674,2023-05-31
8721,727,September 2020,216170,1000,1413,215757,2022-07-12
8722,727,October 2020,216170,2000,1067,217103,2024-07-29
8723,727,November 2020,216170,1000,507,216663,2023-10-10
8724,727,December 2020,216170,1000,1116,216054,2025-04-28
8725,728,January 2020,135608,0,361,135247,2023-11-29
8726,728,February 2020,135608,0,732,134876,2022-04-09
8727,728,March 2020,135608,3000,1027,137581,2025-09-16
8728,728,April 2020,135608,1000,1011,135597,2022-06-16
8729,728,May 2020,135608,2000,1966,135642,2024-09-08
8730,728,June 2020,135608,3000,949,137659,2025-07-27
8731,728,July 2020,135608,2000,821,136787,2025-04-08
8732,728,August 2020,135608,3000,1459,137149,2025-08-24
8733,728,September 2020,135608,3000,253,138355,2022-03-07
8734,728,October 2020,135608,1000,1971,134637,2023-06-26
8735,728,November 2020,135608,0,126,135482,2023-03-31
8736,728,December 2020,135608,3000,978,137630,2024-08-04
8737,729,January 2020,90880,2000,1279,91601,2022-11-01
8738,729,February 2020,90880,1000,1271,90609,2023-10-10
8739,729,March 2020,90880,2000,41,92839,2023-11-08
8740,729,April 2020,90880,2000,1052,91828,2022-04-25
8741,729,May 2020,90880,2000,1865,91015,2023-02-05
8742,729,June 2020,90880,0,1624,89256,2025-06-17
8743,729,July 2020,90880,2000,1401,91479,2025-10-28
8744,729,August 2020,90880,3000,317,93563,2022-01-27
8745,729,September 2020,90880,1000,658,91222,2024-03-02
8746,729,October 2020,90880,2000,1696,91184,2023-09-24
8747,729,November 2020,90880,2000,1205,91675,2024-07-07
8748,729,December 2020,90880,0,0,90880,2025-04-15
8749,730,January 2020,102231,2000,752,103479,2024-08-13
8750,730,February 2020,102231,1000,1530,101701,2025-09-15
8751,730,March 2020,102231,1000,1162,102069,2024-06-12
8752,730,April 2020,102231,0,1177,101054,2023-06-12
8753,730,May 2020,102231,2000,737,103494,2024-06-06
8754,730,June 2020,102231,2000,1443,102788,2023-01-20
8755,730,July 2020,102231,2000,273,103958,2022-03-09
8756,730,August 2020,102231,1000,1679,101552,2023-11-12
8757,730,September 2020,102231,0,1382,100849,2022-09-27
8758,730,October 2020,102231,1000,810,102421,2023-11-20
8759,730,November 2020,102231,2000,1622,102609,2023-12-19
8760,730,December 2020,102231,0,1552,100679,2024-08-13
8761,731,January 2020,188623,1000,733,188890,2024-03-25
8762,731,February 2020,188623,2000,273,190350,2023-06-30
8763,731,March 2020,188623,3000,509,191114,2025-11-16
8764,731,April 2020,188623,2000,1928,188695,2022-11-09
8765,731,May 2020,188623,1000,1936,187687,2022-10-08
8766,731,June 2020,188623,0,931,187692,2024-05-26
8767,731,July 2020,188623,2000,1307,189316,2024-03-30
8768,731,August 2020,188623,3000,948,190675,2024-07-21
8769,731,September 2020,188623,3000,1266,190357,2025-08-31
8770,731,October 2020,188623,1000,710,188913,2023-01-08
8771,731,November 2020,188623,0,1778,186845,2025-10-23
8772,731,December 2020,188623,0,1788,186835,2023-09-29
8773,732,January 2020,257211,2000,303,258908,2023-09-21
8774,732,February 2020,257211,2000,1747,257464,2022-01-30
8775,732,March 2020,257211,2000,712,258499,2025-02-05
8776,732,April 2020,257211,3000,1114,259097,2024-10-05
8777,732,May 2020,257211,3000,546,259665,2025-10-21
8778,732,June 2020,257211,3000,1378,258833,2025-11-25
8779,732,July 2020,257211,1000,1267,256944,2022-08-31
8780,732,August 2020,257211,0,1914,255297,2022-09-18
8781,732,September 2020,257211,2000,455,258756,2025-05-02
8782,732,October 2020,257211,3000,1161,259050,2023-05-27
8783,732,November 2020,257211,0,1324,255887,2023-10-26
8784,732,December 2020,257211,1000,1037,257174,2024-12-18
8785,733,January 2020,278577,2000,1252,279325,2025-02-26
8786,733,February 2020,278577,0,1005,277572,2024-04-04
8787,733,March 2020,278577,1000,381,279196,2024-04-01
8788,733,April 2020,278577,2000,373,280204,2024-12-02
8789,733,May 2020,278577,0,1918,276659,2025-05-21
8790,733,June 2020,278577,3000,660,280917,2023-04-24
8791,733,July 2020,278577,0,964,277613,2022-10-03
8792,733,August 2020,278577,2000,1689,278888,2023-09-12
8793,733,September 2020,278577,2000,1317,279260,2023-06-27
8794,733,October 2020,278577,0,1463,277114,2024-04-02
8795,733,November 2020,278577,1000,1999,277578,2025-01-21
8796,733,December 2020,278577,3000,1212,280365,2025-06-26
8797,734,January 2020,205985,2000,596,207389,2023-04-15
8798,734,February 2020,205985,1000,14,206971,2025-02-20
8799,734,March 2020,205985,3000,520,208465,2025-08-14
8800,734,April 2020,205985,0,1383,204602,2024-01-20
8801,734,May 2020,205985,2000,322,207663,2025-01-03
8802,734,June 2020,205985,0,1025,204960,2022-06-13
8803,734,July 2020,205985,2000,645,207340,2022-07-11
8804,734,August 2020,205985,2000,1365,206620,2022-04-30
8805,734,September 2020,205985,1000,74,206911,2024-06-29
8806,734,October 2020,205985,0,540,205445,2024-12-12
8807,734,November 2020,205985,0,606,205379,2022-08-02
8808,734,December 2020,205985,2000,299,207686,2023-08-22
8809,735,January 2020,197060,0,532,196528,2024-11-09
8810,735,February 2020,197060,1000,556,197504,2025-01-25
8811,735,March 2020,197060,3000,944,199116,2025-02-25
8812,735,April 2020,197060,0,1919,195141,2022-02-25
8813,735,May 2020,197060,1000,697,197363,2024-01-03
8814,735,June 2020,197060,1000,1258,196802,2023-01-27
8815,735,July 2020,197060,2000,1539,197521,2024-06-09
8816,735,August 2020,197060,1000,1329,196731,2025-04-10
8817,735,September 2020,197060,2000,22,199038,2025-02-10
8818,735,October 2020,197060,0,1460,195600,2022-05-11
8819,735,November 2020,197060,1000,1994,196066,2024-12-26
8820,735,December 2020,197060,1000,1257,196803,2024-01-19
8821,736,January 2020,121994,3000,1363,123631,2023-02-16
8822,736,February 2020,121994,0,1197,120797,2023-09-29
8823,736,March 2020,121994,1000,406,122588,2025-01-26
8824,736,April 2020,121994,0,1855,120139,2025-01-30
8825,736,May 2020,121994,2000,428,123566,2022-01-10
8826,736,June 2020,121994,3000,28,124966,2022-06-24
8827,736,July 2020,121994,3000,1067,123927,2025-01-09
8828,736,August 2020,121994,2000,932,123062,2022-02-18
8829,736,September 2020,121994,3000,803,124191,2024-04-22
8830,736,October 2020,121994,1000,274,122720,2024-02-10
8831,736,November 2020,121994,0,1442,120552,2024-07-17
8832,736,December 2020,121994,3000,1267,123727,2024-09-23
8833,737,January 2020,132975,3000,756,135219,2024-12-24
8834,737,February 2020,132975,1000,177,133798,2024-08-24
8835,737,March 2020,132975,0,1832,131143,2024-12-11
8836,737,April 2020,132975,1000,907,133068,2024-01-11
8837,737,May 2020,132975,1000,1114,132861,2024-07-08
8838,737,June 2020,132975,0,510,132465,2022-03-20
8839,737,July 2020,132975,3000,347,135628,2022-11-12
8840,737,August 2020,132975,0,1172,131803,2025-02-07
8841,737,September 2020,132975,2000,1325,133650,2024-06-27
8842,737,October 2020,132975,2000,235,134740,2023-09-30
8843,737,November 2020,132975,1000,1605,132370,2025-08-24
8844,737,December 2020,132975,3000,1249,134726,2023-12-02
8845,738,January 2020,135248,3000,1133,137115,2022-06-04
8846,738,February 2020,135248,1000,1200,135048,2024-06-15
8847,738,March 2020,135248,1000,734,135514,2025-03-21
8848,738,April 2020,135248,3000,638,137610,2024-07-08
8849,738,May 2020,135248,1000,1933,134315,2024-03-07
8850,738,June 2020,135248,0,8,135240,2023-02-20
8851,738,July 2020,135248,2000,1013,136235,2022-06-30
8852,738,August 2020,135248,3000,669,137579,2025-10-29
8853,738,September 2020,135248,2000,146,137102,2023-01-25
8854,738,October 2020,135248,3000,1967,136281,2022-07-27
8855,738,November 2020,135248,1000,346,135902,2023-10-17
8856,738,December 2020,135248,2000,1549,135699,2025-03-29
8857,739,January 2020,139990,3000,1344,141646,2024-12-13
8858,739,February 2020,139990,2000,164,141826,2022-02-28
8859,739,March 2020,139990,0,1492,138498,2022-07-31
8860,739,April 2020,139990,2000,1095,140895,2022-01-04
8861,739,May 2020,139990,2000,1472,140518,2025-02-21
8862,739,June 2020,139990,0,187,139803,2022-08-31
8863,739,July 2020,139990,3000,1161,141829,2023-06-30
8864,739,August 2020,139990,1000,1227,139763,2025-03-07
8865,739,September 2020,139990,3000,486,142504,2024-07-02
8866,739,October 2020,139990,2000,616,141374,2025-04-23
8867,739,November 2020,139990,3000,1335,141655,2022-12-22
8868,739,December 2020,139990,1000,1473,139517,2024-09-03
8869,740,January 2020,219078,3000,846,221232,2024-06-04
8870,740,February 2020,219078,1000,906,219172,2024-09-01
8871,740,March 2020,219078,3000,531,221547,2024-04-30
8872,740,April 2020,219078,1000,955,219123,2025-06-23
8873,740,May 2020,219078,0,1183,217895,2023-01-08
8874,740,June 2020,219078,3000,198,221880,2024-03-14
8875,740,July 2020,219078,2000,1425,219653,2025-02-28
8876,740,August 2020,219078,3000,753,221325,2022-10-21
8877,740,September 2020,219078,2000,1725,219353,2025-09-09
8878,740,October 2020,219078,2000,869,220209,2024-06-20
8879,740,November 2020,219078,0,424,218654,2025-04-10
8880,740,December 2020,219078,3000,1143,220935,2024-11-30
8881,741,January 2020,168612,3000,1559,170053,2022-09-23
8882,741,February 2020,168612,0,1920,166692,2022-02-07
8883,741,March 2020,168612,3000,131,171481,2023-09-07
8884,741,April 2020,168612,0,1959,166653,2024-09-04
8885,741,May 2020,168612,3000,1372,170240,2025-01-06
8886,741,June 2020,168612,2000,1386,169226,2023-10-17
8887,741,July 2020,168612,2000,1204,169408,2025-10-10
8888,741,August 2020,168612,2000,976,169636,2022-11-25
8889,741,September 2020,168612,0,1703,166909,2025-08-03
8890,741,October 2020,168612,1000,1978,167634,2022-05-15
8891,741,November 2020,168612,1000,1994,167618,2023-11-11
8892,741,December 2020,168612,3000,1326,170286,2022-11-22
8893,742,January 2020,95381,0,1709,93672,2025-05-30
8894,742,February 2020,95381,3000,1077,97304,2022-10-17
8895,742,March 2020,95381,0,542,94839,2023-03-01
8896,742,April 2020,95381,2000,591,96790,2024-03-19
8897,742,May 2020,95381,1000,481,95900,2024-11-04
8898,742,June 2020,95381,3000,488,97893,2023-07-22
8899,742,July 2020,95381,0,1767,93614,2022-03-19
8900,742,August 2020,95381,1000,1165,95216,2022-06-17
8901,742,September 2020,95381,0,1801,93580,2024-05-19
8902,742,October 2020,95381,1000,1070,95311,2025-11-15
8903,742,November 2020,95381,0,288,95093,2025-11-09
8904,742,December 2020,95381,0,700,94681,2024-09-05
8905,743,January 2020,112965,1000,1248,112717,2022-03-30
8906,743,February 2020,112965,1000,134,113831,2025-12-29
8907,743,March 2020,112965,1000,1056,112909,2024-06-18
8908,743,April 2020,112965,3000,1609,114356,2022-11-14
8909,743,May 2020,112965,2000,1878,113087,2024-12-08
8910,743,June 2020,112965,1000,1098,112867,2024-06-08
8911,743,July 2020,112965,3000,481,115484,2022-07-30
8912,743,August 2020,112965,1000,119,113846,2025-12-28
8913,743,September 2020,112965,1000,122,113843,2025-11-14
8914,743,October 2020,112965,1000,1155,112810,2023-02-03
8915,743,November 2020,112965,2000,1017,113948,2025-05-16
8916,743,December 2020,112965,0,1960,111005,2023-09-13
8917,744,January 2020,259937,0,1797,258140,2024-04-21
8918,744,February 2020,259937,2000,277,261660,2024-12-09
8919,744,March 2020,259937,0,1752,258185,2024-05-26
8920,744,April 2020,259937,3000,1572,261365,2025-10-19
8921,744,May 2020,259937,3000,833,262104,2025-12-22
8922,744,June 2020,259937,2000,184,261753,2022-06-14
8923,744,July 2020,259937,2000,1920,260017,2024-06-18
8924,744,August 2020,259937,0,527,259410,2023-09-18
8925,744,September 2020,259937,3000,1268,261669,2024-08-25
8926,744,October 2020,259937,2000,163,261774,2023-02-28
8927,744,November 2020,259937,3000,1034,261903,2022-08-15
8928,744,December 2020,259937,2000,1798,260139,2022-05-06
8929,745,January 2020,222607,1000,1310,222297,2022-06-08
8930,745,February 2020,222607,3000,1018,224589,2025-11-30
8931,745,March 2020,222607,3000,1955,223652,2023-11-17
8932,745,April 2020,222607,1000,874,222733,2023-07-12
8933,745,May 2020,222607,2000,580,224027,2022-10-14
8934,745,June 2020,222607,2000,1494,223113,2022-12-26
8935,745,July 2020,222607,3000,1494,224113,2022-07-13
8936,745,August 2020,222607,2000,222,224385,2023-09-16
8937,745,September 2020,222607,2000,412,224195,2024-04-20
8938,745,October 2020,222607,3000,1717,223890,2025-01-29
8939,745,November 2020,222607,0,726,221881,2022-08-26
8940,745,December 2020,222607,3000,1706,223901,2022-07-22
8941,746,January 2020,221024,0,1705,219319,2023-03-30
8942,746,February 2020,221024,0,1319,219705,2023-11-16
8943,746,March 2020,221024,2000,314,222710,2024-10-15
8944,746,April 2020,221024,2000,62,222962,2022-08-09
8945,746,May 2020,221024,0,833,220191,2024-01-20
8946,746,June 2020,221024,3000,392,223632,2025-09-18
8947,746,July 2020,221024,2000,1838,221186,2022-03-13
8948,746,August 2020,221024,1000,1270,220754,2023-10-29
8949,746,September 2020,221024,2000,1931,221093,2022-10-15
8950,746,October 2020,221024,2000,1899,221125,2022-01-29
8951,746,November 2020,221024,1000,1705,220319,2023-10-27
8952,746,December 2020,221024,0,1579,219445,2022-06-17
8953,747,January 2020,279778,1000,1560,279218,2024-07-25
8954,747,February 2020,279778,2000,18,281760,2024-04-21
8955,747,March 2020,279778,3000,904,281874,2022-04-04
8956,747,April 2020,279778,1000,1625,279153,2025-08-20
8957,747,May 2020,279778,3000,243,282535,2024-04-09
8958,747,June 2020,279778,0,37,279741,2025-06-14
8959,747,July 2020,279778,1000,486,280292,2022-09-07
8960,747,August 2020,279778,0,858,278920,2022-07-23
8961,747,September 2020,279778,3000,786,281992,2022-11-06
8962,747,October 2020,279778,0,290,279488,2025-02-20
8963,747,November 2020,279778,1000,1136,279642,2022-07-27
8964,747,December 2020,279778,1000,863,279915,2022-02-06
8965,748,January 2020,138361,0,685,137676,2024-07-01
8966,748,February 2020,138361,0,1116,137245,2023-09-25
8967,748,March 2020,138361,2000,1363,138998,2022-12-26
8968,748,April 2020,138361,0,231,138130,2023-10-01
8969,748,May 2020,138361,3000,1424,139937,2023-01-20
8970,748,June 2020,138361,3000,144,141217,2022-04-22
8971,748,July 2020,138361,3000,1900,139461,2022-12-10
8972,748,August 2020,138361,1000,977,138384,2022-01-05
8973,748,September 2020,138361,0,416,137945,2022-03-27
8974,748,October 2020,138361,2000,1644,138717,2024-12-04
8975,748,November 2020,138361,1000,1056,138305,2024-05-21
8976,748,December 2020,138361,2000,295,140066,2022-05-14
8977,749,January 2020,73372,1000,1510,72862,2022-08-19
8978,749,February 2020,73372,3000,1956,74416,2022-11-23
8979,749,March 2020,73372,3000,1963,74409,2024-02-13
8980,749,April 2020,73372,2000,1290,74082,2024-05-01
8981,749,May 2020,73372,3000,1022,75350,2022-11-20
8982,749,June 2020,73372,1000,504,73868,2024-06-06
8983,749,July 2020,73372,0,1880,71492,2023-11-30
8984,749,August 2020,73372,0,1471,71901,2025-12-16
8985,749,September 2020,73372,2000,1358,74014,2023-04-27
8986,749,October 2020,73372,0,1398,71974,2023-01-18
8987,749,November 2020,73372,2000,1849,73523,2022-12-14
8988,749,December 2020,73372,2000,1117,74255,2024-08-08
8989,750,January 2020,82669,1000,879,82790,2025-06-09
8990,750,February 2020,82669,1000,1339,82330,2024-07-19
8991,750,March 2020,82669,2000,1025,83644,2023-09-14
8992,750,April 2020,82669,0,464,82205,2022-08-19
8993,750,May 2020,82669,0,1785,80884,2025-07-05
8994,750,June 2020,82669,2000,564,84105,2022-07-01
8995,750,July 2020,82669,3000,396,85273,2025-12-19
8996,750,August 2020,82669,1000,1942,81727,2024-12-05
8997,750,September 2020,82669,1000,281,83388,2022-01-03
8998,750,October 2020,82669,0,1872,80797,2022-02-21
8999,750,November 2020,82669,2000,1104,83565,2025-01-19
9000,750,December 2020,82669,3000,1919,83750,2024-11-29
9001,751,January 2020,238320,1000,1490,237830,2022-10-16
9002,751,February 2020,238320,0,515,237805,2024-03-09
9003,751,March 2020,238320,1000,1815,237505,2023-05-28
9004,751,April 2020,238320,1000,346,238974,2023-08-14
9005,751,May 2020,238320,1000,726,238594,2025-07-05
9006,751,June 2020,238320,0,713,237607,2023-10-14
9007,751,July 2020,238320,1000,1935,237385,2025-05-08
9008,751,August 2020,238320,3000,484,240836,2023-11-03
9009,751,September 2020,238320,1000,873,238447,2023-10-12
9010,751,October 2020,238320,1000,519,238801,2022-07-07
9011,751,November 2020,238320,0,1412,236908,2023-08-19
9012,751,December 2020,238320,3000,1431,239889,2024-04-03
9013,752,January 2020,115445,1000,1095,115350,2022-02-09
9014,752,February 2020,115445,3000,1396,117049,2024-09-01
9015,752,March 2020,115445,3000,1780,116665,2022-08-20
9016,752,April 2020,115445,0,668,114777,2025-04-07
9017,752,May 2020,115445,3000,1038,117407,2024-10-14
9018,752,June 2020,115445,0,407,115038,2024-09-15
9019,752,July 2020,115445,2000,223,117222,2024-07-25
9020,752,August 2020,115445,1000,1215,115230,2025-10-02
9021,752,September 2020,115445,2000,1348,116097,2022-01-27
9022,752,October 2020,115445,0,439,115006,2024-09-01
9023,752,November 2020,115445,2000,1755,115690,2022-06-27
9024,752,December 2020,115445,3000,355,118090,2024-10-12
9025,753,January 2020,148205,0,197,148008,2024-01-31
9026,753,February 2020,148205,1000,1845,147360,2025-01-12
9027,753,March 2020,148205,3000,1190,150015,2023-04-05
9028,753,April 2020,148205,1000,1450,147755,2024-06-03
9029,753,May 2020,148205,1000,782,148423,2024-07-17
9030,753,June 2020,148205,2000,832,149373,2022-07-15
9031,753,July 2020,148205,2000,1897,148308,2024-10-18
9032,753,August 2020,148205,0,340,147865,2024-12-07
9033,753,September 2020,148205,3000,254,150951,2023-10-29
9034,753,October 2020,148205,0,1596,146609,2023-07-04
9035,753,November 2020,148205,1000,287,148918,2023-01-20
9036,753,December 2020,148205,1000,1227,147978,2022-12-10
9037,754,January 2020,209375,2000,1034,210341,2024-02-22
9038,754,February 2020,209375,2000,438,210937,2022-09-22
9039,754,March 2020,209375,2000,813,210562,2022-02-17
9040,754,April 2020,209375,0,632,208743,2025-01-29
9041,754,May 2020,209375,2000,1159,210216,2023-12-13
9042,754,June 2020,209375,0,192,209183,2022-08-07
9043,754,July 2020,209375,3000,370,212005,2022-08-12
9044,754,August 2020,209375,2000,1599,209776,2022-10-18
9045,754,September 2020,209375,1000,1936,208439,2022-12-19
9046,754,October 2020,209375,0,1374,208001,2023-08-31
9047,754,November 2020,209375,0,311,209064,2022-03-03
9048,754,December 2020,209375,0,146,209229,2025-07-01
9049,755,January 2020,131160,3000,544,133616,2022-06-30
9050,755,February 2020,131160,2000,169,132991,2025-07-21
9051,755,March 2020,131160,1000,1950,130210,2023-09-28
9052,755,April 2020,131160,2000,610,132550,2022-05-15
9053,755,May 2020,131160,0,544,130616,2022-01-18
9054,755,June 2020,131160,0,1040,130120,2024-06-07
9055,755,July 2020,131160,2000,846,132314,2022-08-20
9056,755,August 2020,131160,1000,1882,130278,2022-07-28
9057,755,September 2020,131160,0,590,130570,2025-07-08
9058,755,October 2020,131160,3000,1868,132292,2023-02-15
9059,755,November 2020,131160,2000,1254,131906,2025-03-17
9060,755,December 2020,131160,1000,128,132032,2025-08-04
9061,756,January 2020,238191,3000,702,240489,2025-04-06
9062,756,February 2020,238191,3000,1258,239933,2025-03-18
9063,756,March 2020,238191,3000,1480,239711,2023-06-04
9064,756,April 2020,238191,0,29,238162,2023-07-19
9065,756,May 2020,238191,0,1095,237096,2024-10-12
9066,756,June 2020,238191,3000,84,241107,2024-08-11
9067,756,July 2020,238191,1000,1727,237464,2024-08-02
9068,756,August 2020,238191,1000,1100,238091,2024-03-02
9069,756,September 2020,238191,3000,140,241051,2025-05-01
9070,756,October 2020,238191,3000,553,240638,2023-05-31
9071,756,November 2020,238191,1000,1105,238086,2022-05-14
9072,756,December 2020,238191,1000,1008,238183,2025-06-04
9073,757,January 2020,237085,2000,779,238306,2025-03-06
9074,757,February 2020,237085,1000,611,237474,2022-08-12
9075,757,March 2020,237085,3000,985,239100,2023-05-05
9076,757,April 2020,237085,1000,468,237617,2023-09-22
9077,757,May 2020,237085,0,197,236888,2023-10-03
9078,757,June 2020,237085,0,594,236491,2025-08-01
9079,757,July 2020,237085,1000,1808,236277,2025-09-13
9080,757,August 2020,237085,2000,1478,237607,2025-11-23
9081,757,September 2020,237085,0,1351,235734,2023-09-07
9082,757,October 2020,237085,2000,1582,237503,2024-04-22
9083,757,November 2020,237085,2000,706,238379,2024-03-26
9084,757,December 2020,237085,1000,1645,236440,2023-09-16
9085,758,January 2020,286588,2000,1723,286865,2024-11-26
9086,758,February 2020,286588,1000,541,287047,2022-11-03
9087,758,March 2020,286588,3000,1869,287719,2022-07-08
9088,758,April 2020,286588,0,1368,285220,2022-01-14
9089,758,May 2020,286588,0,1923,284665,2024-04-15
9090,758,June 2020,286588,1000,1543,286045,2023-08-23
9091,758,July 2020,286588,2000,337,288251,2022-11-20
9092,758,August 2020,286588,2000,693,287895,2022-12-14
9093,758,September 2020,286588,3000,1743,287845,2024-11-06
9094,758,October 2020,286588,2000,113,288475,2022-08-14
9095,758,November 2020,286588,0,1953,284635,2022-10-21
9096,758,December 2020,286588,2000,313,288275,2025-10-03
9097,759,January 2020,198907,0,1754,197153,2023-06-29
9098,759,February 2020,198907,2000,1272,199635,2024-04-01
9099,759,March 2020,198907,2000,161,200746,2024-04-27
9100,759,April 2020,198907,3000,1612,200295,2022-06-03
9101,759,May 2020,198907,0,978,197929,2024-12-15
9102,759,June 2020,198907,1000,1478,198429,2024-08-26
9103,759,July 2020,198907,2000,598,200309,2025-11-10
9104,759,August 2020,198907,0,253,198654,2024-09-03
9105,759,September 2020,198907,2000,413,200494,2022-02-25
9106,759,October 2020,198907,1000,1414,198493,2022-05-27
9107,759,November 2020,198907,2000,287,200620,2025-03-20
9108,759,December 2020,198907,2000,1606,199301,2023-09-20
9109,760,January 2020,160298,3000,1637,161661,2023-09-02
9110,760,February 2020,160298,3000,1088,162210,2024-12-29
9111,760,March 2020,160298,0,1285,159013,2023-02-19
9112,760,April 2020,160298,1000,899,160399,2024-01-12
9113,760,May 2020,160298,3000,1845,161453,2022-05-17
9114,760,June 2020,160298,0,104,160194,2023-01-09
9115,760,July 2020,160298,0,741,159557,2024-11-22
9116,760,August 2020,160298,2000,1671,160627,2023-05-28
9117,760,September 2020,160298,2000,1046,161252,2024-03-24
9118,760,October 2020,160298,2000,620,161678,2024-12-13
9119,760,November 2020,160298,1000,158,161140,2024-07-18
9120,760,December 2020,160298,1000,1715,159583,2025-02-16
9121,761,January 2020,192232,3000,1212,194020,2023-12-30
9122,761,February 2020,192232,3000,173,195059,2023-01-04
9123,761,March 2020,192232,1000,1256,191976,2024-09-18
9124,761,April 2020,192232,0,1918,190314,2023-06-19
9125,761,May 2020,192232,2000,435,193797,2022-12-11
9126,761,June 2020,192232,3000,530,194702,2025-05-19
9127,761,July 2020,192232,2000,646,193586,2025-02-28
9128,761,August 2020,192232,0,804,191428,2024-01-12
9129,761,September 2020,192232,2000,579,193653,2022-03-06
9130,761,October 2020,192232,3000,843,194389,2024-02-02
9131,761,November 2020,192232,1000,837,192395,2022-08-11
9132,761,December 2020,192232,3000,1023,194209,2025-07-29
9133,762,January 2020,231428,1000,670,231758,2024-08-30
9134,762,February 2020,231428,2000,870,232558,2023-04-09
9135,762,March 2020,231428,1000,1431,230997,2022-08-24
9136,762,April 2020,231428,2000,1546,231882,2025-11-12
9137,762,May 2020,231428,2000,1201,232227,2022-11-29
9138,762,June 2020,231428,3000,1289,233139,2025-04-17
9139,762,July 2020,231428,0,1468,229960,2023-06-08
9140,762,August 2020,231428,3000,561,233867,2022-01-31
9141,762,September 2020,231428,3000,837,233591,2024-09-01
9142,762,October 2020,231428,1000,1742,230686,2023-04-15
9143,762,November 2020,231428,2000,1291,232137,2025-06-24
9144,762,December 2020,231428,2000,316,233112,2025-04-15
9145,763,January 2020,272925,2000,1092,273833,2023-08-08
9146,763,February 2020,272925,3000,403,275522,2024-01-13
9147,763,March 2020,272925,3000,1781,274144,2023-08-13
9148,763,April 2020,272925,1000,1132,272793,2023-10-23
9149,763,May 2020,272925,1000,1602,272323,2023-07-12
9150,763,June 2020,272925,0,877,272048,2024-10-01
9151,763,July 2020,272925,2000,1129,273796,2023-12-11
9152,763,August 2020,272925,3000,133,275792,2025-03-13
9153,763,September 2020,272925,2000,1902,273023,2022-09-17
9154,763,October 2020,272925,0,1855,271070,2023-03-21
9155,763,November 2020,272925,1000,943,272982,2024-10-26
9156,763,December 2020,272925,1000,1552,272373,2023-06-15
9157,764,January 2020,226056,2000,292,227764,2023-12-05
9158,764,February 2020,226056,3000,1740,227316,2022-04-17
9159,764,March 2020,226056,0,447,225609,2023-08-19
9160,764,April 2020,226056,0,1821,224235,2024-07-18
9161,764,May 2020,226056,1000,146,226910,2024-01-17
9162,764,June 2020,226056,3000,246,228810,2024-09-16
9163,764,July 2020,226056,2000,1614,226442,2022-08-01
9164,764,August 2020,226056,0,989,225067,2023-12-01
9165,764,September 2020,226056,3000,1907,227149,2024-08-10
9166,764,October 2020,226056,1000,1741,225315,2022-12-03
9167,764,November 2020,226056,2000,1573,226483,2024-08-26
9168,764,December 2020,226056,3000,243,228813,2022-07-17
9169,765,January 2020,70892,3000,1535,72357,2025-02-08
9170,765,February 2020,70892,1000,869,71023,2022-01-10
9171,765,March 2020,70892,3000,954,72938,2023-01-21
9172,765,April 2020,70892,3000,471,73421,2024-07-20
9173,765,May 2020,70892,3000,1434,72458,2022-08-15
9174,765,June 2020,70892,1000,1505,70387,2024-10-28
9175,765,July 2020,70892,0,1795,69097,2024-12-31
9176,765,August 2020,70892,0,983,69909,2024-03-01
9177,765,September 2020,70892,1000,1978,69914,2025-07-22
9178,765,October 2020,70892,2000,1832,71060,2023-09-11
9179,765,November 2020,70892,0,209,70683,2023-03-07
9180,765,December 2020,70892,3000,189,73703,2024-07-26
9181,766,January 2020,250797,3000,1262,252535,2024-03-27
9182,766,February 2020,250797,0,257,250540,2025-09-01
9183,766,March 2020,250797,1000,1248,250549,2025-08-17
9184,766,April 2020,250797,3000,88,253709,2023-04-13
9185,766,May 2020,250797,3000,1821,251976,2024-08-21
9186,766,June 2020,250797,0,1875,248922,2023-06-27
9187,766,July 2020,250797,3000,343,253454,2024-02-11
9188,766,August 2020,250797,1000,1533,250264,2025-03-02
9189,766,September 2020,250797,2000,890,251907,2023-04-14
9190,766,October 2020,250797,1000,1889,249908,2023-09-03
9191,766,November 2020,250797,2000,271,252526,2025-07-09
9192,766,December 2020,250797,1000,1849,249948,2022-01-31
9193,767,January 2020,151897,1000,805,152092,2023-11-24
9194,767,February 2020,151897,3000,1175,153722,2023-05-04
9195,767,March 2020,151897,0,412,151485,2023-11-23
9196,767,April 2020,151897,0,1071,150826,2024-04-14
9197,767,May 2020,151897,0,1760,150137,2022-10-14
9198,767,June 2020,151897,3000,1261,153636,2023-09-01
9199,767,July 2020,151897,3000,536,154361,2022-10-24
9200,767,August 2020,151897,2000,288,153609,2024-12-29
9201,767,September 2020,151897,2000,1451,152446,2023-07-20
9202,767,October 2020,151897,1000,1597,151300,2024-07-03
9203,767,November 2020,151897,2000,1893,152004,2023-10-19
9204,767,December 2020,151897,0,767,151130,2025-08-09
9205,768,January 2020,233331,0,438,232893,2023-11-08
9206,768,February 2020,233331,2000,554,234777,2025-09-25
9207,768,March 2020,233331,0,729,232602,2023-03-20
9208,768,April 2020,233331,3000,348,235983,2023-04-09
9209,768,May 2020,233331,1000,177,234154,2025-10-08
9210,768,June 2020,233331,1000,1114,233217,2022-11-29
9211,768,July 2020,233331,2000,1285,234046,2022-07-02
9212,768,August 2020,233331,1000,1342,232989,2023-02-23
9213,768,September 2020,233331,2000,490,234841,2024-05-17
9214,768,October 2020,233331,1000,1509,232822,2023-04-11
9215,768,November 2020,233331,3000,1473,234858,2024-03-24
9216,768,December 2020,233331,0,1387,231944,2022-08-08
9217,769,January 2020,123195,2000,1491,123704,2023-09-23
9218,769,February 2020,123195,0,255,122940,2025-12-19
9219,769,March 2020,123195,2000,1439,123756,2023-08-26
9220,769,April 2020,123195,3000,1548,124647,2023-06-01
9221,769,May 2020,123195,2000,1896,123299,2025-11-08
9222,769,June 2020,123195,1000,548,123647,2022-07-24
9223,769,July 2020,123195,3000,1205,124990,2022-05-17
9224,769,August 2020,123195,3000,566,125629,2023-04-15
9225,769,September 2020,123195,3000,482,125713,2022-11-25
9226,769,October 2020,123195,1000,1842,122353,2022-12-15
9227,769,November 2020,123195,3000,523,125672,2022-07-26
9228,769,December 2020,123195,0,1850,121345,2025-01-28
9229,770,January 2020,185127,1000,657,185470,2022-10-28
9230,770,February 2020,185127,1000,317,185810,2022-10-07
9231,770,March 2020,185127,1000,131,185996,2025-12-03
9232,770,April 2020,185127,1000,1997,184130,2022-05-27
9233,770,May 2020,185127,0,1786,183341,2022-09-04
9234,770,June 2020,185127,0,714,184413,2023-01-13
9235,770,July 2020,185127,0,1625,183502,2024-06-13
9236,770,August 2020,185127,1000,243,185884,2024-12-24
9237,770,September 2020,185127,3000,1809,186318,2023-06-01
9238,770,October 2020,185127,3000,365,187762,2023-10-30
9239,770,November 2020,185127,0,1236,183891,2024-03-21
9240,770,December 2020,185127,3000,1640,186487,2022-04-01
9241,771,January 2020,89840,3000,1305,91535,2024-04-28
9242,771,February 2020,89840,2000,765,91075,2022-07-17
9243,771,March 2020,89840,0,1870,87970,2023-11-20
9244,771,April 2020,89840,2000,1298,90542,2025-12-26
9245,771,May 2020,89840,0,1202,88638,2022-03-11
9246,771,June 2020,89840,2000,878,90962,2025-04-06
9247,771,July 2020,89840,2000,178,91662,2022-05-09
9248,771,August 2020,89840,2000,1797,90043,2023-01-29
9249,771,September 2020,89840,3000,1779,91061,2025-06-21
9250,771,October 2020,89840,3000,600,92240,2024-12-13
9251,771,November 2020,89840,0,1890,87950,2022-10-03
9252,771,December 2020,89840,0,895,88945,2024-06-21
9253,772,January 2020,266626,2000,584,268042,2025-04-25
9254,772,February 2020,266626,2000,1650,266976,2023-07-21
9255,772,March 2020,266626,1000,1633,265993,2023-10-29
9256,772,April 2020,266626,1000,1826,265800,2024-04-07
9257,772,May 2020,266626,0,69,266557,2024-02-26
9258,772,June 2020,266626,0,1604,265022,2022-11-05
9259,772,July 2020,266626,1000,1641,265985,2022-05-13
9260,772,August 2020,266626,1000,1242,266384,2025-12-14
9261,772,September 2020,266626,3000,726,268900,2023-07-03
9262,772,October 2020,266626,2000,522,268104,2025-03-18
9263,772,November 2020,266626,1000,332,267294,2023-07-30
9264,772,December 2020,266626,3000,611,269015,2024-03-01
9265,773,January 2020,144053,2000,1179,144874,2024-02-03
9266,773,February 2020,144053,3000,859,146194,2025-08-23
9267,773,March 2020,144053,3000,1799,145254,2024-01-22
9268,773,April 2020,144053,1000,1017,144036,2024-03-30
9269,773,May 2020,144053,1000,1577,143476,2024-11-01
9270,773,June 2020,144053,3000,12,147041,2022-10-12
9271,773,July 2020,144053,3000,824,146229,2024-06-21
9272,773,August 2020,144053,2000,138,145915,2022-12-03
9273,773,September 2020,144053,3000,1324,145729,2023-12-04
9274,773,October 2020,144053,0,308,143745,2025-06-20
9275,773,November 2020,144053,0,602,143451,2025-04-03
9276,773,December 2020,144053,3000,813,146240,2025-11-11
9277,774,January 2020,282175,2000,153,284022,2024-03-30
9278,774,February 2020,282175,3000,1381,283794,2024-05-05
9279,774,March 2020,282175,3000,645,284530,2024-06-05
9280,774,April 2020,282175,3000,1738,283437,2023-11-29
9281,774,May 2020,282175,1000,1947,281228,2025-07-20
9282,774,June 2020,282175,3000,720,284455,2022-11-18
9283,774,July 2020,282175,1000,1209,281966,2023-06-16
9284,774,August 2020,282175,1000,1643,281532,2024-04-01
9285,774,September 2020,282175,1000,1419,281756,2023-04-26
9286,774,October 2020,282175,2000,1935,282240,2022-09-03
9287,774,November 2020,282175,3000,903,284272,2024-03-04
9288,774,December 2020,282175,2000,1197,282978,2022-01-19
9289,775,January 2020,213836,0,493,213343,2025-09-21
9290,775,February 2020,213836,2000,353,215483,2025-01-06
9291,775,March 2020,213836,3000,701,216135,2024-12-16
9292,775,April 2020,213836,3000,888,215948,2024-07-03
9293,775,May 2020,213836,2000,126,215710,2024-01-28
9294,775,June 2020,213836,3000,1205,215631,2024-04-08
9295,775,July 2020,213836,1000,1568,213268,2022-05-09
9296,775,August 2020,213836,2000,128,215708,2022-11-16
9297,775,September 2020,213836,1000,725,214111,2022-09-16
9298,775,October 2020,213836,2000,78,215758,2022-01-23
9299,775,November 2020,213836,2000,261,215575,2022-11-12
9300,775,December 2020,213836,1000,1359,213477,2024-06-13
9301,776,January 2020,108819,1000,1565,108254,2025-09-06
9302,776,February 2020,108819,0,51,108768,2025-07-02
9303,776,March 2020,108819,3000,1265,110554,2024-08-06
9304,776,April 2020,108819,2000,1143,109676,2024-05-13
9305,776,May 2020,108819,2000,425,110394,2022-06-19
9306,776,June 2020,108819,1000,215,109604,2022-04-23
9307,776,July 2020,108819,3000,890,110929,2025-05-06
9308,776,August 2020,108819,0,1459,107360,2024-08-24
9309,776,September 2020,108819,2000,959,109860,2024-09-29
9310,776,October 2020,108819,2000,30,110789,2023-03-18
9311,776,November 2020,108819,0,1517,107302,2023-01-02
9312,776,December 2020,108819,1000,1488,108331,2025-05-16
9313,777,January 2020,236264,0,1389,234875,2025-10-17
9314,777,February 2020,236264,3000,1324,237940,2025-01-08
9315,777,March 2020,236264,3000,12,239252,2025-07-18
9316,777,April 2020,236264,1000,1674,235590,2024-04-01
9317,777,May 2020,236264,0,1932,234332,2024-05-05
9318,777,June 2020,236264,1000,1760,235504,2023-10-25
9319,777,July 2020,236264,3000,1967,237297,2023-11-26
9320,777,August 2020,236264,2000,1393,236871,2025-10-21
9321,777,September 2020,236264,1000,1633,235631,2024-12-02
9322,777,October 2020,236264,1000,1447,235817,2024-04-03
9323,777,November 2020,236264,0,1577,234687,2024-01-24
9324,777,December 2020,236264,1000,745,236519,2023-09-28
9325,778,January 2020,232475,3000,1156,234319,2024-11-11
9326,778,February 2020,232475,0,495,231980,2025-03-02
9327,778,March 2020,232475,3000,1037,234438,2023-12-18
9328,778,April 2020,232475,2000,61,234414,2025-06-21
9329,778,May 2020,232475,2000,620,233855,2023-10-10
9330,778,June 2020,232475,0,1237,231238,2024-03-18
9331,778,July 2020,232475,1000,1715,231760,2024-07-12
9332,778,August 2020,232475,2000,1838,232637,2025-06-22
9333,778,September 2020,232475,3000,110,235365,2025-06-15
9334,778,October 2020,232475,0,1131,231344,2023-11-05
9335,778,November 2020,232475,1000,1746,231729,2024-02-04
9336,778,December 2020,232475,3000,591,234884,2022-11-04
9337,779,January 2020,270163,3000,1870,271293,2022-12-04
9338,779,February 2020,270163,3000,1099,272064,2025-04-07
9339,779,March 2020,270163,3000,418,272745,2022-08-23
9340,779,April 2020,270163,1000,1357,269806,2025-05-14
9341,779,May 2020,270163,2000,286,271877,2024-04-26
9342,779,June 2020,270163,1000,1581,269582,2023-07-24
9343,779,July 2020,270163,1000,665,270498,2023-01-26
9344,779,August 2020,270163,3000,887,272276,2025-02-02
9345,779,September 2020,270163,2000,182,271981,2024-11-06
9346,779,October 2020,270163,3000,1330,271833,2025-07-08
9347,779,November 2020,270163,1000,979,270184,2023-05-04
9348,779,December 2020,270163,2000,1943,270220,2022-08-07
9349,780,January 2020,96983,0,1483,95500,2024-09-13
9350,780,February 2020,96983,0,1964,95019,2024-02-05
9351,780,March 2020,96983,1000,710,97273,2023-02-19
9352,780,April 2020,96983,2000,1456,97527,2025-02-09
9353,780,May 2020,96983,0,1618,95365,2025-12-04
9354,780,June 2020,96983,0,415,96568,2025-07-24
9355,780,July 2020,96983,2000,1946,97037,2023-05-20
9356,780,August 2020,96983,0,13,96970,2025-01-05
9357,780,September 2020,96983,3000,1925,98058,2024-07-12
9358,780,October 2020,96983,3000,1730,98253,2025-06-12
9359,780,November 2020,96983,2000,1514,97469,2024-05-12
9360,780,December 2020,96983,3000,1486,98497,2024-09-24
9361,781,January 2020,141036,0,1444,139592,2024-08-23
9362,781,February 2020,141036,0,1467,139569,2024-07-09
9363,781,March 2020,141036,0,12,141024,2025-08-26
9364,781,April 2020,141036,2000,695,142341,2025-05-15
9365,781,May 2020,141036,2000,643,142393,2025-02-26
9366,781,June 2020,141036,0,281,140755,2023-07-12
9367,781,July 2020,141036,2000,1068,141968,2023-07-09
9368,781,August 2020,141036,0,1998,139038,2022-08-13
9369,781,September 2020,141036,0,29,141007,2023-01-04
9370,781,October 2020,141036,1000,1556,140480,2025-08-24
9371,781,November 2020,141036,3000,1195,142841,2023-09-21
9372,781,December 2020,141036,3000,832,143204,2023-06-20
9373,782,January 2020,229140,1000,1749,228391,2024-07-31
9374,782,February 2020,229140,1000,1252,228888,2022-06-13
9375,782,March 2020,229140,3000,1503,230637,2023-07-01
9376,782,April 2020,229140,2000,1392,229748,2023-09-18
9377,782,May 2020,229140,3000,1759,230381,2022-08-22
9378,782,June 2020,229140,0,783,228357,2024-09-13
9379,782,July 2020,229140,1000,1719,228421,2023-03-30
9380,782,August 2020,229140,1000,1070,229070,2024-10-21
9381,782,September 2020,229140,0,187,228953,2025-02-22
9382,782,October 2020,229140,2000,294,230846,2023-03-25
9383,782,November 2020,229140,2000,1795,229345,2022-05-08
9384,782,December 2020,229140,3000,617,231523,2023-08-24
9385,783,January 2020,135050,0,1851,133199,2024-09-14
9386,783,February 2020,135050,1000,1316,134734,2022-10-09
9387,783,March 2020,135050,2000,388,136662,2022-02-20
9388,783,April 2020,135050,3000,132,137918,2023-09-15
9389,783,May 2020,135050,1000,1117,134933,2025-11-09
9390,783,June 2020,135050,3000,1322,136728,2024-02-16
9391,783,July 2020,135050,2000,1595,135455,2022-07-23
9392,783,August 2020,135050,3000,890,137160,2023-10-27
9393,783,September 2020,135050,2000,1426,135624,2022-01-28
9394,783,October 2020,135050,2000,152,136898,2024-12-22
9395,783,November 2020,135050,3000,1449,136601,2024-06-18
9396,783,December 2020,135050,0,1452,133598,2022-04-27
9397,784,January 2020,93899,3000,55,96844,2024-07-03
9398,784,February 2020,93899,1000,799,94100,2022-09-16
9399,784,March 2020,93899,0,206,93693,2025-05-16
9400,784,April 2020,93899,1000,135,94764,2022-09-25
9401,784,May 2020,93899,2000,525,95374,2023-09-24
9402,784,June 2020,93899,2000,1280,94619,2025-07-11
9403,784,July 2020,93899,0,936,92963,2025-10-13
9404,784,August 2020,93899,0,1819,92080,2025-10-23
9405,784,September 2020,93899,0,1002,92897,2025-10-22
9406,784,October 2020,93899,2000,1963,93936,2022-09-03
9407,784,November 2020,93899,3000,865,96034,2024-01-01
9408,784,December 2020,93899,1000,1843,93056,2024-05-12
9409,785,January 2020,102243,2000,1625,102618,2025-03-28
9410,785,February 2020,102243,1000,357,102886,2024-04-11
9411,785,March 2020,102243,0,1990,100253,2023-10-27
9412,785,April 2020,102243,2000,1426,102817,2025-06-10
9413,785,May 2020,102243,1000,618,102625,2022-12-16
9414,785,June 2020,102243,3000,246,104997,2025-08-18
9415,785,July 2020,102243,1000,408,102835,2023-12-21
9416,785,August 2020,102243,3000,1392,103851,2025-08-10
9417,785,September 2020,102243,2000,278,103965,2023-05-26
9418,785,October 2020,102243,2000,1843,102400,2023-06-14
9419,785,November 2020,102243,2000,1246,102997,2023-11-13
9420,785,December 2020,102243,0,1751,100492,2022-10-05
9421,786,January 2020,239898,1000,572,240326,2023-11-19
9422,786,February 2020,239898,1000,282,240616,2025-05-26
9423,786,March 2020,239898,0,394,239504,2024-07-18
9424,786,April 2020,239898,3000,1707,241191,2024-06-25
9425,786,May 2020,239898,0,364,239534,2025-11-02
9426,786,June 2020,239898,0,353,239545,2025-06-15
9427,786,July 2020,239898,2000,629,241269,2022-08-25
9428,786,August 2020,239898,0,1920,237978,2025-11-22
9429,786,September 2020,239898,3000,1362,241536,2025-09-27
9430,786,October 2020,239898,3000,703,242195,2022-11-18
9431,786,November 2020,239898,3000,1061,241837,2025-03-11
9432,786,December 2020,239898,1000,1539,239359,2022-08-17
9433,787,January 2020,124074,3000,237,126837,2024-02-26
9434,787,February 2020,124074,0,611,123463,2024-04-20
9435,787,March 2020,124074,0,1564,122510,2025-08-27
9436,787,April 2020,124074,2000,766,125308,2024-07-26
9437,787,May 2020,124074,3000,317,126757,2023-07-30
9438,787,June 2020,124074,0,1550,122524,2025-12-08
9439,787,July 2020,124074,1000,729,124345,2023-11-26
9440,787,August 2020,124074,2000,982,125092,2022-09-02
9441,787,September 2020,124074,3000,1367,125707,2024-11-16
9442,787,October 2020,124074,0,1947,122127,2023-12-18
9443,787,November 2020,124074,0,1870,122204,2024-02-25
9444,787,December 2020,124074,1000,483,124591,2024-04-17
9445,788,January 2020,103576,3000,386,106190,2025-10-28
9446,788,February 2020,103576,1000,1607,102969,2024-05-22
9447,788,March 2020,103576,2000,1246,104330,2025-01-14
9448,788,April 2020,103576,0,1699,101877,2024-03-28
9449,788,May 2020,103576,0,738,102838,2025-10-04
9450,788,June 2020,103576,0,462,103114,2023-12-25
9451,788,July 2020,103576,3000,426,106150,2023-05-06
9452,788,August 2020,103576,3000,1858,104718,2025-08-30
9453,788,September 2020,103576,1000,1396,103180,2025-05-26
9454,788,October 2020,103576,0,472,103104,2024-12-05
9455,788,November 2020,103576,3000,813,105763,2022-01-07
9456,788,December 2020,103576,0,457,103119,2022-05-18
9457,789,January 2020,170051,0,852,169199,2022-08-12
9458,789,February 2020,170051,1000,254,170797,2025-04-28
9459,789,March 2020,170051,1000,1945,169106,2025-08-02
9460,789,April 2020,170051,0,1099,168952,2025-11-21
9461,789,May 2020,170051,3000,1489,171562,2022-01-01
9462,789,June 2020,170051,1000,1667,169384,2023-01-02
9463,789,July 2020,170051,2000,1884,170167,2022-08-15
9464,789,August 2020,170051,2000,1690,170361,2023-05-19
9465,789,September 2020,170051,0,658,169393,2024-01-25
9466,789,October 2020,170051,0,598,169453,2022-02-20
9467,789,November 2020,170051,3000,974,172077,2022-07-18
9468,789,December 2020,170051,1000,1036,170015,2024-11-16
9469,790,January 2020,208374,2000,1127,209247,2024-12-16
9470,790,February 2020,208374,2000,406,209968,2022-09-25
9471,790,March 2020,208374,3000,1486,209888,2022-11-25
9472,790,April 2020,208374,1000,287,209087,2024-09-27
9473,790,May 2020,208374,2000,1262,209112,2025-01-30
9474,790,June 2020,208374,1000,837,208537,2025-10-18
9475,790,July 2020,208374,3000,538,210836,2022-06-10
9476,790,August 2020,208374,3000,1266,210108,2023-09-04
9477,790,September 2020,208374,3000,1408,209966,2024-08-05
9478,790,October 2020,208374,1000,705,208669,2022-10-04
9479,790,November 2020,208374,0,1842,206532,2024-01-25
9480,790,December 2020,208374,0,967,207407,2023-04-05
9481,791,January 2020,233187,1000,57,234130,2023-04-23
9482,791,February 2020,233187,2000,799,234388,2024-05-03
9483,791,March 2020,233187,0,1831,231356,2023-02-19
9484,791,April 2020,233187,0,1641,231546,2023-10-25
9485,791,May 2020,233187,3000,1101,235086,2024-03-07
9486,791,June 2020,233187,3000,1236,234951,2023-09-21
9487,791,July 2020,233187,1000,1533,232654,2024-03-27
9488,791,August 2020,233187,2000,533,234654,2023-05-14
9489,791,September 2020,233187,0,119,233068,2023-11-03
9490,791,October 2020,233187,3000,1078,235109,2023-08-05
9491,791,November 2020,233187,1000,1544,232643,2023-12-09
9492,791,December 2020,233187,1000,382,233805,2024-11-30
9493,792,January 2020,288000,3000,1261,289739,2024-08-06
9494,792,February 2020,288000,3000,169,290831,2024-11-04
9495,792,March 2020,288000,1000,872,288128,2024-04-17
9496,792,April 2020,288000,1000,947,288053,2025-03-25
9497,792,May 2020,288000,0,1946,286054,2024-03-31
9498,792,June 2020,288000,2000,102,289898,2025-05-10
9499,792,July 2020,288000,2000,290,289710,2023-07-29
9500,792,August 2020,288000,3000,344,290656,2025-01-07
9501,792,September 2020,288000,3000,1464,289536,2024-09-16
9502,792,October 2020,288000,3000,584,290416,2022-04-05
9503,792,November 2020,288000,0,731,287269,2022-12-12
9504,792,December 2020,288000,2000,957,289043,2022-01-05
9505,793,January 2020,72746,0,1227,71519,2023-11-09
9506,793,February 2020,72746,3000,782,74964,2025-07-13
9507,793,March 2020,72746,3000,1794,73952,2023-10-09
9508,793,April 2020,72746,0,1238,71508,2024-06-08
9509,793,May 2020,72746,0,1868,70878,2025-09-11
9510,793,June 2020,72746,3000,487,75259,2025-07-29
9511,793,July 2020,72746,2000,249,74497,2023-04-03
9512,793,August 2020,72746,3000,709,75037,2024-08-06
9513,793,September 2020,72746,2000,1736,73010,2022-02-26
9514,793,October 2020,72746,1000,1150,72596,2024-05-10
9515,793,November 2020,72746,2000,1400,73346,2025-03-21
9516,793,December 2020,72746,3000,1787,73959,2023-02-19
9517,794,January 2020,268727,0,167,268560,2025-12-23
9518,794,February 2020,268727,3000,1520,270207,2024-04-09
9519,794,March 2020,268727,0,608,268119,2025-02-24
9520,794,April 2020,268727,2000,1325,269402,2024-10-29
9521,794,May 2020,268727,1000,272,269455,2024-05-27
9522,794,June 2020,268727,0,1828,266899,2023-03-28
9523,794,July 2020,268727,0,1884,266843,2024-08-23
9524,794,August 2020,268727,3000,901,270826,2024-08-22
9525,794,September 2020,268727,2000,595,270132,2023-11-24
9526,794,October 2020,268727,1000,542,269185,2022-04-06
9527,794,November 2020,268727,0,867,267860,2022-03-12
9528,794,December 2020,268727,0,1818,266909,2024-04-30
9529,795,January 2020,74504,3000,1382,76122,2025-03-09
9530,795,February 2020,74504,2000,508,75996,2024-08-04
9531,795,March 2020,74504,1000,438,75066,2024-08-19
9532,795,April 2020,74504,3000,1734,75770,2022-04-03
9533,795,May 2020,74504,3000,1434,76070,2022-12-09
9534,795,June 2020,74504,1000,932,74572,2025-07-24
9535,795,July 2020,74504,1000,1979,73525,2022-05-01
9536,795,August 2020,74504,3000,1876,75628,2025-05-05
9537,795,September 2020,74504,0,110,74394,2023-12-21
9538,795,October 2020,74504,1000,820,74684,2022-03-07
9539,795,November 2020,74504,0,1312,73192,2023-11-20
9540,795,December 2020,74504,2000,1257,75247,2024-05-09
9541,796,January 2020,93074,1000,1669,92405,2024-01-22
9542,796,February 2020,93074,3000,1470,94604,2025-08-19
9543,796,March 2020,93074,2000,1149,93925,2023-04-13
9544,796,April 2020,93074,3000,1876,94198,2024-09-24
9545,796,May 2020,93074,1000,1403,92671,2022-06-20
9546,796,June 2020,93074,2000,969,94105,2024-12-12
9547,796,July 2020,93074,0,1693,91381,2024-01-29
9548,796,August 2020,93074,1000,1233,92841,2022-02-12
9549,796,September 2020,93074,3000,749,95325,2025-07-09
9550,796,October 2020,93074,1000,1649,92425,2023-06-07
9551,796,November 2020,93074,3000,1334,94740,2025-04-08
9552,796,December 2020,93074,0,238,92836,2022-01-18
9553,797,January 2020,238020,3000,1636,239384,2022-10-19
9554,797,February 2020,238020,3000,1166,239854,2022-05-27
9555,797,March 2020,238020,2000,390,239630,2022-11-12
9556,797,April 2020,238020,0,1629,236391,2025-11-12
9557,797,May 2020,238020,1000,1381,237639,2022-07-20
9558,797,June 2020,238020,2000,1950,238070,2024-01-14
9559,797,July 2020,238020,2000,145,239875,2023-11-21
9560,797,August 2020,238020,3000,719,240301,2022-01-26
9561,797,September 2020,238020,3000,1693,239327,2025-01-20
9562,797,October 2020,238020,0,1328,236692,2023-11-10
9563,797,November 2020,238020,2000,1096,238924,2025-01-11
9564,797,December 2020,238020,3000,765,240255,2024-06-26
9565,798,January 2020,169387,3000,808,171579,2025-05-08
9566,798,February 2020,169387,1000,127,170260,2025-01-31
9567,798,March 2020,169387,3000,1783,170604,2024-02-13
9568,798,April 2020,169387,0,656,168731,2023-09-26
9569,798,May 2020,169387,3000,1563,170824,2024-04-18
9570,798,June 2020,169387,2000,860,170527,2025-10-07
9571,798,July 2020,169387,1000,418,169969,2025-11-22
9572,798,August 2020,169387,3000,1340,171047,2025-12-18
9573,798,September 2020,169387,1000,1883,168504,2023-03-24
9574,798,October 2020,169387,2000,1667,169720,2025-10-01
9575,798,November 2020,169387,0,995,168392,2024-08-31
9576,798,December 2020,169387,2000,1741,169646,2022-12-21
9577,799,January 2020,123694,2000,980,124714,2025-01-08
9578,799,February 2020,123694,1000,1073,123621,2025-02-28
9579,799,March 2020,123694,0,198,123496,2025-07-14
9580,799,April 2020,123694,1000,685,124009,2023-11-20
9581,799,May 2020,123694,2000,1395,124299,2025-07-06
9582,799,June 2020,123694,2000,1304,124390,2023-03-23
9583,799,July 2020,123694,1000,1523,123171,2024-07-18
9584,799,August 2020,123694,3000,362,126332,2024-04-27
9585,799,September 2020,123694,1000,1352,123342,2024-01-03
9586,799,October 2020,123694,0,1100,122594,2024-06-24
9587,799,November 2020,123694,2000,58,125636,2024-08-31
9588,799,December 2020,123694,3000,770,125924,2023-10-14
9589,800,January 2020,276543,3000,1154,278389,2025-12-08
9590,800,February 2020,276543,3000,1473,278070,2024-05-01
9591,800,March 2020,276543,1000,214,277329,2023-10-04
9592,800,April 2020,276543,1000,1568,275975,2025-02-12
9593,800,May 2020,276543,0,1259,275284,2022-04-08
9594,800,June 2020,276543,0,1517,275026,2023-04-24
9595,800,July 2020,276543,2000,431,278112,2024-07-20
9596,800,August 2020,276543,2000,309,278234,2024-09-14
9597,800,September 2020,276543,3000,639,278904,2023-06-02
9598,800,October 2020,276543,2000,1487,277056,2024-08-14
9599,800,November 2020,276543,0,1878,274665,2024-04-19
9600,800,December 2020,276543,2000,450,278093,2025-01-24
9601,801,January 2020,120320,3000,564,122756,2022-08-17
9602,801,February 2020,120320,2000,5,122315,2022-08-11
9603,801,March 2020,120320,2000,1206,121114,2023-07-06
9604,801,April 2020,120320,3000,166,123154,2024-10-25
9605,801,May 2020,120320,3000,1484,121836,2024-03-24
9606,801,June 2020,120320,1000,467,120853,2022-12-25
9607,801,July 2020,120320,1000,700,120620,2022-03-10
9608,801,August 2020,120320,3000,618,122702,2025-06-23
9609,801,September 2020,120320,0,1845,118475,2025-01-22
9610,801,October 2020,120320,3000,1343,121977,2023-07-13
9611,801,November 2020,120320,2000,721,121599,2023-12-19
9612,801,December 2020,120320,0,541,119779,2024-02-01
9613,802,January 2020,287461,3000,758,289703,2024-03-30
9614,802,February 2020,287461,1000,105,288356,2024-06-04
9615,802,March 2020,287461,0,594,286867,2025-10-17
9616,802,April 2020,287461,3000,813,289648,2025-11-08
9617,802,May 2020,287461,0,360,287101,2025-01-06
9618,802,June 2020,287461,0,435,287026,2024-03-07
9619,802,July 2020,287461,2000,181,289280,2024-06-07
9620,802,August 2020,287461,0,530,286931,2024-02-08
9621,802,September 2020,287461,2000,1887,287574,2022-10-03
9622,802,October 2020,287461,3000,1750,288711,2024-06-10
9623,802,November 2020,287461,0,1690,285771,2024-06-01
9624,802,December 2020,287461,1000,481,287980,2023-02-04
9625,803,January 2020,78965,1000,610,79355,2022-08-17
9626,803,February 2020,78965,3000,1548,80417,2023-05-07
9627,803,March 2020,78965,1000,965,79000,2023-09-23
9628,803,April 2020,78965,2000,1464,79501,2024-03-21
9629,803,May 2020,78965,1000,106,79859,2024-11-03
9630,803,June 2020,78965,1000,1772,78193,2023-04-09
9631,803,July 2020,78965,0,807,78158,2022-07-17
9632,803,August 2020,78965,2000,82,80883,2023-01-26
9633,803,September 2020,78965,0,1012,77953,2022-03-08
9634,803,October 2020,78965,3000,1529,80436,2023-01-07
9635,803,November 2020,78965,0,1034,77931,2022-12-22
9636,803,December 2020,78965,1000,1806,78159,2023-06-19
9637,804,January 2020,88097,1000,388,88709,2022-11-05
9638,804,February 2020,88097,0,1069,87028,2023-01-05
9639,804,March 2020,88097,2000,1780,88317,2023-11-28
9640,804,April 2020,88097,0,1855,86242,2023-09-06
9641,804,May 2020,88097,1000,1190,87907,2025-05-12
9642,804,June 2020,88097,0,1446,86651,2023-09-23
9643,804,July 2020,88097,2000,1881,88216,2025-07-29
9644,804,August 2020,88097,0,1925,86172,2025-02-22
9645,804,September 2020,88097,2000,1778,88319,2025-01-20
9646,804,October 2020,88097,2000,906,89191,2022-04-25
9647,804,November 2020,88097,2000,1427,88670,2023-03-20
9648,804,December 2020,88097,2000,1807,88290,2025-11-16
9649,805,January 2020,174702,3000,1367,176335,2023-09-11
9650,805,February 2020,174702,1000,1247,174455,2022-10-29
9651,805,March 2020,174702,2000,1349,175353,2023-06-22
9652,805,April 2020,174702,2000,168,176534,2025-08-18
9653,805,May 2020,174702,3000,421,177281,2025-10-31
9654,805,June 2020,174702,1000,1866,173836,2023-10-31
9655,805,July 2020,174702,0,1422,173280,2025-02-15
9656,805,August 2020,174702,1000,1884,173818,2022-11-19
9657,805,September 2020,174702,1000,1417,174285,2023-01-02
9658,805,October 2020,174702,2000,1496,175206,2024-04-18
9659,805,November 2020,174702,0,1746,172956,2023-06-30
9660,805,December 2020,174702,0,321,174381,2023-09-21
9661,806,January 2020,212269,0,1031,211238,2022-01-30
9662,806,February 2020,212269,0,246,212023,2022-09-22
9663,806,March 2020,212269,3000,1567,213702,2022-12-30
9664,806,April 2020,212269,3000,171,215098,2025-10-04
9665,806,May 2020,212269,3000,1090,214179,2024-09-06
9666,806,June 2020,212269,1000,1838,211431,2023-12-29
9667,806,July 2020,212269,3000,1308,213961,2023-01-18
9668,806,August 2020,212269,2000,68,214201,2022-01-23
9669,806,September 2020,212269,3000,930,214339,2023-06-04
9670,806,October 2020,212269,2000,1921,212348,2025-07-28
9671,806,November 2020,212269,3000,1839,213430,2023-11-13
9672,806,December 2020,212269,3000,1690,213579,2022-08-24
9673,807,January 2020,269683,1000,971,269712,2024-08-17
9674,807,February 2020,269683,1000,288,270395,2022-06-23
9675,807,March 2020,269683,2000,557,271126,2022-03-25
9676,807,April 2020,269683,3000,488,272195,2024-12-09
9677,807,May 2020,269683,0,49,269634,2025-07-16
9678,807,June 2020,269683,0,1202,268481,2025-03-24
9679,807,July 2020,269683,2000,1978,269705,2024-12-15
9680,807,August 2020,269683,0,1224,268459,2024-01-26
9681,807,September 2020,269683,0,66,269617,2024-08-04
9682,807,October 2020,269683,2000,1003,270680,2023-11-07
9683,807,November 2020,269683,2000,260,271423,2024-05-20
9684,807,December 2020,269683,2000,1746,269937,2025-05-14
9685,808,January 2020,76946,3000,1483,78463,2022-11-16
9686,808,February 2020,76946,2000,600,78346,2023-06-23
9687,808,March 2020,76946,3000,95,79851,2023-11-07
9688,808,April 2020,76946,1000,1302,76644,2022-11-15
9689,808,May 2020,76946,0,1343,75603,2022-04-19
9690,808,June 2020,76946,1000,1672,76274,2024-02-08
9691,808,July 2020,76946,0,239,76707,2025-09-28
9692,808,August 2020,76946,1000,627,77319,2025-01-27
9693,808,September 2020,76946,1000,1549,76397,2022-01-17
9694,808,October 2020,76946,2000,821,78125,2022-09-27
9695,808,November 2020,76946,2000,1556,77390,2024-01-07
9696,808,December 2020,76946,3000,1618,78328,2023-11-08
9697,809,January 2020,164039,0,1900,162139,2025-03-02
9698,809,February 2020,164039,2000,1518,164521,2022-08-23
9699,809,March 2020,164039,0,1364,162675,2024-01-23
9700,809,April 2020,164039,0,1391,162648,2022-01-30
9701,809,May 2020,164039,1000,931,164108,2025-01-04
9702,809,June 2020,164039,1000,634,164405,2023-08-23
9703,809,July 2020,164039,3000,911,166128,2025-12-10
9704,809,August 2020,164039,3000,1806,165233,2022-09-19
9705,809,September 2020,164039,1000,312,164727,2022-01-23
9706,809,October 2020,164039,3000,1206,165833,2022-08-03
9707,809,November 2020,164039,1000,1155,163884,2023-07-13
9708,809,December 2020,164039,2000,59,165980,2023-06-07
9709,810,January 2020,155615,1000,1391,155224,2025-04-18
9710,810,February 2020,155615,3000,449,158166,2022-11-18
9711,810,March 2020,155615,1000,675,155940,2024-05-19
9712,810,April 2020,155615,3000,1929,156686,2023-06-29
9713,810,May 2020,155615,3000,1793,156822,2023-07-04
9714,810,June 2020,155615,2000,737,156878,2024-08-31
9715,810,July 2020,155615,2000,362,157253,2022-04-11
9716,810,August 2020,155615,2000,875,156740,2024-06-07
9717,810,September 2020,155615,0,404,155211,2023-11-08
9718,810,October 2020,155615,3000,725,157890,2025-08-25
9719,810,November 2020,155615,2000,404,157211,2025-03-21
9720,810,December 2020,155615,1000,1365,155250,2025-05-11
9721,811,January 2020,91476,3000,1839,92637,2023-04-12
9722,811,February 2020,91476,2000,1754,91722,2023-03-30
9723,811,March 2020,91476,3000,1236,93240,2024-01-21
9724,811,April 2020,91476,3000,1569,92907,2025-11-20
9725,811,May 2020,91476,1000,1537,90939,2023-10-12
9726,811,June 2020,91476,0,173,91303,2024-03-27
9727,811,July 2020,91476,3000,1552,92924,2024-11-12
9728,811,August 2020,91476,0,724,90752,2025-04-02
9729,811,September 2020,91476,3000,1753,92723,2022-09-14
9730,811,October 2020,91476,0,428,91048,2022-06-18
9731,811,November 2020,91476,3000,1429,93047,2024-08-29
9732,811,December 2020,91476,3000,1358,93118,2025-01-17
9733,812,January 2020,209311,1000,1909,208402,2024-12-15
9734,812,February 2020,209311,3000,367,211944,2022-03-09
9735,812,March 2020,209311,0,965,208346,2025-09-17
9736,812,April 2020,209311,3000,917,211394,2023-05-05
9737,812,May 2020,209311,3000,851,211460,2023-11-28
9738,812,June 2020,209311,2000,1776,209535,2023-09-23
9739,812,July 2020,209311,0,259,209052,2025-09-25
9740,812,August 2020,209311,3000,1439,210872,2025-12-11
9741,812,September 2020,209311,3000,1880,210431,2022-09-22
9742,812,October 2020,209311,3000,1209,211102,2024-10-27
9743,812,November 2020,209311,1000,1721,208590,2024-11-02
9744,812,December 2020,209311,3000,896,211415,2023-10-14
9745,813,January 2020,150394,1000,810,150584,2025-06-28
9746,813,February 2020,150394,1000,32,151362,2025-03-03
9747,813,March 2020,150394,0,1719,148675,2025-12-12
9748,813,April 2020,150394,3000,889,152505,2024-07-26
9749,813,May 2020,150394,1000,936,150458,2025-03-20
9750,813,June 2020,150394,1000,507,150887,2025-04-10
9751,813,July 2020,150394,2000,443,151951,2025-08-19
9752,813,August 2020,150394,3000,98,153296,2025-02-22
9753,813,September 2020,150394,2000,1567,150827,2024-08-05
9754,813,October 2020,150394,0,579,149815,2024-02-24
9755,813,November 2020,150394,2000,1546,150848,2025-04-15
9756,813,December 2020,150394,1000,1474,149920,2023-01-02
9757,814,January 2020,131609,2000,2000,131609,2022-01-06
9758,814,February 2020,131609,3000,849,133760,2024-11-04
9759,814,March 2020,131609,0,961,130648,2025-12-10
9760,814,April 2020,131609,0,460,131149,2022-05-05
9761,814,May 2020,131609,2000,1421,132188,2025-01-27
9762,814,June 2020,131609,3000,469,134140,2023-12-01
9763,814,July 2020,131609,3000,1265,133344,2025-08-29
9764,814,August 2020,131609,1000,103,132506,2022-09-14
9765,814,September 2020,131609,1000,1855,130754,2025-10-11
9766,814,October 2020,131609,0,270,131339,2025-09-24
9767,814,November 2020,131609,1000,1690,130919,2024-02-22
9768,814,December 2020,131609,3000,896,133713,2024-07-01
9769,815,January 2020,79872,0,1798,78074,2024-10-13
9770,815,February 2020,79872,2000,206,81666,2025-10-23
9771,815,March 2020,79872,2000,1490,80382,2024-11-01
9772,815,April 2020,79872,3000,1880,80992,2023-07-19
9773,815,May 2020,79872,0,1311,78561,2022-03-01
9774,815,June 2020,79872,3000,186,82686,2025-10-15
9775,815,July 2020,79872,3000,1907,80965,2022-09-06
9776,815,August 2020,79872,2000,167,81705,2022-07-31
9777,815,September 2020,79872,0,147,79725,2023-11-10
9778,815,October 2020,79872,2000,1016,80856,2024-08-22
9779,815,November 2020,79872,0,1154,78718,2025-04-14
9780,815,December 2020,79872,1000,121,80751,2022-07-07
9781,816,January 2020,265110,3000,956,267154,2023-11-30
9782,816,February 2020,265110,0,1433,263677,2023-10-13
9783,816,March 2020,265110,2000,1080,266030,2023-10-05
9784,816,April 2020,265110,3000,845,267265,2022-12-02
9785,816,May 2020,265110,3000,124,267986,2022-09-15
9786,816,June 2020,265110,1000,605,265505,2024-01-01
9787,816,July 2020,265110,0,80,265030,2022-05-03
9788,816,August 2020,265110,3000,1337,266773,2022-12-01
9789,816,September 2020,265110,3000,1436,266674,2022-09-11
9790,816,October 2020,265110,1000,1910,264200,2025-07-09
9791,816,November 2020,265110,2000,1410,265700,2024-12-31
9792,816,December 2020,265110,0,1222,263888,2024-10-28
9793,817,January 2020,289083,1000,1943,288140,2024-11-26
9794,817,February 2020,289083,1000,62,290021,2022-04-01
9795,817,March 2020,289083,3000,625,291458,2024-06-08
9796,817,April 2020,289083,2000,790,290293,2025-02-24
9797,817,May 2020,289083,0,1325,287758,2022-02-01
9798,817,June 2020,289083,2000,255,290828,2023-09-11
9799,817,July 2020,289083,1000,960,289123,2024-11-30
9800,817,August 2020,289083,3000,1061,291022,2024-01-01
9801,817,September 2020,289083,1000,593,289490,2022-02-10
9802,817,October 2020,289083,0,87,288996,2022-12-05
9803,817,November 2020,289083,1000,1087,288996,2023-05-14
9804,817,December 2020,289083,2000,1688,289395,2024-10-15
9805,818,January 2020,189434,2000,4,191430,2023-01-16
9806,818,February 2020,189434,3000,247,192187,2024-09-28
9807,818,March 2020,189434,3000,584,191850,2023-07-28
9808,818,April 2020,189434,2000,1110,190324,2022-06-19
9809,818,May 2020,189434,1000,726,189708,2024-12-22
9810,818,June 2020,189434,3000,423,192011,2023-04-28
9811,818,July 2020,189434,0,482,188952,2025-01-15
9812,818,August 2020,189434,1000,530,189904,2023-11-06
9813,818,September 2020,189434,2000,1102,190332,2025-07-24
9814,818,October 2020,189434,1000,527,189907,2024-05-16
9815,818,November 2020,189434,1000,71,190363,2023-11-15
9816,818,December 2020,189434,0,1681,187753,2023-12-25
9817,819,January 2020,278539,0,976,277563,2024-03-08
9818,819,February 2020,278539,1000,577,278962,2023-07-23
9819,819,March 2020,278539,1000,9,279530,2022-06-11
9820,819,April 2020,278539,1000,1341,278198,2024-01-25
9821,819,May 2020,278539,1000,315,279224,2024-09-19
9822,819,June 2020,278539,3000,1104,280435,2025-02-03
9823,819,July 2020,278539,2000,1603,278936,2022-12-26
9824,819,August 2020,278539,3000,1570,279969,2022-07-23
9825,819,September 2020,278539,3000,453,281086,2025-10-24
9826,819,October 2020,278539,3000,908,280631,2022-07-28
9827,819,November 2020,278539,2000,80,280459,2022-04-16
9828,819,December 2020,278539,1000,400,279139,2022-06-07
9829,820,January 2020,160787,3000,735,163052,2025-11-25
9830,820,February 2020,160787,3000,371,163416,2024-03-22
9831,820,March 2020,160787,1000,829,160958,2023-04-10
9832,820,April 2020,160787,2000,1653,161134,2025-05-04
9833,820,May 2020,160787,2000,298,162489,2023-05-10
9834,820,June 2020,160787,2000,723,162064,2024-10-01
9835,820,July 2020,160787,1000,67,161720,2023-04-13
9836,820,August 2020,160787,2000,1509,161278,2022-05-11
9837,820,September 2020,160787,2000,1484,161303,2023-05-27
9838,820,October 2020,160787,1000,1432,160355,2025-04-09
9839,820,November 2020,160787,0,1556,159231,2024-07-27
9840,820,December 2020,160787,0,1576,159211,2024-06-23
9841,821,January 2020,185361,1000,792,185569,2022-08-27
9842,821,February 2020,185361,2000,1387,185974,2024-09-25
9843,821,March 2020,185361,0,1226,184135,2022-11-09
9844,821,April 2020,185361,0,1333,184028,2023-10-20
9845,821,May 2020,185361,3000,20,188341,2023-03-14
9846,821,June 2020,185361,0,809,184552,2023-12-09
9847,821,July 2020,185361,0,877,184484,2022-03-14
9848,821,August 2020,185361,1000,1203,185158,2024-10-20
9849,821,September 2020,185361,2000,29,187332,2022-07-17
9850,821,October 2020,185361,3000,715,187646,2025-04-29
9851,821,November 2020,185361,1000,1795,184566,2023-11-22
9852,821,December 2020,185361,0,297,185064,2023-12-19
9853,822,January 2020,166830,2000,1438,167392,2025-06-01
9854,822,February 2020,166830,2000,482,168348,2023-02-14
9855,822,March 2020,166830,2000,1651,167179,2023-02-02
9856,822,April 2020,166830,0,1879,164951,2022-08-14
9857,822,May 2020,166830,3000,451,169379,2024-11-29
9858,822,June 2020,166830,1000,60,167770,2025-10-18
9859,822,July 2020,166830,1000,1800,166030,2022-05-26
9860,822,August 2020,166830,1000,546,167284,2023-03-11
9861,822,September 2020,166830,3000,1112,168718,2023-12-25
9862,822,October 2020,166830,3000,843,168987,2022-05-31
9863,822,November 2020,166830,1000,675,167155,2023-11-05
9864,822,December 2020,166830,1000,962,166868,2023-03-17
9865,823,January 2020,134479,2000,1636,134843,2025-06-24
9866,823,February 2020,134479,3000,1844,135635,2023-12-31
9867,823,March 2020,134479,2000,1440,135039,2023-05-30
9868,823,April 2020,134479,1000,1497,133982,2023-09-19
9869,823,May 2020,134479,0,1511,132968,2022-09-19
9870,823,June 2020,134479,1000,1715,133764,2022-07-26
9871,823,July 2020,134479,0,1285,133194,2024-08-08
9872,823,August 2020,134479,2000,718,135761,2022-01-06
9873,823,September 2020,134479,0,1386,133093,2024-05-21
9874,823,October 2020,134479,0,572,133907,2025-06-19
9875,823,November 2020,134479,3000,792,136687,2024-01-26
9876,823,December 2020,134479,3000,450,137029,2022-04-07
9877,824,January 2020,246312,2000,274,248038,2024-06-05
9878,824,February 2020,246312,3000,1793,247519,2025-03-03
9879,824,March 2020,246312,2000,999,247313,2022-02-04
9880,824,April 2020,246312,3000,1779,247533,2024-12-13
9881,824,May 2020,246312,0,1109,245203,2025-03-01
9882,824,June 2020,246312,1000,1450,245862,2022-01-01
9883,824,July 2020,246312,0,1855,244457,2025-10-29
9884,824,August 2020,246312,0,1095,245217,2023-01-16
9885,824,September 2020,246312,0,676,245636,2022-03-27
9886,824,October 2020,246312,0,698,245614,2023-01-10
9887,824,November 2020,246312,2000,1569,246743,2025-02-16
9888,824,December 2020,246312,3000,1312,248000,2023-07-16
9889,825,January 2020,286042,3000,1913,287129,2024-05-01
9890,825,February 2020,286042,1000,1458,285584,2023-01-01
9891,825,March 2020,286042,2000,65,287977,2023-04-22
9892,825,April 2020,286042,0,1989,284053,2022-06-21
9893,825,May 2020,286042,0,1185,284857,2024-03-06
9894,825,June 2020,286042,3000,596,288446,2025-01-23
9895,825,July 2020,286042,0,325,285717,2024-10-13
9896,825,August 2020,286042,0,568,285474,2022-03-25
9897,825,September 2020,286042,3000,600,288442,2024-08-23
9898,825,October 2020,286042,0,299,285743,2024-02-09
9899,825,November 2020,286042,1000,1788,285254,2025-08-07
9900,825,December 2020,286042,2000,1178,286864,2024-08-26
9901,826,January 2020,245903,0,1308,244595,2023-04-30
9902,826,February 2020,245903,2000,312,247591,2023-11-12
9903,826,March 2020,245903,1000,221,246682,2022-08-24
9904,826,April 2020,245903,2000,122,247781,2025-09-30
9905,826,May 2020,245903,2000,638,247265,2022-02-03
9906,826,June 2020,245903,0,561,245342,2025-05-15
9907,826,July 2020,245903,1000,1052,245851,2025-05-14
9908,826,August 2020,245903,3000,1864,247039,2023-10-27
9909,826,September 2020,245903,2000,634,247269,2025-02-23
9910,826,October 2020,245903,3000,1192,247711,2022-02-14
9911,826,November 2020,245903,3000,1976,246927,2022-04-27
9912,826,December 2020,245903,2000,541,247362,2023-10-18
9913,827,January 2020,72134,1000,1015,72119,2025-05-16
9914,827,February 2020,72134,2000,1166,72968,2022-06-09
9915,827,March 2020,72134,3000,492,74642,2023-07-25
9916,827,April 2020,72134,1000,874,72260,2024-10-03
9917,827,May 2020,72134,2000,1206,72928,2023-12-03
9918,827,June 2020,72134,1000,1654,71480,2024-11-18
9919,827,July 2020,72134,1000,1117,72017,2023-01-21
9920,827,August 2020,72134,3000,1489,73645,2024-06-28
9921,827,September 2020,72134,3000,1681,73453,2025-06-04
9922,827,October 2020,72134,1000,833,72301,2025-03-01
9923,827,November 2020,72134,1000,1415,71719,2025-03-31
9924,827,December 2020,72134,0,1807,70327,2024-02-04
9925,828,January 2020,224022,1000,241,224781,2022-12-28
9926,828,February 2020,224022,3000,552,226470,2022-04-24
9927,828,March 2020,224022,3000,716,226306,2025-03-10
9928,828,April 2020,224022,0,1446,222576,2023-06-03
9929,828,May 2020,224022,1000,1288,223734,2022-03-19
9930,828,June 2020,224022,0,393,223629,2023-04-23
9931,828,July 2020,224022,0,129,223893,2025-06-25
9932,828,August 2020,224022,2000,1995,224027,2022-03-05
9933,828,September 2020,224022,0,493,223529,2023-03-24
9934,828,October 2020,224022,1000,368,224654,2025-09-25
9935,828,November 2020,224022,3000,638,226384,2022-08-29
9936,828,December 2020,224022,0,497,223525,2025-05-20
9937,829,January 2020,91002,3000,1210,92792,2023-04-08
9938,829,February 2020,91002,3000,1605,92397,2022-12-23
9939,829,March 2020,91002,2000,657,92345,2024-12-29
9940,829,April 2020,91002,0,1378,89624,2025-12-13
9941,829,May 2020,91002,0,1816,89186,2023-03-12
9942,829,June 2020,91002,2000,72,92930,2024-12-21
9943,829,July 2020,91002,1000,627,91375,2025-03-08
9944,829,August 2020,91002,1000,855,91147,2023-05-11
9945,829,September 2020,91002,3000,1960,92042,2023-03-09
9946,829,October 2020,91002,3000,1181,92821,2022-08-19
9947,829,November 2020,91002,1000,472,91530,2025-06-11
9948,829,December 2020,91002,2000,1123,91879,2023-06-02
9949,830,January 2020,248183,1000,645,248538,2022-06-10
9950,830,February 2020,248183,3000,1349,249834,2024-03-23
9951,830,March 2020,248183,2000,1834,248349,2025-04-20
9952,830,April 2020,248183,1000,34,249149,2023-04-25
9953,830,May 2020,248183,3000,1312,249871,2025-01-11
9954,830,June 2020,248183,2000,1607,248576,2024-09-15
9955,830,July 2020,248183,1000,1885,247298,2024-09-19
9956,830,August 2020,248183,2000,831,249352,2022-05-04
9957,830,September 2020,248183,0,614,247569,2023-11-18
9958,830,October 2020,248183,1000,412,248771,2023-04-01
9959,830,November 2020,248183,1000,1261,247922,2024-03-02
9960,830,December 2020,248183,0,1186,246997,2023-03-27
9961,831,January 2020,170704,1000,1368,170336,2025-05-05
9962,831,February 2020,170704,3000,332,173372,2025-07-13
9963,831,March 2020,170704,3000,271,173433,2023-02-03
9964,831,April 2020,170704,2000,1765,170939,2024-02-17
9965,831,May 2020,170704,2000,803,171901,2024-04-18
9966,831,June 2020,170704,3000,1823,171881,2022-11-08
9967,831,July 2020,170704,1000,1762,169942,2022-02-09
9968,831,August 2020,170704,0,1317,169387,2025-05-11
9969,831,September 2020,170704,3000,545,173159,2024-06-08
9970,831,October 2020,170704,0,1422,169282,2022-12-11
9971,831,November 2020,170704,3000,1499,172205,2025-03-23
9972,831,December 2020,170704,2000,47,172657,2022-04-24
9973,832,January 2020,155404,2000,30,157374,2022-12-08
9974,832,February 2020,155404,2000,802,156602,2023-02-15
9975,832,March 2020,155404,2000,137,157267,2025-12-01
9976,832,April 2020,155404,3000,842,157562,2022-01-16
9977,832,May 2020,155404,3000,1759,156645,2024-11-18
9978,832,June 2020,155404,2000,1518,155886,2024-07-14
9979,832,July 2020,155404,2000,1077,156327,2022-03-23
9980,832,August 2020,155404,1000,1444,154960,2024-09-06
9981,832,September 2020,155404,2000,985,156419,2024-02-24
9982,832,October 2020,155404,2000,1032,156372,2022-04-01
9983,832,November 2020,155404,3000,1799,156605,2025-02-19
9984,832,December 2020,155404,0,1085,154319,2024-10-24
9985,833,January 2020,152424,1000,1697,151727,2022-06-02
9986,833,February 2020,152424,3000,784,154640,2023-12-27
9987,833,March 2020,152424,3000,633,154791,2022-01-28
9988,833,April 2020,152424,1000,1307,152117,2024-08-27
9989,833,May 2020,152424,1000,346,153078,2024-02-09
9990,833,June 2020,152424,0,486,151938,2022-11-13
9991,833,July 2020,152424,1000,1304,152120,2025-07-16
9992,833,August 2020,152424,3000,803,154621,2022-04-10
9993,833,September 2020,152424,1000,207,153217,2025-05-12
9994,833,October 2020,152424,3000,685,154739,2025-02-17
9995,833,November 2020,152424,3000,163,155261,2023-06-02
9996,833,December 2020,152424,3000,1601,153823,2023-07-05
9997,834,January 2020,279416,3000,1658,280758,2025-09-13
9998,834,February 2020,279416,2000,340,281076,2022-04-26
9999,834,March 2020,279416,0,1188,278228,2024-12-27
10000,834,April 2020,279416,0,137,279279,2025-11-03
10001,834,May 2020,279416,1000,791,279625,2022-10-17
10002,834,June 2020,279416,1000,1945,278471,2025-04-03
10003,834,July 2020,279416,3000,388,282028,2024-08-19
10004,834,August 2020,279416,0,1339,278077,2023-05-12
10005,834,September 2020,279416,3000,1977,280439,2025-05-21
10006,834,October 2020,279416,0,537,278879,2025-02-07
10007,834,November 2020,279416,1000,1169,279247,2022-10-16
10008,834,December 2020,279416,0,1410,278006,2025-02-16
10009,835,January 2020,201846,0,643,201203,2022-12-28
10010,835,February 2020,201846,0,592,201254,2023-05-01
10011,835,March 2020,201846,2000,1832,202014,2025-11-03
10012,835,April 2020,201846,0,965,200881,2022-08-01
10013,835,May 2020,201846,0,681,201165,2025-03-16
10014,835,June 2020,201846,1000,892,201954,2023-04-29
10015,835,July 2020,201846,1000,797,202049,2025-10-13
10016,835,August 2020,201846,1000,1293,201553,2025-11-07
10017,835,September 2020,201846,1000,824,202022,2025-10-20
10018,835,October 2020,201846,2000,1857,201989,2022-03-23
10019,835,November 2020,201846,0,1362,200484,2025-09-15
10020,835,December 2020,201846,2000,1848,201998,2022-07-04
10021,836,January 2020,90513,2000,1592,90921,2025-11-12
10022,836,February 2020,90513,3000,1448,92065,2025-06-07
10023,836,March 2020,90513,1000,826,90687,2022-04-15
10024,836,April 2020,90513,2000,769,91744,2025-06-08
10025,836,May 2020,90513,0,600,89913,2025-12-02
10026,836,June 2020,90513,2000,53,92460,2025-01-20
10027,836,July 2020,90513,0,1472,89041,2025-02-25
10028,836,August 2020,90513,2000,1531,90982,2022-07-04
10029,836,September 2020,90513,0,1484,89029,2023-06-04
10030,836,October 2020,90513,3000,973,92540,2025-02-18
10031,836,November 2020,90513,3000,762,92751,2025-10-02
10032,836,December 2020,90513,3000,386,93127,2023-01-31
10033,837,January 2020,73337,1000,149,74188,2022-11-25
10034,837,February 2020,73337,3000,192,76145,2023-05-02
10035,837,March 2020,73337,1000,440,73897,2024-08-01
10036,837,April 2020,73337,0,1974,71363,2024-04-30
10037,837,May 2020,73337,1000,705,73632,2022-01-01
10038,837,June 2020,73337,0,1218,72119,2025-09-09
10039,837,July 2020,73337,3000,1873,74464,2024-06-08
10040,837,August 2020,73337,3000,1479,74858,2024-07-21
10041,837,September 2020,73337,2000,1352,73985,2024-05-29
10042,837,October 2020,73337,1000,1698,72639,2024-10-21
10043,837,November 2020,73337,3000,1939,74398,2025-01-25
10044,837,December 2020,73337,2000,1552,73785,2024-12-03
10045,838,January 2020,208134,0,1786,206348,2025-06-09
10046,838,February 2020,208134,1000,405,208729,2022-08-06
10047,838,March 2020,208134,3000,1826,209308,2023-10-05
10048,838,April 2020,208134,1000,840,208294,2024-08-25
10049,838,May 2020,208134,2000,312,209822,2024-02-17
10050,838,June 2020,208134,0,1874,206260,2022-01-20
10051,838,July 2020,208134,1000,1039,208095,2022-08-06
10052,838,August 2020,208134,2000,1224,208910,2024-08-15
10053,838,September 2020,208134,2000,36,210098,2024-05-06
10054,838,October 2020,208134,2000,325,209809,2022-05-26
10055,838,November 2020,208134,1000,1242,207892,2025-04-11
10056,838,December 2020,208134,0,191,207943,2022-02-11
10057,839,January 2020,161720,0,1885,159835,2022-03-06
10058,839,February 2020,161720,3000,1376,163344,2025-05-26
10059,839,March 2020,161720,0,1174,160546,2022-02-27
10060,839,April 2020,161720,2000,85,163635,2025-03-08
10061,839,May 2020,161720,1000,1250,161470,2025-01-13
10062,839,June 2020,161720,3000,1126,163594,2025-02-04
10063,839,July 2020,161720,3000,981,163739,2022-11-16
10064,839,August 2020,161720,1000,1530,161190,2024-06-07
10065,839,September 2020,161720,3000,1401,163319,2023-11-05
10066,839,October 2020,161720,0,469,161251,2025-08-15
10067,839,November 2020,161720,1000,85,162635,2024-04-05
10068,839,December 2020,161720,3000,1608,163112,2022-03-18
10069,840,January 2020,222324,2000,291,224033,2024-12-25
10070,840,February 2020,222324,2000,462,223862,2022-11-27
10071,840,March 2020,222324,3000,522,224802,2022-11-14
10072,840,April 2020,222324,2000,418,223906,2024-01-17
10073,840,May 2020,222324,1000,1549,221775,2022-05-13
10074,840,June 2020,222324,3000,728,224596,2025-01-19
10075,840,July 2020,222324,1000,1851,221473,2022-11-13
10076,840,August 2020,222324,2000,1226,223098,2023-12-09
10077,840,September 2020,222324,3000,1309,224015,2022-08-01
10078,840,October 2020,222324,0,850,221474,2023-12-05
10079,840,November 2020,222324,0,1620,220704,2024-12-01
10080,840,December 2020,222324,0,19,222305,2024-06-01
10081,841,January 2020,280482,2000,1903,280579,2022-09-03
10082,841,February 2020,280482,2000,1075,281407,2024-05-21
10083,841,March 2020,280482,3000,1080,282402,2023-08-25
10084,841,April 2020,280482,2000,1653,280829,2024-08-10
10085,841,May 2020,280482,2000,256,282226,2022-05-18
10086,841,June 2020,280482,2000,1388,281094,2025-08-18
10087,841,July 2020,280482,1000,1172,280310,2022-11-25
10088,841,August 2020,280482,3000,1053,282429,2023-03-16
10089,841,September 2020,280482,1000,169,281313,2022-08-01
10090,841,October 2020,280482,3000,1778,281704,2024-12-18
10091,841,November 2020,280482,3000,1007,282475,2024-08-30
10092,841,December 2020,280482,2000,795,281687,2022-12-05
10093,842,January 2020,76668,3000,1586,78082,2022-06-22
10094,842,February 2020,76668,2000,1688,76980,2022-03-09
10095,842,March 2020,76668,0,1212,75456,2022-02-04
10096,842,April 2020,76668,0,949,75719,2022-07-18
10097,842,May 2020,76668,1000,539,77129,2024-08-15
10098,842,June 2020,76668,0,761,75907,2022-08-21
10099,842,July 2020,76668,1000,1624,76044,2023-05-25
10100,842,August 2020,76668,0,958,75710,2022-09-26
10101,842,September 2020,76668,0,1376,75292,2024-11-04
10102,842,October 2020,76668,0,841,75827,2024-06-02
10103,842,November 2020,76668,2000,511,78157,2025-05-17
10104,842,December 2020,76668,2000,1289,77379,2022-12-24
10105,843,January 2020,162941,0,1410,161531,2023-03-26
10106,843,February 2020,162941,2000,1697,163244,2024-03-07
10107,843,March 2020,162941,3000,1026,164915,2024-11-27
10108,843,April 2020,162941,2000,84,164857,2022-04-17
10109,843,May 2020,162941,0,39,162902,2022-06-03
10110,843,June 2020,162941,0,475,162466,2024-01-31
10111,843,July 2020,162941,0,1633,161308,2024-05-18
10112,843,August 2020,162941,1000,283,163658,2024-04-16
10113,843,September 2020,162941,3000,492,165449,2025-07-13
10114,843,October 2020,162941,2000,1054,163887,2024-06-28
10115,843,November 2020,162941,2000,84,164857,2024-12-08
10116,843,December 2020,162941,0,1740,161201,2023-04-28
10117,844,January 2020,203019,0,1030,201989,2023-07-10
10118,844,February 2020,203019,1000,1784,202235,2023-05-15
10119,844,March 2020,203019,1000,39,203980,2025-10-10
10120,844,April 2020,203019,0,1349,201670,2022-05-17
10121,844,May 2020,203019,2000,1279,203740,2022-03-04
10122,844,June 2020,203019,1000,441,203578,2023-01-07
10123,844,July 2020,203019,1000,560,203459,2024-04-20
10124,844,August 2020,203019,2000,1617,203402,2023-10-14
10125,844,September 2020,203019,3000,1582,204437,2024-10-20
10126,844,October 2020,203019,1000,11,204008,2025-11-01
10127,844,November 2020,203019,2000,1706,203313,2023-06-01
10128,844,December 2020,203019,0,1156,201863,2022-03-03
10129,845,January 2020,277410,0,1148,276262,2024-10-31
10130,845,February 2020,277410,0,709,276701,2022-06-11
10131,845,March 2020,277410,1000,321,278089,2024-06-18
10132,845,April 2020,277410,3000,522,279888,2023-09-05
10133,845,May 2020,277410,3000,1889,278521,2023-11-23
10134,845,June 2020,277410,2000,425,278985,2025-11-09
10135,845,July 2020,277410,0,297,277113,2022-06-22
10136,845,August 2020,277410,1000,986,277424,2022-05-07
10137,845,September 2020,277410,0,1642,275768,2023-11-26
10138,845,October 2020,277410,1000,1132,277278,2022-03-19
10139,845,November 2020,277410,3000,1205,279205,2024-03-21
10140,845,December 2020,277410,1000,335,278075,2024-02-20
10141,846,January 2020,250272,3000,32,253240,2022-11-06
10142,846,February 2020,250272,3000,808,252464,2023-09-06
10143,846,March 2020,250272,2000,859,251413,2023-06-04
10144,846,April 2020,250272,3000,227,253045,2022-08-31
10145,846,May 2020,250272,2000,397,251875,2023-08-21
10146,846,June 2020,250272,3000,1109,252163,2025-10-08
10147,846,July 2020,250272,0,158,250114,2023-11-15
10148,846,August 2020,250272,3000,1742,251530,2023-09-01
10149,846,September 2020,250272,0,1360,248912,2025-03-11
10150,846,October 2020,250272,0,1457,248815,2024-01-10
10151,846,November 2020,250272,1000,651,250621,2024-11-17
10152,846,December 2020,250272,2000,1252,251020,2024-07-28
10153,847,January 2020,200634,2000,51,202583,2022-06-09
10154,847,February 2020,200634,3000,279,203355,2025-02-12
10155,847,March 2020,200634,2000,357,202277,2024-08-11
10156,847,April 2020,200634,3000,1997,201637,2024-06-17
10157,847,May 2020,200634,3000,1127,202507,2024-10-28
10158,847,June 2020,200634,1000,1100,200534,2025-04-03
10159,847,July 2020,200634,2000,1397,201237,2023-04-08
10160,847,August 2020,200634,3000,1758,201876,2023-08-07
10161,847,September 2020,200634,0,24,200610,2025-01-09
10162,847,October 2020,200634,1000,1295,200339,2024-10-29
10163,847,November 2020,200634,1000,498,201136,2024-08-28
10164,847,December 2020,200634,0,67,200567,2024-06-14
10165,848,January 2020,188177,0,1597,186580,2022-01-02
10166,848,February 2020,188177,0,39,188138,2022-11-30
10167,848,March 2020,188177,1000,958,188219,2023-12-31
10168,848,April 2020,188177,1000,4,189173,2024-04-26
10169,848,May 2020,188177,1000,1933,187244,2024-09-12
10170,848,June 2020,188177,0,593,187584,2025-06-14
10171,848,July 2020,188177,2000,1423,188754,2022-10-07
10172,848,August 2020,188177,2000,1486,188691,2023-08-04
10173,848,September 2020,188177,1000,829,188348,2025-10-05
10174,848,October 2020,188177,0,1339,186838,2025-11-26
10175,848,November 2020,188177,0,1430,186747,2023-06-02
10176,848,December 2020,188177,0,1139,187038,2022-06-28
10177,849,January 2020,206623,3000,1596,208027,2024-10-22
10178,849,February 2020,206623,3000,1105,208518,2025-09-24
10179,849,March 2020,206623,3000,189,209434,2024-11-11
10180,849,April 2020,206623,0,1515,205108,2025-08-22
10181,849,May 2020,206623,1000,62,207561,2023-12-01
10182,849,June 2020,206623,0,1896,204727,2022-09-03
10183,849,July 2020,206623,3000,987,208636,2024-10-26
10184,849,August 2020,206623,1000,1813,205810,2024-08-14
10185,849,September 2020,206623,0,174,206449,2025-02-16
10186,849,October 2020,206623,0,1597,205026,2023-10-30
10187,849,November 2020,206623,2000,970,207653,2022-11-15
10188,849,December 2020,206623,0,1618,205005,2025-11-22
10189,850,January 2020,258304,0,1045,257259,2022-01-07
10190,850,February 2020,258304,0,195,258109,2023-05-06
10191,850,March 2020,258304,2000,269,260035,2025-10-21
10192,850,April 2020,258304,2000,1042,259262,2024-08-30
10193,850,May 2020,258304,0,662,257642,2023-08-21
10194,850,June 2020,258304,0,529,257775,2024-11-10
10195,850,July 2020,258304,3000,1853,259451,2025-05-02
10196,850,August 2020,258304,2000,1063,259241,2023-06-24
10197,850,September 2020,258304,0,1023,257281,2023-11-16
10198,850,October 2020,258304,3000,1319,259985,2022-03-19
10199,850,November 2020,258304,3000,134,261170,2023-04-23
10200,850,December 2020,258304,1000,1620,257684,2025-08-02
10201,851,January 2020,225894,2000,274,227620,2025-01-08
10202,851,February 2020,225894,2000,71,227823,2025-02-19
10203,851,March 2020,225894,1000,283,226611,2022-11-07
10204,851,April 2020,225894,2000,119,227775,2023-08-15
10205,851,May 2020,225894,3000,787,228107,2023-02-16
10206,851,June 2020,225894,2000,535,227359,2022-01-24
10207,851,July 2020,225894,1000,1228,225666,2025-06-22
10208,851,August 2020,225894,3000,1271,227623,2022-09-08
10209,851,September 2020,225894,3000,188,228706,2022-08-03
10210,851,October 2020,225894,2000,1552,226342,2022-08-16
10211,851,November 2020,225894,1000,106,226788,2024-10-24
10212,851,December 2020,225894,0,381,225513,2024-04-22
10213,852,January 2020,252046,0,1952,250094,2025-08-14
10214,852,February 2020,252046,1000,1376,251670,2023-07-01
10215,852,March 2020,252046,3000,929,254117,2022-06-17
10216,852,April 2020,252046,3000,7,255039,2025-10-14
10217,852,May 2020,252046,2000,1538,252508,2023-05-31
10218,852,June 2020,252046,1000,995,252051,2024-02-06
10219,852,July 2020,252046,1000,504,252542,2022-05-18
10220,852,August 2020,252046,1000,1804,251242,2025-11-09
10221,852,September 2020,252046,3000,1207,253839,2023-12-12
10222,852,October 2020,252046,2000,1998,252048,2025-09-10
10223,852,November 2020,252046,1000,1105,251941,2023-06-28
10224,852,December 2020,252046,0,1736,250310,2025-04-30
10225,853,January 2020,149313,3000,1153,151160,2023-05-05
10226,853,February 2020,149313,1000,1521,148792,2023-01-10
10227,853,March 2020,149313,2000,536,150777,2025-10-21
10228,853,April 2020,149313,1000,631,149682,2025-09-05
10229,853,May 2020,149313,2000,1943,149370,2024-08-24
10230,853,June 2020,149313,1000,417,149896,2024-08-09
10231,853,July 2020,149313,3000,596,151717,2023-09-21
10232,853,August 2020,149313,1000,420,149893,2024-01-02
10233,853,September 2020,149313,0,1788,147525,2025-07-28
10234,853,October 2020,149313,2000,783,150530,2023-08-14
10235,853,November 2020,149313,2000,1086,150227,2024-06-20
10236,853,December 2020,149313,2000,1874,149439,2022-05-02
10237,854,January 2020,216465,1000,1329,216136,2022-01-27
10238,854,February 2020,216465,3000,548,218917,2023-02-24
10239,854,March 2020,216465,1000,1638,215827,2022-09-18
10240,854,April 2020,216465,0,189,216276,2024-08-21
10241,854,May 2020,216465,2000,761,217704,2023-05-30
10242,854,June 2020,216465,3000,1017,218448,2025-06-07
10243,854,July 2020,216465,3000,1876,217589,2023-02-07
10244,854,August 2020,216465,3000,1008,218457,2024-04-21
10245,854,September 2020,216465,0,433,216032,2023-02-04
10246,854,October 2020,216465,1000,963,216502,2022-07-29
10247,854,November 2020,216465,1000,1357,216108,2022-02-12
10248,854,December 2020,216465,1000,664,216801,2023-06-23
10249,855,January 2020,114510,2000,1473,115037,2022-10-13
10250,855,February 2020,114510,0,235,114275,2025-11-23
10251,855,March 2020,114510,3000,52,117458,2022-05-24
10252,855,April 2020,114510,1000,779,114731,2023-10-09
10253,855,May 2020,114510,2000,274,116236,2023-10-08
10254,855,June 2020,114510,3000,1022,116488,2023-02-23
10255,855,July 2020,114510,2000,1634,114876,2024-06-29
10256,855,August 2020,114510,1000,36,115474,2024-04-23
10257,855,September 2020,114510,0,759,113751,2025-12-19
10258,855,October 2020,114510,3000,736,116774,2022-03-12
10259,855,November 2020,114510,2000,574,115936,2024-10-23
10260,855,December 2020,114510,2000,1497,115013,2022-10-18
10261,856,January 2020,232763,3000,484,235279,2023-03-27
10262,856,February 2020,232763,2000,1004,233759,2022-05-04
10263,856,March 2020,232763,0,1278,231485,2022-07-01
10264,856,April 2020,232763,2000,1908,232855,2023-08-26
10265,856,May 2020,232763,3000,64,235699,2024-05-22
10266,856,June 2020,232763,3000,1797,233966,2023-05-13
10267,856,July 2020,232763,3000,1749,234014,2022-08-04
10268,856,August 2020,232763,2000,1632,233131,2025-08-17
10269,856,September 2020,232763,2000,131,234632,2025-12-08
10270,856,October 2020,232763,1000,1541,232222,2024-07-25
10271,856,November 2020,232763,0,1201,231562,2022-03-25
10272,856,December 2020,232763,3000,1930,233833,2022-08-01
10273,857,January 2020,242880,1000,840,243040,2025-02-18
10274,857,February 2020,242880,3000,1524,244356,2022-08-05
10275,857,March 2020,242880,0,1923,240957,2024-11-13
10276,857,April 2020,242880,1000,120,243760,2025-01-01
10277,857,May 2020,242880,2000,437,244443,2025-09-13
10278,857,June 2020,242880,1000,131,243749,2023-05-01
10279,857,July 2020,242880,2000,274,244606,2025-03-30
10280,857,August 2020,242880,1000,689,243191,2023-07-30
10281,857,September 2020,242880,1000,411,243469,2023-10-30
10282,857,October 2020,242880,0,2,242878,2023-01-02
10283,857,November 2020,242880,1000,508,243372,2023-06-21
10284,857,December 2020,242880,1000,1394,242486,2025-09-18
10285,858,January 2020,141520,3000,1995,142525,2023-03-25
10286,858,February 2020,141520,1000,35,142485,2023-11-10
10287,858,March 2020,141520,3000,393,144127,2024-02-13
10288,858,April 2020,141520,3000,482,144038,2025-01-13
10289,858,May 2020,141520,1000,1837,140683,2023-03-15
10290,858,June 2020,141520,0,218,141302,2025-05-06
10291,858,July 2020,141520,3000,1391,143129,2025-10-14
10292,858,August 2020,141520,0,1989,139531,2022-01-25
10293,858,September 2020,141520,0,1651,139869,2025-08-08
10294,858,October 2020,141520,0,1335,140185,2025-07-08
10295,858,November 2020,141520,1000,952,141568,2024-07-07
10296,858,December 2020,141520,2000,875,142645,2022-03-16
10297,859,January 2020,280732,1000,942,280790,2023-10-06
10298,859,February 2020,280732,0,40,280692,2025-06-18
10299,859,March 2020,280732,1000,1846,279886,2022-05-22
10300,859,April 2020,280732,2000,1499,281233,2025-01-17
10301,859,May 2020,280732,3000,1882,281850,2024-10-29
10302,859,June 2020,280732,3000,184,283548,2022-04-24
10303,859,July 2020,280732,2000,315,282417,2025-08-12
10304,859,August 2020,280732,3000,1315,282417,2022-02-24
10305,859,September 2020,280732,0,914,279818,2022-03-13
10306,859,October 2020,280732,0,969,279763,2023-05-30
10307,859,November 2020,280732,1000,1767,279965,2022-04-27
10308,859,December 2020,280732,3000,782,282950,2023-02-05
10309,860,January 2020,274175,2000,1900,274275,2025-05-14
10310,860,February 2020,274175,0,1262,272913,2025-12-22
10311,860,March 2020,274175,2000,718,275457,2023-07-07
10312,860,April 2020,274175,3000,743,276432,2023-03-17
10313,860,May 2020,274175,2000,715,275460,2022-05-12
10314,860,June 2020,274175,2000,1626,274549,2022-08-28
10315,860,July 2020,274175,2000,1863,274312,2023-07-19
10316,860,August 2020,274175,0,1483,272692,2022-09-09
10317,860,September 2020,274175,1000,1569,273606,2022-07-12
10318,860,October 2020,274175,3000,1260,275915,2022-08-02
10319,860,November 2020,274175,0,1178,272997,2022-02-02
10320,860,December 2020,274175,3000,1972,275203,2022-03-26
10321,861,January 2020,168668,2000,1316,169352,2024-06-08
10322,861,February 2020,168668,2000,245,170423,2023-08-25
10323,861,March 2020,168668,3000,1554,170114,2022-10-27
10324,861,April 2020,168668,1000,1526,168142,2025-01-27
10325,861,May 2020,168668,0,830,167838,2022-08-11
10326,861,June 2020,168668,3000,1279,170389,2023-01-26
10327,861,July 2020,168668,1000,751,168917,2023-03-16
10328,861,August 2020,168668,0,1882,166786,2022-06-17
10329,861,September 2020,168668,0,623,168045,2025-06-05
10330,861,October 2020,168668,0,463,168205,2025-01-21
10331,861,November 2020,168668,1000,1939,167729,2022-01-14
10332,861,December 2020,168668,3000,81,171587,2022-01-12
10333,862,January 2020,71014,1000,1798,70216,2025-03-17
10334,862,February 2020,71014,1000,1788,70226,2022-01-22
10335,862,March 2020,71014,2000,54,72960,2024-02-15
10336,862,April 2020,71014,0,1152,69862,2023-05-03
10337,862,May 2020,71014,2000,1489,71525,2022-01-30
10338,862,June 2020,71014,0,465,70549,2023-02-14
10339,862,July 2020,71014,1000,906,71108,2022-08-18
10340,862,August 2020,71014,3000,599,73415,2022-12-06
10341,862,September 2020,71014,0,919,70095,2022-01-18
10342,862,October 2020,71014,1000,1526,70488,2025-07-19
10343,862,November 2020,71014,1000,755,71259,2022-06-14
10344,862,December 2020,71014,0,1518,69496,2022-12-06
10345,863,January 2020,263223,1000,27,264196,2025-06-09
10346,863,February 2020,263223,2000,865,264358,2025-04-02
10347,863,March 2020,263223,3000,441,265782,2022-05-09
10348,863,April 2020,263223,2000,1636,263587,2024-09-20
10349,863,May 2020,263223,0,883,262340,2025-05-14
10350,863,June 2020,263223,3000,533,265690,2023-10-14
10351,863,July 2020,263223,1000,48,264175,2023-02-24
10352,863,August 2020,263223,2000,865,264358,2025-03-18
10353,863,September 2020,263223,0,1026,262197,2024-02-05
10354,863,October 2020,263223,3000,823,265400,2024-11-12
10355,863,November 2020,263223,2000,350,264873,2023-10-01
10356,863,December 2020,263223,3000,1842,264381,2025-12-19
10357,864,January 2020,217481,3000,478,220003,2023-02-14
10358,864,February 2020,217481,3000,707,219774,2023-06-04
10359,864,March 2020,217481,0,208,217273,2022-07-02
10360,864,April 2020,217481,2000,1669,217812,2024-05-18
10361,864,May 2020,217481,0,1669,215812,2025-07-02
10362,864,June 2020,217481,1000,388,218093,2025-04-13
10363,864,July 2020,217481,1000,908,217573,2023-10-02
10364,864,August 2020,217481,2000,332,219149,2022-10-28
10365,864,September 2020,217481,2000,1754,217727,2023-09-29
10366,864,October 2020,217481,3000,313,220168,2024-07-14
10367,864,November 2020,217481,2000,479,219002,2024-11-15
10368,864,December 2020,217481,3000,732,219749,2025-02-19
10369,865,January 2020,238132,3000,390,240742,2022-11-21
10370,865,February 2020,238132,0,417,237715,2024-02-02
10371,865,March 2020,238132,2000,934,239198,2025-09-30
10372,865,April 2020,238132,3000,74,241058,2024-11-27
10373,865,May 2020,238132,1000,993,238139,2023-03-31
10374,865,June 2020,238132,2000,1639,238493,2025-03-09
10375,865,July 2020,238132,0,1589,236543,2022-04-25
10376,865,August 2020,238132,1000,1822,237310,2022-03-03
10377,865,September 2020,238132,2000,820,239312,2024-08-26
10378,865,October 2020,238132,1000,715,238417,2025-03-01
10379,865,November 2020,238132,0,1426,236706,2022-03-12
10380,865,December 2020,238132,0,408,237724,2024-03-24
10381,866,January 2020,249106,0,1021,248085,2023-08-31
10382,866,February 2020,249106,1000,1977,248129,2025-05-25
10383,866,March 2020,249106,2000,495,250611,2024-01-15
10384,866,April 2020,249106,2000,574,250532,2022-03-11
10385,866,May 2020,249106,1000,128,249978,2025-05-19
10386,866,June 2020,249106,2000,337,250769,2023-10-26
10387,866,July 2020,249106,0,32,249074,2024-02-26
10388,866,August 2020,249106,1000,1981,248125,2023-10-12
10389,866,September 2020,249106,3000,1163,250943,2025-02-08
10390,866,October 2020,249106,2000,211,250895,2022-02-15
10391,866,November 2020,249106,1000,1989,248117,2022-06-04
10392,866,December 2020,249106,0,1143,247963,2025-06-01
10393,867,January 2020,245860,0,1884,243976,2025-10-15
10394,867,February 2020,245860,3000,272,248588,2025-12-13
10395,867,March 2020,245860,0,1002,244858,2023-02-11
10396,867,April 2020,245860,3000,1430,247430,2025-09-24
10397,867,May 2020,245860,3000,1143,247717,2023-12-09
10398,867,June 2020,245860,0,962,244898,2022-11-04
10399,867,July 2020,245860,3000,843,248017,2023-10-24
10400,867,August 2020,245860,2000,1524,246336,2022-10-31
10401,867,September 2020,245860,0,404,245456,2024-06-09
10402,867,October 2020,245860,3000,1213,247647,2024-03-25
10403,867,November 2020,245860,3000,1440,247420,2023-09-15
10404,867,December 2020,245860,1000,612,246248,2022-09-16
10405,868,January 2020,256337,3000,961,258376,2025-11-01
10406,868,February 2020,256337,3000,876,258461,2022-01-06
10407,868,March 2020,256337,1000,1239,256098,2024-05-13
10408,868,April 2020,256337,2000,1630,256707,2024-01-07
10409,868,May 2020,256337,2000,1932,256405,2022-10-27
10410,868,June 2020,256337,1000,187,257150,2025-07-01
10411,868,July 2020,256337,1000,1121,256216,2025-06-27
10412,868,August 2020,256337,3000,1803,257534,2025-01-29
10413,868,September 2020,256337,3000,127,259210,2024-05-18
10414,868,October 2020,256337,1000,1110,256227,2022-05-27
10415,868,November 2020,256337,2000,486,257851,2025-01-10
10416,868,December 2020,256337,3000,1529,257808,2023-06-19
10417,869,January 2020,90778,0,1001,89777,2025-05-27
10418,869,February 2020,90778,3000,619,93159,2023-01-07
10419,869,March 2020,90778,3000,1405,92373,2022-09-25
10420,869,April 2020,90778,2000,32,92746,2022-05-20
10421,869,May 2020,90778,1000,1625,90153,2023-03-14
10422,869,June 2020,90778,0,695,90083,2024-08-27
10423,869,July 2020,90778,2000,1864,90914,2024-02-03
10424,869,August 2020,90778,1000,696,91082,2022-07-26
10425,869,September 2020,90778,1000,1232,90546,2023-10-22
10426,869,October 2020,90778,2000,663,92115,2022-06-29
10427,869,November 2020,90778,3000,1816,91962,2025-12-14
10428,869,December 2020,90778,2000,1546,91232,2022-06-29
10429,870,January 2020,232781,3000,1569,234212,2024-04-26
10430,870,February 2020,232781,0,904,231877,2024-07-27
10431,870,March 2020,232781,2000,1872,232909,2025-11-16
10432,870,April 2020,232781,3000,547,235234,2023-02-27
10433,870,May 2020,232781,1000,1568,232213,2022-06-21
10434,870,June 2020,232781,3000,727,235054,2024-04-01
10435,870,July 2020,232781,0,577,232204,2023-06-02
10436,870,August 2020,232781,0,1896,230885,2023-08-28
10437,870,September 2020,232781,3000,1270,234511,2022-11-11
10438,870,October 2020,232781,3000,131,235650,2025-12-06
10439,870,November 2020,232781,1000,1469,232312,2022-06-23
10440,870,December 2020,232781,1000,1692,232089,2025-09-17
10441,871,January 2020,254552,1000,907,254645,2025-01-27
10442,871,February 2020,254552,0,1572,252980,2023-06-18
10443,871,March 2020,254552,0,116,254436,2025-05-22
10444,871,April 2020,254552,2000,118,256434,2023-03-16
10445,871,May 2020,254552,3000,1316,256236,2025-05-20
10446,871,June 2020,254552,3000,237,257315,2022-09-10
10447,871,July 2020,254552,3000,455,257097,2023-01-14
10448,871,August 2020,254552,2000,390,256162,2022-10-21
10449,871,September 2020,254552,0,626,253926,2022-02-18
10450,871,October 2020,254552,0,1401,253151,2025-08-11
10451,871,November 2020,254552,1000,1545,254007,2025-03-22
10452,871,December 2020,254552,3000,1287,256265,2023-02-05
10453,872,January 2020,191514,0,1535,189979,2025-09-29
10454,872,February 2020,191514,3000,1158,193356,2025-11-09
10455,872,March 2020,191514,3000,1328,193186,2023-03-21
10456,872,April 2020,191514,1000,658,191856,2025-01-29
10457,872,May 2020,191514,3000,1803,192711,2025-06-07
10458,872,June 2020,191514,1000,1807,190707,2023-08-08
10459,872,July 2020,191514,1000,712,191802,2024-03-14
10460,872,August 2020,191514,1000,1625,190889,2023-10-08
10461,872,September 2020,191514,2000,211,193303,2025-01-15
10462,872,October 2020,191514,3000,849,193665,2022-06-08
10463,872,November 2020,191514,0,913,190601,2023-10-25
10464,872,December 2020,191514,3000,1345,193169,2023-03-19
10465,873,January 2020,149023,0,1534,147489,2024-03-03
10466,873,February 2020,149023,1000,1991,148032,2023-08-21
10467,873,March 2020,149023,1000,1529,148494,2023-05-05
10468,873,April 2020,149023,2000,1304,149719,2024-05-07
10469,873,May 2020,149023,2000,1613,149410,2023-05-21
10470,873,June 2020,149023,1000,1412,148611,2022-02-20
10471,873,July 2020,149023,1000,1039,148984,2023-10-07
10472,873,August 2020,149023,0,459,148564,2023-09-29
10473,873,September 2020,149023,0,356,148667,2022-03-05
10474,873,October 2020,149023,1000,1320,148703,2025-10-26
10475,873,November 2020,149023,0,815,148208,2025-11-21
10476,873,December 2020,149023,1000,455,149568,2025-12-28
10477,874,January 2020,282774,1000,431,283343,2023-04-25
10478,874,February 2020,282774,2000,1173,283601,2023-12-11
10479,874,March 2020,282774,3000,834,284940,2025-09-09
10480,874,April 2020,282774,3000,57,285717,2023-12-06
10481,874,May 2020,282774,1000,720,283054,2024-03-07
10482,874,June 2020,282774,3000,1586,284188,2023-12-19
10483,874,July 2020,282774,3000,1771,284003,2022-12-22
10484,874,August 2020,282774,3000,1334,284440,2025-09-19
10485,874,September 2020,282774,1000,856,282918,2025-01-27
10486,874,October 2020,282774,0,586,282188,2024-08-05
10487,874,November 2020,282774,3000,1883,283891,2023-07-13
10488,874,December 2020,282774,0,1605,281169,2025-02-17
10489,875,January 2020,117829,3000,1031,119798,2023-01-17
10490,875,February 2020,117829,0,832,116997,2022-10-30
10491,875,March 2020,117829,2000,1333,118496,2025-07-13
10492,875,April 2020,117829,2000,1188,118641,2023-08-02
10493,875,May 2020,117829,0,191,117638,2024-12-14
10494,875,June 2020,117829,0,459,117370,2023-10-23
10495,875,July 2020,117829,0,1999,115830,2024-02-26
10496,875,August 2020,117829,2000,1807,118022,2023-05-28
10497,875,September 2020,117829,0,1620,116209,2025-09-14
10498,875,October 2020,117829,2000,574,119255,2023-08-08
10499,875,November 2020,117829,1000,1623,117206,2022-02-04
10500,875,December 2020,117829,0,90,117739,2024-06-20
10501,876,January 2020,130035,3000,1772,131263,2024-08-19
10502,876,February 2020,130035,3000,505,132530,2024-11-30
10503,876,March 2020,130035,1000,1272,129763,2024-01-01
10504,876,April 2020,130035,2000,478,131557,2023-09-29
10505,876,May 2020,130035,2000,678,131357,2023-12-21
10506,876,June 2020,130035,2000,42,131993,2024-03-21
10507,876,July 2020,130035,2000,1174,130861,2025-08-01
10508,876,August 2020,130035,0,310,129725,2024-08-14
10509,876,September 2020,130035,0,409,129626,2025-11-10
10510,876,October 2020,130035,3000,61,132974,2023-03-20
10511,876,November 2020,130035,3000,239,132796,2022-12-17
10512,876,December 2020,130035,3000,283,132752,2024-06-25
10513,877,January 2020,129587,0,1842,127745,2023-07-06
10514,877,February 2020,129587,3000,1547,131040,2025-11-02
10515,877,March 2020,129587,3000,1581,131006,2025-06-22
10516,877,April 2020,129587,1000,286,130301,2023-07-29
10517,877,May 2020,129587,2000,1549,130038,2024-09-22
10518,877,June 2020,129587,2000,1906,129681,2025-09-22
10519,877,July 2020,129587,0,518,129069,2024-03-22
10520,877,August 2020,129587,3000,1413,131174,2024-04-22
10521,877,September 2020,129587,2000,1919,129668,2023-05-21
10522,877,October 2020,129587,2000,1728,129859,2025-10-13
10523,877,November 2020,129587,1000,655,129932,2024-05-11
10524,877,December 2020,129587,1000,1414,129173,2023-09-10
10525,878,January 2020,129544,2000,1821,129723,2024-03-17
10526,878,February 2020,129544,3000,1263,131281,2024-01-02
10527,878,March 2020,129544,2000,139,131405,2025-04-06
10528,878,April 2020,129544,3000,1462,131082,2022-03-19
10529,878,May 2020,129544,2000,681,130863,2023-04-16
10530,878,June 2020,129544,3000,103,132441,2022-05-05
10531,878,July 2020,129544,2000,1364,130180,2022-12-15
10532,878,August 2020,129544,3000,1886,130658,2024-07-10
10533,878,September 2020,129544,0,498,129046,2025-08-23
10534,878,October 2020,129544,0,775,128769,2025-02-28
10535,878,November 2020,129544,0,977,128567,2025-02-17
10536,878,December 2020,129544,2000,1761,129783,2025-10-03
10537,879,January 2020,179228,1000,1561,178667,2025-03-24
10538,879,February 2020,179228,3000,1134,181094,2025-07-04
10539,879,March 2020,179228,2000,1700,179528,2025-09-27
10540,879,April 2020,179228,2000,822,180406,2023-10-21
10541,879,May 2020,179228,1000,623,179605,2024-07-07
10542,879,June 2020,179228,3000,910,181318,2024-12-22
10543,879,July 2020,179228,0,1675,177553,2023-07-07
10544,879,August 2020,179228,2000,1011,180217,2023-04-16
10545,879,September 2020,179228,0,123,179105,2024-04-13
10546,879,October 2020,179228,0,276,178952,2023-09-15
10547,879,November 2020,179228,2000,1269,179959,2022-07-22
10548,879,December 2020,179228,3000,1344,180884,2024-07-12
10549,880,January 2020,127286,3000,1966,128320,2025-07-16
10550,880,February 2020,127286,0,539,126747,2024-04-11
10551,880,March 2020,127286,0,399,126887,2025-09-24
10552,880,April 2020,127286,3000,1049,129237,2025-02-12
10553,880,May 2020,127286,3000,693,129593,2022-05-20
10554,880,June 2020,127286,3000,1092,129194,2023-07-20
10555,880,July 2020,127286,1000,1885,126401,2025-11-06
10556,880,August 2020,127286,1000,989,127297,2025-08-22
10557,880,September 2020,127286,0,429,126857,2022-12-04
10558,880,October 2020,127286,1000,563,127723,2025-06-05
10559,880,November 2020,127286,0,325,126961,2025-01-21
10560,880,December 2020,127286,3000,1592,128694,2023-06-27
10561,881,January 2020,272558,3000,1061,274497,2024-12-29
10562,881,February 2020,272558,2000,418,274140,2022-01-15
10563,881,March 2020,272558,0,246,272312,2023-01-28
10564,881,April 2020,272558,1000,783,272775,2024-02-01
10565,881,May 2020,272558,3000,629,274929,2024-02-26
10566,881,June 2020,272558,0,1828,270730,2022-03-28
10567,881,July 2020,272558,0,632,271926,2024-05-31
10568,881,August 2020,272558,3000,777,274781,2025-11-22
10569,881,September 2020,272558,3000,1041,274517,2023-01-07
10570,881,October 2020,272558,1000,192,273366,2023-05-01
10571,881,November 2020,272558,3000,973,274585,2022-01-30
10572,881,December 2020,272558,2000,562,273996,2024-03-09
10573,882,January 2020,177484,2000,1915,177569,2023-03-10
10574,882,February 2020,177484,1000,51,178433,2024-02-10
10575,882,March 2020,177484,2000,708,178776,2023-12-25
10576,882,April 2020,177484,3000,1537,178947,2024-01-20
10577,882,May 2020,177484,1000,996,177488,2025-10-24
10578,882,June 2020,177484,1000,611,177873,2024-11-20
10579,882,July 2020,177484,1000,5,178479,2024-01-26
10580,882,August 2020,177484,3000,16,180468,2022-04-11
10581,882,September 2020,177484,3000,1092,179392,2022-09-16
10582,882,October 2020,177484,1000,380,178104,2022-03-26
10583,882,November 2020,177484,1000,1519,176965,2024-05-31
10584,882,December 2020,177484,3000,1534,178950,2025-05-26
10585,883,January 2020,101294,1000,1770,100524,2024-03-11
10586,883,February 2020,101294,3000,1181,103113,2024-12-24
10587,883,March 2020,101294,1000,414,101880,2025-02-21
10588,883,April 2020,101294,3000,1015,103279,2022-01-10
10589,883,May 2020,101294,2000,1508,101786,2023-08-28
10590,883,June 2020,101294,1000,622,101672,2022-01-04
10591,883,July 2020,101294,0,747,100547,2024-09-21
10592,883,August 2020,101294,3000,264,104030,2022-03-10
10593,883,September 2020,101294,3000,72,104222,2024-10-18
10594,883,October 2020,101294,1000,288,102006,2022-11-26
10595,883,November 2020,101294,0,172,101122,2022-04-22
10596,883,December 2020,101294,1000,341,101953,2025-11-01
10597,884,January 2020,151070,1000,965,151105,2022-01-31
10598,884,February 2020,151070,2000,1691,151379,2024-05-08
10599,884,March 2020,151070,0,419,150651,2022-12-31
10600,884,April 2020,151070,3000,1016,153054,2023-08-02
10601,884,May 2020,151070,0,1265,149805,2024-09-26
10602,884,June 2020,151070,1000,1242,150828,2023-06-08
10603,884,July 2020,151070,3000,1260,152810,2022-12-23
10604,884,August 2020,151070,0,1302,149768,2023-12-21
10605,884,September 2020,151070,3000,106,153964,2024-11-29
10606,884,October 2020,151070,0,1961,149109,2022-08-02
10607,884,November 2020,151070,3000,1238,152832,2024-11-05
10608,884,December 2020,151070,1000,1646,150424,2025-01-18
10609,885,January 2020,171717,2000,1605,172112,2023-02-17
10610,885,February 2020,171717,2000,213,173504,2022-10-10
10611,885,March 2020,171717,0,1581,170136,2023-11-12
10612,885,April 2020,171717,1000,1714,171003,2024-01-22
10613,885,May 2020,171717,0,1670,170047,2022-05-31
10614,885,June 2020,171717,1000,742,171975,2025-12-29
10615,885,July 2020,171717,2000,625,173092,2024-07-06
10616,885,August 2020,171717,2000,255,173462,2022-10-23
10617,885,September 2020,171717,3000,1054,173663,2025-05-23
10618,885,October 2020,171717,1000,920,171797,2022-09-10
10619,885,November 2020,171717,3000,133,174584,2025-12-10
10620,885,December 2020,171717,0,758,170959,2023-12-19
10621,886,January 2020,230426,1000,523,230903,2024-09-30
10622,886,February 2020,230426,0,107,230319,2023-08-13
10623,886,March 2020,230426,3000,559,232867,2024-11-18
10624,886,April 2020,230426,2000,801,231625,2022-02-03
10625,886,May 2020,230426,3000,1962,231464,2025-09-27
10626,886,June 2020,230426,2000,836,231590,2022-02-26
10627,886,July 2020,230426,2000,1230,231196,2025-09-28
10628,886,August 2020,230426,0,73,230353,2023-01-10
10629,886,September 2020,230426,1000,968,230458,2022-12-07
10630,886,October 2020,230426,0,1604,228822,2023-05-06
10631,886,November 2020,230426,1000,1114,230312,2024-04-18
10632,886,December 2020,230426,3000,1909,231517,2024-09-23
10633,887,January 2020,247218,2000,1102,248116,2025-06-02
10634,887,February 2020,247218,1000,1289,246929,2024-04-04
10635,887,March 2020,247218,1000,1544,246674,2022-09-26
10636,887,April 2020,247218,2000,1765,247453,2025-07-01
10637,887,May 2020,247218,2000,777,248441,2022-09-27
10638,887,June 2020,247218,1000,1948,246270,2022-08-07
10639,887,July 2020,247218,2000,791,248427,2024-08-22
10640,887,August 2020,247218,3000,1519,248699,2025-12-26
10641,887,September 2020,247218,3000,1631,248587,2022-01-15
10642,887,October 2020,247218,0,1784,245434,2022-06-26
10643,887,November 2020,247218,3000,127,250091,2025-03-06
10644,887,December 2020,247218,0,1623,245595,2025-12-25
10645,888,January 2020,109871,1000,1234,109637,2025-04-22
10646,888,February 2020,109871,2000,335,111536,2024-02-20
10647,888,March 2020,109871,0,990,108881,2025-03-17
10648,888,April 2020,109871,3000,65,112806,2024-09-19
10649,888,May 2020,109871,0,618,109253,2024-04-27
10650,888,June 2020,109871,0,496,109375,2025-10-21
10651,888,July 2020,109871,2000,1117,110754,2024-06-01
10652,888,August 2020,109871,0,1636,108235,2025-10-22
10653,888,September 2020,109871,1000,837,110034,2023-12-29
10654,888,October 2020,109871,3000,1776,111095,2022-07-06
10655,888,November 2020,109871,1000,598,110273,2022-02-28
10656,888,December 2020,109871,0,1800,108071,2024-11-09
10657,889,January 2020,138118,0,350,137768,2022-11-14
10658,889,February 2020,138118,3000,614,140504,2025-09-10
10659,889,March 2020,138118,3000,1923,139195,2025-12-15
10660,889,April 2020,138118,2000,639,139479,2023-03-18
10661,889,May 2020,138118,2000,1741,138377,2022-04-06
10662,889,June 2020,138118,2000,1318,138800,2025-10-22
10663,889,July 2020,138118,3000,824,140294,2025-08-30
10664,889,August 2020,138118,0,110,138008,2023-04-16
10665,889,September 2020,138118,3000,1790,139328,2024-05-27
10666,889,October 2020,138118,0,1001,137117,2023-02-16
10667,889,November 2020,138118,1000,1030,138088,2024-06-02
10668,889,December 2020,138118,2000,1291,138827,2023-11-26
10669,890,January 2020,73662,1000,453,74209,2025-10-31
10670,890,February 2020,73662,1000,360,74302,2023-06-28
10671,890,March 2020,73662,3000,93,76569,2023-08-22
10672,890,April 2020,73662,3000,1548,75114,2024-07-01
10673,890,May 2020,73662,3000,1864,74798,2022-02-26
10674,890,June 2020,73662,3000,174,76488,2022-08-22
10675,890,July 2020,73662,0,737,72925,2022-08-29
10676,890,August 2020,73662,1000,1092,73570,2025-07-30
10677,890,September 2020,73662,0,1295,72367,2022-03-21
10678,890,October 2020,73662,1000,1752,72910,2025-11-08
10679,890,November 2020,73662,1000,1595,73067,2022-11-22
10680,890,December 2020,73662,0,1591,72071,2025-02-14
10681,891,January 2020,96578,1000,1518,96060,2025-09-22
10682,891,February 2020,96578,0,1288,95290,2023-04-19
10683,891,March 2020,96578,2000,187,98391,2022-09-03
10684,891,April 2020,96578,2000,1421,97157,2025-06-23
10685,891,May 2020,96578,0,1545,95033,2024-09-14
10686,891,June 2020,96578,1000,1445,96133,2025-04-02
10687,891,July 2020,96578,0,1833,94745,2022-11-26
10688,891,August 2020,96578,0,271,96307,2024-03-16
10689,891,September 2020,96578,1000,654,96924,2022-01-13
10690,891,October 2020,96578,2000,1932,96646,2025-06-23
10691,891,November 2020,96578,2000,1544,97034,2025-06-28
10692,891,December 2020,96578,3000,1857,97721,2025-06-23
10693,892,January 2020,289423,2000,764,290659,2025-12-19
10694,892,February 2020,289423,3000,1069,291354,2025-07-14
10695,892,March 2020,289423,1000,1992,288431,2023-02-06
10696,892,April 2020,289423,0,590,288833,2023-06-06
10697,892,May 2020,289423,3000,1908,290515,2024-03-14
10698,892,June 2020,289423,1000,1736,288687,2023-10-31
10699,892,July 2020,289423,0,1973,287450,2025-10-07
10700,892,August 2020,289423,1000,1338,289085,2023-06-12
10701,892,September 2020,289423,2000,622,290801,2022-03-22
10702,892,October 2020,289423,2000,1842,289581,2022-07-14
10703,892,November 2020,289423,1000,65,290358,2025-01-11
10704,892,December 2020,289423,0,472,288951,2024-03-30
10705,893,January 2020,216768,2000,1182,217586,2024-11-25
10706,893,February 2020,216768,0,1116,215652,2024-04-02
10707,893,March 2020,216768,1000,1887,215881,2022-05-11
10708,893,April 2020,216768,0,1229,215539,2023-10-14
10709,893,May 2020,216768,1000,332,217436,2023-12-04
10710,893,June 2020,216768,2000,1179,217589,2022-12-10
10711,893,July 2020,216768,2000,1708,217060,2022-09-21
10712,893,August 2020,216768,1000,1628,216140,2022-10-01
10713,893,September 2020,216768,0,998,215770,2024-08-15
10714,893,October 2020,216768,3000,1389,218379,2022-04-11
10715,893,November 2020,216768,2000,741,218027,2023-03-15
10716,893,December 2020,216768,1000,1518,216250,2025-07-06
10717,894,January 2020,188925,2000,132,190793,2023-04-13
10718,894,February 2020,188925,1000,0,189925,2022-02-08
10719,894,March 2020,188925,3000,1485,190440,2024-03-28
10720,894,April 2020,188925,0,1945,186980,2022-02-25
10721,894,May 2020,188925,3000,476,191449,2022-05-12
10722,894,June 2020,188925,1000,1964,187961,2023-04-20
10723,894,July 2020,188925,2000,675,190250,2024-02-16
10724,894,August 2020,188925,1000,921,189004,2022-02-26
10725,894,September 2020,188925,0,1901,187024,2024-02-24
10726,894,October 2020,188925,3000,37,191888,2025-07-04
10727,894,November 2020,188925,2000,1044,189881,2025-07-06
10728,894,December 2020,188925,2000,1117,189808,2025-04-09
10729,895,January 2020,180288,1000,1274,180014,2023-10-08
10730,895,February 2020,180288,0,477,179811,2023-02-28
10731,895,March 2020,180288,0,1288,179000,2025-08-23
10732,895,April 2020,180288,2000,52,182236,2022-12-03
10733,895,May 2020,180288,3000,1483,181805,2024-03-22
10734,895,June 2020,180288,1000,1783,179505,2025-06-21
10735,895,July 2020,180288,1000,1596,179692,2022-02-09
10736,895,August 2020,180288,2000,238,182050,2023-12-18
10737,895,September 2020,180288,0,683,179605,2023-06-05
10738,895,October 2020,180288,2000,289,181999,2023-04-11
10739,895,November 2020,180288,2000,1308,180980,2023-07-10
10740,895,December 2020,180288,3000,1195,182093,2022-05-22
10741,896,January 2020,122715,0,104,122611,2022-10-12
10742,896,February 2020,122715,1000,1203,122512,2025-12-30
10743,896,March 2020,122715,3000,61,125654,2024-01-24
10744,896,April 2020,122715,1000,1352,122363,2024-02-27
10745,896,May 2020,122715,2000,1827,122888,2023-11-27
10746,896,June 2020,122715,0,1029,121686,2025-12-21
10747,896,July 2020,122715,1000,415,123300,2023-10-08
10748,896,August 2020,122715,1000,752,122963,2024-06-05
10749,896,September 2020,122715,0,369,122346,2023-03-24
10750,896,October 2020,122715,0,847,121868,2022-07-15
10751,896,November 2020,122715,3000,1011,124704,2023-05-05
10752,896,December 2020,122715,1000,1917,121798,2023-09-12
10753,897,January 2020,205364,2000,434,206930,2022-11-01
10754,897,February 2020,205364,3000,1683,206681,2022-05-24
10755,897,March 2020,205364,3000,1666,206698,2024-05-23
10756,897,April 2020,205364,0,347,205017,2023-06-12
10757,897,May 2020,205364,2000,1184,206180,2025-05-01
10758,897,June 2020,205364,3000,57,208307,2023-08-12
10759,897,July 2020,205364,2000,1389,205975,2024-06-19
10760,897,August 2020,205364,1000,1738,204626,2022-01-14
10761,897,September 2020,205364,2000,566,206798,2025-05-03
10762,897,October 2020,205364,3000,283,208081,2022-05-24
10763,897,November 2020,205364,2000,1423,205941,2022-06-03
10764,897,December 2020,205364,1000,1085,205279,2025-12-19
10765,898,January 2020,221271,3000,945,223326,2022-02-14
10766,898,February 2020,221271,3000,538,223733,2022-12-12
10767,898,March 2020,221271,0,123,221148,2022-06-12
10768,898,April 2020,221271,3000,1961,222310,2022-04-14
10769,898,May 2020,221271,1000,1808,220463,2022-08-15
10770,898,June 2020,221271,2000,54,223217,2022-12-04
10771,898,July 2020,221271,3000,1062,223209,2023-02-09
10772,898,August 2020,221271,1000,204,222067,2023-04-21
10773,898,September 2020,221271,1000,1247,221024,2025-02-18
10774,898,October 2020,221271,3000,761,223510,2023-10-29
10775,898,November 2020,221271,2000,1396,221875,2022-05-21
10776,898,December 2020,221271,3000,676,223595,2022-01-01
10777,899,January 2020,156240,2000,1765,156475,2023-06-02
10778,899,February 2020,156240,1000,1953,155287,2023-09-14
10779,899,March 2020,156240,2000,569,157671,2023-11-22
10780,899,April 2020,156240,3000,1354,157886,2022-09-05
10781,899,May 2020,156240,2000,378,157862,2025-07-05
10782,899,June 2020,156240,3000,1643,157597,2023-08-26
10783,899,July 2020,156240,3000,1926,157314,2022-03-16
10784,899,August 2020,156240,0,994,155246,2022-05-01
10785,899,September 2020,156240,2000,948,157292,2022-10-01
10786,899,October 2020,156240,3000,1141,158099,2022-09-02
10787,899,November 2020,156240,2000,598,157642,2025-08-05
10788,899,December 2020,156240,3000,1245,157995,2023-05-21
10789,900,January 2020,153510,0,843,152667,2024-04-12
10790,900,February 2020,153510,0,1274,152236,2022-08-04
10791,900,March 2020,153510,3000,1456,155054,2023-09-30
10792,900,April 2020,153510,0,798,152712,2024-11-18
10793,900,May 2020,153510,0,1277,152233,2025-01-24
10794,900,June 2020,153510,2000,1665,153845,2022-12-16
10795,900,July 2020,153510,1000,1501,153009,2024-04-15
10796,900,August 2020,153510,0,1253,152257,2025-10-17
10797,900,September 2020,153510,2000,1512,153998,2023-04-21
10798,900,October 2020,153510,1000,39,154471,2024-10-18
10799,900,November 2020,153510,0,1101,152409,2022-08-21
10800,900,December 2020,153510,1000,1273,153237,2025-12-27
10801,901,January 2020,227282,3000,166,230116,2025-02-14
10802,901,February 2020,227282,2000,1537,227745,2022-10-06
10803,901,March 2020,227282,0,121,227161,2023-09-03
10804,901,April 2020,227282,0,1870,225412,2024-11-22
10805,901,May 2020,227282,3000,593,229689,2024-11-03
10806,901,June 2020,227282,0,179,227103,2022-06-18
10807,901,July 2020,227282,0,117,227165,2022-12-31
10808,901,August 2020,227282,2000,1438,227844,2023-11-07
10809,901,September 2020,227282,2000,716,228566,2025-02-08
10810,901,October 2020,227282,0,1003,226279,2025-05-19
10811,901,November 2020,227282,0,1133,226149,2022-06-02
10812,901,December 2020,227282,0,1367,225915,2022-08-18
10813,902,January 2020,74237,2000,254,75983,2023-09-07
10814,902,February 2020,74237,2000,1479,74758,2023-09-10
10815,902,March 2020,74237,2000,970,75267,2023-12-10
10816,902,April 2020,74237,0,1083,73154,2025-12-16
10817,902,May 2020,74237,3000,825,76412,2025-02-11
10818,902,June 2020,74237,1000,938,74299,2023-04-18
10819,902,July 2020,74237,2000,1497,74740,2024-08-24
10820,902,August 2020,74237,1000,1906,73331,2022-07-28
10821,902,September 2020,74237,3000,288,76949,2024-11-22
10822,902,October 2020,74237,1000,334,74903,2024-09-25
10823,902,November 2020,74237,1000,120,75117,2024-08-12
10824,902,December 2020,74237,3000,1198,76039,2023-06-25
10825,903,January 2020,234720,1000,1671,234049,2025-10-24
10826,903,February 2020,234720,3000,292,237428,2025-09-23
10827,903,March 2020,234720,3000,1814,235906,2022-05-03
10828,903,April 2020,234720,0,1780,232940,2022-06-08
10829,903,May 2020,234720,2000,260,236460,2024-03-28
10830,903,June 2020,234720,1000,267,235453,2025-12-09
10831,903,July 2020,234720,3000,924,236796,2023-11-26
10832,903,August 2020,234720,0,924,233796,2025-09-23
10833,903,September 2020,234720,2000,526,236194,2023-05-06
10834,903,October 2020,234720,2000,753,235967,2024-06-05
10835,903,November 2020,234720,2000,1904,234816,2023-06-26
10836,903,December 2020,234720,3000,1814,235906,2024-01-24
10837,904,January 2020,73616,0,1759,71857,2023-09-21
10838,904,February 2020,73616,1000,28,74588,2022-07-14
10839,904,March 2020,73616,3000,1711,74905,2022-04-04
10840,904,April 2020,73616,0,1529,72087,2024-09-21
10841,904,May 2020,73616,0,964,72652,2022-06-15
10842,904,June 2020,73616,3000,1812,74804,2024-06-03
10843,904,July 2020,73616,3000,1723,74893,2024-04-05
10844,904,August 2020,73616,1000,343,74273,2022-01-29
10845,904,September 2020,73616,3000,1136,75480,2023-01-05
10846,904,October 2020,73616,3000,949,75667,2025-01-27
10847,904,November 2020,73616,0,1093,72523,2024-09-07
10848,904,December 2020,73616,3000,120,76496,2025-10-04
10849,905,January 2020,103313,0,1087,102226,2023-12-09
10850,905,February 2020,103313,2000,1912,103401,2025-07-05
10851,905,March 2020,103313,2000,796,104517,2023-08-26
10852,905,April 2020,103313,2000,1320,103993,2024-11-15
10853,905,May 2020,103313,0,193,103120,2025-05-02
10854,905,June 2020,103313,1000,601,103712,2024-01-14
10855,905,July 2020,103313,2000,706,104607,2023-10-23
10856,905,August 2020,103313,2000,376,104937,2024-05-15
10857,905,September 2020,103313,0,46,103267,2022-01-19
10858,905,October 2020,103313,1000,436,103877,2025-12-11
10859,905,November 2020,103313,2000,224,105089,2022-10-22
10860,905,December 2020,103313,0,906,102407,2024-08-08
10861,906,January 2020,165391,1000,1234,165157,2024-05-16
10862,906,February 2020,165391,0,274,165117,2025-03-17
10863,906,March 2020,165391,1000,1339,165052,2023-10-20
10864,906,April 2020,165391,2000,394,166997,2022-01-02
10865,906,May 2020,165391,0,583,164808,2022-12-10
10866,906,June 2020,165391,2000,585,166806,2022-06-13
10867,906,July 2020,165391,3000,1106,167285,2023-05-16
10868,906,August 2020,165391,3000,75,168316,2022-03-06
10869,906,September 2020,165391,0,1445,163946,2024-12-06
10870,906,October 2020,165391,0,261,165130,2024-07-09
10871,906,November 2020,165391,2000,989,166402,2024-07-17
10872,906,December 2020,165391,0,1468,163923,2023-09-08
10873,907,January 2020,95473,2000,1398,96075,2024-02-29
10874,907,February 2020,95473,3000,1858,96615,2025-12-04
10875,907,March 2020,95473,1000,514,95959,2023-12-19
10876,907,April 2020,95473,0,197,95276,2025-09-24
10877,907,May 2020,95473,3000,1458,97015,2025-11-29
10878,907,June 2020,95473,2000,1726,95747,2025-05-16
10879,907,July 2020,95473,1000,1424,95049,2024-06-08
10880,907,August 2020,95473,2000,1710,95763,2023-02-05
10881,907,September 2020,95473,1000,18,96455,2025-12-23
10882,907,October 2020,95473,3000,956,97517,2025-01-18
10883,907,November 2020,95473,3000,125,98348,2022-04-30
10884,907,December 2020,95473,2000,1748,95725,2025-05-06
10885,908,January 2020,210223,0,1386,208837,2023-10-02
10886,908,February 2020,210223,1000,1369,209854,2022-12-09
10887,908,March 2020,210223,2000,1443,210780,2023-10-14
10888,908,April 2020,210223,3000,1798,211425,2023-01-19
10889,908,May 2020,210223,2000,1125,211098,2023-12-28
10890,908,June 2020,210223,0,334,209889,2022-12-02
10891,908,July 2020,210223,1000,1857,209366,2022-11-20
10892,908,August 2020,210223,0,1413,208810,2023-07-06
10893,908,September 2020,210223,2000,1766,210457,2025-11-10
10894,908,October 2020,210223,0,427,209796,2022-10-11
10895,908,November 2020,210223,2000,855,211368,2023-04-28
10896,908,December 2020,210223,3000,1171,212052,2024-03-22
10897,909,January 2020,165543,3000,1106,167437,2025-07-16
10898,909,February 2020,165543,2000,1087,166456,2025-11-10
10899,909,March 2020,165543,2000,1738,165805,2025-12-20
10900,909,April 2020,165543,3000,174,168369,2022-03-29
10901,909,May 2020,165543,1000,1172,165371,2024-01-21
10902,909,June 2020,165543,2000,1732,165811,2025-06-02
10903,909,July 2020,165543,0,1237,164306,2022-02-22
10904,909,August 2020,165543,2000,930,166613,2022-05-02
10905,909,September 2020,165543,1000,1835,164708,2025-08-31
10906,909,October 2020,165543,3000,1208,167335,2025-04-06
10907,909,November 2020,165543,3000,1955,166588,2024-11-10
10908,909,December 2020,165543,0,1579,163964,2025-11-07
10909,910,January 2020,212374,3000,144,215230,2025-08-22
10910,910,February 2020,212374,1000,1413,211961,2023-02-09
10911,910,March 2020,212374,0,1224,211150,2025-12-01
10912,910,April 2020,212374,0,989,211385,2024-12-11
10913,910,May 2020,212374,1000,577,212797,2023-05-28
10914,910,June 2020,212374,0,972,211402,2024-03-29
10915,910,July 2020,212374,2000,1970,212404,2023-10-08
10916,910,August 2020,212374,2000,530,213844,2022-12-06
10917,910,September 2020,212374,3000,464,214910,2025-12-19
10918,910,October 2020,212374,0,1948,210426,2022-04-11
10919,910,November 2020,212374,2000,182,214192,2024-04-09
10920,910,December 2020,212374,2000,1790,212584,2022-04-10
10921,911,January 2020,104148,2000,1618,104530,2023-07-31
10922,911,February 2020,104148,2000,862,105286,2023-04-18
10923,911,March 2020,104148,3000,674,106474,2025-07-07
10924,911,April 2020,104148,1000,1353,103795,2024-03-03
10925,911,May 2020,104148,3000,473,106675,2025-10-11
10926,911,June 2020,104148,2000,1084,105064,2022-01-18
10927,911,July 2020,104148,0,838,103310,2025-06-09
10928,911,August 2020,104148,3000,1047,106101,2024-04-15
10929,911,September 2020,104148,3000,106,107042,2025-09-24
10930,911,October 2020,104148,1000,1718,103430,2023-06-24
10931,911,November 2020,104148,3000,301,106847,2023-10-08
10932,911,December 2020,104148,1000,1815,103333,2022-05-17
10933,912,January 2020,234451,0,1182,233269,2022-03-03
10934,912,February 2020,234451,0,1039,233412,2023-03-13
10935,912,March 2020,234451,1000,1324,234127,2023-09-08
10936,912,April 2020,234451,2000,1942,234509,2023-12-19
10937,912,May 2020,234451,1000,1104,234347,2025-05-05
10938,912,June 2020,234451,2000,251,236200,2025-04-01
10939,912,July 2020,234451,3000,1719,235732,2022-10-30
10940,912,August 2020,234451,2000,11,236440,2025-07-21
10941,912,September 2020,234451,3000,87,237364,2022-07-12
10942,912,October 2020,234451,0,1004,233447,2025-04-21
10943,912,November 2020,234451,2000,1375,235076,2025-06-14
10944,912,December 2020,234451,2000,1334,235117,2025-08-25
10945,913,January 2020,193141,0,964,192177,2022-10-07
10946,913,February 2020,193141,1000,75,194066,2024-10-27
10947,913,March 2020,193141,1000,943,193198,2022-01-27
10948,913,April 2020,193141,2000,609,194532,2023-08-28
10949,913,May 2020,193141,2000,149,194992,2025-01-08
10950,913,June 2020,193141,1000,537,193604,2023-06-24
10951,913,July 2020,193141,0,675,192466,2023-04-20
10952,913,August 2020,193141,2000,1979,193162,2022-07-13
10953,913,September 2020,193141,0,230,192911,2022-04-14
10954,913,October 2020,193141,0,1590,191551,2023-10-11
10955,913,November 2020,193141,0,356,192785,2022-04-03
10956,913,December 2020,193141,2000,1695,193446,2024-01-10
10957,914,January 2020,123406,3000,657,125749,2025-07-05
10958,914,February 2020,123406,0,1717,121689,2024-06-12
10959,914,March 2020,123406,1000,608,123798,2025-12-15
10960,914,April 2020,123406,1000,371,124035,2023-03-29
10961,914,May 2020,123406,2000,449,124957,2024-11-17
10962,914,June 2020,123406,0,1502,121904,2024-03-05
10963,914,July 2020,123406,3000,367,126039,2025-03-04
10964,914,August 2020,123406,1000,421,123985,2024-10-30
10965,914,September 2020,123406,2000,1436,123970,2025-10-29
10966,914,October 2020,123406,3000,1783,124623,2022-11-10
10967,914,November 2020,123406,2000,42,125364,2025-07-14
10968,914,December 2020,123406,2000,1720,123686,2025-10-31
10969,915,January 2020,118734,2000,717,120017,2025-04-12
10970,915,February 2020,118734,1000,1555,118179,2024-06-20
10971,915,March 2020,118734,2000,1563,119171,2025-02-25
10972,915,April 2020,118734,3000,1732,120002,2023-12-07
10973,915,May 2020,118734,3000,1301,120433,2022-03-27
10974,915,June 2020,118734,1000,1418,118316,2025-03-08
10975,915,July 2020,118734,0,1990,116744,2024-10-13
10976,915,August 2020,118734,2000,627,120107,2023-10-22
10977,915,September 2020,118734,2000,1350,119384,2024-06-07
10978,915,October 2020,118734,0,1609,117125,2025-12-28
10979,915,November 2020,118734,2000,227,120507,2024-01-19
10980,915,December 2020,118734,0,305,118429,2025-08-26
10981,916,January 2020,164242,0,203,164039,2023-08-28
10982,916,February 2020,164242,2000,1766,164476,2025-06-30
10983,916,March 2020,164242,0,1659,162583,2024-02-05
10984,916,April 2020,164242,1000,669,164573,2025-03-02
10985,916,May 2020,164242,0,191,164051,2024-03-21
10986,916,June 2020,164242,1000,959,164283,2024-04-20
10987,916,July 2020,164242,0,1800,162442,2022-09-11
10988,916,August 2020,164242,2000,1238,165004,2025-05-27
10989,916,September 2020,164242,2000,965,165277,2023-05-30
10990,916,October 2020,164242,0,1984,162258,2023-06-18
10991,916,November 2020,164242,1000,315,164927,2024-10-10
10992,916,December 2020,164242,2000,1026,165216,2022-11-16
10993,917,January 2020,283483,3000,1211,285272,2024-06-30
10994,917,February 2020,283483,3000,24,286459,2023-10-03
10995,917,March 2020,283483,3000,1076,285407,2024-07-09
10996,917,April 2020,283483,2000,1523,283960,2023-06-21
10997,917,May 2020,283483,1000,794,283689,2025-08-29
10998,917,June 2020,283483,1000,1758,282725,2025-04-04
10999,917,July 2020,283483,1000,1488,282995,2022-01-23
11000,917,August 2020,283483,0,1827,281656,2025-10-22
11001,917,September 2020,283483,3000,560,285923,2023-09-30
11002,917,October 2020,283483,3000,253,286230,2025-09-07
11003,917,November 2020,283483,2000,365,285118,2024-11-25
11004,917,December 2020,283483,2000,1067,284416,2024-01-17
11005,918,January 2020,99237,0,503,98734,2022-01-16
11006,918,February 2020,99237,3000,164,102073,2025-09-04
11007,918,March 2020,99237,2000,449,100788,2022-11-15
11008,918,April 2020,99237,1000,868,99369,2025-08-24
11009,918,May 2020,99237,0,1837,97400,2025-04-17
11010,918,June 2020,99237,2000,899,100338,2022-08-10
11011,918,July 2020,99237,2000,1555,99682,2022-05-20
11012,918,August 2020,99237,2000,1850,99387,2022-07-30
11013,918,September 2020,99237,3000,1892,100345,2025-08-21
11014,918,October 2020,99237,2000,1604,99633,2023-03-06
11015,918,November 2020,99237,1000,1991,98246,2022-04-25
11016,918,December 2020,99237,0,999,98238,2024-10-25
11017,919,January 2020,104442,0,299,104143,2022-01-31
11018,919,February 2020,104442,3000,1283,106159,2023-10-27
11019,919,March 2020,104442,1000,1914,103528,2022-06-29
11020,919,April 2020,104442,0,90,104352,2022-06-13
11021,919,May 2020,104442,0,918,103524,2023-05-05
11022,919,June 2020,104442,2000,246,106196,2025-07-03
11023,919,July 2020,104442,1000,885,104557,2023-07-13
11024,919,August 2020,104442,3000,981,106461,2025-11-25
11025,919,September 2020,104442,1000,961,104481,2022-03-23
11026,919,October 2020,104442,2000,354,106088,2022-08-23
11027,919,November 2020,104442,2000,480,105962,2022-07-19
11028,919,December 2020,104442,0,1816,102626,2025-09-08
11029,920,January 2020,152118,3000,1440,153678,2024-07-18
11030,920,February 2020,152118,2000,279,153839,2023-09-04
11031,920,March 2020,152118,3000,788,154330,2025-09-24
11032,920,April 2020,152118,0,796,151322,2023-06-20
11033,920,May 2020,152118,0,1018,151100,2025-07-30
11034,920,June 2020,152118,3000,162,154956,2022-08-29
11035,920,July 2020,152118,2000,1695,152423,2023-10-01
11036,920,August 2020,152118,1000,1412,151706,2022-05-22
11037,920,September 2020,152118,0,799,151319,2022-09-27
11038,920,October 2020,152118,2000,1957,152161,2023-07-18
11039,920,November 2020,152118,3000,685,154433,2025-07-25
11040,920,December 2020,152118,3000,481,154637,2023-02-08
11041,921,January 2020,168511,1000,678,168833,2025-01-25
11042,921,February 2020,168511,3000,257,171254,2025-05-11
11043,921,March 2020,168511,1000,681,168830,2025-01-16
11044,921,April 2020,168511,0,822,167689,2025-08-15
11045,921,May 2020,168511,2000,504,170007,2022-05-25
11046,921,June 2020,168511,3000,957,170554,2022-08-30
11047,921,July 2020,168511,3000,1427,170084,2025-03-19
11048,921,August 2020,168511,3000,47,171464,2025-11-12
11049,921,September 2020,168511,3000,254,171257,2024-06-27
11050,921,October 2020,168511,1000,1647,167864,2024-02-27
11051,921,November 2020,168511,3000,959,170552,2023-03-19
11052,921,December 2020,168511,2000,1229,169282,2024-10-16
11053,922,January 2020,164779,0,1380,163399,2024-12-07
11054,922,February 2020,164779,2000,1427,165352,2025-10-07
11055,922,March 2020,164779,1000,1692,164087,2024-10-08
11056,922,April 2020,164779,2000,1893,164886,2022-06-16
11057,922,May 2020,164779,1000,435,165344,2023-09-05
11058,922,June 2020,164779,2000,1911,164868,2022-12-18
11059,922,July 2020,164779,0,1969,162810,2022-09-24
11060,922,August 2020,164779,2000,1620,165159,2024-07-09
11061,922,September 2020,164779,0,714,164065,2022-01-04
11062,922,October 2020,164779,1000,1662,164117,2023-05-10
11063,922,November 2020,164779,0,557,164222,2024-11-16
11064,922,December 2020,164779,1000,1876,163903,2022-06-29
11065,923,January 2020,91116,2000,455,92661,2025-09-09
11066,923,February 2020,91116,3000,1999,92117,2024-01-22
11067,923,March 2020,91116,2000,83,93033,2023-08-01
11068,923,April 2020,91116,1000,790,91326,2025-08-28
11069,923,May 2020,91116,3000,631,93485,2024-01-10
11070,923,June 2020,91116,0,149,90967,2023-09-08
11071,923,July 2020,91116,3000,1419,92697,2024-08-08
11072,923,August 2020,91116,3000,1441,92675,2022-05-25
11073,923,September 2020,91116,2000,417,92699,2024-04-06
11074,923,October 2020,91116,0,1121,89995,2022-09-26
11075,923,November 2020,91116,2000,1617,91499,2022-08-20
11076,923,December 2020,91116,0,324,90792,2023-01-09
11077,924,January 2020,133355,3000,699,135656,2022-12-19
11078,924,February 2020,133355,0,1967,131388,2025-11-25
11079,924,March 2020,133355,2000,1596,133759,2025-01-24
11080,924,April 2020,133355,1000,1358,132997,2024-04-04
11081,924,May 2020,133355,1000,1854,132501,2023-10-11
11082,924,June 2020,133355,0,876,132479,2024-11-04
11083,924,July 2020,133355,3000,376,135979,2022-05-24
11084,924,August 2020,133355,0,500,132855,2022-05-31
11085,924,September 2020,133355,1000,1836,132519,2023-06-06
11086,924,October 2020,133355,1000,1801,132554,2024-03-22
11087,924,November 2020,133355,2000,1747,133608,2023-03-02
11088,924,December 2020,133355,0,805,132550,2025-03-25
11089,925,January 2020,253907,1000,1354,253553,2025-05-18
11090,925,February 2020,253907,0,1668,252239,2025-05-29
11091,925,March 2020,253907,3000,541,256366,2024-11-22
11092,925,April 2020,253907,1000,631,254276,2025-10-26
11093,925,May 2020,253907,0,745,253162,2022-07-24
11094,925,June 2020,253907,2000,1393,254514,2025-01-14
11095,925,July 2020,253907,0,576,253331,2023-01-06
11096,925,August 2020,253907,2000,1187,254720,2024-09-23
11097,925,September 2020,253907,2000,130,255777,2022-02-28
11098,925,October 2020,253907,1000,417,254490,2024-10-16
11099,925,November 2020,253907,3000,872,256035,2025-05-02
11100,925,December 2020,253907,1000,229,254678,2022-03-17
11101,926,January 2020,172212,3000,1308,173904,2023-01-05
11102,926,February 2020,172212,2000,744,173468,2022-02-12
11103,926,March 2020,172212,0,1072,171140,2022-02-17
11104,926,April 2020,172212,3000,1655,173557,2023-06-10
11105,926,May 2020,172212,0,506,171706,2024-02-08
11106,926,June 2020,172212,2000,1689,172523,2022-04-10
11107,926,July 2020,172212,3000,1820,173392,2022-05-13
11108,926,August 2020,172212,0,682,171530,2025-06-09
11109,926,September 2020,172212,2000,1673,172539,2025-08-11
11110,926,October 2020,172212,1000,476,172736,2025-02-28
11111,926,November 2020,172212,1000,45,173167,2025-03-31
11112,926,December 2020,172212,1000,1602,171610,2025-11-28
11113,927,January 2020,138896,2000,670,140226,2023-12-03
11114,927,February 2020,138896,3000,1141,140755,2025-12-14
11115,927,March 2020,138896,3000,543,141353,2023-10-08
11116,927,April 2020,138896,0,1558,137338,2023-01-19
11117,927,May 2020,138896,3000,276,141620,2024-03-28
11118,927,June 2020,138896,0,911,137985,2025-10-28
11119,927,July 2020,138896,1000,256,139640,2023-02-09
11120,927,August 2020,138896,1000,82,139814,2024-02-07
11121,927,September 2020,138896,3000,437,141459,2022-06-29
11122,927,October 2020,138896,3000,624,141272,2025-02-08
11123,927,November 2020,138896,1000,1707,138189,2025-01-01
11124,927,December 2020,138896,2000,831,140065,2023-05-05
11125,928,January 2020,136110,0,562,135548,2025-02-27
11126,928,February 2020,136110,1000,1078,136032,2022-11-10
11127,928,March 2020,136110,0,1024,135086,2024-11-23
11128,928,April 2020,136110,0,932,135178,2023-01-18
11129,928,May 2020,136110,2000,1862,136248,2022-10-05
11130,928,June 2020,136110,0,401,135709,2022-01-04
11131,928,July 2020,136110,0,813,135297,2022-11-11
11132,928,August 2020,136110,0,1450,134660,2023-07-16
11133,928,September 2020,136110,2000,1449,136661,2022-03-09
11134,928,October 2020,136110,0,572,135538,2023-11-26
11135,928,November 2020,136110,1000,795,136315,2023-05-08
11136,928,December 2020,136110,3000,1011,138099,2025-07-25
11137,929,January 2020,233814,2000,498,235316,2023-09-13
11138,929,February 2020,233814,2000,1729,234085,2022-08-15
11139,929,March 2020,233814,0,1838,231976,2025-01-13
11140,929,April 2020,233814,0,1408,232406,2024-06-25
11141,929,May 2020,233814,1000,1068,233746,2022-06-16
11142,929,June 2020,233814,3000,254,236560,2024-04-16
11143,929,July 2020,233814,3000,742,236072,2023-08-03
11144,929,August 2020,233814,2000,21,235793,2024-08-22
11145,929,September 2020,233814,1000,1363,233451,2025-03-25
11146,929,October 2020,233814,0,1245,232569,2025-12-04
11147,929,November 2020,233814,1000,1941,232873,2024-09-13
11148,929,December 2020,233814,1000,1528,233286,2024-10-29
11149,930,January 2020,256597,0,755,255842,2022-12-12
11150,930,February 2020,256597,1000,1090,256507,2024-02-25
11151,930,March 2020,256597,2000,685,257912,2023-04-05
11152,930,April 2020,256597,0,732,255865,2023-08-25
11153,930,May 2020,256597,2000,1916,256681,2024-04-02
11154,930,June 2020,256597,1000,1991,255606,2023-09-04
11155,930,July 2020,256597,2000,1949,256648,2023-02-18
11156,930,August 2020,256597,3000,1249,258348,2024-01-19
11157,930,September 2020,256597,1000,1837,255760,2023-12-04
11158,930,October 2020,256597,0,41,256556,2023-12-22
11159,930,November 2020,256597,3000,345,259252,2023-09-30
11160,930,December 2020,256597,1000,1545,256052,2025-01-16
11161,931,January 2020,127265,0,195,127070,2022-12-16
11162,931,February 2020,127265,2000,259,129006,2022-06-10
11163,931,March 2020,127265,2000,1113,128152,2025-05-06
11164,931,April 2020,127265,0,1773,125492,2025-10-13
11165,931,May 2020,127265,0,565,126700,2024-03-09
11166,931,June 2020,127265,3000,1056,129209,2023-09-17
11167,931,July 2020,127265,3000,1738,128527,2023-04-25
11168,931,August 2020,127265,2000,722,128543,2022-07-04
11169,931,September 2020,127265,2000,1693,127572,2025-05-31
11170,931,October 2020,127265,0,1532,125733,2023-01-23
11171,931,November 2020,127265,0,1741,125524,2024-07-13
11172,931,December 2020,127265,1000,1379,126886,2023-12-28
11173,932,January 2020,71572,1000,820,71752,2024-12-01
11174,932,February 2020,71572,0,1753,69819,2024-01-05
11175,932,March 2020,71572,3000,57,74515,2022-05-11
11176,932,April 2020,71572,0,873,70699,2025-05-24
11177,932,May 2020,71572,1000,145,72427,2022-06-28
11178,932,June 2020,71572,1000,1171,71401,2024-12-14
11179,932,July 2020,71572,1000,808,71764,2024-04-15
11180,932,August 2020,71572,3000,1858,72714,2025-08-06
11181,932,September 2020,71572,2000,409,73163,2024-07-15
11182,932,October 2020,71572,0,795,70777,2023-01-08
11183,932,November 2020,71572,0,1100,70472,2023-07-29
11184,932,December 2020,71572,1000,1953,70619,2023-03-20
11185,933,January 2020,129808,2000,1828,129980,2024-08-13
11186,933,February 2020,129808,1000,1862,128946,2022-11-17
11187,933,March 2020,129808,3000,503,132305,2023-05-07
11188,933,April 2020,129808,3000,185,132623,2022-05-18
11189,933,May 2020,129808,2000,1325,130483,2023-07-30
11190,933,June 2020,129808,3000,1732,131076,2025-01-26
11191,933,July 2020,129808,0,448,129360,2022-03-25
11192,933,August 2020,129808,1000,219,130589,2022-12-16
11193,933,September 2020,129808,1000,565,130243,2025-08-04
11194,933,October 2020,129808,0,807,129001,2023-06-11
11195,933,November 2020,129808,0,475,129333,2023-04-08
11196,933,December 2020,129808,0,505,129303,2022-11-22
11197,934,January 2020,104217,0,1583,102634,2025-05-24
11198,934,February 2020,104217,1000,377,104840,2025-06-29
11199,934,March 2020,104217,0,760,103457,2022-04-09
11200,934,April 2020,104217,3000,28,107189,2023-07-14
11201,934,May 2020,104217,0,742,103475,2025-03-29
11202,934,June 2020,104217,0,645,103572,2023-10-29
11203,934,July 2020,104217,1000,1649,103568,2022-09-19
11204,934,August 2020,104217,3000,1220,105997,2022-12-07
11205,934,September 2020,104217,0,1826,102391,2023-02-26
11206,934,October 2020,104217,1000,599,104618,2024-12-09
11207,934,November 2020,104217,3000,1615,105602,2022-05-31
11208,934,December 2020,104217,2000,644,105573,2024-01-24
11209,935,January 2020,262042,1000,900,262142,2025-07-15
11210,935,February 2020,262042,1000,548,262494,2023-06-15
11211,935,March 2020,262042,1000,41,263001,2024-08-07
11212,935,April 2020,262042,0,264,261778,2022-03-09
11213,935,May 2020,262042,1000,792,262250,2025-08-25
11214,935,June 2020,262042,1000,293,262749,2025-09-06
11215,935,July 2020,262042,1000,885,262157,2025-04-19
11216,935,August 2020,262042,1000,1775,261267,2023-07-13
11217,935,September 2020,262042,1000,1835,261207,2024-07-26
11218,935,October 2020,262042,3000,222,264820,2022-08-19
11219,935,November 2020,262042,1000,304,262738,2024-04-15
11220,935,December 2020,262042,3000,731,264311,2023-05-14
11221,936,January 2020,287375,2000,546,288829,2024-02-16
11222,936,February 2020,287375,1000,232,288143,2022-06-27
11223,936,March 2020,287375,2000,1835,287540,2024-10-04
11224,936,April 2020,287375,0,1373,286002,2022-03-15
11225,936,May 2020,287375,3000,1583,288792,2025-09-17
11226,936,June 2020,287375,1000,670,287705,2025-07-23
11227,936,July 2020,287375,0,109,287266,2022-11-27
11228,936,August 2020,287375,1000,1944,286431,2023-09-08
11229,936,September 2020,287375,0,731,286644,2024-11-20
11230,936,October 2020,287375,1000,253,288122,2025-11-26
11231,936,November 2020,287375,2000,1699,287676,2022-01-16
11232,936,December 2020,287375,0,1606,285769,2025-07-24
11233,937,January 2020,109709,3000,185,112524,2022-09-22
11234,937,February 2020,109709,1000,1758,108951,2023-05-03
11235,937,March 2020,109709,0,1175,108534,2025-04-07
11236,937,April 2020,109709,1000,477,110232,2025-11-20
11237,937,May 2020,109709,1000,1164,109545,2023-09-13
11238,937,June 2020,109709,0,435,109274,2022-12-05
11239,937,July 2020,109709,2000,151,111558,2025-01-30
11240,937,August 2020,109709,0,843,108866,2022-01-22
11241,937,September 2020,109709,2000,520,111189,2024-01-29
11242,937,October 2020,109709,0,1527,108182,2025-11-30
11243,937,November 2020,109709,0,85,109624,2022-07-11
11244,937,December 2020,109709,2000,1412,110297,2024-05-10
11245,938,January 2020,131914,2000,1932,131982,2023-07-14
11246,938,February 2020,131914,0,535,131379,2022-07-08
11247,938,March 2020,131914,0,1045,130869,2022-07-03
11248,938,April 2020,131914,0,1797,130117,2025-06-25
11249,938,May 2020,131914,0,831,131083,2022-11-12
11250,938,June 2020,131914,1000,124,132790,2022-05-27
11251,938,July 2020,131914,3000,1256,133658,2022-03-05
11252,938,August 2020,131914,2000,540,133374,2022-03-26
11253,938,September 2020,131914,2000,93,133821,2022-09-10
11254,938,October 2020,131914,2000,1879,132035,2023-05-25
11255,938,November 2020,131914,0,501,131413,2022-01-19
11256,938,December 2020,131914,3000,947,133967,2024-07-23
11257,939,January 2020,72478,1000,85,73393,2023-05-05
11258,939,February 2020,72478,1000,574,72904,2025-11-30
11259,939,March 2020,72478,3000,702,74776,2023-04-13
11260,939,April 2020,72478,0,637,71841,2022-02-15
11261,939,May 2020,72478,3000,686,74792,2022-03-12
11262,939,June 2020,72478,0,1452,71026,2023-08-26
11263,939,July 2020,72478,3000,741,74737,2023-11-20
11264,939,August 2020,72478,3000,1647,73831,2024-10-18
11265,939,September 2020,72478,2000,1542,72936,2025-10-15
11266,939,October 2020,72478,2000,1774,72704,2023-11-18
11267,939,November 2020,72478,0,623,71855,2022-09-08
11268,939,December 2020,72478,1000,237,73241,2022-11-05
11269,940,January 2020,178540,2000,1271,179269,2023-11-28
11270,940,February 2020,178540,0,12,178528,2023-04-16
11271,940,March 2020,178540,0,667,177873,2022-04-09
11272,940,April 2020,178540,0,303,178237,2023-01-02
11273,940,May 2020,178540,2000,1680,178860,2022-03-04
11274,940,June 2020,178540,2000,1199,179341,2022-08-03
11275,940,July 2020,178540,3000,938,180602,2024-10-05
11276,940,August 2020,178540,1000,619,178921,2025-05-12
11277,940,September 2020,178540,1000,46,179494,2025-01-03
11278,940,October 2020,178540,0,1830,176710,2022-03-03
11279,940,November 2020,178540,0,1671,176869,2024-01-18
11280,940,December 2020,178540,3000,1907,179633,2024-09-16
11281,941,January 2020,192710,2000,1530,193180,2025-11-10
11282,941,February 2020,192710,3000,619,195091,2025-10-28
11283,941,March 2020,192710,3000,1973,193737,2023-01-20
11284,941,April 2020,192710,0,1219,191491,2025-09-01
11285,941,May 2020,192710,0,934,191776,2024-09-09
11286,941,June 2020,192710,1000,274,193436,2022-02-18
11287,941,July 2020,192710,1000,1251,192459,2022-05-20
11288,941,August 2020,192710,0,1819,190891,2024-11-16
11289,941,September 2020,192710,2000,1438,193272,2023-03-11
11290,941,October 2020,192710,1000,330,193380,2022-10-21
11291,941,November 2020,192710,3000,904,194806,2023-02-10
11292,941,December 2020,192710,0,1616,191094,2023-06-03
11293,942,January 2020,204681,2000,114,206567,2025-10-31
11294,942,February 2020,204681,0,1639,203042,2022-03-13
11295,942,March 2020,204681,2000,181,206500,2022-03-28
11296,942,April 2020,204681,1000,186,205495,2024-11-22
11297,942,May 2020,204681,3000,13,207668,2022-12-31
11298,942,June 2020,204681,1000,1765,203916,2025-09-15
11299,942,July 2020,204681,0,1795,202886,2025-03-07
11300,942,August 2020,204681,3000,973,206708,2025-04-26
11301,942,September 2020,204681,2000,714,205967,2022-10-30
11302,942,October 2020,204681,0,1843,202838,2025-02-23
11303,942,November 2020,204681,0,1987,202694,2023-01-01
11304,942,December 2020,204681,3000,1864,205817,2022-09-07
11305,943,January 2020,189014,3000,1828,190186,2023-04-27
11306,943,February 2020,189014,2000,1914,189100,2022-01-30
11307,943,March 2020,189014,1000,547,189467,2024-01-22
11308,943,April 2020,189014,0,3,189011,2022-03-08
11309,943,May 2020,189014,0,290,188724,2025-08-05
11310,943,June 2020,189014,2000,1880,189134,2023-10-26
11311,943,July 2020,189014,3000,1125,190889,2023-01-16
11312,943,August 2020,189014,3000,1845,190169,2024-11-26
11313,943,September 2020,189014,1000,1493,188521,2023-04-10
11314,943,October 2020,189014,2000,737,190277,2022-01-07
11315,943,November 2020,189014,3000,748,191266,2022-01-24
11316,943,December 2020,189014,0,961,188053,2022-03-23
11317,944,January 2020,142303,3000,244,145059,2025-06-13
11318,944,February 2020,142303,2000,1098,143205,2022-09-27
11319,944,March 2020,142303,2000,1052,143251,2023-08-16
11320,944,April 2020,142303,1000,1239,142064,2022-12-20
11321,944,May 2020,142303,2000,754,143549,2022-03-26
11322,944,June 2020,142303,0,1562,140741,2025-09-27
11323,944,July 2020,142303,0,1080,141223,2022-08-06
11324,944,August 2020,142303,0,1860,140443,2022-11-28
11325,944,September 2020,142303,1000,1630,141673,2023-07-30
11326,944,October 2020,142303,2000,511,143792,2025-10-08
11327,944,November 2020,142303,2000,1983,142320,2025-03-22
11328,944,December 2020,142303,2000,1032,143271,2025-05-17
11329,945,January 2020,281271,3000,1260,283011,2025-01-12
11330,945,February 2020,281271,3000,191,284080,2022-10-22
11331,945,March 2020,281271,3000,566,283705,2025-08-10
11332,945,April 2020,281271,1000,1899,280372,2025-11-28
11333,945,May 2020,281271,3000,887,283384,2024-11-15
11334,945,June 2020,281271,1000,1369,280902,2023-06-08
11335,945,July 2020,281271,3000,709,283562,2025-11-04
11336,945,August 2020,281271,2000,1456,281815,2025-06-06
11337,945,September 2020,281271,0,1315,279956,2025-07-14
11338,945,October 2020,281271,0,1455,279816,2022-12-06
11339,945,November 2020,281271,3000,1909,282362,2023-11-10
11340,945,December 2020,281271,0,1925,279346,2025-07-16
11341,946,January 2020,78033,3000,213,80820,2023-07-25
11342,946,February 2020,78033,2000,104,79929,2025-04-20
11343,946,March 2020,78033,3000,1908,79125,2022-04-02
11344,946,April 2020,78033,2000,223,79810,2024-10-30
11345,946,May 2020,78033,0,408,77625,2025-10-07
11346,946,June 2020,78033,1000,734,78299,2025-08-27
11347,946,July 2020,78033,1000,429,78604,2024-04-22
11348,946,August 2020,78033,0,1168,76865,2023-10-31
11349,946,September 2020,78033,3000,1508,79525,2023-10-05
11350,946,October 2020,78033,3000,464,80569,2024-03-07
11351,946,November 2020,78033,2000,648,79385,2022-12-03
11352,946,December 2020,78033,3000,1858,79175,2023-05-20
11353,947,January 2020,197982,0,1661,196321,2023-03-17
11354,947,February 2020,197982,2000,345,199637,2023-07-08
11355,947,March 2020,197982,1000,1379,197603,2023-12-17
11356,947,April 2020,197982,1000,473,198509,2023-04-14
11357,947,May 2020,197982,3000,653,200329,2023-12-07
11358,947,June 2020,197982,2000,59,199923,2022-04-04
11359,947,July 2020,197982,0,213,197769,2023-08-20
11360,947,August 2020,197982,3000,1768,199214,2022-01-05
11361,947,September 2020,197982,2000,1372,198610,2022-05-17
11362,947,October 2020,197982,0,1911,196071,2022-01-07
11363,947,November 2020,197982,2000,991,198991,2024-11-05
11364,947,December 2020,197982,1000,1545,197437,2022-06-21
11365,948,January 2020,88464,3000,1299,90165,2025-12-30
11366,948,February 2020,88464,2000,415,90049,2025-01-04
11367,948,March 2020,88464,3000,1144,90320,2025-03-08
11368,948,April 2020,88464,1000,1792,87672,2022-06-22
11369,948,May 2020,88464,3000,1566,89898,2025-03-26
11370,948,June 2020,88464,0,1478,86986,2024-11-05
11371,948,July 2020,88464,2000,639,89825,2024-06-29
11372,948,August 2020,88464,2000,1729,88735,2023-06-03
11373,948,September 2020,88464,3000,257,91207,2024-05-28
11374,948,October 2020,88464,2000,1667,88797,2022-09-13
11375,948,November 2020,88464,0,1105,87359,2025-10-16
11376,948,December 2020,88464,3000,1410,90054,2024-04-12
11377,949,January 2020,132032,2000,770,133262,2025-03-23
11378,949,February 2020,132032,0,1770,130262,2025-10-06
11379,949,March 2020,132032,1000,92,132940,2023-04-05
11380,949,April 2020,132032,0,1169,130863,2023-11-07
11381,949,May 2020,132032,1000,1296,131736,2024-04-01
11382,949,June 2020,132032,0,1990,130042,2025-05-22
11383,949,July 2020,132032,0,1672,130360,2024-09-20
11384,949,August 2020,132032,1000,701,132331,2024-04-27
11385,949,September 2020,132032,3000,1974,133058,2025-03-01
11386,949,October 2020,132032,1000,1305,131727,2022-12-30
11387,949,November 2020,132032,1000,1867,131165,2023-12-29
11388,949,December 2020,132032,0,105,131927,2025-04-22
11389,950,January 2020,122421,2000,1715,122706,2022-03-30
11390,950,February 2020,122421,2000,352,124069,2024-05-16
11391,950,March 2020,122421,3000,141,125280,2025-10-03
11392,950,April 2020,122421,3000,1801,123620,2025-07-06
11393,950,May 2020,122421,2000,1873,122548,2023-12-15
11394,950,June 2020,122421,0,947,121474,2025-10-16
11395,950,July 2020,122421,0,1273,121148,2023-01-29
11396,950,August 2020,122421,2000,1973,122448,2025-01-10
11397,950,September 2020,122421,2000,1183,123238,2024-04-11
11398,950,October 2020,122421,0,1865,120556,2025-08-21
11399,950,November 2020,122421,0,1567,120854,2025-07-09
11400,950,December 2020,122421,0,1655,120766,2024-02-13
11401,951,January 2020,225732,3000,1158,227574,2024-03-03
11402,951,February 2020,225732,3000,862,227870,2023-06-21
11403,951,March 2020,225732,2000,367,227365,2023-11-02
11404,951,April 2020,225732,0,1999,223733,2025-06-12
11405,951,May 2020,225732,1000,64,226668,2022-02-28
11406,951,June 2020,225732,3000,240,228492,2025-01-22
11407,951,July 2020,225732,0,1547,224185,2025-03-29
11408,951,August 2020,225732,3000,558,228174,2025-07-14
11409,951,September 2020,225732,2000,1483,226249,2024-07-08
11410,951,October 2020,225732,1000,793,225939,2025-09-09
11411,951,November 2020,225732,0,1329,224403,2022-03-13
11412,951,December 2020,225732,3000,1800,226932,2025-09-09
11413,952,January 2020,81749,0,792,80957,2024-07-19
11414,952,February 2020,81749,2000,1246,82503,2023-06-18
11415,952,March 2020,81749,3000,622,84127,2022-02-03
11416,952,April 2020,81749,1000,900,81849,2022-09-07
11417,952,May 2020,81749,2000,651,83098,2023-11-20
11418,952,June 2020,81749,3000,708,84041,2024-08-03
11419,952,July 2020,81749,0,309,81440,2024-08-06
11420,952,August 2020,81749,1000,1563,81186,2024-05-19
11421,952,September 2020,81749,0,344,81405,2022-11-23
11422,952,October 2020,81749,1000,1402,81347,2023-11-26
11423,952,November 2020,81749,3000,1608,83141,2025-10-12
11424,952,December 2020,81749,1000,1529,81220,2025-11-13
11425,953,January 2020,235717,1000,1599,235118,2025-09-28
11426,953,February 2020,235717,1000,521,236196,2024-02-04
11427,953,March 2020,235717,2000,416,237301,2023-12-18
11428,953,April 2020,235717,3000,1658,237059,2024-07-16
11429,953,May 2020,235717,0,519,235198,2022-11-01
11430,953,June 2020,235717,3000,485,238232,2024-07-02
11431,953,July 2020,235717,1000,385,236332,2024-09-18
11432,953,August 2020,235717,3000,1237,237480,2024-10-14
11433,953,September 2020,235717,2000,881,236836,2024-01-07
11434,953,October 2020,235717,1000,123,236594,2023-11-20
11435,953,November 2020,235717,1000,1330,235387,2022-09-05
11436,953,December 2020,235717,0,273,235444,2024-03-05
11437,954,January 2020,233685,1000,1951,232734,2022-01-05
11438,954,February 2020,233685,3000,1804,234881,2023-02-07
11439,954,March 2020,233685,3000,673,236012,2024-04-15
11440,954,April 2020,233685,0,682,233003,2025-03-01
11441,954,May 2020,233685,1000,1912,232773,2025-02-22
11442,954,June 2020,233685,3000,149,236536,2023-04-15
11443,954,July 2020,233685,3000,777,235908,2024-03-14
11444,954,August 2020,233685,2000,1617,234068,2025-03-19
11445,954,September 2020,233685,0,104,233581,2023-01-30
11446,954,October 2020,233685,3000,85,236600,2024-09-21
11447,954,November 2020,233685,2000,1881,233804,2023-07-08
11448,954,December 2020,233685,1000,1192,233493,2022-09-01
11449,955,January 2020,193554,0,1441,192113,2023-10-13
11450,955,February 2020,193554,1000,1298,193256,2022-03-29
11451,955,March 2020,193554,3000,1372,195182,2023-12-22
11452,955,April 2020,193554,2000,699,194855,2022-02-23
11453,955,May 2020,193554,2000,1550,194004,2022-07-13
11454,955,June 2020,193554,0,377,193177,2024-02-03
11455,955,July 2020,193554,3000,979,195575,2024-01-27
11456,955,August 2020,193554,3000,288,196266,2025-03-11
11457,955,September 2020,193554,3000,1278,195276,2022-10-05
11458,955,October 2020,193554,2000,1028,194526,2025-03-15
11459,955,November 2020,193554,0,1676,191878,2023-05-06
11460,955,December 2020,193554,2000,1330,194224,2024-11-16
11461,956,January 2020,75118,2000,542,76576,2023-06-05
11462,956,February 2020,75118,0,81,75037,2023-07-13
11463,956,March 2020,75118,1000,1066,75052,2025-03-20
11464,956,April 2020,75118,2000,1527,75591,2023-02-05
11465,956,May 2020,75118,1000,1445,74673,2023-07-19
11466,956,June 2020,75118,0,1052,74066,2023-08-31
11467,956,July 2020,75118,3000,1906,76212,2024-01-08
11468,956,August 2020,75118,0,468,74650,2022-06-01
11469,956,September 2020,75118,2000,1028,76090,2025-12-07
11470,956,October 2020,75118,2000,1180,75938,2023-08-06
11471,956,November 2020,75118,3000,570,77548,2023-07-09
11472,956,December 2020,75118,0,1542,73576,2022-08-06
11473,957,January 2020,186797,0,1593,185204,2023-10-26
11474,957,February 2020,186797,2000,1600,187197,2024-11-07
11475,957,March 2020,186797,2000,1208,187589,2025-07-12
11476,957,April 2020,186797,0,1016,185781,2025-08-03
11477,957,May 2020,186797,0,1690,185107,2022-10-18
11478,957,June 2020,186797,0,1636,185161,2025-06-01
11479,957,July 2020,186797,1000,154,187643,2022-02-20
11480,957,August 2020,186797,2000,407,188390,2022-03-20
11481,957,September 2020,186797,2000,1243,187554,2025-11-24
11482,957,October 2020,186797,2000,1891,186906,2023-07-19
11483,957,November 2020,186797,1000,125,187672,2022-12-18
11484,957,December 2020,186797,0,220,186577,2024-09-19
11485,958,January 2020,163856,3000,237,166619,2024-07-03
11486,958,February 2020,163856,3000,1151,165705,2025-11-16
11487,958,March 2020,163856,1000,1921,162935,2022-02-12
11488,958,April 2020,163856,1000,926,163930,2022-01-25
11489,958,May 2020,163856,1000,867,163989,2023-10-07
11490,958,June 2020,163856,3000,1121,165735,2023-06-03
11491,958,July 2020,163856,0,1319,162537,2025-01-08
11492,958,August 2020,163856,0,1342,162514,2022-07-24
11493,958,September 2020,163856,2000,107,165749,2024-02-11
11494,958,October 2020,163856,3000,406,166450,2024-05-08
11495,958,November 2020,163856,1000,161,164695,2024-02-13
11496,958,December 2020,163856,0,78,163778,2024-01-11
11497,959,January 2020,151312,3000,1923,152389,2023-12-03
11498,959,February 2020,151312,2000,375,152937,2023-06-02
11499,959,March 2020,151312,1000,1876,150436,2024-06-27
11500,959,April 2020,151312,3000,273,154039,2025-09-01
11501,959,May 2020,151312,3000,1250,153062,2023-08-09
11502,959,June 2020,151312,2000,1477,151835,2023-10-28
11503,959,July 2020,151312,1000,1626,150686,2022-02-18
11504,959,August 2020,151312,1000,739,151573,2023-04-07
11505,959,September 2020,151312,1000,84,152228,2025-09-30
11506,959,October 2020,151312,3000,1261,153051,2024-10-24
11507,959,November 2020,151312,2000,1803,151509,2023-01-15
11508,959,December 2020,151312,3000,1932,152380,2024-09-18
11509,960,January 2020,192203,0,1076,191127,2025-09-26
11510,960,February 2020,192203,3000,252,194951,2024-05-29
11511,960,March 2020,192203,1000,396,192807,2024-11-22
11512,960,April 2020,192203,1000,1442,191761,2022-10-07
11513,960,May 2020,192203,3000,905,194298,2023-07-13
11514,960,June 2020,192203,0,1892,190311,2024-04-08
11515,960,July 2020,192203,2000,794,193409,2022-11-07
11516,960,August 2020,192203,0,916,191287,2022-04-22
11517,960,September 2020,192203,1000,1797,191406,2023-04-30
11518,960,October 2020,192203,2000,1765,192438,2022-08-04
11519,960,November 2020,192203,2000,353,193850,2025-03-01
11520,960,December 2020,192203,0,54,192149,2025-04-13
11521,961,January 2020,259706,1000,474,260232,2023-01-30
11522,961,February 2020,259706,1000,1260,259446,2023-06-07
11523,961,March 2020,259706,2000,1884,259822,2024-04-13
11524,961,April 2020,259706,1000,1792,258914,2024-02-05
11525,961,May 2020,259706,3000,1610,261096,2025-10-07
11526,961,June 2020,259706,3000,654,262052,2025-08-29
11527,961,July 2020,259706,3000,507,262199,2022-01-24
11528,961,August 2020,259706,2000,1455,260251,2023-04-09
11529,961,September 2020,259706,0,835,258871,2024-12-22
11530,961,October 2020,259706,1000,976,259730,2023-08-28
11531,961,November 2020,259706,2000,1613,260093,2025-09-12
11532,961,December 2020,259706,1000,89,260617,2025-06-17
11533,962,January 2020,157493,2000,588,158905,2024-02-09
11534,962,February 2020,157493,0,744,156749,2022-11-09
11535,962,March 2020,157493,3000,293,160200,2023-06-28
11536,962,April 2020,157493,2000,1508,157985,2022-03-08
11537,962,May 2020,157493,0,100,157393,2022-02-16
11538,962,June 2020,157493,1000,45,158448,2024-07-22
11539,962,July 2020,157493,1000,786,157707,2023-09-24
11540,962,August 2020,157493,3000,64,160429,2022-06-19
11541,962,September 2020,157493,0,332,157161,2023-07-25
11542,962,October 2020,157493,3000,782,159711,2025-05-28
11543,962,November 2020,157493,3000,1593,158900,2023-05-07
11544,962,December 2020,157493,2000,24,159469,2025-05-30
11545,963,January 2020,106956,2000,1976,106980,2024-04-04
11546,963,February 2020,106956,2000,1276,107680,2022-03-15
11547,963,March 2020,106956,2000,824,108132,2023-09-08
11548,963,April 2020,106956,0,981,105975,2025-08-13
11549,963,May 2020,106956,1000,1785,106171,2022-01-21
11550,963,June 2020,106956,0,1982,104974,2025-04-26
11551,963,July 2020,106956,3000,317,109639,2022-12-12
11552,963,August 2020,106956,2000,1437,107519,2022-02-06
11553,963,September 2020,106956,3000,1820,108136,2022-11-24
11554,963,October 2020,106956,0,1860,105096,2022-09-12
11555,963,November 2020,106956,0,202,106754,2022-11-08
11556,963,December 2020,106956,1000,1117,106839,2024-12-19
11557,964,January 2020,277666,3000,1639,279027,2023-04-21
11558,964,February 2020,277666,3000,1744,278922,2025-07-16
11559,964,March 2020,277666,3000,1944,278722,2025-09-26
11560,964,April 2020,277666,0,245,277421,2025-11-24
11561,964,May 2020,277666,0,205,277461,2023-08-18
11562,964,June 2020,277666,1000,844,277822,2022-02-21
11563,964,July 2020,277666,2000,1844,277822,2022-12-20
11564,964,August 2020,277666,2000,1120,278546,2024-02-01
11565,964,September 2020,277666,1000,492,278174,2024-06-12
11566,964,October 2020,277666,1000,1619,277047,2022-01-19
11567,964,November 2020,277666,0,1934,275732,2025-10-03
11568,964,December 2020,277666,0,711,276955,2025-01-04
11569,965,January 2020,145041,0,1798,143243,2024-11-28
11570,965,February 2020,145041,1000,377,145664,2022-01-19
11571,965,March 2020,145041,3000,885,147156,2025-11-05
11572,965,April 2020,145041,1000,1764,144277,2025-08-30
11573,965,May 2020,145041,3000,1714,146327,2023-08-09
11574,965,June 2020,145041,2000,546,146495,2023-08-21
11575,965,July 2020,145041,2000,271,146770,2022-03-23
11576,965,August 2020,145041,1000,1947,144094,2023-01-14
11577,965,September 2020,145041,0,1648,143393,2025-05-01
11578,965,October 2020,145041,0,1661,143380,2024-01-06
11579,965,November 2020,145041,0,1756,143285,2025-08-01
11580,965,December 2020,145041,1000,753,145288,2024-07-04
11581,966,January 2020,167480,1000,591,167889,2024-04-25
11582,966,February 2020,167480,3000,1841,168639,2022-02-20
11583,966,March 2020,167480,1000,750,167730,2025-03-25
11584,966,April 2020,167480,2000,731,168749,2025-04-11
11585,966,May 2020,167480,1000,137,168343,2024-01-31
11586,966,June 2020,167480,0,323,167157,2025-11-28
11587,966,July 2020,167480,2000,469,169011,2023-01-15
11588,966,August 2020,167480,0,1211,166269,2025-06-27
11589,966,September 2020,167480,3000,489,169991,2023-07-16
11590,966,October 2020,167480,0,675,166805,2023-06-15
11591,966,November 2020,167480,1000,893,167587,2022-11-03
11592,966,December 2020,167480,2000,768,168712,2025-03-16
11593,967,January 2020,133109,3000,318,135791,2025-06-15
11594,967,February 2020,133109,1000,263,133846,2024-08-06
11595,967,March 2020,133109,2000,1025,134084,2024-05-21
11596,967,April 2020,133109,3000,1055,135054,2024-12-21
11597,967,May 2020,133109,3000,847,135262,2025-10-18
11598,967,June 2020,133109,3000,296,135813,2024-11-20
11599,967,July 2020,133109,1000,877,133232,2022-04-09
11600,967,August 2020,133109,1000,1433,132676,2023-09-07
11601,967,September 2020,133109,2000,743,134366,2023-03-17
11602,967,October 2020,133109,3000,141,135968,2025-01-22
11603,967,November 2020,133109,2000,874,134235,2024-09-21
11604,967,December 2020,133109,3000,833,135276,2023-07-05
11605,968,January 2020,151810,2000,1311,152499,2022-06-14
11606,968,February 2020,151810,1000,609,152201,2024-01-22
11607,968,March 2020,151810,2000,1580,152230,2024-10-11
11608,968,April 2020,151810,3000,228,154582,2025-04-01
11609,968,May 2020,151810,2000,1456,152354,2023-03-27
11610,968,June 2020,151810,1000,1492,151318,2025-10-31
11611,968,July 2020,151810,2000,447,153363,2023-12-25
11612,968,August 2020,151810,2000,430,153380,2022-03-13
11613,968,September 2020,151810,3000,1434,153376,2022-06-30
11614,968,October 2020,151810,2000,1625,152185,2022-08-07
11615,968,November 2020,151810,1000,1339,151471,2025-01-01
11616,968,December 2020,151810,3000,1746,153064,2024-07-13
11617,969,January 2020,110888,0,1587,109301,2024-01-10
11618,969,February 2020,110888,2000,181,112707,2022-03-08
11619,969,March 2020,110888,1000,75,111813,2022-01-01
11620,969,April 2020,110888,1000,247,111641,2023-06-13
11621,969,May 2020,110888,0,146,110742,2024-08-25
11622,969,June 2020,110888,0,1833,109055,2024-02-25
11623,969,July 2020,110888,0,890,109998,2024-10-01
11624,969,August 2020,110888,3000,577,113311,2025-03-11
11625,969,September 2020,110888,0,1205,109683,2024-10-30
11626,969,October 2020,110888,0,703,110185,2025-10-24
11627,969,November 2020,110888,3000,790,113098,2023-10-22
11628,969,December 2020,110888,1000,825,111063,2023-05-15
11629,970,January 2020,114258,0,449,113809,2023-04-08
11630,970,February 2020,114258,2000,1862,114396,2022-01-18
11631,970,March 2020,114258,3000,159,117099,2024-05-24
11632,970,April 2020,114258,2000,213,116045,2024-04-29
11633,970,May 2020,114258,0,690,113568,2022-07-07
11634,970,June 2020,114258,3000,571,116687,2023-03-19
11635,970,July 2020,114258,1000,1071,114187,2023-01-02
11636,970,August 2020,114258,2000,652,115606,2024-02-13
11637,970,September 2020,114258,3000,1389,115869,2022-01-28
11638,970,October 2020,114258,0,216,114042,2024-07-22
11639,970,November 2020,114258,0,1017,113241,2024-12-30
11640,970,December 2020,114258,0,100,114158,2024-09-15
11641,971,January 2020,168663,0,1143,167520,2024-01-14
11642,971,February 2020,168663,3000,1736,169927,2025-09-30
11643,971,March 2020,168663,1000,1425,168238,2022-09-20
11644,971,April 2020,168663,3000,1356,170307,2024-07-29
11645,971,May 2020,168663,1000,206,169457,2022-10-02
11646,971,June 2020,168663,0,642,168021,2022-09-02
11647,971,July 2020,168663,0,1337,167326,2022-05-06
11648,971,August 2020,168663,2000,89,170574,2025-04-16
11649,971,September 2020,168663,0,547,168116,2024-07-02
11650,971,October 2020,168663,0,408,168255,2022-12-07
11651,971,November 2020,168663,1000,1055,168608,2025-06-10
11652,971,December 2020,168663,0,968,167695,2024-02-23
11653,972,January 2020,241371,1000,189,242182,2023-05-21
11654,972,February 2020,241371,3000,1746,242625,2025-06-04
11655,972,March 2020,241371,2000,1130,242241,2023-01-27
11656,972,April 2020,241371,2000,1836,241535,2025-10-04
11657,972,May 2020,241371,0,1900,239471,2023-11-20
11658,972,June 2020,241371,0,350,241021,2023-08-20
11659,972,July 2020,241371,2000,1891,241480,2025-06-22
11660,972,August 2020,241371,2000,781,242590,2025-01-15
11661,972,September 2020,241371,3000,994,243377,2025-12-08
11662,972,October 2020,241371,3000,435,243936,2023-03-10
11663,972,November 2020,241371,2000,118,243253,2024-12-21
11664,972,December 2020,241371,2000,1549,241822,2024-08-24
11665,973,January 2020,216553,3000,179,219374,2022-03-10
11666,973,February 2020,216553,0,691,215862,2025-05-29
11667,973,March 2020,216553,1000,32,217521,2024-06-15
11668,973,April 2020,216553,1000,44,217509,2023-10-03
11669,973,May 2020,216553,2000,663,217890,2023-11-14
11670,973,June 2020,216553,1000,79,217474,2024-11-04
11671,973,July 2020,216553,0,631,215922,2023-09-30
11672,973,August 2020,216553,0,1880,214673,2022-07-31
11673,973,September 2020,216553,0,156,216397,2024-01-22
11674,973,October 2020,216553,0,1097,215456,2022-03-28
11675,973,November 2020,216553,1000,197,217356,2025-07-08
11676,973,December 2020,216553,1000,1399,216154,2024-05-29
11677,974,January 2020,191495,0,537,190958,2023-05-06
11678,974,February 2020,191495,2000,831,192664,2024-09-30
11679,974,March 2020,191495,1000,1533,190962,2025-09-12
11680,974,April 2020,191495,2000,2,193493,2025-06-20
11681,974,May 2020,191495,2000,1600,191895,2024-06-29
11682,974,June 2020,191495,2000,520,192975,2023-12-14
11683,974,July 2020,191495,2000,1559,191936,2023-10-18
11684,974,August 2020,191495,2000,258,193237,2022-01-06
11685,974,September 2020,191495,2000,1165,192330,2022-04-08
11686,974,October 2020,191495,3000,1,194494,2022-06-28
11687,974,November 2020,191495,2000,1719,191776,2023-06-13
11688,974,December 2020,191495,0,272,191223,2022-09-29
11689,975,January 2020,217796,3000,1516,219280,2024-04-09
11690,975,February 2020,217796,2000,1012,218784,2022-09-21
11691,975,March 2020,217796,1000,1637,217159,2025-08-30
11692,975,April 2020,217796,0,359,217437,2024-08-21
11693,975,May 2020,217796,2000,631,219165,2022-08-12
11694,975,June 2020,217796,1000,358,218438,2022-11-15
11695,975,July 2020,217796,3000,998,219798,2024-05-20
11696,975,August 2020,217796,3000,1880,218916,2025-03-09
11697,975,September 2020,217796,1000,1264,217532,2022-08-07
11698,975,October 2020,217796,1000,439,218357,2023-08-29
11699,975,November 2020,217796,0,648,217148,2023-11-17
11700,975,December 2020,217796,2000,1778,218018,2024-02-07
11701,976,January 2020,182285,1000,935,182350,2025-02-13
11702,976,February 2020,182285,3000,1520,183765,2023-01-24
11703,976,March 2020,182285,0,1275,181010,2023-01-30
11704,976,April 2020,182285,1000,1385,181900,2022-05-03
11705,976,May 2020,182285,1000,526,182759,2025-04-07
11706,976,June 2020,182285,3000,773,184512,2022-07-09
11707,976,July 2020,182285,3000,725,184560,2025-07-17
11708,976,August 2020,182285,2000,1370,182915,2022-01-08
11709,976,September 2020,182285,1000,1512,181773,2022-05-02
11710,976,October 2020,182285,0,858,181427,2022-03-25
11711,976,November 2020,182285,3000,528,184757,2024-09-08
11712,976,December 2020,182285,1000,553,182732,2022-07-10
11713,977,January 2020,88312,0,499,87813,2024-09-09
11714,977,February 2020,88312,0,790,87522,2022-11-09
11715,977,March 2020,88312,1000,1155,88157,2023-02-24
11716,977,April 2020,88312,1000,1498,87814,2025-04-11
11717,977,May 2020,88312,3000,1266,90046,2022-06-15
11718,977,June 2020,88312,1000,1410,87902,2025-01-11
11719,977,July 2020,88312,2000,1153,89159,2025-06-18
11720,977,August 2020,88312,3000,1790,89522,2023-11-23
11721,977,September 2020,88312,2000,204,90108,2024-03-20
11722,977,October 2020,88312,2000,144,90168,2022-12-18
11723,977,November 2020,88312,0,617,87695,2023-07-15
11724,977,December 2020,88312,0,223,88089,2022-01-16
11725,978,January 2020,180844,2000,297,182547,2023-10-07
11726,978,February 2020,180844,3000,1612,182232,2022-09-28
11727,978,March 2020,180844,0,1626,179218,2025-07-11
11728,978,April 2020,180844,1000,1195,180649,2024-08-22
11729,978,May 2020,180844,1000,1590,180254,2025-08-20
11730,978,June 2020,180844,1000,392,181452,2023-03-03
11731,978,July 2020,180844,1000,321,181523,2023-08-09
11732,978,August 2020,180844,0,910,179934,2022-06-16
11733,978,September 2020,180844,1000,1400,180444,2025-11-29
11734,978,October 2020,180844,1000,1727,180117,2023-06-26
11735,978,November 2020,180844,0,1715,179129,2024-09-01
11736,978,December 2020,180844,2000,427,182417,2022-09-07
11737,979,January 2020,217047,0,1653,215394,2024-04-22
11738,979,February 2020,217047,0,10,217037,2025-05-05
11739,979,March 2020,217047,0,737,216310,2023-09-07
11740,979,April 2020,217047,2000,783,218264,2023-11-29
11741,979,May 2020,217047,2000,115,218932,2022-01-09
11742,979,June 2020,217047,3000,864,219183,2022-02-03
11743,979,July 2020,217047,2000,268,218779,2022-03-14
11744,979,August 2020,217047,2000,1411,217636,2023-07-23
11745,979,September 2020,217047,2000,70,218977,2024-03-07
11746,979,October 2020,217047,3000,1383,218664,2024-11-03
11747,979,November 2020,217047,0,89,216958,2025-07-24
11748,979,December 2020,217047,0,1265,215782,2024-08-13
11749,980,January 2020,141209,3000,1824,142385,2025-03-31
11750,980,February 2020,141209,1000,1305,140904,2024-11-15
11751,980,March 2020,141209,0,1512,139697,2023-08-05
11752,980,April 2020,141209,3000,761,143448,2023-11-09
11753,980,May 2020,141209,3000,1707,142502,2024-03-12
11754,980,June 2020,141209,1000,70,142139,2025-04-05
11755,980,July 2020,141209,2000,1118,142091,2023-05-04
11756,980,August 2020,141209,3000,1627,142582,2023-09-11
11757,980,September 2020,141209,3000,298,143911,2024-07-29
11758,980,October 2020,141209,2000,1190,142019,2022-12-03
11759,980,November 2020,141209,1000,343,141866,2022-08-14
11760,980,December 2020,141209,2000,97,143112,2023-06-13
11761,981,January 2020,114519,2000,447,116072,2022-12-15
11762,981,February 2020,114519,3000,560,116959,2025-02-17
11763,981,March 2020,114519,2000,1098,115421,2025-09-27
11764,981,April 2020,114519,2000,1689,114830,2024-03-23
11765,981,May 2020,114519,1000,933,114586,2022-07-26
11766,981,June 2020,114519,2000,904,115615,2025-02-16
11767,981,July 2020,114519,2000,1983,114536,2022-10-09
11768,981,August 2020,114519,2000,1466,115053,2024-04-25
11769,981,September 2020,114519,3000,689,116830,2022-04-10
11770,981,October 2020,114519,3000,1586,115933,2024-03-02
11771,981,November 2020,114519,3000,1406,116113,2024-09-15
11772,981,December 2020,114519,2000,1860,114659,2025-11-02
11773,982,January 2020,92801,2000,1779,93022,2024-10-24
11774,982,February 2020,92801,1000,1020,92781,2024-06-12
11775,982,March 2020,92801,1000,342,93459,2025-09-09
11776,982,April 2020,92801,2000,1165,93636,2025-09-21
11777,982,May 2020,92801,2000,146,94655,2023-08-07
11778,982,June 2020,92801,0,1468,91333,2025-02-23
11779,982,July 2020,92801,1000,503,93298,2022-08-19
11780,982,August 2020,92801,2000,1671,93130,2024-03-03
11781,982,September 2020,92801,1000,1997,91804,2023-02-03
11782,982,October 2020,92801,0,219,92582,2024-04-02
11783,982,November 2020,92801,2000,570,94231,2024-06-16
11784,982,December 2020,92801,2000,1617,93184,2022-01-20
11785,983,January 2020,148839,2000,1341,149498,2025-09-24
11786,983,February 2020,148839,2000,1232,149607,2024-12-07
11787,983,March 2020,148839,2000,1834,149005,2024-05-08
11788,983,April 2020,148839,0,254,148585,2023-12-30
11789,983,May 2020,148839,3000,1557,150282,2023-08-26
11790,983,June 2020,148839,1000,1420,148419,2023-06-07
11791,983,July 2020,148839,0,1703,147136,2022-04-25
11792,983,August 2020,148839,1000,1356,148483,2024-11-20
11793,983,September 2020,148839,1000,851,148988,2025-09-14
11794,983,October 2020,148839,0,1195,147644,2024-04-28
11795,983,November 2020,148839,3000,1819,150020,2023-12-20
11796,983,December 2020,148839,0,1939,146900,2024-01-15
11797,984,January 2020,90736,3000,313,93423,2022-12-12
11798,984,February 2020,90736,2000,534,92202,2023-01-19
11799,984,March 2020,90736,0,946,89790,2024-04-22
11800,984,April 2020,90736,2000,596,92140,2023-04-19
11801,984,May 2020,90736,1000,476,91260,2024-10-16
11802,984,June 2020,90736,1000,1969,89767,2024-07-08
11803,984,July 2020,90736,1000,171,91565,2023-09-20
11804,984,August 2020,90736,3000,1817,91919,2024-11-11
11805,984,September 2020,90736,0,658,90078,2023-01-29
11806,984,October 2020,90736,2000,1918,90818,2025-03-16
11807,984,November 2020,90736,2000,1664,91072,2024-08-28
11808,984,December 2020,90736,3000,280,93456,2023-04-09
11809,985,January 2020,218671,0,1011,217660,2022-07-05
11810,985,February 2020,218671,3000,450,221221,2023-11-16
11811,985,March 2020,218671,1000,1689,217982,2025-01-09
11812,985,April 2020,218671,0,1404,217267,2022-04-24
11813,985,May 2020,218671,1000,1453,218218,2025-02-21
11814,985,June 2020,218671,2000,655,220016,2022-10-03
11815,985,July 2020,218671,3000,980,220691,2024-02-10
11816,985,August 2020,218671,3000,1900,219771,2025-12-01
11817,985,September 2020,218671,0,2000,216671,2025-05-24
11818,985,October 2020,218671,0,1238,217433,2024-05-24
11819,985,November 2020,218671,3000,494,221177,2025-10-17
11820,985,December 2020,218671,3000,1898,219773,2024-05-27
11821,986,January 2020,263916,0,1061,262855,2025-09-25
11822,986,February 2020,263916,2000,1124,264792,2022-06-16
11823,986,March 2020,263916,3000,1497,265419,2022-07-07
11824,986,April 2020,263916,0,997,262919,2024-03-09
11825,986,May 2020,263916,1000,1845,263071,2022-01-17
11826,986,June 2020,263916,3000,1635,265281,2023-02-18
11827,986,July 2020,263916,1000,291,264625,2025-09-19
11828,986,August 2020,263916,1000,1674,263242,2023-07-09
11829,986,September 2020,263916,3000,1167,265749,2023-07-05
11830,986,October 2020,263916,2000,1254,264662,2023-08-18
11831,986,November 2020,263916,3000,375,266541,2024-05-29
11832,986,December 2020,263916,3000,1925,264991,2024-03-29
11833,987,January 2020,91809,2000,932,92877,2024-10-14
11834,987,February 2020,91809,0,1698,90111,2022-08-21
11835,987,March 2020,91809,0,1595,90214,2023-01-09
11836,987,April 2020,91809,0,86,91723,2023-04-23
11837,987,May 2020,91809,3000,577,94232,2022-07-17
11838,987,June 2020,91809,1000,274,92535,2025-03-26
11839,987,July 2020,91809,0,1040,90769,2022-02-07
11840,987,August 2020,91809,2000,1773,92036,2023-09-26
11841,987,September 2020,91809,0,336,91473,2022-03-02
11842,987,October 2020,91809,3000,594,94215,2024-12-28
11843,987,November 2020,91809,2000,1869,91940,2022-02-03
11844,987,December 2020,91809,2000,1501,92308,2023-10-28
11845,988,January 2020,150491,3000,97,153394,2023-11-18
11846,988,February 2020,150491,1000,125,151366,2023-05-30
11847,988,March 2020,150491,2000,1890,150601,2025-02-06
11848,988,April 2020,150491,3000,1235,152256,2025-11-16
11849,988,May 2020,150491,0,1711,148780,2024-04-05
11850,988,June 2020,150491,1000,105,151386,2025-02-10
11851,988,July 2020,150491,0,885,149606,2024-03-08
11852,988,August 2020,150491,2000,328,152163,2025-02-10
11853,988,September 2020,150491,3000,1535,151956,2023-03-28
11854,988,October 2020,150491,2000,722,151769,2023-05-12
11855,988,November 2020,150491,0,846,149645,2022-09-28
11856,988,December 2020,150491,0,992,149499,2022-04-12
11857,989,January 2020,207380,3000,939,209441,2025-12-03
11858,989,February 2020,207380,0,1268,206112,2023-03-24
11859,989,March 2020,207380,1000,1581,206799,2024-06-16
11860,989,April 2020,207380,2000,1840,207540,2022-07-02
11861,989,May 2020,207380,2000,1168,208212,2024-08-12
11862,989,June 2020,207380,1000,1432,206948,2025-09-05
11863,989,July 2020,207380,0,784,206596,2023-03-29
11864,989,August 2020,207380,1000,748,207632,2024-02-04
11865,989,September 2020,207380,2000,1494,207886,2023-06-19
11866,989,October 2020,207380,2000,401,208979,2024-11-04
11867,989,November 2020,207380,3000,1822,208558,2024-07-13
11868,989,December 2020,207380,2000,1199,208181,2022-11-01
11869,990,January 2020,227027,3000,965,229062,2024-06-11
11870,990,February 2020,227027,1000,380,227647,2022-04-11
11871,990,March 2020,227027,1000,684,227343,2023-07-11
11872,990,April 2020,227027,1000,1979,226048,2022-07-17
11873,990,May 2020,227027,1000,715,227312,2024-05-06
11874,990,June 2020,227027,0,1780,225247,2022-03-30
11875,990,July 2020,227027,1000,1703,226324,2023-07-18
11876,990,August 2020,227027,3000,841,229186,2024-09-02
11877,990,September 2020,227027,2000,1548,227479,2025-05-25
11878,990,October 2020,227027,0,1224,225803,2022-01-04
11879,990,November 2020,227027,3000,1311,228716,2023-07-26
11880,990,December 2020,227027,0,1652,225375,2024-10-16
11881,991,January 2020,160901,2000,419,162482,2022-06-03
11882,991,February 2020,160901,3000,639,163262,2023-04-14
11883,991,March 2020,160901,3000,115,163786,2023-11-28
11884,991,April 2020,160901,2000,192,162709,2022-02-24
11885,991,May 2020,160901,3000,226,163675,2023-05-18
11886,991,June 2020,160901,3000,383,163518,2025-03-20
11887,991,July 2020,160901,1000,101,161800,2022-01-03
11888,991,August 2020,160901,2000,1517,161384,2023-09-03
11889,991,September 2020,160901,3000,38,163863,2025-02-13
11890,991,October 2020,160901,2000,665,162236,2025-03-31
11891,991,November 2020,160901,0,143,160758,2025-11-09
11892,991,December 2020,160901,2000,1349,161552,2025-05-14
11893,992,January 2020,131286,0,1369,129917,2022-07-29
11894,992,February 2020,131286,3000,1736,132550,2024-12-15
11895,992,March 2020,131286,2000,1245,132041,2024-07-01
11896,992,April 2020,131286,1000,1939,130347,2023-10-29
11897,992,May 2020,131286,1000,485,131801,2022-07-10
11898,992,June 2020,131286,0,1461,129825,2023-03-03
11899,992,July 2020,131286,0,1551,129735,2023-07-06
11900,992,August 2020,131286,3000,1623,132663,2022-08-02
11901,992,September 2020,131286,0,892,130394,2022-09-05
11902,992,October 2020,131286,1000,1787,130499,2022-05-08
11903,992,November 2020,131286,3000,1411,132875,2025-02-02
11904,992,December 2020,131286,3000,765,133521,2023-05-09
11905,993,January 2020,127407,3000,1059,129348,2025-07-07
11906,993,February 2020,127407,0,309,127098,2025-06-28
11907,993,March 2020,127407,3000,917,129490,2025-02-21
11908,993,April 2020,127407,1000,29,128378,2025-12-16
11909,993,May 2020,127407,2000,1875,127532,2023-08-19
11910,993,June 2020,127407,3000,725,129682,2023-08-21
11911,993,July 2020,127407,2000,466,128941,2023-05-26
11912,993,August 2020,127407,1000,1579,126828,2023-04-29
11913,993,September 2020,127407,2000,1099,128308,2024-12-15
11914,993,October 2020,127407,2000,1631,127776,2025-02-22
11915,993,November 2020,127407,0,1209,126198,2023-03-29
11916,993,December 2020,127407,2000,1895,127512,2022-01-01
11917,994,January 2020,183170,2000,597,184573,2023-07-10
11918,994,February 2020,183170,0,1320,181850,2024-07-28
11919,994,March 2020,183170,1000,1400,182770,2023-09-29
11920,994,April 2020,183170,3000,859,185311,2025-09-01
11921,994,May 2020,183170,0,1888,181282,2024-06-11
11922,994,June 2020,183170,0,97,183073,2022-09-19
11923,994,July 2020,183170,3000,581,185589,2022-05-09
11924,994,August 2020,183170,1000,1437,182733,2024-11-01
11925,994,September 2020,183170,3000,152,186018,2023-10-10
11926,994,October 2020,183170,2000,1647,183523,2022-12-19
11927,994,November 2020,183170,2000,1420,183750,2025-04-20
11928,994,December 2020,183170,0,639,182531,2025-12-14
11929,995,January 2020,250826,0,1651,249175,2024-11-27
11930,995,February 2020,250826,3000,1720,252106,2023-05-05
11931,995,March 2020,250826,3000,991,252835,2025-02-18
11932,995,April 2020,250826,2000,1150,251676,2022-01-27
11933,995,May 2020,250826,0,562,250264,2024-06-21
11934,995,June 2020,250826,3000,663,253163,2022-05-10
11935,995,July 2020,250826,3000,947,252879,2024-12-14
11936,995,August 2020,250826,2000,1540,251286,2024-06-18
11937,995,September 2020,250826,3000,1734,252092,2024-02-15
11938,995,October 2020,250826,2000,612,252214,2024-05-22
11939,995,November 2020,250826,3000,499,253327,2025-04-18
11940,995,December 2020,250826,2000,96,252730,2025-10-23
11941,996,January 2020,135022,1000,303,135719,2024-01-22
11942,996,February 2020,135022,2000,112,136910,2022-10-06
11943,996,March 2020,135022,3000,552,137470,2023-06-06
11944,996,April 2020,135022,2000,663,136359,2025-05-18
11945,996,May 2020,135022,1000,1987,134035,2022-01-13
11946,996,June 2020,135022,1000,1706,134316,2023-04-07
11947,996,July 2020,135022,0,404,134618,2025-05-14
11948,996,August 2020,135022,0,718,134304,2023-04-28
11949,996,September 2020,135022,0,1316,133706,2024-11-06
11950,996,October 2020,135022,0,823,134199,2023-07-27
11951,996,November 2020,135022,1000,570,135452,2023-01-19
11952,996,December 2020,135022,0,406,134616,2024-07-03
11953,997,January 2020,284380,1000,265,285115,2025-01-01
11954,997,February 2020,284380,3000,1249,286131,2023-12-12
11955,997,March 2020,284380,0,951,283429,2024-07-01
11956,997,April 2020,284380,0,890,283490,2025-04-18
11957,997,May 2020,284380,2000,1230,285150,2024-03-25
11958,997,June 2020,284380,3000,73,287307,2022-09-18
11959,997,July 2020,284380,2000,1157,285223,2024-01-19
11960,997,August 2020,284380,1000,1033,284347,2024-01-26
11961,997,September 2020,284380,3000,1208,286172,2023-08-14
11962,997,October 2020,284380,0,1213,283167,2023-07-02
11963,997,November 2020,284380,0,731,283649,2025-12-28
11964,997,December 2020,284380,3000,649,286731,2023-07-08
11965,998,January 2020,236682,0,1074,235608,2023-12-31
11966,998,February 2020,236682,0,1939,234743,2024-06-24
11967,998,March 2020,236682,1000,401,237281,2023-07-03
11968,998,April 2020,236682,1000,1015,236667,2023-02-21
11969,998,May 2020,236682,2000,1659,237023,2025-06-16
11970,998,June 2020,236682,0,1107,235575,2025-06-12
11971,998,July 2020,236682,0,1968,234714,2024-10-29
11972,998,August 2020,236682,3000,1931,237751,2024-11-21
11973,998,September 2020,236682,1000,250,237432,2024-09-12
11974,998,October 2020,236682,3000,1239,238443,2022-04-19
11975,998,November 2020,236682,1000,1069,236613,2024-08-11
11976,998,December 2020,236682,0,1520,235162,2022-11-04
11977,999,January 2020,214151,0,583,213568,2023-07-09
11978,999,February 2020,214151,3000,1448,215703,2025-01-02
11979,999,March 2020,214151,3000,603,216548,2024-01-14
11980,999,April 2020,214151,2000,1760,214391,2025-03-15
11981,999,May 2020,214151,3000,797,216354,2023-04-28
11982,999,June 2020,214151,2000,981,215170,2025-03-16
11983,999,July 2020,214151,1000,88,215063,2023-09-11
11984,999,August 2020,214151,0,916,213235,2024-01-24
11985,999,September 2020,214151,0,1969,212182,2024-06-24
11986,999,October 2020,214151,0,808,213343,2022-06-30
11987,999,November 2020,214151,0,1055,213096,2025-06-04
11988,999,December 2020,214151,3000,415,216736,2024-10-18
11989,1000,January 2020,89210,2000,588,90622,2023-05-11
11990,1000,February 2020,89210,0,577,88633,2025-04-06
11991,1000,March 2020,89210,0,1049,88161,2022-01-12
11992,1000,April 2020,89210,1000,206,90004,2025-11-04
11993,1000,May 2020,89210,1000,1017,89193,2023-07-27
11994,1000,June 2020,89210,1000,1357,88853,2022-12-19
11995,1000,July 2020,89210,3000,469,91741,2024-07-31
11996,1000,August 2020,89210,3000,1161,91049,2024-07-12
11997,1000,September 2020,89210,3000,1426,90784,2024-02-09
11998,1000,October 2020,89210,1000,1261,88949,2023-01-02
11999,1000,November 2020,89210,0,1951,87259,2022-10-30
12000,1000,December 2020,89210,0,232,88978,2022-10-01
